date,session_key,driver_number,meeting_key,pit_duration,lap_number
2025-02-26T07:00:03.919000+00:00,9683,12,1253,,1
2025-02-26T07:00:14.061000+00:00,9683,14,1253,,1
2025-02-26T07:00:27.627000+00:00,9683,27,1253,,1
2025-02-26T07:00:40.874000+00:00,9683,22,1253,,1
2025-02-26T07:00:58.584000+00:00,9683,44,1253,,1
2025-02-26T07:01:12.698000+00:00,9683,7,1253,,1
2025-02-26T07:01:22.912000+00:00,9683,30,1253,,1
2025-02-26T07:01:35.760000+00:00,9683,81,1253,,1
2025-02-26T07:01:44.968000+00:00,9683,87,1253,,1
2025-02-26T07:03:59.112000+00:00,9683,7,1253,35.0,2
2025-02-26T07:07:11.719000+00:00,9683,23,1253,,1
2025-02-26T07:07:58.994000+00:00,9683,22,1253,83.9,4
2025-02-26T07:09:28.294000+00:00,9683,12,1253,30.3,6
2025-02-26T07:14:35.992000+00:00,9683,22,1253,41.7,7
2025-02-26T07:14:56.343000+00:00,9683,14,1253,648.1,3
2025-02-26T07:15:37.110000+00:00,9683,23,1253,381.2,2
2025-02-26T07:16:33.245000+00:00,9683,81,1253,783.4,2
2025-02-26T07:16:56.440000+00:00,9683,7,1253,653.1,3
2025-02-26T07:18:32.369000+00:00,9683,23,1253,58.9,3
2025-02-26T07:20:33.201000+00:00,9683,87,1253,1018.5,2
2025-02-26T07:21:51.311000+00:00,9683,23,1253,82.2,4
2025-02-26T07:23:07.131000+00:00,9683,81,1253,282.5,3
2025-02-26T07:25:25.922000+00:00,9683,81,1253,30.0,4
2025-02-26T07:25:49.658000+00:00,9683,27,1253,1409.6,2
2025-02-26T07:29:08.610000+00:00,9683,7,1253,33.4,9
2025-02-26T07:30:54.772000+00:00,9683,44,1253,1260.1,6
2025-02-26T07:31:39.336000+00:00,9683,27,1253,37.2,5
2025-02-26T07:32:36.834000+00:00,9683,30,1253,1466.8,5
2025-02-26T07:34:17.588000+00:00,9683,81,1253,420.5,5
2025-02-26T07:34:58.538000+00:00,9683,23,1253,675.5,5
2025-02-26T07:35:02.465000+00:00,9683,22,1253,878.8,10
2025-02-26T07:37:39.239000+00:00,9683,27,1253,27.1,8
2025-02-26T07:38:57.049000+00:00,9683,87,1253,612.0,7
2025-02-26T07:40:04.515000+00:00,9683,14,1253,1278.1,5
2025-02-26T07:40:41.192000+00:00,9683,44,1253,35.4,11
2025-02-26T07:44:37.662000+00:00,9683,12,1253,1990.2,7
2025-02-26T07:47:00.850000+00:00,9683,30,1253,474.8,9
2025-02-26T07:48:50.595000+00:00,9683,22,1253,22.6,17
2025-02-26T07:48:58.115000+00:00,9683,7,1253,568.3,15
2025-02-26T07:49:24.142000+00:00,9683,81,1253,794.6,6
2025-02-26T07:54:31.714000+00:00,9683,12,1253,57.3,12
2025-02-26T07:54:34.005000+00:00,9683,23,1253,966.9,7
2025-02-26T07:57:08.293000+00:00,9683,44,1253,877.0,12
2025-02-26T08:02:08.338000+00:00,9683,81,1253,643.6,7
2025-02-26T08:08:11.035000+00:00,9683,44,1253,32.0,17
2025-02-26T08:11:47.895000+00:00,9683,87,1253,1466.6,12
2025-02-26T08:17:57.718000+00:00,9683,81,1253,827.7,8
2025-02-26T08:19:15.240000+00:00,9683,30,1253,1309.1,14
2025-02-26T08:19:27.053000+00:00,9683,27,1253,1614.1,17
2025-02-26T08:25:35.271000+00:00,9683,30,1253,33.8,17
2025-02-26T08:29:08.598000+00:00,9683,27,1253,26.4,22
2025-02-26T08:29:11.259000+00:00,9683,23,1253,1539.9,12
2025-02-26T08:29:14.839000+00:00,9683,81,1253,30.3,14
2025-02-26T08:29:34.256000+00:00,9683,22,1253,1744.5,24
2025-02-26T08:30:37.033000+00:00,9683,44,1253,811.9,22
2025-02-26T08:31:33.436000+00:00,9683,12,1253,1671.7,17
2025-02-26T08:36:34.130000+00:00,9683,14,1253,2432.0,14
2025-02-26T08:40:29.539000+00:00,9683,81,1253,557.3,15
2025-02-26T08:41:29.421000+00:00,9683,22,1253,21.2,30
2025-02-26T08:41:34.374000+00:00,9683,44,1253,38.0,27
2025-02-26T08:42:39.680000+00:00,9683,12,1253,32.8,23
2025-02-26T08:42:55.784000+00:00,9683,7,1253,2171.8,25
2025-02-26T08:43:12.609000+00:00,9683,23,1253,29.2,19
2025-02-26T08:43:15.442000+00:00,9683,81,1253,29.2,16
2025-02-26T08:45:40.332000+00:00,9683,81,1253,27.1,17
2025-02-26T08:53:42.703000+00:00,9683,12,1253,39.8,29
2025-02-26T08:56:39.428000+00:00,9683,87,1253,1227.8,27
2025-02-26T08:57:33.925000+00:00,9683,30,1253,883.3,27
2025-02-26T08:59:11.198000+00:00,9683,81,1253,700.1,18
2025-02-26T09:01:01.437000+00:00,9683,27,1253,1116.7,30
2025-02-26T09:02:57.067000+00:00,9683,7,1253,499.4,31
2025-02-26T09:03:35.430000+00:00,9683,30,1253,35.3,30
2025-02-26T09:06:37.211000+00:00,9683,44,1253,969.1,32
2025-02-26T09:07:05.919000+00:00,9683,23,1253,744.1,26
2025-02-26T09:09:09.719000+00:00,9683,22,1253,980.2,37
2025-02-26T09:09:10.863000+00:00,9683,7,1253,28.4,34
2025-02-26T09:10:27.194000+00:00,9683,27,1253,26.4,35
2025-02-26T09:10:30.019000+00:00,9683,81,1253,25.8,24
2025-02-26T09:13:28.710000+00:00,9683,22,1253,33.7,39
2025-02-26T09:17:12.142000+00:00,9683,23,1253,27.7,31
2025-02-26T09:17:37.248000+00:00,9683,44,1253,32.8,37
2025-02-26T09:20:09.888000+00:00,9683,22,1253,49.6,42
2025-02-26T09:23:59.939000+00:00,9683,7,1253,533.3,37
2025-02-26T09:24:08.297000+00:00,9683,12,1253,1217.8,35
2025-02-26T09:29:55.647000+00:00,9683,12,1253,29.9,38
2025-02-26T09:30:07.924000+00:00,9683,7,1253,28.3,40
2025-02-26T09:38:39.168000+00:00,9683,87,1253,1050.3,42
2025-02-26T09:42:38.443000+00:00,9683,81,1253,972.4,34
2025-02-26T09:45:17.681000+00:00,9683,27,1253,1304.9,43
2025-02-26T09:47:28.832000+00:00,9683,14,1253,3601.9,20
2025-02-26T09:49:11.923000+00:00,9683,30,1253,1690.8,40
2025-02-26T09:53:57.248000+00:00,9683,14,1253,198.2,22
2025-02-26T09:54:03.647000+00:00,9683,44,1253,1662.1,42
2025-02-26T09:54:14.887000+00:00,9683,81,1253,38.6,40
2025-02-26T09:54:32.268000+00:00,9683,7,1253,1139.8,43
2025-02-26T09:54:44.544000+00:00,9683,27,1253,27.8,48
2025-02-26T09:56:07.241000+00:00,9683,22,1253,1471.2,49
2025-02-26T09:57:50.761000+00:00,9683,30,1253,47.7,44
2025-02-26T10:00:23.955000+00:00,9683,23,1253,1710.2,40
2025-02-26T10:01:43.880000+00:00,9683,7,1253,212.5,45
2025-02-26T10:02:29.952000+00:00,9683,12,1253,674.7,51
2025-02-26T10:08:25.924000+00:00,9683,22,1253,37.3,55
2025-02-26T10:08:28.688000+00:00,9683,12,1253,37.9,54
2025-02-26T10:15:27.295000+00:00,9683,14,1253,443.7,30
2025-02-26T10:19:55.813000+00:00,9683,30,1253,1037.0,46
2025-02-26T10:20:10.611000+00:00,9683,23,1253,640.0,45
2025-02-26T10:22:03.573000+00:00,9683,44,1253,677.1,52
2025-02-26T10:23:37.276000+00:00,9683,87,1253,1223.3,57
2025-02-26T10:24:26.353000+00:00,9683,7,1253,571.5,53
2025-02-26T10:26:09.822000+00:00,9683,30,1253,34.6,49
2025-02-26T10:27:59.238000+00:00,9683,22,1253,481.4,62
2025-02-26T10:35:02.259000+00:00,9683,81,1253,1495.6,50
2025-02-26T10:35:26.853000+00:00,9683,23,1253,439.5,50
2025-02-26T10:39:39.635000+00:00,9683,12,1253,595.3,67
2025-02-26T10:40:01.354000+00:00,9683,22,1253,35.6,68
2025-02-26T10:40:27.308000+00:00,9683,14,1253,537.6,39
2025-02-26T10:45:55.567000+00:00,9683,12,1253,42.0,70
2025-02-26T10:46:47.022000+00:00,9683,7,1253,518.9,61
2025-02-26T10:47:31.663000+00:00,9683,44,1253,518.6,62
2025-02-26T10:48:40.571000+00:00,9683,81,1253,40.7,57
2025-02-26T10:49:03.575000+00:00,9683,23,1253,30.2,57
2025-02-26T10:57:28.917000+00:00,9683,22,1253,367.5,75
2025-02-26T12:19:44.456000+00:00,9683,6,1253,,1
2025-02-26T12:20:22.523000+00:00,9683,31,1253,,1
2025-02-26T12:25:12.803000+00:00,9683,1,1253,,1
2025-02-26T12:27:46.994000+00:00,9683,10,1253,,1
2025-02-26T12:28:38.034000+00:00,9683,5,1253,,1
2025-02-26T12:30:00.537000+00:00,9683,16,1253,,1
2025-02-26T12:37:22.045000+00:00,9683,1,1253,257.5,5
2025-02-26T12:39:36.403000+00:00,9683,5,1253,437.5,3
2025-02-26T12:39:39.527000+00:00,9683,18,1253,,1
2025-02-26T12:41:31.175000+00:00,9683,31,1253,1130.8,2
2025-02-26T12:41:38.451000+00:00,9683,6,1253,878.0,5
2025-02-26T12:42:11.726000+00:00,9683,10,1253,369.1,6
2025-02-26T12:47:17.882000+00:00,9683,1,1253,21.9,10
2025-02-26T12:49:56.329000+00:00,9683,63,1253,,1
2025-02-26T12:50:49.920000+00:00,9683,5,1253,444.0,5
2025-02-26T12:50:57.846000+00:00,9683,16,1253,731.5,6
2025-02-26T12:55:31.342000+00:00,9683,55,1253,,1
2025-02-26T12:57:57.814000+00:00,9683,18,1253,897.0,3
2025-02-26T12:59:43.597000+00:00,9683,16,1253,35.7,11
2025-02-26T13:01:09.167000+00:00,9683,55,1253,26.9,4
2025-02-26T13:01:18.614000+00:00,9683,10,1253,459.9,12
2025-02-26T13:02:02.602000+00:00,9683,6,1253,778.6,9
2025-02-26T13:03:22.320000+00:00,9683,4,1253,,1
2025-02-26T13:04:00.565000+00:00,9683,5,1253,549.0,7
2025-02-26T13:07:32.461000+00:00,9683,10,1253,30.6,15
2025-02-26T13:08:23.851000+00:00,9683,55,1253,231.4,6
2025-02-26T13:08:29.563000+00:00,9683,31,1253,619.1,12
2025-02-26T13:10:39.956000+00:00,9683,16,1253,539.0,12
2025-02-26T13:11:05.218000+00:00,9683,63,1253,863.1,5
2025-02-26T13:11:10.811000+00:00,9683,6,1253,114.5,13
2025-02-26T13:13:35.314000+00:00,9683,18,1253,385.9,8
2025-02-26T13:13:49.071000+00:00,9683,4,1253,422.8,3
2025-02-26T13:14:03.359000+00:00,9683,5,1253,362.7,9
2025-02-26T13:16:59.980000+00:00,9683,63,1253,32.2,8
2025-02-26T13:20:18.145000+00:00,9683,16,1253,33.1,17
2025-02-26T13:21:18.381000+00:00,9683,6,1253,38.3,18
2025-02-26T13:21:49.173000+00:00,9683,55,1253,22.8,13
2025-02-26T13:22:59.026000+00:00,9683,10,1253,605.3,18
2025-02-26T13:25:19.704000+00:00,9683,5,1253,453.8,11
2025-02-26T13:29:12.100000+00:00,9683,10,1253,29.7,21
2025-02-26T13:32:41.677000+00:00,9683,1,1253,1858.0,19
2025-02-26T13:37:21.619000+00:00,9683,5,1253,488.9,13
2025-02-26T13:38:46.844000+00:00,9683,18,1253,870.2,14
2025-02-26T13:38:52.840000+00:00,9683,1,1253,21.2,22
2025-02-26T13:39:49.408000+00:00,9683,16,1253,655.2,22
2025-02-26T13:43:18.969000+00:00,9683,4,1253,1564.7,5
2025-02-26T13:48:29.307000+00:00,9683,31,1253,919.2,27
2025-02-26T13:48:36.046000+00:00,9683,5,1253,462.5,15
2025-02-26T13:50:46.470000+00:00,9683,6,1253,788.2,28
2025-02-26T13:51:52.959000+00:00,9683,16,1253,38.4,28
2025-02-26T13:53:20.229000+00:00,9683,4,1253,402.3,7
2025-02-26T13:54:25.053000+00:00,9683,55,1253,1251.5,20
2025-02-26T13:57:35.551000+00:00,9683,10,1253,1498.1,23
2025-02-26T14:02:08.837000+00:00,9683,5,1253,602.8,17
2025-02-26T14:02:33.379000+00:00,9683,6,1253,47.9,34
2025-02-26T14:02:33.488000+00:00,9683,18,1253,668.8,21
2025-02-26T14:02:35.904000+00:00,9683,63,1253,1567.0,20
2025-02-26T14:03:33.966000+00:00,9683,10,1253,29.1,26
2025-02-26T14:03:36.361000+00:00,9683,55,1253,27.0,25
2025-02-26T15:10:03.931000+00:00,9683,10,1253,4019.1,27
2025-02-26T15:10:16.212000+00:00,9683,4,1253,5018.3,13
2025-02-26T15:10:27.426000+00:00,9683,6,1253,4122.1,35
2025-02-26T15:10:32.951000+00:00,9683,5,1253,4706.9,18
2025-02-26T15:10:35.937000+00:00,9683,1,1253,4540.4,32
2025-02-26T15:11:12.710000+00:00,9683,55,1253,4083.4,26
2025-02-26T15:11:46.291000+00:00,9683,31,1253,5916.1,37
2025-02-26T15:12:23.465000+00:00,9683,63,1253,5754.5,21
2025-02-26T15:15:38.114000+00:00,9683,16,1253,4517.7,33
2025-02-26T15:16:26.232000+00:00,9683,63,1253,25.9,23
2025-02-26T15:20:31.240000+00:00,9683,1,1253,21.6,37
2025-02-26T15:22:31.204000+00:00,9683,6,1253,45.0,41
2025-02-26T15:22:46.627000+00:00,9683,63,1253,35.6,26
2025-02-26T15:25:27.687000+00:00,9683,16,1253,32.3,38
2025-02-26T15:28:08.018000+00:00,9683,55,1253,467.4,31
2025-02-26T15:32:12.384000+00:00,9683,4,1253,649.7,19
2025-02-26T15:33:59.215000+00:00,9683,55,1253,28.5,34
2025-02-26T15:37:17.867000+00:00,9683,31,1253,544.4,47
2025-02-26T15:38:18.153000+00:00,9683,4,1253,25.6,22
2025-02-26T15:39:32.905000+00:00,9683,55,1253,22.3,37
2025-02-26T15:42:06.341000+00:00,9683,10,1253,654.3,40
2025-02-26T15:43:13.339000+00:00,9683,16,1253,568.5,43
2025-02-26T15:44:13.995000+00:00,9683,6,1253,616.0,48
2025-02-26T15:48:21.621000+00:00,9683,5,1253,960.3,31
2025-02-26T15:57:17.930000+00:00,9683,4,1253,24.1,34
2025-02-26T16:00:04.443000+00:00,9683,16,1253,30.1,53
2025-02-26T16:00:16.998000+00:00,9683,1,1253,1525.0,46
2025-02-26T16:01:42.904000+00:00,9683,63,1253,1152.0,38
2025-02-26T16:05:49.499000+00:00,9683,1,1253,21.1,49
2025-02-26T16:07:07.462000+00:00,9683,31,1253,27.4,65
2025-02-26T16:07:40.771000+00:00,9683,63,1253,30.9,41
2025-02-26T16:08:08.527000+00:00,9683,4,1253,558.0,35
2025-02-26T16:09:49.444000+00:00,9683,18,1253,8304.8,22
2025-02-26T16:12:56.910000+00:00,9683,10,1253,589.7,53
2025-02-26T16:13:54.410000+00:00,9683,55,1253,1171.9,46
2025-02-26T16:14:38.296000+00:00,9683,6,1253,1160.3,54
2025-02-26T16:17:11.257000+00:00,9683,16,1253,879.3,54
2025-02-26T16:24:30.434000+00:00,9683,31,1253,920.4,66
2025-02-26T16:25:22.277000+00:00,9683,55,1253,31.0,52
2025-02-26T16:28:07.063000+00:00,9683,5,1253,1078.7,44
2025-02-26T16:28:35.548000+00:00,9683,18,1253,521.5,28
2025-02-26T16:33:19.805000+00:00,9683,6,1253,329.1,61
2025-02-26T16:34:39.062000+00:00,9683,63,1253,451.9,53
2025-02-26T16:34:39.180000+00:00,9683,4,1253,34.0,51
2025-02-26T16:34:45.972000+00:00,9683,1,1253,583.9,61
2025-02-26T16:37:29.337000+00:00,9683,5,1253,22.3,49
2025-02-26T16:38:49.128000+00:00,9683,1,1253,21.1,63
2025-02-26T16:40:23.150000+00:00,9683,63,1253,29.9,56
2025-02-26T16:43:39.751000+00:00,9683,10,1253,556.2,66
2025-02-26T16:46:12.041000+00:00,9683,10,1253,28.5,67
2025-02-26T16:46:43.208000+00:00,9683,55,1253,379.7,61
2025-02-26T16:46:54.346000+00:00,9683,6,1253,25.6,69
2025-02-26T16:47:14.110000+00:00,9683,5,1253,375.0,51
2025-02-26T16:48:19.038000+00:00,9683,10,1253,25.4,68
2025-02-26T16:49:06.564000+00:00,9683,55,1253,25.6,62
2025-02-26T16:49:17.708000+00:00,9683,6,1253,25.6,70
2025-02-26T16:49:19.989000+00:00,9683,18,1253,630.0,34
2025-02-26T16:50:29.147000+00:00,9683,16,1253,1003.9,64
2025-02-26T16:50:29.341000+00:00,9683,10,1253,27.5,69
2025-02-26T16:51:24.238000+00:00,9683,55,1253,25.3,63
2025-02-26T16:51:36.978000+00:00,9683,6,1253,24.5,71
2025-02-26T16:53:11.539000+00:00,9683,5,1253,31.2,54
2025-02-26T16:53:47.890000+00:00,9683,55,1253,25.4,64
2025-02-26T16:53:59.061000+00:00,9683,6,1253,24.7,72
2025-02-26T16:54:12.029000+00:00,9683,10,1253,28.6,71
2025-02-26T16:54:18.531000+00:00,9683,31,1253,22.2,84
2025-02-26T16:55:47.945000+00:00,9683,4,1253,1155.5,52
2025-02-26T16:56:06.455000+00:00,9683,55,1253,24.9,65
2025-02-26T16:56:21.503000+00:00,9683,6,1253,24.3,73
2025-02-26T16:56:28.930000+00:00,9683,10,1253,37.4,72
2025-02-26T16:56:47.699000+00:00,9683,31,1253,26.5,85
2025-02-26T16:58:36.524000+00:00,9683,55,1253,38.8,66
2025-02-26T16:58:40.139000+00:00,9683,6,1253,24.4,74
2025-02-26T16:58:59.294000+00:00,9683,31,1253,26.8,86
2025-03-14T01:30:03.187000+00:00,9686,27,1254,,1
2025-03-14T01:30:14.530000+00:00,9686,6,1254,,1
2025-03-14T01:30:15.871000+00:00,9686,4,1254,,1
2025-03-14T01:30:19.204000+00:00,9686,5,1254,,1
2025-03-14T01:30:28.407000+00:00,9686,10,1254,,1
2025-03-14T01:30:33.174000+00:00,9686,7,1254,,1
2025-03-14T01:30:38.774000+00:00,9686,18,1254,,1
2025-03-14T01:30:46.868000+00:00,9686,22,1254,,1
2025-03-14T01:30:56.223000+00:00,9686,1,1254,,1
2025-03-14T01:31:06.337000+00:00,9686,44,1254,,1
2025-03-14T01:31:13.571000+00:00,9686,16,1254,,1
2025-03-14T01:31:20.193000+00:00,9686,30,1254,,1
2025-03-14T01:31:26.405000+00:00,9686,87,1254,,1
2025-03-14T01:31:29.674000+00:00,9686,81,1254,,1
2025-03-14T01:31:38.356000+00:00,9686,12,1254,,1
2025-03-14T01:31:53.442000+00:00,9686,63,1254,,1
2025-03-14T01:32:07.814000+00:00,9686,27,1254,21.9,2
2025-03-14T01:32:11.414000+00:00,9686,14,1254,,1
2025-03-14T01:33:19.290000+00:00,9686,55,1254,,1
2025-03-14T01:34:10.468000+00:00,9686,31,1254,,1
2025-03-14T01:34:17.778000+00:00,9686,27,1254,30.8,3
2025-03-14T01:37:20.365000+00:00,9686,23,1254,,1
2025-03-14T01:40:23.379000+00:00,9686,22,1254,24.6,6
2025-03-14T01:42:02.141000+00:00,9686,63,1254,21.3,7
2025-03-14T01:42:50.762000+00:00,9686,10,1254,22.5,8
2025-03-14T01:43:04.659000+00:00,9686,12,1254,12.9,7
2025-03-14T01:43:10.712000+00:00,9686,27,1254,434.9,4
2025-03-14T01:44:13.515000+00:00,9686,30,1254,28.1,8
2025-03-14T01:44:17.442000+00:00,9686,6,1254,27.0,9
2025-03-14T01:46:57.084000+00:00,9686,5,1254,475.4,6
2025-03-14T01:47:49.484000+00:00,9686,7,1254,21.3,11
2025-03-14T01:48:02.636000+00:00,9686,81,1254,478.3,6
2025-03-14T01:55:03.450000+00:00,9686,81,1254,899.1,7
2025-03-14T01:55:05.026000+00:00,9686,4,1254,792.5,8
2025-03-14T01:55:05.065000+00:00,9686,16,1254,726.0,8
2025-03-14T01:55:10.001000+00:00,9686,44,1254,750.5,8
2025-03-14T01:55:21.588000+00:00,9686,22,1254,572.6,9
2025-03-14T01:55:22.465000+00:00,9686,5,1254,980.8,7
2025-03-14T01:55:30.593000+00:00,9686,6,1254,699.9,12
2025-03-14T01:56:10.692000+00:00,9686,1,1254,771.8,8
2025-03-14T01:56:21.032000+00:00,9686,27,1254,1225.2,8
2025-03-14T01:56:33.061000+00:00,9686,23,1254,860.4,4
2025-03-14T01:57:31.146000+00:00,9686,12,1254,574.6,10
2025-03-14T01:57:35.073000+00:00,9686,14,1254,857.9,8
2025-03-14T01:57:44.030000+00:00,9686,63,1254,963.1,11
2025-03-14T01:58:19.342000+00:00,9686,55,1254,,10
2025-03-14T01:58:35.447000+00:00,9686,18,1254,977.4,8
2025-03-14T02:00:55.415000+00:00,9686,10,1254,917.3,10
2025-03-14T02:01:14.604000+00:00,9686,30,1254,1049.2,11
2025-03-14T02:01:45.990000+00:00,9686,1,1254,23.8,11
2025-03-14T02:03:20.745000+00:00,9686,31,1254,1021.2,8
2025-03-14T02:04:10.369000+00:00,9686,16,1254,261.8,11
2025-03-14T02:04:39.444000+00:00,9686,87,1254,1012.1,11
2025-03-14T02:05:01.748000+00:00,9686,12,1254,12.9,14
2025-03-14T02:06:52.721000+00:00,9686,44,1254,432.4,11
2025-03-14T02:06:55.159000+00:00,9686,10,1254,12.9,13
2025-03-14T02:07:12.294000+00:00,9686,22,1254,275.2,14
2025-03-14T02:18:25.886000+00:00,9686,7,1254,1857.4,12
2025-03-14T02:19:02.061000+00:00,9686,63,1254,2240.9,17
2025-03-14T02:19:03.345000+00:00,9686,4,1254,953.0,13
2025-03-14T02:19:05.712000+00:00,9686,81,1254,972.3,12
2025-03-14T02:19:09.130000+00:00,9686,5,1254,703.4,14
2025-03-14T02:19:10.166000+00:00,9686,22,1254,993.1,15
2025-03-14T02:19:13.702000+00:00,9686,30,1254,2128.3,15
2025-03-14T02:19:17.967000+00:00,9686,44,1254,1177.6,12
2025-03-14T02:19:20.494000+00:00,9686,12,1254,871.3,16
2025-03-14T02:19:23.815000+00:00,9686,10,1254,761.3,14
2025-03-14T02:19:24.612000+00:00,9686,6,1254,1000.0,17
2025-03-14T02:19:25.939000+00:00,9686,23,1254,2233.2,11
2025-03-14T02:19:27.816000+00:00,9686,55,1254,,16
2025-03-14T02:19:29.957000+00:00,9686,27,1254,1094.8,11
2025-03-14T02:19:52.589000+00:00,9686,1,1254,863.4,13
2025-03-14T02:20:06.628000+00:00,9686,16,1254,1218.0,14
2025-03-14T02:20:19.381000+00:00,9686,14,1254,2222.2,15
2025-03-14T02:21:55.783000+00:00,9686,18,1254,2377.7,14
2025-03-14T02:24:45.619000+00:00,9686,31,1254,2306.1,11
2025-03-14T02:25:25.253000+00:00,9686,23,1254,21.7,14
2025-03-14T02:25:36.915000+00:00,9686,22,1254,38.1,19
2025-03-14T02:26:16.759000+00:00,9686,6,1254,52.3,21
2025-03-14T02:27:48.444000+00:00,9686,44,1254,18.3,17
2025-02-28T07:00:02.930000+00:00,9685,1,1253,,1
2025-02-28T07:00:12.803000+00:00,9685,6,1253,,1
2025-02-28T07:00:20.191000+00:00,9685,87,1253,,1
2025-02-28T07:00:23.203000+00:00,9685,5,1253,,1
2025-02-28T07:00:29.369000+00:00,9685,7,1253,,1
2025-02-28T07:00:36.929000+00:00,9685,16,1253,,1
2025-02-28T07:00:52.030000+00:00,9685,23,1253,,1
2025-02-28T07:01:02.263000+00:00,9685,14,1253,,1
2025-02-28T07:01:53.029000+00:00,9685,12,1253,,1
2025-02-28T07:02:53.451000+00:00,9685,4,1253,,1
2025-02-28T07:03:38.501000+00:00,9685,7,1253,30.4,2
2025-02-28T07:07:43.817000+00:00,9685,1,1253,62.3,5
2025-02-28T07:07:56.064000+00:00,9685,12,1253,19.2,4
2025-02-28T07:12:08.797000+00:00,9685,6,1253,332.9,4
2025-02-28T07:12:50.632000+00:00,9685,14,1253,454.2,3
2025-02-28T07:15:44.883000+00:00,9685,12,1253,19.2,8
2025-02-28T07:17:25.891000+00:00,9685,4,1253,624.5,3
2025-02-28T07:20:05.140000+00:00,9685,23,1253,946.0,3
2025-02-28T07:22:56.546000+00:00,9685,16,1253,549.3,8
2025-02-28T07:24:14.893000+00:00,9685,87,1253,937.8,6
2025-02-28T07:27:08.444000+00:00,9685,12,1253,354.6,11
2025-02-28T07:28:59.657000+00:00,9685,16,1253,30.1,11
2025-02-28T07:30:03.319000+00:00,9685,23,1253,301.7,6
2025-02-28T07:30:09.507000+00:00,9685,14,1253,825.6,5
2025-02-28T07:30:48.439000+00:00,9685,4,1253,552.6,5
2025-02-28T07:31:02.497000+00:00,9685,5,1253,1164.8,7
2025-02-28T07:31:03.108000+00:00,9685,7,1253,621.4,11
2025-02-28T07:32:57.185000+00:00,9685,1,1253,1116.8,9
2025-02-28T07:35:38.723000+00:00,9685,6,1253,1054.1,7
2025-02-28T07:37:25.350000+00:00,9685,7,1253,28.4,14
2025-02-28T07:39:08.541000+00:00,9685,1,1253,32.6,12
2025-02-28T07:41:27.379000+00:00,9685,4,1253,383.8,7
2025-02-28T07:41:38.364000+00:00,9685,6,1253,33.4,10
2025-02-28T07:46:54.563000+00:00,9685,5,1253,502.6,11
2025-02-28T07:52:37.729000+00:00,9685,4,1253,424.8,9
2025-02-28T07:53:45.429000+00:00,9685,6,1253,429.8,13
2025-02-28T07:57:05.945000+00:00,9685,5,1253,26.3,16
2025-02-28T07:58:06.380000+00:00,9685,23,1253,1134.9,11
2025-02-28T07:59:17.597000+00:00,9685,16,1253,1501.6,14
2025-02-28T08:00:09.546000+00:00,9685,6,1253,34.9,16
2025-02-28T08:03:10.293000+00:00,9685,4,1253,388.1,11
2025-02-28T08:12:26.858000+00:00,9685,7,1253,1428.3,20
2025-02-28T08:18:51.558000+00:00,9685,4,1253,695.4,13
2025-02-28T08:19:07.175000+00:00,9685,16,1253,617.4,19
2025-02-28T08:20:55.335000+00:00,9685,1,1253,2185.0,15
2025-02-28T08:23:06.813000+00:00,9685,6,1253,689.7,22
2025-02-28T08:23:15.735000+00:00,9685,23,1253,740.6,18
2025-02-28T08:25:03.228000+00:00,9685,1,1253,29.0,17
2025-02-28T08:25:17.465000+00:00,9685,14,1253,2578.8,12
2025-02-28T08:31:31.620000+00:00,9685,5,1253,1468.5,22
2025-02-28T08:31:49.467000+00:00,9685,7,1253,346.2,27
2025-02-28T08:36:00.696000+00:00,9685,4,1253,437.1,18
2025-02-28T08:37:50.584000+00:00,9685,7,1253,28.1,30
2025-02-28T08:38:29.261000+00:00,9685,16,1253,619.9,24
2025-02-28T08:38:34.823000+00:00,9685,23,1253,361.5,23
2025-02-28T08:43:34.413000+00:00,9685,87,1253,4315.0,9
2025-02-28T08:44:55.606000+00:00,9685,6,1253,609.3,28
2025-02-28T08:49:45.490000+00:00,9685,87,1253,36.3,12
2025-02-28T08:51:25.519000+00:00,9685,6,1253,37.7,31
2025-02-28T08:52:02.059000+00:00,9685,7,1253,514.2,33
2025-02-28T08:52:49.486000+00:00,9685,14,1253,942.6,19
2025-02-28T08:54:29.047000+00:00,9685,12,1253,4918.8,14
2025-02-28T08:59:06.235000+00:00,9685,16,1253,778.2,28
2025-02-28T09:01:42.384000+00:00,9685,1,1253,1824.1,20
2025-02-28T09:03:26.180000+00:00,9685,12,1253,225.1,17
2025-02-28T09:04:32.077000+00:00,9685,4,1253,610.7,27
2025-02-28T09:05:35.818000+00:00,9685,87,1253,237.7,19
2025-02-28T09:05:52.776000+00:00,9685,6,1253,515.2,34
2025-02-28T09:12:04.036000+00:00,9685,6,1253,40.3,37
2025-02-28T09:12:05.892000+00:00,9685,87,1253,35.7,22
2025-02-28T09:12:08.742000+00:00,9685,12,1253,204.5,20
2025-02-28T09:18:29.379000+00:00,9685,6,1253,43.6,40
2025-02-28T09:21:20.971000+00:00,9685,1,1253,546.9,25
2025-02-28T09:23:30.874000+00:00,9685,14,1253,1152.0,26
2025-02-28T09:24:12.259000+00:00,9685,23,1253,2277.6,27
2025-02-28T09:24:52.143000+00:00,9685,6,1253,54.6,43
2025-02-28T09:28:13.666000+00:00,9685,12,1253,647.0,23
2025-02-28T09:30:28.579000+00:00,9685,4,1253,819.1,33
2025-02-28T09:30:28.590000+00:00,9685,7,1253,1600.2,39
2025-02-28T09:31:29.698000+00:00,9685,16,1253,1385.7,33
2025-02-28T09:35:17.988000+00:00,9685,87,1253,1075.6,25
2025-02-28T09:37:44.873000+00:00,9685,87,1253,22.7,26
2025-02-28T09:46:33.045000+00:00,9685,6,1253,1079.4,45
2025-02-28T09:46:52.750000+00:00,9685,87,1253,39.8,31
2025-02-28T09:49:15.419000+00:00,9685,6,1253,24.3,46
2025-02-28T09:50:27.543000+00:00,9685,7,1253,501.5,45
2025-02-28T09:51:26.380000+00:00,9685,14,1253,998.3,32
2025-02-28T09:53:44.245000+00:00,9685,4,1253,405.4,43
2025-02-28T10:00:30.154000+00:00,9685,12,1253,549.3,37
2025-02-28T10:03:26.726000+00:00,9685,16,1253,919.4,43
2025-02-28T10:03:45.683000+00:00,9685,23,1253,1166.4,39
2025-02-28T10:21:03.003000+00:00,9685,12,1253,1782.0,45
2025-02-28T10:24:03.582000+00:00,9685,7,1253,1318.3,51
2025-02-28T10:24:04.400000+00:00,9685,4,1253,842.0,53
2025-02-28T10:24:05.359000+00:00,9685,12,1253,1964.5,46
2025-02-28T10:24:06.706000+00:00,9685,14,1253,1294.8,38
2025-02-28T10:24:08.219000+00:00,9685,87,1253,2275.2,47
2025-02-28T10:24:17.870000+00:00,9685,1,1253,2596.6,37
2025-02-28T10:25:06.049000+00:00,9685,5,1253,6683.3,23
2025-02-28T10:26:09.776000+00:00,9685,16,1253,2282.4,49
2025-02-28T10:28:17.840000+00:00,9685,23,1253,2638.9,45
2025-02-28T10:29:21.961000+00:00,9685,5,1253,40.2,25
2025-02-28T10:34:07.800000+00:00,9685,6,1253,2716.7,61
2025-02-28T10:36:43.894000+00:00,9685,6,1253,24.0,62
2025-02-28T10:41:19.305000+00:00,9685,12,1253,336.6,53
2025-02-28T10:43:24.325000+00:00,9685,16,1253,51.1,59
2025-02-28T10:45:41.920000+00:00,9685,14,1253,681.3,44
2025-02-28T10:46:27.397000+00:00,9685,5,1253,390.9,31
2025-02-28T10:48:41.941000+00:00,9685,16,1253,24.0,62
2025-02-28T11:26:03.357000+00:00,9685,1,1253,,1
2025-02-28T11:26:06.233000+00:00,9685,6,1253,,1
2025-02-28T11:26:06.732000+00:00,9685,87,1253,,1
2025-02-28T11:26:06.955000+00:00,9685,5,1253,,1
2025-02-28T11:26:07.214000+00:00,9685,7,1253,,1
2025-02-28T11:26:07.695000+00:00,9685,16,1253,,1
2025-02-28T11:26:08.751000+00:00,9685,23,1253,,1
2025-02-28T11:26:09.331000+00:00,9685,14,1253,,1
2025-02-28T11:26:12.549000+00:00,9685,12,1253,,1
2025-02-28T11:26:16.988000+00:00,9685,4,1253,,1
2025-02-28T11:26:19.109000+00:00,9685,7,1253,30.4,2
2025-02-28T11:26:34.423000+00:00,9685,1,1253,62.3,5
2025-02-28T11:26:35.229000+00:00,9685,12,1253,19.2,4
2025-02-28T11:26:51.068000+00:00,9685,6,1253,332.9,4
2025-02-28T11:26:53.598000+00:00,9685,14,1253,454.2,3
2025-02-28T12:00:04.788000+00:00,9685,31,1253,,1
2025-02-28T12:01:26.092000+00:00,9685,10,1253,,1
2025-02-28T12:06:38.100000+00:00,9685,31,1253,34.3,4
2025-02-28T12:07:35.628000+00:00,9685,22,1253,,1
2025-02-28T12:11:09.995000+00:00,9685,31,1253,306.1,5
2025-02-28T12:11:28.683000+00:00,9685,10,1253,,5
2025-02-28T12:11:35.248000+00:00,9685,44,1253,,1
2025-02-28T12:12:11.612000+00:00,9685,22,1253,,2
2025-02-28T12:15:59.720000+00:00,9685,63,1253,,1
2025-02-28T12:21:52.499000+00:00,9685,10,1253,314.0,8
2025-02-28T12:21:55.130000+00:00,9685,63,1253,33.5,4
2025-02-28T12:25:46.273000+00:00,9685,31,1253,332.1,10
2025-02-28T12:26:11.685000+00:00,9685,27,1253,,1
2025-02-28T12:32:18.492000+00:00,9685,18,1253,,1
2025-02-28T12:36:33.224000+00:00,9685,22,1253,872.4,8
2025-02-28T12:38:18.189000+00:00,9685,81,1253,,1
2025-02-28T12:38:49.923000+00:00,9685,22,1253,21.4,9
2025-02-28T12:39:14.876000+00:00,9685,44,1253,860.1,8
2025-02-28T12:40:12.412000+00:00,9685,23,1253,6515.2,59
2025-02-28T12:42:42.377000+00:00,9685,27,1253,450.4,6
2025-02-28T12:43:08.798000+00:00,9685,63,1253,678.6,10
2025-02-28T12:43:11.038000+00:00,9685,81,1253,90.9,3
2025-02-28T12:43:57.245000+00:00,9685,31,1253,385.7,16
2025-02-28T12:47:16.869000+00:00,9685,18,1253,570.8,4
2025-02-28T12:48:44.408000+00:00,9685,10,1253,930.7,14
2025-02-28T12:50:31.768000+00:00,9685,31,1253,33.9,19
2025-02-28T12:55:29.447000+00:00,9685,63,1253,408.3,13
2025-02-28T12:59:17.208000+00:00,9685,27,1253,536.4,10
2025-02-28T13:01:15.237000+00:00,9685,63,1253,32.2,16
2025-02-28T13:02:06.590000+00:00,9685,81,1253,466.7,9
2025-02-28T13:02:23.426000+00:00,9685,18,1253,349.5,9
2025-02-28T13:04:24.582000+00:00,9685,44,1253,913.0,13
2025-02-28T13:04:33.330000+00:00,9685,31,1253,510.8,22
2025-02-28T13:07:43.765000+00:00,9685,81,1253,27.2,12
2025-02-28T13:10:32.572000+00:00,9685,10,1253,748.2,19
2025-02-28T13:10:43.657000+00:00,9685,44,1253,29.7,16
2025-02-28T13:11:43.659000+00:00,9685,1,1253,8991.2,48
2025-02-28T13:16:35.019000+00:00,9685,23,1253,30.0,81
2025-02-28T13:22:16.849000+00:00,9685,18,1253,632.9,14
2025-02-28T13:22:26.832000+00:00,9685,44,1253,471.5,18
2025-02-28T13:23:13.031000+00:00,9685,27,1253,752.1,16
2025-02-28T13:24:25.018000+00:00,9685,22,1253,965.8,27
2025-02-28T13:26:35.023000+00:00,9685,63,1253,901.2,22
2025-02-28T13:26:40.177000+00:00,9685,22,1253,21.5,28
2025-02-28T13:27:48.680000+00:00,9685,81,1253,875.0,15
2025-02-28T13:29:18.902000+00:00,9685,1,1253,361.6,54
2025-02-28T13:30:26.181000+00:00,9685,81,1253,28.7,16
2025-02-28T13:35:28.596000+00:00,9685,31,1253,1017.3,29
2025-02-28T13:36:11.298000+00:00,9685,63,1253,257.6,25
2025-02-28T13:38:03.232000+00:00,9685,31,1253,21.5,30
2025-02-28T13:43:08.428000+00:00,9685,44,1253,770.1,22
2025-02-28T13:49:20.076000+00:00,9685,10,1253,1658.1,25
2025-02-28T13:49:53.071000+00:00,9685,18,1253,1138.9,19
2025-02-28T13:50:21.071000+00:00,9685,1,1253,933.7,57
2025-02-28T13:57:42.015000+00:00,9685,44,1253,305.6,27
2025-02-28T14:00:26.459000+00:00,9685,81,1253,33.4,34
2025-02-28T14:04:23.418000+00:00,9685,1,1253,528.8,60
2025-02-28T14:04:58.457000+00:00,9685,31,1253,43.5,46
2025-02-28T14:07:10.822000+00:00,9685,18,1253,514.3,24
2025-02-28T14:07:38.692000+00:00,9685,27,1253,1956.3,22
2025-02-28T14:10:48.458000+00:00,9685,23,1253,1609.8,98
2025-02-28T14:12:31.277000+00:00,9685,63,1253,1837.0,28
2025-02-28T14:15:13.234000+00:00,9685,63,1253,24.2,29
2025-02-28T14:16:20.984000+00:00,9685,22,1253,1219.5,46
2025-02-28T14:18:32.643000+00:00,9685,22,1253,21.2,47
2025-02-28T14:24:52.370000+00:00,9685,44,1253,1309.9,30
2025-02-28T14:27:19.938000+00:00,9685,44,1253,22.4,31
2025-02-28T14:27:46.821000+00:00,9685,23,1253,690.5,101
2025-02-28T14:30:28.784000+00:00,9685,10,1253,1129.3,39
2025-02-28T14:31:04.611000+00:00,9685,1,1253,1298.5,63
2025-02-28T14:34:20.386000+00:00,9685,81,1253,33.7,55
2025-02-28T14:36:02.831000+00:00,9685,31,1253,38.2,65
2025-02-28T14:42:30.562000+00:00,9685,23,1253,359.1,106
2025-02-28T14:46:51.872000+00:00,9685,63,1253,26.6,48
2025-02-28T14:48:47.824000+00:00,9685,27,1253,1171.0,35
2025-02-28T14:51:21.486000+00:00,9685,14,1253,14142.3,50
2025-02-28T14:51:52.115000+00:00,9685,23,1253,252.1,109
2025-02-28T14:56:37.739000+00:00,9685,14,1253,25.5,53
2025-02-28T15:01:24.965000+00:00,9685,10,1253,528.2,53
2025-02-28T15:02:08.399000+00:00,9685,1,1253,1564.8,66
2025-02-28T15:02:13.484000+00:00,9685,23,1253,183.6,113
2025-02-28T15:06:58.798000+00:00,9685,22,1253,1140.6,65
2025-02-28T15:08:27.787000+00:00,9685,81,1253,921.1,67
2025-02-28T15:09:52.508000+00:00,9685,44,1253,1373.5,43
2025-02-28T15:12:14.307000+00:00,9685,81,1253,28.6,69
2025-02-28T15:14:35.127000+00:00,9685,81,1253,30.3,70
2025-02-28T15:16:39.924000+00:00,9685,1,1253,572.7,69
2025-02-28T15:18:35.543000+00:00,9685,23,1253,666.5,116
2025-02-28T15:22:01.358000+00:00,9685,22,1253,250.8,71
2025-02-28T15:22:42.730000+00:00,9685,14,1253,495.7,64
2025-02-28T15:23:50.749000+00:00,9685,63,1253,24.4,71
2025-02-28T15:26:30.910000+00:00,9685,81,1253,275.5,74
2025-02-28T15:27:12.543000+00:00,9685,27,1253,1028.6,48
2025-02-28T15:44:32.963000+00:00,9685,31,1253,25.4,94
2025-02-28T15:46:39.511000+00:00,9685,23,1253,604.3,127
2025-02-28T15:46:44.872000+00:00,9685,31,1253,26.8,95
2025-02-28T15:46:49.782000+00:00,9685,22,1253,246.0,79
2025-02-28T15:48:00.598000+00:00,9685,14,1253,448.3,75
2025-02-28T15:48:50.710000+00:00,9685,81,1253,365.5,80
2025-02-28T15:48:54.810000+00:00,9685,1,1253,512.4,74
2025-02-28T15:49:02.291000+00:00,9685,31,1253,32.7,96
2025-02-28T15:49:59.072000+00:00,9685,63,1253,344.6,84
2025-02-28T15:52:54.806000+00:00,9685,22,1253,49.3,82
2025-02-28T15:53:18.674000+00:00,9685,10,1253,28.9,79
2025-02-28T15:54:41.883000+00:00,9685,31,1253,31.9,99
2025-02-28T15:54:53.846000+00:00,9685,22,1253,24.1,83
2025-02-28T15:55:25.495000+00:00,9685,63,1253,27.4,87
2025-02-28T15:55:40.517000+00:00,9685,10,1253,27.3,80
2025-02-28T15:56:52.223000+00:00,9685,22,1253,24.5,84
2025-02-28T15:57:05.607000+00:00,9685,31,1253,26.8,100
2025-02-28T15:57:51.249000+00:00,9685,10,1253,28.4,81
2025-02-28T15:58:09.068000+00:00,9685,14,1253,127.1,80
2025-02-28T15:58:43.445000+00:00,9685,27,1253,24.8,67
2025-02-28T15:58:52.389000+00:00,9685,22,1253,24.1,85
2025-02-28T15:59:24.430000+00:00,9685,81,1253,329.2,83
2025-02-28T15:59:26.809000+00:00,9685,31,1253,33.5,101
2025-02-27T07:00:03.247000+00:00,9684,27,1253,,1
2025-02-27T07:00:07.161000+00:00,9684,63,1253,,1
2025-02-27T07:01:06.975000+00:00,9684,10,1253,,1
2025-02-27T07:02:02.321000+00:00,9684,14,1253,,1
2025-02-27T07:02:26.126000+00:00,9684,81,1253,,1
2025-02-27T07:04:07.684000+00:00,9684,31,1253,,1
2025-02-27T07:04:17.773000+00:00,9684,30,1253,,1
2025-02-27T07:04:54.395000+00:00,9684,81,1253,30.0,2
2025-02-27T07:05:53.667000+00:00,9684,44,1253,,1
2025-02-27T07:06:22.990000+00:00,9684,22,1253,,1
2025-02-27T07:07:09.635000+00:00,9684,55,1253,,1
2025-02-27T07:10:19.224000+00:00,9684,31,1253,42.7,4
2025-02-27T07:13:25.212000+00:00,9684,10,1253,585.9,2
2025-02-27T07:21:10.068000+00:00,9684,81,1253,862.0,3
2025-02-27T07:21:48.762000+00:00,9684,22,1253,583.3,4
2025-02-27T07:23:28.129000+00:00,9684,55,1253,773.8,3
2025-02-27T07:23:31.211000+00:00,9684,63,1253,783.0,7
2025-02-27T07:23:43.007000+00:00,9684,30,1253,754.7,5
2025-02-27T07:23:47.640000+00:00,9684,44,1253,544.8,6
2025-02-27T07:24:03.756000+00:00,9684,31,1253,521.5,7
2025-02-27T07:26:07.773000+00:00,9684,14,1253,1214.7,3
2025-02-27T07:29:17.548000+00:00,9684,63,1253,31.1,10
2025-02-27T07:29:56.638000+00:00,9684,30,1253,35.5,8
2025-02-27T07:31:37.186000+00:00,9684,81,1253,514.8,4
2025-02-27T07:31:41.857000+00:00,9684,10,1253,964.5,3
2025-02-27T07:33:03.002000+00:00,9684,31,1253,22.4,12
2025-02-27T07:38:19.725000+00:00,9684,55,1253,658.4,5
2025-02-27T07:40:45.192000+00:00,9684,10,1253,435.8,4
2025-02-27T07:42:43.802000+00:00,9684,44,1253,458.2,12
2025-02-27T07:44:03.429000+00:00,9684,81,1253,620.5,5
2025-02-27T07:46:31.324000+00:00,9684,10,1253,28.1,7
2025-02-27T07:47:23.971000+00:00,9684,55,1253,334.8,7
2025-02-27T07:49:24.142000+00:00,9684,31,1253,862.1,13
2025-02-27T07:49:34.150000+00:00,9684,27,1253,2272.3,8
2025-02-27T07:59:17.391000+00:00,9684,27,1253,21.8,13
2025-02-27T08:00:01.755000+00:00,9684,63,1253,688.4,22
2025-02-27T08:04:27.937000+00:00,9684,55,1253,470.8,12
2025-02-27T08:06:18.416000+00:00,9684,81,1253,1220.0,6
2025-02-27T08:06:31.892000+00:00,9684,14,1253,1726.3,10
2025-02-27T08:08:05.792000+00:00,9684,63,1253,32.5,26
2025-02-27T08:08:58.793000+00:00,9684,22,1253,2599.6,6
2025-02-27T08:09:16.221000+00:00,9684,31,1253,22.4,25
2025-02-27T08:16:06.108000+00:00,9684,22,1253,56.2,9
2025-02-27T08:16:30.639000+00:00,9684,44,1253,1451.9,17
2025-02-27T08:40:06.730000+00:00,9684,31,1253,1728.1,26
2025-02-27T08:42:41.321000+00:00,9684,31,1253,24.1,27
2025-02-27T08:45:18.160000+00:00,9684,31,1253,23.2,28
2025-02-27T09:07:15.106000+00:00,9684,63,1253,3212.4,29
2025-02-27T09:11:37.002000+00:00,9684,27,1253,3404.2,22
2025-02-27T09:17:07.171000+00:00,9684,27,1253,22.4,25
2025-02-27T09:17:51.232000+00:00,9684,22,1253,3350.1,12
2025-02-27T09:19:31.125000+00:00,9684,27,1253,26.1,26
2025-02-27T09:19:47.901000+00:00,9684,81,1253,4179.4,8
2025-02-27T09:21:31.320000+00:00,9684,30,1253,5901.1,16
2025-02-27T09:24:40.097000+00:00,9684,10,1253,5075.9,15
2025-02-27T09:24:49.549000+00:00,9684,30,1253,27.1,17
2025-02-27T09:25:38.278000+00:00,9684,27,1253,32.5,29
2025-02-27T09:25:40.549000+00:00,9684,14,1253,4250.1,15
2025-02-27T09:25:53.585000+00:00,9684,31,1253,2302.3,29
2025-02-27T09:26:09.770000+00:00,9684,44,1253,4045.9,18
2025-02-27T09:30:02.513000+00:00,9684,55,1253,4785.1,15
2025-02-27T09:38:07.906000+00:00,9684,31,1253,418.9,32
2025-02-27T09:44:58.257000+00:00,9684,55,1253,267.0,21
2025-02-27T09:45:20.909000+00:00,9684,10,1253,434.5,23
2025-02-27T09:46:45.587000+00:00,9684,27,1253,921.8,32
2025-02-27T09:47:11.474000+00:00,9684,63,1253,1005.1,43
2025-02-27T09:47:46.973000+00:00,9684,44,1253,389.6,26
2025-02-27T09:48:11.875000+00:00,9684,31,1253,195.7,36
2025-02-27T09:51:10.510000+00:00,9684,14,1253,561.6,25
2025-02-27T09:51:31.542000+00:00,9684,10,1253,28.7,26
2025-02-27T09:53:07.906000+00:00,9684,81,1253,774.5,21
2025-02-27T09:53:16.592000+00:00,9684,63,1253,37.6,46
2025-02-27T09:54:58.329000+00:00,9684,22,1253,531.7,28
2025-02-27T09:56:19.922000+00:00,9684,27,1253,22.2,37
2025-02-27T10:01:32.414000+00:00,9684,81,1253,63.6,25
2025-02-27T10:06:20.568000+00:00,9684,55,1253,650.8,27
2025-02-27T10:09:59.576000+00:00,9684,44,1253,770.8,31
2025-02-27T10:12:51.150000+00:00,9684,31,1253,22.0,51
2025-02-27T10:19:19.800000+00:00,9684,22,1253,905.2,33
2025-02-27T10:21:04.146000+00:00,9684,63,1253,594.7,57
2025-02-27T10:22:00.097000+00:00,9684,81,1253,654.4,31
2025-02-27T10:23:48.721000+00:00,9684,27,1253,782.9,46
2025-02-27T10:24:20.340000+00:00,9684,55,1253,561.9,32
2025-02-27T10:26:58.799000+00:00,9684,31,1253,726.4,52
2025-02-27T10:29:00.568000+00:00,9684,63,1253,30.8,61
2025-02-27T10:29:30.070000+00:00,9684,81,1253,228.2,33
2025-02-27T10:29:42.924000+00:00,9684,14,1253,1327.2,35
2025-02-27T10:31:17.333000+00:00,9684,27,1253,334.4,47
2025-02-27T10:31:31.146000+00:00,9684,44,1253,751.5,36
2025-02-27T10:36:20.179000+00:00,9684,22,1253,490.0,38
2025-02-27T10:39:59.683000+00:00,9684,10,1253,2286.6,32
2025-02-27T10:41:40.723000+00:00,9684,81,1253,279.7,37
2025-02-27T10:41:58.191000+00:00,9684,27,1253,421.7,49
2025-02-27T10:42:33.358000+00:00,9684,22,1253,34.3,41
2025-02-27T10:46:23.921000+00:00,9684,55,1253,638.6,39
2025-02-27T10:46:25.276000+00:00,9684,10,1253,29.2,35
2025-02-27T10:46:42.697000+00:00,9684,14,1253,367.2,41
2025-02-27T10:48:11.573000+00:00,9684,22,1253,21.2,44
2025-02-27T10:49:24.441000+00:00,9684,81,1253,42.7,41
2025-02-27T10:50:48.813000+00:00,9684,22,1253,21.8,45
2025-02-27T10:51:32.099000+00:00,9684,27,1253,21.9,54
2025-02-27T10:52:55.714000+00:00,9684,44,1253,494.5,44
2025-02-27T10:53:11.262000+00:00,9684,22,1253,22.8,46
2025-02-27T10:53:30.775000+00:00,9684,31,1253,22.3,68
2025-02-27T10:55:13.126000+00:00,9684,63,1253,603.8,71
2025-02-27T12:03:33.265000+00:00,9684,6,1253,,1
2025-02-27T12:04:34.329000+00:00,9684,55,1253,5329.2,45
2025-02-27T12:13:19.007000+00:00,9684,16,1253,,1
2025-02-27T12:13:51.492000+00:00,9684,87,1253,,1
2025-02-27T12:14:57.116000+00:00,9684,12,1253,,1
2025-02-27T12:15:12.148000+00:00,9684,6,1253,562.0,2
2025-02-27T12:17:17.418000+00:00,9684,7,1253,,1
2025-02-27T12:19:35.527000+00:00,9684,55,1253,348.6,50
2025-02-27T12:21:05.692000+00:00,9684,12,1253,20.1,4
2025-02-27T12:21:09.675000+00:00,9684,30,1253,9406.9,29
2025-02-27T12:24:57.421000+00:00,9684,30,1253,29.2,31
2025-02-27T12:27:29.989000+00:00,9684,87,1253,333.4,6
2025-02-27T12:33:35.344000+00:00,9684,16,1253,467.1,8
2025-02-27T12:33:39.111000+00:00,9684,5,1253,,1
2025-02-27T12:37:22.528000+00:00,9684,55,1253,510.3,55
2025-02-27T12:38:29.696000+00:00,9684,18,1253,,1
2025-02-27T12:39:49.237000+00:00,9684,7,1253,463.5,9
2025-02-27T12:43:50.920000+00:00,9684,12,1253,921.6,8
2025-02-27T12:49:17.008000+00:00,9684,6,1253,944.8,13
2025-02-27T12:49:54.999000+00:00,9684,12,1253,29.2,11
2025-02-27T12:50:34.552000+00:00,9684,16,1253,462.5,13
2025-02-27T12:51:54.298000+00:00,9684,6,1253,26.8,14
2025-02-27T12:52:39.636000+00:00,9684,18,1253,643.4,3
2025-02-27T12:52:46.118000+00:00,9684,55,1253,387.8,60
2025-02-27T12:56:04.674000+00:00,9684,5,1253,579.9,8
2025-02-27T12:56:13.289000+00:00,9684,4,1253,,1
2025-02-27T12:57:20.964000+00:00,9684,30,1253,30.4,51
2025-02-27T13:00:41.627000+00:00,9684,7,1253,573.9,15
2025-02-27T13:01:11.183000+00:00,9684,12,1253,454.4,13
2025-02-27T13:05:38.120000+00:00,9684,55,1253,337.2,64
2025-02-27T13:07:24.058000+00:00,9684,5,1253,163.6,13
2025-02-27T13:09:00.416000+00:00,9684,4,1253,339.7,5
2025-02-27T13:09:19.750000+00:00,9684,16,1253,410.9,19
2025-02-27T13:11:03.794000+00:00,9684,12,1253,19.1,18
2025-02-27T13:11:55.153000+00:00,9684,87,1253,1218.8,21
2025-02-27T13:13:44.022000+00:00,9684,18,1253,1057.5,5
2025-02-27T13:15:29.298000+00:00,9684,12,1253,33.7,20
2025-02-27T13:15:49.521000+00:00,9684,7,1253,575.9,18
2025-02-27T13:20:07.171000+00:00,9684,6,1253,31.9,31
2025-02-27T13:28:29.721000+00:00,9684,12,1253,470.5,23
2025-02-27T13:28:41.572000+00:00,9684,4,1253,861.0,8
2025-02-27T13:29:15.179000+00:00,9684,7,1253,464.3,21
2025-02-27T13:30:30.463000+00:00,9684,16,1253,697.3,24
2025-02-27T13:39:49.064000+00:00,9684,5,1253,1483.4,17
2025-02-27T13:40:17.567000+00:00,9684,55,1253,1513.2,69
2025-02-27T13:41:42.905000+00:00,9684,4,1253,570.5,10
2025-02-27T13:43:33.566000+00:00,9684,12,1253,780.5,24
2025-02-27T13:43:51.329000+00:00,9684,4,1253,26.7,11
2025-02-27T13:47:08.060000+00:00,9684,18,1253,1252.5,12
2025-02-27T13:49:53.376000+00:00,9684,30,1253,833.9,75
2025-02-27T13:52:32.003000+00:00,9684,12,1253,237.4,27
2025-02-27T13:56:05.525000+00:00,9684,30,1253,29.5,78
2025-02-27T13:58:58.911000+00:00,9684,7,1253,1540.4,23
2025-02-27T14:00:37.700000+00:00,9684,6,1253,29.5,56
2025-02-27T14:04:20.400000+00:00,9684,87,1253,2067.8,32
2025-02-27T14:05:17.788000+00:00,9684,5,1253,1219.9,20
2025-02-27T14:05:59.671000+00:00,9684,55,1253,569.6,79
2025-02-27T14:06:50.950000+00:00,9684,18,1253,641.6,17
2025-02-27T14:10:19.412000+00:00,9684,16,1253,2123.8,26
2025-02-27T14:12:45.228000+00:00,9684,16,1253,23.9,27
2025-02-27T14:14:20.950000+00:00,9684,7,1253,488.3,27
2025-02-27T14:16:31.997000+00:00,9684,5,1253,453.1,22
2025-02-27T14:16:46.787000+00:00,9684,4,1253,35.3,31
2025-02-27T14:17:20.274000+00:00,9684,7,1253,29.5,28
2025-02-27T14:18:41.856000+00:00,9684,30,1253,1243.6,79
2025-02-27T14:19:00.078000+00:00,9684,5,1253,21.7,23
2025-02-27T14:22:06.107000+00:00,9684,12,1253,1425.9,30
2025-02-27T14:24:50.338000+00:00,9684,12,1253,24.8,31
2025-02-27T14:26:51.393000+00:00,9684,18,1253,512.3,23
2025-02-27T14:31:19.973000+00:00,9684,55,1253,496.5,89
2025-02-27T14:40:42.437000+00:00,9684,5,1253,25.0,36
2025-02-27T14:40:47.640000+00:00,9684,16,1253,24.7,44
2025-02-27T14:45:40.847000+00:00,9684,4,1253,34.5,49
2025-02-27T14:46:34.382000+00:00,9684,7,1253,38.2,45
2025-02-27T14:47:27.757000+00:00,9684,18,1253,702.3,28
2025-02-27T14:48:32.296000+00:00,9684,30,1253,1309.8,83
2025-02-27T14:53:05.051000+00:00,9684,6,1253,1612.2,72
2025-02-27T14:55:27.800000+00:00,9684,87,1253,1240.3,51
2025-02-27T14:56:52.748000+00:00,9684,55,1253,541.8,99
2025-02-27T14:58:04.458000+00:00,9684,12,1253,25.7,51
2025-02-27T15:06:16.141000+00:00,9684,6,1253,246.0,77
2025-02-27T15:09:38.192000+00:00,9684,16,1253,24.7,62
2025-02-27T15:11:01.383000+00:00,9684,7,1253,34.4,60
2025-02-27T15:13:27.518000+00:00,9684,5,1253,40.6,56
2025-02-27T15:15:44.277000+00:00,9684,18,1253,704.2,38
2025-02-27T15:20:32.886000+00:00,9684,30,1253,1458.2,87
2025-02-27T15:22:12.127000+00:00,9684,12,1253,25.6,66
2025-02-27T15:22:15.565000+00:00,9684,55,1253,535.5,109
2025-02-27T15:22:18.706000+00:00,9684,87,1253,341.8,64
2025-02-27T15:23:05.246000+00:00,9684,6,1253,449.5,82
2025-02-27T15:31:04.260000+00:00,9684,4,1253,859.2,69
2025-02-27T15:35:46.091000+00:00,9684,4,1253,175.0,70
2025-02-27T15:37:38.634000+00:00,9684,18,1253,317.6,48
2025-02-27T15:38:07.620000+00:00,9684,6,1253,366.8,87
2025-02-27T15:39:24.256000+00:00,9684,4,1253,24.4,72
2025-02-27T15:44:08.045000+00:00,9684,7,1253,541.0,75
2025-02-27T15:44:33.352000+00:00,9684,4,1253,214.2,73
2025-02-27T15:46:35.685000+00:00,9684,7,1253,26.1,76
2025-02-27T15:47:04.625000+00:00,9684,6,1253,242.3,90
2025-02-27T15:47:15.273000+00:00,9684,55,1253,26.2,124
2025-02-27T15:48:38.813000+00:00,9684,7,1253,24.2,77
2025-02-27T15:49:24.396000+00:00,9684,6,1253,23.9,91
2025-02-27T15:49:45.058000+00:00,9684,55,1253,25.5,125
2025-02-27T15:50:40.508000+00:00,9684,7,1253,25.6,78
2025-02-27T15:51:34.411000+00:00,9684,6,1253,24.4,92
2025-02-27T15:52:04.784000+00:00,9684,55,1253,26.3,126
2025-02-27T15:52:40.166000+00:00,9684,4,1253,290.4,75
2025-02-27T15:52:42.377000+00:00,9684,7,1253,24.0,79
2025-02-27T15:53:36.931000+00:00,9684,6,1253,24.6,93
2025-02-27T15:53:48.530000+00:00,9684,30,1253,1660.3,90
2025-02-27T15:54:32.722000+00:00,9684,55,1253,25.6,127
2025-02-27T15:54:44.115000+00:00,9684,7,1253,24.1,80
2025-03-14T05:00:24.386000+00:00,9687,5,1254,,1
2025-03-14T05:00:33.495000+00:00,9687,10,1254,,1
2025-03-14T05:00:39.186000+00:00,9687,6,1254,,1
2025-03-14T05:00:42.217000+00:00,9687,4,1254,,1
2025-03-14T05:00:42.599000+00:00,9687,22,1254,,1
2025-03-14T05:00:45.957000+00:00,9687,81,1254,,1
2025-03-14T05:00:49.225000+00:00,9687,14,1254,,1
2025-03-14T05:00:54.483000+00:00,9687,18,1254,,1
2025-03-14T05:01:00.059000+00:00,9687,1,1254,,1
2025-03-14T05:01:04.043000+00:00,9687,30,1254,,1
2025-03-14T05:01:12.726000+00:00,9687,7,1254,,1
2025-03-14T05:01:17.518000+00:00,9687,63,1254,,1
2025-03-14T05:01:24.473000+00:00,9687,12,1254,,1
2025-03-14T05:01:25.643000+00:00,9687,44,1254,,1
2025-03-14T05:01:31.771000+00:00,9687,16,1254,,1
2025-03-14T05:01:47.918000+00:00,9687,27,1254,,1
2025-03-14T05:02:22.045000+00:00,9687,31,1254,,1
2025-03-14T05:03:50.068000+00:00,9687,55,1254,,1
2025-03-14T05:04:02.518000+00:00,9687,27,1254,20.0,2
2025-03-14T05:04:13.489000+00:00,9687,23,1254,,1
2025-03-14T05:11:03.295000+00:00,9687,12,1254,13.0,6
2025-03-14T05:11:10.631000+00:00,9687,16,1254,27.0,6
2025-03-14T05:11:20.156000+00:00,9687,44,1254,33.4,6
2025-03-14T05:12:32.419000+00:00,9687,55,1254,18.7,6
2025-03-14T05:20:36.290000+00:00,9687,30,1254,402.8,8
2025-03-14T05:21:06.250000+00:00,9687,18,1254,693.4,6
2025-03-14T05:21:17.874000+00:00,9687,14,1254,737.0,6
2025-03-14T05:21:22.853000+00:00,9687,63,1254,472.4,8
2025-03-14T05:21:57.227000+00:00,9687,4,1254,396.3,9
2025-03-14T05:22:21.427000+00:00,9687,12,1254,344.5,9
2025-03-14T05:22:50.437000+00:00,9687,22,1254,695.0,7
2025-03-14T05:23:11.988000+00:00,9687,6,1254,407.4,10
2025-03-14T05:23:22.616000+00:00,9687,10,1254,510.4,9
2025-03-14T05:23:27.829000+00:00,9687,31,1254,334.2,10
2025-03-14T05:23:32.623000+00:00,9687,81,1254,501.4,9
2025-03-14T05:23:44.500000+00:00,9687,55,1254,398.3,9
2025-03-14T05:23:56.914000+00:00,9687,5,1254,435.5,10
2025-03-14T05:25:55.100000+00:00,9687,16,1254,389.0,11
2025-03-14T05:26:02.141000+00:00,9687,30,1254,22.9,11
2025-03-14T05:26:13.939000+00:00,9687,1,1254,985.5,6
2025-03-14T05:26:43.960000+00:00,9687,23,1254,546.0,9
2025-03-14T05:27:03.056000+00:00,9687,44,1254,418.6,11
2025-03-14T05:27:31.393000+00:00,9687,63,1254,67.1,11
2025-03-14T05:27:52.237000+00:00,9687,7,1254,637.3,10
2025-03-14T05:28:11.525000+00:00,9687,18,1254,26.7,10
2025-03-14T05:28:15.133000+00:00,9687,12,1254,41.4,12
2025-03-14T05:29:00.062000+00:00,9687,27,1254,1070.6,6
2025-03-14T05:29:07.006000+00:00,9687,31,1254,24.9,13
2025-03-14T05:29:21.454000+00:00,9687,55,1254,20.5,12
2025-03-14T05:29:32.282000+00:00,9687,5,1254,12.8,13
2025-03-14T05:30:31.701000+00:00,9687,44,1254,21.4,13
2025-03-14T05:31:26.354000+00:00,9687,16,1254,22.0,14
2025-03-14T05:32:05.758000+00:00,9687,23,1254,12.6,12
2025-03-14T05:35:25.445000+00:00,9687,22,1254,451.6,10
2025-03-14T05:39:00.145000+00:00,9687,63,1254,365.4,14
2025-03-14T05:39:01.261000+00:00,9687,22,1254,36.9,12
2025-03-14T05:40:17.837000+00:00,9687,12,1254,312.6,16
2025-03-14T05:40:35.697000+00:00,9687,55,1254,355.1,15
2025-03-14T05:40:58.992000+00:00,9687,6,1254,436.4,16
2025-03-14T05:41:17.321000+00:00,9687,10,1254,342.9,16
2025-03-14T05:41:32.023000+00:00,9687,16,1254,324.4,17
2025-03-14T05:41:52.320000+00:00,9687,7,1254,261.4,16
2025-03-14T05:42:06.352000+00:00,9687,14,1254,548.4,13
2025-03-14T05:42:08.110000+00:00,9687,18,1254,438.4,14
2025-03-14T05:42:41.960000+00:00,9687,44,1254,346.7,17
2025-03-14T05:42:57.168000+00:00,9687,6,1254,18.1,17
2025-03-14T05:43:17.742000+00:00,9687,5,1254,512.7,16
2025-03-14T05:43:23.348000+00:00,9687,4,1254,462.8,17
2025-03-14T05:43:35.053000+00:00,9687,30,1254,403.7,17
2025-03-14T05:43:57.605000+00:00,9687,23,1254,318.0,16
2025-03-14T05:44:10.263000+00:00,9687,81,1254,409.1,17
2025-03-14T05:44:37.548000+00:00,9687,31,1254,332.9,19
2025-03-14T05:44:56.841000+00:00,9687,27,1254,375.5,12
2025-03-14T05:46:19.649000+00:00,9687,23,1254,45.9,17
2025-03-14T05:46:53.011000+00:00,9687,5,1254,19.5,18
2025-03-14T05:50:01.751000+00:00,9687,1,1254,684.6,13
2025-03-14T05:53:57.335000+00:00,9687,23,1254,21.0,22
2025-03-14T05:58:41.072000+00:00,9687,6,1254,28.4,28
2025-03-14T05:58:48.134000+00:00,9687,4,1254,18.6,28
2025-03-14T05:58:51.030000+00:00,9687,10,1254,27.1,28
2025-03-14T05:58:52.629000+00:00,9687,12,1254,20.9,29
2025-03-14T05:59:35.833000+00:00,9687,55,1254,36.4,28
2025-03-14T05:59:36.832000+00:00,9687,81,1254,19.4,28
2025-03-15T01:30:02.717000+00:00,9688,87,1254,,1
2025-03-15T01:30:32.932000+00:00,9688,44,1254,,1
2025-03-15T01:30:42.499000+00:00,9688,81,1254,,1
2025-03-15T01:30:46.921000+00:00,9688,16,1254,,1
2025-03-15T01:30:55.064000+00:00,9688,6,1254,,1
2025-03-15T01:31:44.344000+00:00,9688,22,1254,,1
2025-03-15T01:31:47.761000+00:00,9688,4,1254,,1
2025-03-15T01:32:51.501000+00:00,9688,44,1254,20.9,2
2025-03-15T01:41:02.966000+00:00,9688,16,1254,501.3,2
2025-03-15T01:41:04.706000+00:00,9688,44,1254,514.1,3
2025-03-15T01:41:09.152000+00:00,9688,31,1254,,1
2025-03-15T01:41:12.832000+00:00,9688,7,1254,,1
2025-03-15T01:41:13.145000+00:00,9688,18,1254,,1
2025-03-15T01:41:16.600000+00:00,9688,14,1254,,1
2025-03-15T01:43:17.294000+00:00,9688,16,1254,22.5,3
2025-03-15T01:43:26.823000+00:00,9688,18,1254,19.4,2
2025-03-15T01:43:40.671000+00:00,9688,14,1254,21.7,2
2025-03-15T01:44:40.283000+00:00,9688,30,1254,,1
2025-03-15T01:45:41.841000+00:00,9688,1,1254,,1
2025-03-15T01:46:46.373000+00:00,9688,55,1254,,1
2025-03-15T01:46:57.024000+00:00,9688,5,1254,,1
2025-03-15T01:47:02.321000+00:00,9688,7,1254,21.9,4
2025-03-15T01:47:08.903000+00:00,9688,4,1254,,2
2025-03-15T01:48:06.426000+00:00,9688,12,1254,,1
2025-03-15T01:48:38.609000+00:00,9688,18,1254,204.4,3
2025-03-15T01:48:58.170000+00:00,9688,81,1254,980.2,2
2025-03-15T01:49:16.559000+00:00,9688,14,1254,228.1,3
2025-03-15T01:49:32.057000+00:00,9688,16,1254,266.0,4
2025-03-15T01:49:36.749000+00:00,9688,44,1254,393.4,4
2025-03-15T01:49:59.004000+00:00,9688,23,1254,,1
2025-03-15T01:50:23.141000+00:00,9688,10,1254,,1
2025-03-15T01:51:13.527000+00:00,9688,1,1254,12.6,4
2025-03-15T01:52:03.562000+00:00,9688,31,1254,23.9,7
2025-03-15T01:52:15.526000+00:00,9688,27,1254,,1
2025-03-15T01:52:21.710000+00:00,9688,5,1254,13.5,4
2025-03-15T01:52:25.929000+00:00,9688,63,1254,,1
2025-03-15T01:52:47.156000+00:00,9688,7,1254,23.8,7
2025-03-15T01:52:52.199000+00:00,9688,4,1254,21.4,5
2025-03-15T01:54:13.333000+00:00,9688,6,1254,1286.3,2
2025-03-15T01:54:22.828000+00:00,9688,22,1254,,2
2025-03-15T01:54:27.902000+00:00,9688,12,1254,71.5,4
2025-03-15T01:55:15.525000+00:00,9688,16,1254,21.7,7
2025-03-15T01:55:33.131000+00:00,9688,55,1254,22.1,6
2025-03-15T01:57:15.333000+00:00,9688,1,1254,12.6,7
2025-03-15T01:57:18.986000+00:00,9688,31,1254,14.5,10
2025-03-15T01:57:39.129000+00:00,9688,27,1254,12.7,4
2025-03-15T01:57:40.789000+00:00,9688,44,1254,23.8,8
2025-03-15T01:58:37.274000+00:00,9688,23,1254,22.5,6
2025-03-15T01:58:38.514000+00:00,9688,5,1254,24.7,7
2025-03-15T01:58:45.232000+00:00,9688,63,1254,52.7,4
2025-03-15T02:00:01.550000+00:00,9688,10,1254,25.5,6
2025-03-15T02:00:55.396000+00:00,9688,16,1254,15.0,10
2025-03-15T02:01:12.252000+00:00,9688,12,1254,87.8,7
2025-03-15T02:03:02.833000+00:00,9688,27,1254,24.0,7
2025-03-15T02:04:06.297000+00:00,9688,63,1254,62.1,6
2025-03-15T02:04:13.517000+00:00,9688,18,1254,258.8,10
2025-03-15T02:05:26.513000+00:00,9688,1,1254,188.7,10
2025-03-15T02:06:11.606000+00:00,9688,6,1254,18.0,9
2025-03-15T02:06:11.944000+00:00,9688,14,1254,358.4,10
2025-03-15T02:06:14.118000+00:00,9688,4,1254,493.2,8
2025-03-15T02:09:36.138000+00:00,9688,14,1254,24.1,12
2025-03-15T02:09:58.768000+00:00,9688,23,1254,279.2,10
2025-03-15T02:11:12.370000+00:00,9688,55,1254,334.7,12
2025-03-15T02:12:27.722000+00:00,9688,1,1254,338.8,11
2025-03-15T02:13:21.712000+00:00,9688,81,1254,863.9,8
2025-03-15T02:13:42.310000+00:00,9688,4,1254,172.3,11
2025-03-15T02:14:22.814000+00:00,9688,63,1254,329.7,9
2025-03-15T02:14:31.236000+00:00,9688,5,1254,631.6,10
2025-03-15T02:15:26.622000+00:00,9688,12,1254,443.4,11
2025-03-15T02:15:37.961000+00:00,9688,10,1254,201.1,13
2025-03-15T02:16:16.081000+00:00,9688,7,1254,1192.1,9
2025-03-15T02:16:29.801000+00:00,9688,44,1254,595.0,13
2025-03-15T02:16:35.549000+00:00,9688,6,1254,521.3,10
2025-03-15T02:16:40.508000+00:00,9688,16,1254,632.8,13
2025-03-15T02:16:56.078000+00:00,9688,22,1254,511.6,10
2025-03-15T02:19:12.125000+00:00,9688,27,1254,867.1,8
2025-03-15T02:19:51.440000+00:00,9688,5,1254,13.1,13
2025-03-15T02:20:32.225000+00:00,9688,18,1254,493.9,15
2025-03-15T02:20:54.516000+00:00,9688,14,1254,407.7,15
2025-03-15T02:20:57.239000+00:00,9688,31,1254,1310.9,11
2025-03-15T02:21:40.559000+00:00,9688,10,1254,22.0,16
2025-03-15T02:21:49.328000+00:00,9688,7,1254,26.7,12
2025-03-15T02:22:25.803000+00:00,9688,16,1254,21.8,16
2025-03-15T02:22:43.741000+00:00,9688,1,1254,311.3,14
2025-03-15T02:23:20.826000+00:00,9688,23,1254,180.2,16
2025-03-15T02:23:29.485000+00:00,9688,63,1254,257.9,12
2025-03-15T02:23:35.440000+00:00,9688,12,1254,59.6,15
2025-03-15T02:24:34.127000+00:00,9688,6,1254,177.7,13
2025-03-15T02:24:36.412000+00:00,9688,55,1254,191.3,18
2025-03-15T02:24:40.313000+00:00,9688,44,1254,24.0,17
2025-03-15T02:24:41.640000+00:00,9688,27,1254,33.1,11
2025-03-15T02:25:58.640000+00:00,9688,22,1254,230.2,13
2025-03-15T02:27:40.345000+00:00,9688,10,1254,13.1,19
2025-03-15T02:27:45.879000+00:00,9688,14,1254,27.3,19
2025-03-15T02:27:49.532000+00:00,9688,7,1254,15.8,15
2025-03-15T02:28:08.621000+00:00,9688,16,1254,21.1,19
2025-03-15T02:28:19.414000+00:00,9688,1,1254,146.0,16
2025-03-15T02:28:33.462000+00:00,9688,23,1254,21.8,19
2025-03-15T02:28:44.421000+00:00,9688,5,1254,223.4,16
2025-03-15T02:28:58.586000+00:00,9688,63,1254,19.1,15
2025-03-15T02:29:01.389000+00:00,9688,81,1254,365.1,14
2025-03-15T02:29:23.091000+00:00,9688,55,1254,14.2,21
2025-03-15T02:29:31.620000+00:00,9688,4,1254,233.6,18
2025-03-15T02:29:47.074000+00:00,9688,12,1254,73.6,18
2025-03-21T03:30:04.178000+00:00,9988,87,1255,,1
2025-03-21T03:30:09.384000+00:00,9988,31,1255,,1
2025-03-21T03:30:13.578000+00:00,9988,22,1255,,1
2025-03-21T03:30:18.995000+00:00,9988,6,1255,,1
2025-03-21T03:30:20.350000+00:00,9988,55,1255,,1
2025-03-21T03:30:28.165000+00:00,9988,10,1255,,1
2025-03-21T03:30:38.842000+00:00,9988,7,1255,,1
2025-03-21T03:30:43.821000+00:00,9988,12,1255,,1
2025-03-21T03:30:49.252000+00:00,9988,44,1255,,1
2025-03-21T03:30:56.963000+00:00,9988,1,1255,,1
2025-03-21T03:30:58.315000+00:00,9988,5,1255,,1
2025-03-21T03:31:01.790000+00:00,9988,81,1255,,1
2025-03-21T03:31:05.821000+00:00,9988,16,1255,,1
2025-03-21T03:31:10.416000+00:00,9988,30,1255,,1
2025-03-21T03:31:15.945000+00:00,9988,4,1255,,1
2025-03-21T03:31:23.860000+00:00,9988,23,1255,,1
2025-03-21T03:31:37.984000+00:00,9988,27,1255,,1
2025-03-21T03:31:51.471000+00:00,9988,63,1255,,1
2025-03-21T03:31:55.189000+00:00,9988,14,1255,,1
2025-03-21T03:33:30.750000+00:00,9988,18,1255,,1
2025-03-21T03:42:47.450000+00:00,9988,14,1255,55.8,6
2025-03-21T03:44:51.572000+00:00,9988,18,1255,71.2,6
2025-03-21T03:45:16.521000+00:00,9988,6,1255,20.4,8
2025-03-21T03:50:36.839000+00:00,9988,55,1255,41.4,11
2025-03-21T03:52:37.125000+00:00,9988,5,1255,558.3,7
2025-03-21T03:54:38.700000+00:00,9988,27,1255,809.0,6
2025-03-21T03:55:07.816000+00:00,9988,12,1255,390.6,10
2025-03-21T03:56:27.229000+00:00,9988,1,1255,568.1,9
2025-03-21T03:56:31.443000+00:00,9988,55,1255,230.9,12
2025-03-21T03:57:12.801000+00:00,9988,6,1255,372.7,11
2025-03-21T03:57:23.553000+00:00,9988,23,1255,344.2,11
2025-03-21T03:57:34.720000+00:00,9988,31,1255,415.9,11
2025-03-21T03:57:49.229000+00:00,9988,14,1255,555.4,9
2025-03-21T03:58:14.796000+00:00,9988,44,1255,524.5,10
2025-03-21T03:58:28.607000+00:00,9988,63,1255,383.4,11
2025-03-21T03:58:33.575000+00:00,9988,10,1255,666.1,9
2025-03-21T03:59:16.202000+00:00,9988,4,1255,821.4,8
2025-03-21T03:59:42.744000+00:00,9988,81,1255,757.0,9
2025-03-21T04:00:41.851000+00:00,9988,87,1255,779.6,10
2025-03-21T04:02:02.575000+00:00,9988,18,1255,672.1,9
2025-03-21T04:02:16.131000+00:00,9988,22,1255,443.9,13
2025-03-21T04:02:40.569000+00:00,9988,16,1255,760.2,10
2025-03-21T04:02:58.652000+00:00,9988,7,1255,802.8,10
2025-03-21T04:03:37.246000+00:00,9988,30,1255,700.3,11
2025-03-21T04:04:25.144000+00:00,9988,27,1255,19.6,11
2025-03-21T04:09:44.932000+00:00,9988,23,1255,41.9,18
2025-03-21T04:10:19.429000+00:00,9988,55,1255,20.3,20
2025-03-21T04:22:03.638000+00:00,9988,55,1255,581.2,21
2025-03-21T04:22:09.006000+00:00,9988,23,1255,620.2,19
2025-03-21T04:22:13.208000+00:00,9988,30,1255,399.5,18
2025-03-21T04:22:18.859000+00:00,9988,5,1255,469.4,19
2025-03-21T04:22:21.312000+00:00,9988,63,1255,431.0,21
2025-03-21T04:22:32.268000+00:00,9988,16,1255,498.6,16
2025-03-21T04:22:35.287000+00:00,9988,12,1255,449.1,22
2025-03-21T04:22:46.010000+00:00,9988,44,1255,648.3,17
2025-03-21T04:22:53.338000+00:00,9988,81,1255,2147.6,19
2025-03-21T04:23:00.739000+00:00,9988,87,1255,527.3,18
2025-03-21T04:23:04.565000+00:00,9988,4,1255,399.0,18
2025-03-21T04:23:16.904000+00:00,9988,14,1255,580.7,18
2025-03-21T04:23:23.032000+00:00,9988,31,1255,834.7,18
2025-03-21T04:23:34.008000+00:00,9988,6,1255,886.7,18
2025-03-21T04:23:43.276000+00:00,9988,27,1255,660.7,16
2025-03-21T04:23:49.712000+00:00,9988,10,1255,554.0,18
2025-03-21T04:23:58.267000+00:00,9988,1,1255,543.0,20
2025-03-21T04:24:04.961000+00:00,9988,22,1255,692.2,19
2025-03-21T04:24:19.539000+00:00,9988,18,1255,567.1,16
2025-03-21T04:28:09.015000+00:00,9988,1,1255,23.5,22
2025-03-21T04:28:40.215000+00:00,9988,63,1255,28.8,24
2025-03-21T04:28:47.972000+00:00,9988,12,1255,27.5,25
2025-03-21T04:29:29.992000+00:00,9988,44,1255,18.7,20
2025-03-21T04:29:36.446000+00:00,9988,14,1255,28.4,21
2025-03-21T04:29:36.941000+00:00,9988,23,1255,93.9,22
2025-03-21T04:29:40.789000+00:00,9988,55,1255,120.3,24
2025-03-21T04:29:49.316000+00:00,9988,10,1255,25.3,21
2025-03-15T05:00:04.068000+00:00,9689,31,1254,,1
2025-03-15T05:00:11.238000+00:00,9689,87,1254,,1
2025-03-15T05:00:20.366000+00:00,9689,63,1254,,1
2025-03-15T05:00:28.938000+00:00,9689,7,1254,,1
2025-03-15T05:00:38.276000+00:00,9689,27,1254,,1
2025-03-15T05:00:40.041000+00:00,9689,55,1254,,1
2025-03-15T05:00:48.384000+00:00,9689,5,1254,,1
2025-03-15T05:01:01.716000+00:00,9689,14,1254,,1
2025-03-15T05:01:18.975000+00:00,9689,30,1254,,1
2025-03-15T05:01:30.023000+00:00,9689,23,1254,,1
2025-03-15T05:01:38.912000+00:00,9689,18,1254,,1
2025-03-15T05:01:53.256000+00:00,9689,10,1254,,1
2025-03-15T05:01:56.754000+00:00,9689,12,1254,,1
2025-03-15T05:02:04.197000+00:00,9689,16,1254,,1
2025-03-15T05:02:10.862000+00:00,9689,44,1254,,1
2025-03-15T05:02:39.733000+00:00,9689,4,1254,,1
2025-03-15T05:03:23.522000+00:00,9689,81,1254,,1
2025-03-15T05:04:18.343000+00:00,9689,1,1254,,1
2025-03-15T05:04:33.066000+00:00,9689,5,1254,12.7,3
2025-03-15T05:06:11.901000+00:00,9689,6,1254,,1
2025-03-15T05:06:16.800000+00:00,9689,63,1254,75.9,4
2025-03-15T05:06:22.370000+00:00,9689,22,1254,,1
2025-03-15T05:06:32.236000+00:00,9689,27,1254,66.8,4
2025-03-15T05:06:39.255000+00:00,9689,31,1254,124.8,4
2025-03-15T05:07:22.966000+00:00,9689,16,1254,20.4,4
2025-03-15T05:07:34.025000+00:00,9689,14,1254,108.2,4
2025-03-15T05:07:36.826000+00:00,9689,18,1254,82.0,4
2025-03-15T05:07:48.332000+00:00,9689,4,1254,21.3,4
2025-03-15T05:08:00.209000+00:00,9689,44,1254,43.9,4
2025-03-15T05:08:08.468000+00:00,9689,30,1254,131.1,4
2025-03-15T05:08:23.195000+00:00,9689,81,1254,12.7,4
2025-03-15T05:09:25.641000+00:00,9689,12,1254,152.6,4
2025-03-15T05:12:25.020000+00:00,9689,55,1254,111.8,7
2025-03-15T05:13:21.920000+00:00,9689,1,1254,269.1,4
2025-03-15T05:13:27.330000+00:00,9689,30,1254,108.9,6
2025-03-15T05:13:34.073000+00:00,9689,63,1254,159.5,7
2025-03-15T05:13:54.665000+00:00,9689,22,1254,160.3,4
2025-03-15T05:14:09.969000+00:00,9689,10,1254,166.5,7
2025-03-15T05:14:29.043000+00:00,9689,6,1254,216.4,4
2025-03-15T05:14:38.909000+00:00,9689,7,1254,275.4,7
2025-03-15T05:14:44.462000+00:00,9689,31,1254,189.7,7
2025-03-15T05:14:53.326000+00:00,9689,23,1254,244.1,7
2025-03-15T05:15:00.445000+00:00,9689,18,1254,161.1,7
2025-03-15T05:15:02.558000+00:00,9689,4,1254,145.8,7
2025-03-15T05:15:06.228000+00:00,9689,44,1254,144.1,7
2025-03-15T05:15:19.595000+00:00,9689,14,1254,189.4,7
2025-03-15T05:15:49.483000+00:00,9689,27,1254,265.4,7
2025-03-15T05:15:58.885000+00:00,9689,5,1254,402.2,6
2025-03-15T05:16:02.823000+00:00,9689,16,1254,239.6,7
2025-03-15T05:16:05.594000+00:00,9689,81,1254,180.8,7
2025-03-15T05:25:04.608000+00:00,9689,1,1254,508.0,6
2025-03-15T05:25:09.510000+00:00,9689,16,1254,444.2,8
2025-03-15T05:25:16.625000+00:00,9689,44,1254,299.0,10
2025-03-15T05:25:56.591000+00:00,9689,63,1254,450.6,10
2025-03-15T05:26:11.317000+00:00,9689,55,1254,545.2,10
2025-03-15T05:26:16.768000+00:00,9689,23,1254,387.5,10
2025-03-15T05:26:22.708000+00:00,9689,81,1254,508.5,8
2025-03-15T05:26:37.550000+00:00,9689,4,1254,475.9,9
2025-03-15T05:27:05.241000+00:00,9689,14,1254,478.2,9
2025-03-15T05:27:16.423000+00:00,9689,18,1254,440.1,10
2025-03-15T05:28:48.977000+00:00,9689,6,1254,572.9,7
2025-03-15T05:29:04.552000+00:00,9689,10,1254,595.4,10
2025-03-15T05:29:13.553000+00:00,9689,7,1254,587.6,10
2025-03-15T05:29:23.937000+00:00,9689,5,1254,517.4,9
2025-03-15T05:29:36.129000+00:00,9689,22,1254,650.0,7
2025-03-15T05:31:47.614000+00:00,9689,16,1254,122.0,11
2025-03-15T05:31:55.198000+00:00,9689,44,1254,107.3,13
2025-03-15T05:36:04.111000+00:00,9689,5,1254,124.3,12
2025-03-15T05:36:07.207000+00:00,9689,18,1254,259.3,13
2025-03-15T05:36:16.481000+00:00,9689,63,1254,345.6,13
2025-03-15T05:36:34+00:00,9689,7,1254,160.4,13
2025-03-15T05:36:54.514000+00:00,9689,22,1254,156.4,10
2025-03-15T05:37:13.939000+00:00,9689,6,1254,227.2,10
2025-03-15T05:37:16.407000+00:00,9689,55,1254,390.7,13
2025-03-15T05:37:21.530000+00:00,9689,23,1254,390.9,13
2025-03-15T05:37:32.122000+00:00,9689,1,1254,474.2,9
2025-03-15T05:37:39.386000+00:00,9689,4,1254,379.4,12
2025-03-15T05:37:52.719000+00:00,9689,14,1254,470.9,11
2025-03-15T05:38:07.103000+00:00,9689,10,1254,258.8,13
2025-03-15T05:38:11.807000+00:00,9689,16,1254,109.1,14
2025-03-15T05:38:13.304000+00:00,9689,81,1254,428.1,11
2025-03-15T05:48:08.650000+00:00,9689,81,1254,393.3,13
2025-03-15T05:48:13.465000+00:00,9689,4,1254,347.3,15
2025-03-15T05:48:17.315000+00:00,9689,16,1254,414.1,16
2025-03-15T05:48:28.180000+00:00,9689,63,1254,420.8,16
2025-03-15T05:48:37.059000+00:00,9689,44,1254,508.1,18
2025-03-15T05:48:54.514000+00:00,9689,1,1254,395.5,12
2025-03-15T05:49:00.293000+00:00,9689,55,1254,418.6,16
2025-03-15T05:49:18.302000+00:00,9689,10,1254,386.2,16
2025-03-15T05:49:26.714000+00:00,9689,23,1254,440.8,16
2025-03-15T05:49:38.940000+00:00,9689,22,1254,470.7,13
2025-03-15T05:56:09.005000+00:00,9689,81,1254,211.5,16
2025-03-15T05:56:12.087000+00:00,9689,4,1254,213.3,18
2025-03-15T05:56:20.375000+00:00,9689,63,1254,191.7,19
2025-03-15T05:56:37.731000+00:00,9689,1,1254,191.0,15
2025-03-15T05:56:44.553000+00:00,9689,10,1254,171.6,19
2025-03-15T05:56:50.579000+00:00,9689,16,1254,233.7,19
2025-03-15T05:57:08.295000+00:00,9689,44,1254,231.2,21
2025-03-15T05:57:14.085000+00:00,9689,55,1254,214.1,19
2025-03-15T05:57:18.481000+00:00,9689,23,1254,200.0,19
2025-03-15T05:57:33.185000+00:00,9689,22,1254,202.9,16
2025-03-21T07:30:04.546000+00:00,9989,12,1255,,1
2025-03-21T07:30:09.808000+00:00,9989,63,1255,,1
2025-03-21T07:30:19.414000+00:00,9989,5,1255,,1
2025-03-21T07:30:27.765000+00:00,9989,22,1255,,1
2025-03-21T07:30:33.552000+00:00,9989,1,1255,,1
2025-03-21T07:30:50.801000+00:00,9989,6,1255,,1
2025-03-21T07:30:59.082000+00:00,9989,10,1255,,1
2025-03-21T07:31:10.920000+00:00,9989,7,1255,,1
2025-03-21T07:31:20.051000+00:00,9989,87,1255,,1
2025-03-21T07:31:28.417000+00:00,9989,31,1255,,1
2025-03-21T07:31:37.523000+00:00,9989,44,1255,,1
2025-03-21T07:31:45.242000+00:00,9989,16,1255,,1
2025-03-21T07:31:52.633000+00:00,9989,55,1255,,1
2025-03-21T07:32:01.814000+00:00,9989,30,1255,,1
2025-03-21T07:32:09.656000+00:00,9989,23,1255,,1
2025-03-21T07:32:20.872000+00:00,9989,4,1255,,1
2025-03-21T07:32:32.700000+00:00,9989,81,1255,,1
2025-03-21T07:32:42.306000+00:00,9989,18,1255,,1
2025-03-21T07:32:56.259000+00:00,9989,14,1255,,1
2025-03-21T07:33:04.679000+00:00,9989,27,1255,,1
2025-03-21T07:38:13.745000+00:00,9989,12,1255,47.7,5
2025-03-21T07:38:16.901000+00:00,9989,55,1255,36.5,4
2025-03-21T07:38:28.292000+00:00,9989,6,1255,121.5,4
2025-03-21T07:38:40.301000+00:00,9989,22,1255,145.4,4
2025-03-21T07:38:43.804000+00:00,9989,5,1255,166.9,4
2025-03-21T07:38:55.148000+00:00,9989,16,1255,81.0,4
2025-03-21T07:39:07.055000+00:00,9989,1,1255,171.1,4
2025-03-21T07:39:16.180000+00:00,9989,87,1255,142.5,4
2025-03-21T07:39:26.570000+00:00,9989,44,1255,125.3,4
2025-03-21T07:39:33.675000+00:00,9989,31,1255,141.4,4
2025-03-21T07:39:49.300000+00:00,9989,27,1255,71.2,4
2025-03-21T07:49:04.136000+00:00,9989,12,1255,305.6,8
2025-03-21T07:49:09.870000+00:00,9989,63,1255,236.0,9
2025-03-21T07:49:19.682000+00:00,9989,5,1255,292.2,7
2025-03-21T07:49:26.948000+00:00,9989,1,1255,275.4,7
2025-03-21T07:49:35.599000+00:00,9989,4,1255,348.4,7
2025-03-21T07:49:42.600000+00:00,9989,81,1255,549.0,5
2025-03-21T07:49:53.115000+00:00,9989,44,1255,290.9,7
2025-03-21T07:50:04.905000+00:00,9989,16,1255,330.0,7
2025-03-21T07:54:12.777000+00:00,9989,55,1255,617.5,7
2025-03-21T07:54:17.167000+00:00,9989,23,1255,634.5,7
2025-03-21T07:55:10.621000+00:00,9989,6,1255,667.0,7
2025-03-21T07:55:20.371000+00:00,9989,22,1255,663.4,7
2025-03-21T07:55:26.433000+00:00,9989,18,1255,677.9,7
2025-03-21T07:55:37.043000+00:00,9989,14,1255,768.6,6
2025-03-21T07:55:44.462000+00:00,9989,87,1255,646.0,7
2025-03-21T07:56:10.518000+00:00,9989,5,1255,47.9,10
2025-03-21T08:06:19.691000+00:00,9989,81,1255,542.6,9
2025-03-21T08:06:30.472000+00:00,9989,4,1255,685.5,10
2025-03-21T08:06:36.441000+00:00,9989,12,1255,265.5,15
2025-03-21T08:06:48.066000+00:00,9989,63,1255,272.8,16
2025-03-21T08:09:25.833000+00:00,9989,23,1255,457.9,11
2025-03-21T08:09:35.271000+00:00,9989,44,1255,507.2,13
2025-03-21T08:09:43.521000+00:00,9989,16,1255,510.6,13
2025-03-21T08:09:47.055000+00:00,9989,18,1255,521.5,10
2025-03-21T08:10:58.442000+00:00,9989,1,1255,957.4,10
2025-03-21T08:11:37.464000+00:00,9989,22,1255,639.7,10
2025-03-16T04:23:12.761000+00:00,9693,4,1254,13.3,2
2025-03-16T04:23:14.282000+00:00,9693,1,1254,13.4,2
2025-03-16T04:23:15.787000+00:00,9693,81,1254,13.0,2
2025-03-16T04:23:18.291000+00:00,9693,63,1254,13.6,2
2025-03-16T04:23:21.181000+00:00,9693,16,1254,14.1,2
2025-03-16T04:23:24.246000+00:00,9693,22,1254,14.9,2
2025-03-16T04:23:26.497000+00:00,9693,23,1254,15.0,2
2025-03-16T04:23:28.680000+00:00,9693,44,1254,15.0,2
2025-03-16T04:23:31.233000+00:00,9693,10,1254,15.1,2
2025-03-16T04:23:33.032000+00:00,9693,14,1254,15.5,2
2025-03-16T04:23:35.723000+00:00,9693,18,1254,15.5,2
2025-03-16T04:23:37.404000+00:00,9693,27,1254,15.1,2
2025-03-16T04:23:38.906000+00:00,9693,12,1254,14.6,2
2025-03-16T04:23:40.336000+00:00,9693,5,1254,14.4,2
2025-03-16T04:23:42.208000+00:00,9693,31,1254,14.3,2
2025-03-16T04:23:44.866000+00:00,9693,30,1254,14.7,2
2025-03-16T04:23:45.808000+00:00,9693,87,1254,14.6,2
2025-03-16T04:25:54.261000+00:00,9693,4,1254,12.9,3
2025-03-16T04:25:56.710000+00:00,9693,1,1254,13.7,3
2025-03-16T04:25:58.250000+00:00,9693,81,1254,13.8,3
2025-03-16T04:26:00.588000+00:00,9693,63,1254,14.1,3
2025-03-16T04:26:03.317000+00:00,9693,16,1254,14.6,3
2025-03-16T04:26:07.237000+00:00,9693,22,1254,15.2,3
2025-03-16T04:26:11.014000+00:00,9693,23,1254,16.9,3
2025-03-16T04:26:12.947000+00:00,9693,44,1254,16.1,3
2025-03-16T04:26:14.535000+00:00,9693,10,1254,15.7,3
2025-03-16T04:26:16.239000+00:00,9693,14,1254,16.2,3
2025-03-16T04:26:18.773000+00:00,9693,18,1254,16.0,3
2025-03-16T04:26:20.410000+00:00,9693,27,1254,15.9,3
2025-03-16T04:26:22.648000+00:00,9693,12,1254,16.3,3
2025-03-16T04:26:24.517000+00:00,9693,5,1254,16.3,3
2025-03-16T04:26:26.647000+00:00,9693,31,1254,16.4,3
2025-03-16T04:26:29.150000+00:00,9693,30,1254,16.3,3
2025-03-16T04:26:30.064000+00:00,9693,87,1254,16.3,3
2025-03-16T04:28:30.190000+00:00,9693,4,1254,12.8,4
2025-03-16T04:28:32.243000+00:00,9693,1,1254,12.9,4
2025-03-16T04:28:33.914000+00:00,9693,81,1254,12.8,4
2025-03-16T04:28:37.172000+00:00,9693,63,1254,13.6,4
2025-03-16T04:28:39.089000+00:00,9693,16,1254,14.1,4
2025-03-16T04:28:42.407000+00:00,9693,22,1254,13.6,4
2025-03-16T04:28:44.788000+00:00,9693,23,1254,14.2,4
2025-03-16T04:28:47.101000+00:00,9693,44,1254,14.7,4
2025-03-16T04:28:49.811000+00:00,9693,10,1254,14.7,4
2025-03-16T04:28:51.748000+00:00,9693,14,1254,15.0,4
2025-03-16T04:28:54.348000+00:00,9693,18,1254,14.4,4
2025-03-16T04:28:56.162000+00:00,9693,27,1254,14.1,4
2025-03-16T04:28:57.988000+00:00,9693,12,1254,13.9,4
2025-03-16T04:29:00.339000+00:00,9693,5,1254,14.2,4
2025-03-16T04:29:08.384000+00:00,9693,31,1254,19.6,4
2025-03-16T04:29:09.440000+00:00,9693,30,1254,18.8,4
2025-03-16T04:29:15.713000+00:00,9693,87,1254,22.4,4
2025-03-16T05:15:54.880000+00:00,9693,22,1254,18.9,33
2025-03-16T05:15:55.546000+00:00,9693,23,1254,18.5,33
2025-03-16T05:15:57.301000+00:00,9693,44,1254,18.5,33
2025-03-16T05:16:00.316000+00:00,9693,10,1254,19.5,33
2025-03-16T05:16:04.773000+00:00,9693,12,1254,18.9,33
2025-03-16T05:16:26.408000+00:00,9693,18,1254,18.8,33
2025-03-16T05:16:36.934000+00:00,9693,27,1254,21.1,33
2025-03-16T05:16:41.273000+00:00,9693,4,1254,18.4,34
2025-03-16T05:16:45.940000+00:00,9693,5,1254,24.0,33
2025-03-16T05:16:49.493000+00:00,9693,81,1254,19.7,34
2025-03-16T05:16:53.220000+00:00,9693,30,1254,20.0,33
2025-03-16T05:17:05.864000+00:00,9693,1,1254,18.7,34
2025-03-16T05:17:27.877000+00:00,9693,63,1254,19.1,34
2025-03-16T05:17:35.888000+00:00,9693,16,1254,18.1,34
2025-03-16T05:30:19.227000+00:00,9693,31,1254,18.7,39
2025-03-16T05:30:28.074000+00:00,9693,87,1254,22.4,39
2025-03-16T05:37:14.127000+00:00,9693,4,1254,18.0,44
2025-03-16T05:37:22.212000+00:00,9693,63,1254,19.3,44
2025-03-16T05:37:23.180000+00:00,9693,23,1254,18.9,44
2025-03-16T05:37:26.634000+00:00,9693,18,1254,18.9,44
2025-03-16T05:37:28.705000+00:00,9693,12,1254,21.9,44
2025-03-16T05:37:29.199000+00:00,9693,27,1254,20.2,44
2025-03-16T05:37:44.720000+00:00,9693,5,1254,26.2,44
2025-03-16T05:38:42.285000+00:00,9693,81,1254,19.8,44
2025-03-16T05:38:52.612000+00:00,9693,87,1254,19.3,44
2025-03-16T05:40:24.422000+00:00,9693,1,1254,18.7,46
2025-03-16T05:40:37.586000+00:00,9693,10,1254,19.4,46
2025-03-16T05:41:57.387000+00:00,9693,31,1254,19.8,46
2025-03-16T05:42:48.260000+00:00,9693,44,1254,20.8,47
2025-03-16T05:42:54.048000+00:00,9693,16,1254,24.5,47
2025-03-16T05:42:55.649000+00:00,9693,22,1254,19.3,47
2025-03-22T07:00:03.193000+00:00,9994,18,1255,,1
2025-03-22T07:00:09.082000+00:00,9994,27,1255,,1
2025-03-22T07:00:17.661000+00:00,9994,5,1255,,1
2025-03-22T07:00:22.969000+00:00,9994,14,1255,,1
2025-03-22T07:00:29.672000+00:00,9994,22,1255,,1
2025-03-22T07:00:31.375000+00:00,9994,55,1255,,1
2025-03-22T07:00:40.512000+00:00,9994,87,1255,,1
2025-03-22T07:00:51.986000+00:00,9994,6,1255,,1
2025-03-22T07:00:56.940000+00:00,9994,31,1255,,1
2025-03-22T07:01:04.991000+00:00,9994,10,1255,,1
2025-03-22T07:01:12.616000+00:00,9994,7,1255,,1
2025-03-22T07:01:30.725000+00:00,9994,30,1255,,1
2025-03-22T07:01:40.788000+00:00,9994,4,1255,,1
2025-03-22T07:01:47.210000+00:00,9994,16,1255,,1
2025-03-22T07:02:01.179000+00:00,9994,44,1255,,1
2025-03-22T07:02:08.719000+00:00,9994,81,1255,,1
2025-03-22T07:02:12.673000+00:00,9994,23,1255,,1
2025-03-22T07:03:11.539000+00:00,9994,12,1255,,1
2025-03-22T07:03:20.209000+00:00,9994,63,1255,,1
2025-03-22T07:04:42.563000+00:00,9994,1,1255,,1
2025-03-22T07:05:46.015000+00:00,9994,18,1255,23.5,4
2025-03-22T07:05:56.733000+00:00,9994,6,1255,93.8,3
2025-03-22T07:06:00.812000+00:00,9994,14,1255,30.6,4
2025-03-22T07:06:10.952000+00:00,9994,22,1255,129.8,3
2025-03-22T07:06:11.015000+00:00,9994,5,1255,38.3,4
2025-03-22T07:06:13.218000+00:00,9994,7,1255,64.7,3
2025-03-22T07:06:15.952000+00:00,9994,55,1255,26.8,4
2025-03-22T07:06:36.359000+00:00,9994,23,1255,36.0,3
2025-03-22T07:07:02.160000+00:00,9994,30,1255,111.6,3
2025-03-22T07:07:07.913000+00:00,9994,10,1255,34.9,4
2025-03-22T07:07:14.054000+00:00,9994,27,1255,99.5,4
2025-03-22T07:07:53.164000+00:00,9994,31,1255,82.6,4
2025-03-22T07:08:03.319000+00:00,9994,87,1255,117.0,4
2025-03-22T07:08:54.760000+00:00,9994,44,1255,94.9,4
2025-03-22T07:09:02.394000+00:00,9994,16,1255,109.4,4
2025-03-22T07:09:11.788000+00:00,9994,63,1255,36.8,4
2025-03-22T07:09:23.882000+00:00,9994,81,1255,111.9,4
2025-03-22T07:09:33.210000+00:00,9994,4,1255,149.3,4
2025-03-22T07:09:35.928000+00:00,9994,12,1255,66.4,4
2025-03-22T07:14:28.112000+00:00,9994,18,1255,203.1,7
2025-03-22T07:14:30.566000+00:00,9994,27,1255,115.1,7
2025-03-22T07:14:32.097000+00:00,9994,14,1255,189.1,7
2025-03-22T07:14:35.394000+00:00,9994,5,1255,181.0,7
2025-03-22T07:15:00.200000+00:00,9994,22,1255,199.7,6
2025-03-22T07:15:15.185000+00:00,9994,6,1255,240.1,6
2025-03-22T07:15:19.144000+00:00,9994,55,1255,208.7,7
2025-03-22T07:15:27.254000+00:00,9994,23,1255,203.9,6
2025-03-22T07:15:35.316000+00:00,9994,30,1255,200.2,6
2025-03-22T07:15:47.476000+00:00,9994,10,1255,193.5,7
2025-03-22T07:15:55.741000+00:00,9994,7,1255,248.6,6
2025-03-22T07:16:02.444000+00:00,9994,31,1255,154.5,7
2025-03-22T07:16:08.578000+00:00,9994,87,1255,159.8,7
2025-03-22T07:26:20.947000+00:00,9994,31,1255,287.4,10
2025-03-22T07:26:22.635000+00:00,9994,12,1255,301.6,10
2025-03-22T07:26:26.681000+00:00,9994,63,1255,334.9,10
2025-03-22T07:26:30.635000+00:00,9994,55,1255,324.0,10
2025-03-22T07:26:54.034000+00:00,9994,6,1255,353.4,9
2025-03-22T07:27:01.691000+00:00,9994,18,1255,426.5,10
2025-03-22T07:27:13.173000+00:00,9994,22,1255,391.4,9
2025-03-22T07:27:24.720000+00:00,9994,14,1255,423.6,10
2025-03-22T07:27:30.782000+00:00,9994,81,1255,521.3,9
2025-03-22T07:27:37.454000+00:00,9994,4,1255,393.0,10
2025-03-22T07:27:47.720000+00:00,9994,44,1255,452.3,10
2025-03-22T07:27:56.204000+00:00,9994,16,1255,442.1,10
2025-03-22T07:28:07.925000+00:00,9994,1,1255,1081.3,4
2025-03-22T07:28:10.862000+00:00,9994,23,1255,413.6,9
2025-03-22T07:28:27.030000+00:00,9994,27,1255,510.9,10
2025-03-22T07:34:52.811000+00:00,9994,12,1255,173.7,13
2025-03-22T07:35:04.670000+00:00,9994,63,1255,183.7,13
2025-03-22T07:35:17.163000+00:00,9994,1,1255,105.8,7
2025-03-22T07:35:22.616000+00:00,9994,27,1255,108.6,13
2025-03-22T07:35:26.881000+00:00,9994,81,1255,158.0,12
2025-03-22T07:35:37.522000+00:00,9994,44,1255,156.1,13
2025-03-22T07:35:48.241000+00:00,9994,16,1255,151.2,13
2025-03-22T07:35:55.185000+00:00,9994,31,1255,241.3,13
2025-03-22T07:36:15.186000+00:00,9994,6,1255,236.7,12
2025-03-22T07:36:25.391000+00:00,9994,22,1255,222.0,12
2025-03-22T07:36:33.672000+00:00,9994,18,1255,239.1,13
2025-03-22T07:36:47.302000+00:00,9994,14,1255,235.0,13
2025-03-22T07:36:50.021000+00:00,9994,23,1255,200.3,12
2025-03-22T07:36:53.834000+00:00,9994,55,1255,287.8,13
2025-03-22T07:48:03.726000+00:00,9994,1,1255,446.8,10
2025-03-22T07:48:04.945000+00:00,9994,63,1255,457.4,16
2025-03-22T07:48:07.695000+00:00,9994,12,1255,351.0,17
2025-03-22T07:48:21.007000+00:00,9994,6,1255,394.2,15
2025-03-22T07:48:29.538000+00:00,9994,22,1255,390.0,15
2025-03-22T07:48:34.570000+00:00,9994,23,1255,373.3,15
2025-03-22T07:48:44.148000+00:00,9994,81,1255,470.7,15
2025-03-22T07:48:56.275000+00:00,9994,44,1255,459.3,16
2025-03-22T07:49:03.128000+00:00,9994,16,1255,457.4,16
2025-03-22T07:49:20.841000+00:00,9994,4,1255,974.5,13
2025-03-22T07:55:58.394000+00:00,9994,23,1255,120.8,18
2025-03-22T07:56:00.864000+00:00,9994,12,1255,149.8,20
2025-03-22T07:56:13.166000+00:00,9994,6,1255,153.0,18
2025-03-22T07:56:23.088000+00:00,9994,1,1255,188.5,13
2025-03-22T07:56:33.641000+00:00,9994,4,1255,122.6,16
2025-03-22T07:56:40.719000+00:00,9994,44,1255,136.5,19
2025-03-22T07:56:49.665000+00:00,9994,81,1255,165.9,18
2025-03-22T07:56:59.607000+00:00,9994,22,1255,194.5,18
2025-03-22T07:57:05.638000+00:00,9994,16,1255,156.7,19
2025-03-22T07:57:33.183000+00:00,9994,63,1255,150.4,20
2025-03-22T03:22:20.557000+00:00,9993,55,1255,22.4,11
2025-04-04T02:30:03.442000+00:00,9999,87,1256,,1
2025-04-04T02:30:06.792000+00:00,9999,81,1256,,1
2025-04-04T02:30:12.886000+00:00,9999,16,1256,,1
2025-04-04T02:30:24.224000+00:00,9999,44,1256,,1
2025-04-04T02:30:29.133000+00:00,9999,6,1256,,1
2025-04-04T02:30:34.995000+00:00,9999,30,1256,,1
2025-04-04T02:30:43.215000+00:00,9999,1,1256,,1
2025-04-04T02:30:46.306000+00:00,9999,55,1256,,1
2025-04-04T02:31:00.205000+00:00,9999,22,1256,,1
2025-04-04T02:31:10.039000+00:00,9999,23,1256,,1
2025-04-04T02:31:12.610000+00:00,9999,27,1256,,1
2025-04-04T02:31:18.793000+00:00,9999,5,1256,,1
2025-04-04T02:31:22.825000+00:00,9999,31,1256,,1
2025-04-04T02:31:32.086000+00:00,9999,62,1256,,1
2025-04-04T02:31:37.568000+00:00,9999,14,1256,,1
2025-04-04T02:31:38.191000+00:00,9999,12,1256,,1
2025-04-04T02:32:12.352000+00:00,9999,18,1256,,1
2025-04-04T02:32:46.610000+00:00,9999,4,1256,,1
2025-04-04T02:32:50.417000+00:00,9999,63,1256,,1
2025-04-04T02:34:11.189000+00:00,9999,10,1256,,1
2025-04-04T02:36:29.485000+00:00,9999,63,1256,27.3,3
2025-04-04T02:40:14.217000+00:00,9999,27,1256,424.0,2
2025-04-04T02:40:25.115000+00:00,9999,30,1256,33.5,6
2025-04-04T02:41:32.064000+00:00,9999,23,1256,43.6,6
2025-04-04T02:42:16.346000+00:00,9999,87,1256,613.1,2
2025-04-04T02:44:29.399000+00:00,9999,55,1256,19.0,8
2025-04-04T02:45:47.391000+00:00,9999,14,1256,57.7,8
2025-04-04T02:46:04.512000+00:00,9999,6,1256,31.3,9
2025-04-04T02:46:51.111000+00:00,9999,55,1256,39.5,9
2025-04-04T02:47:03.108000+00:00,9999,18,1256,55.7,8
2025-04-04T02:48:36.163000+00:00,9999,1,1256,434.8,6
2025-04-04T02:54:50.077000+00:00,9999,63,1256,249.8,10
2025-04-04T02:55:11.854000+00:00,9999,4,1256,523.7,8
2025-04-04T02:55:42.701000+00:00,9999,81,1256,749.7,8
2025-04-04T02:55:52.385000+00:00,9999,5,1256,681.3,8
2025-04-04T02:56:00.149000+00:00,9999,55,1256,240.6,12
2025-04-04T02:56:08.284000+00:00,9999,12,1256,387.6,10
2025-04-04T02:57:19.517000+00:00,9999,23,1256,384.6,11
2025-04-04T02:57:38.206000+00:00,9999,22,1256,463.1,10
2025-04-04T02:57:56.131000+00:00,9999,31,1256,508.3,10
2025-04-04T02:58:00.206000+00:00,9999,16,1256,620.8,10
2025-04-04T03:00:11.696000+00:00,9999,1,1256,378.9,9
2025-04-04T03:00:28.711000+00:00,9999,44,1256,655.1,10
2025-04-04T03:01:39.767000+00:00,9999,81,1256,28.2,11
2025-04-04T03:01:59.185000+00:00,9999,30,1256,390.7,14
2025-04-04T03:02:07.976000+00:00,9999,6,1256,442.8,14
2025-04-04T03:02:09.858000+00:00,9999,5,1256,34.6,11
2025-04-04T03:02:12.691000+00:00,9999,55,1256,33.9,15
2025-04-04T03:02:16.220000+00:00,9999,4,1256,222.0,10
2025-04-04T03:02:35.913000+00:00,9999,12,1256,30.8,13
2025-04-04T03:02:50.021000+00:00,9999,10,1256,722.0,10
2025-04-04T03:03:00.036000+00:00,9999,62,1256,719.7,11
2025-04-04T03:03:36.626000+00:00,9999,23,1256,26.9,14
2025-04-04T03:04:08.560000+00:00,9999,31,1256,30.3,13
2025-04-04T03:05:01.533000+00:00,9999,14,1256,579.7,13
2025-04-04T03:05:07.100000+00:00,9999,18,1256,499.6,13
2025-04-04T03:05:56.335000+00:00,9999,27,1256,772.9,9
2025-04-04T03:08:04.142000+00:00,9999,30,1256,31.7,17
2025-04-04T03:08:18.565000+00:00,9999,55,1256,27.1,18
2025-04-04T03:08:26.135000+00:00,9999,6,1256,29.6,17
2025-04-04T03:08:56.738000+00:00,9999,87,1256,533.3,11
2025-04-04T03:09:04.236000+00:00,9999,62,1256,34.3,14
2025-04-04T03:11:33.059000+00:00,9999,14,1256,34.2,16
2025-04-04T03:11:51.711000+00:00,9999,18,1256,28.1,16
2025-04-04T03:12:04.946000+00:00,9999,63,1256,330.3,16
2025-04-04T03:12:12.817000+00:00,9999,27,1256,33.3,12
2025-04-04T03:12:24.368000+00:00,9999,5,1256,290.7,14
2025-04-04T03:13:08.809000+00:00,9999,12,1256,280.5,16
2025-04-04T03:14:28.810000+00:00,9999,1,1256,505.1,12
2025-04-04T03:14:46.921000+00:00,9999,81,1256,458.3,14
2025-04-04T03:15:25.504000+00:00,9999,16,1256,338.6,16
2025-04-04T03:17:22.076000+00:00,9999,4,1256,320.1,15
2025-04-04T03:17:50.353000+00:00,9999,22,1256,466.4,16
2025-04-04T03:17:58.087000+00:00,9999,30,1256,375.9,19
2025-04-04T03:18:17.390000+00:00,9999,44,1256,348.1,16
2025-04-04T03:18:51.167000+00:00,9999,6,1256,313.2,20
2025-04-04T03:20:18.662000+00:00,9999,10,1256,360.5,16
2025-04-04T03:20:20.485000+00:00,9999,30,1256,29.0,20
2025-04-04T03:20:40.588000+00:00,9999,62,1256,353.1,17
2025-04-04T03:21:07.948000+00:00,9999,6,1256,23.2,21
2025-04-04T03:21:16.308000+00:00,9999,55,1256,451.7,21
2025-04-04T03:21:58.239000+00:00,9999,27,1256,375.9,14
2025-04-04T03:22:06.275000+00:00,9999,18,1256,273.7,19
2025-04-04T03:22:18.344000+00:00,9999,14,1256,311.6,19
2025-04-04T03:22:26.266000+00:00,9999,23,1256,549.2,19
2025-04-04T03:22:39.686000+00:00,9999,31,1256,759.4,16
2025-04-04T03:27:41.607000+00:00,9999,87,1256,779.3,14
2025-04-04T06:00:08.727000+00:00,10000,7,1256,,1
2025-04-04T06:00:11.415000+00:00,10000,55,1256,,1
2025-04-04T06:00:16.696000+00:00,10000,10,1256,,1
2025-04-04T06:00:23.618000+00:00,10000,30,1256,,1
2025-04-04T06:00:30.305000+00:00,10000,23,1256,,1
2025-04-04T06:00:34.118000+00:00,10000,5,1256,,1
2025-04-04T06:00:36.852000+00:00,10000,16,1256,,1
2025-04-04T06:00:40.477000+00:00,10000,22,1256,,1
2025-04-04T06:00:43.430000+00:00,10000,31,1256,,1
2025-04-04T06:00:44.196000+00:00,10000,27,1256,,1
2025-04-04T06:00:53.759000+00:00,10000,87,1256,,1
2025-04-04T06:00:59.017000+00:00,10000,6,1256,,1
2025-04-04T06:01:08.881000+00:00,10000,44,1256,,1
2025-04-04T06:01:12.303000+00:00,10000,14,1256,,1
2025-04-04T06:01:27.131000+00:00,10000,18,1256,,1
2025-04-04T06:01:29.334000+00:00,10000,12,1256,,1
2025-04-04T06:01:35.240000+00:00,10000,81,1256,,1
2025-04-04T06:02:34.272000+00:00,10000,63,1256,,1
2025-04-04T06:03:54.554000+00:00,10000,4,1256,,1
2025-04-04T06:04:29.054000+00:00,10000,1,1256,,1
2025-04-04T06:30:05.101000+00:00,10000,4,1256,,3
2025-04-04T06:30:12.070000+00:00,10000,81,1256,,4
2025-04-04T06:30:17.852000+00:00,10000,12,1256,,4
2025-04-04T06:30:24.773000+00:00,10000,63,1256,,4
2025-04-04T06:30:34.898000+00:00,10000,22,1256,,5
2025-04-04T06:30:41.445000+00:00,10000,18,1256,,4
2025-04-04T06:30:41.805000+00:00,10000,16,1256,,5
2025-04-04T06:30:49.367000+00:00,10000,44,1256,,5
2025-04-04T06:30:58.305000+00:00,10000,14,1256,,4
2025-04-04T06:30:59.914000+00:00,10000,55,1256,1737.7,2
2025-04-04T06:31:04.742000+00:00,10000,30,1256,,5
2025-04-04T06:31:15.086000+00:00,10000,10,1256,,5
2025-04-04T06:31:23.399000+00:00,10000,31,1256,,5
2025-04-04T06:31:33.196000+00:00,10000,23,1256,,5
2025-04-04T06:31:42.383000+00:00,10000,5,1256,,5
2025-04-04T06:31:58.087000+00:00,10000,87,1256,,4
2025-04-04T06:32:10.165000+00:00,10000,6,1256,,5
2025-04-04T06:32:19.384000+00:00,10000,27,1256,,5
2025-04-04T06:33:21.306000+00:00,10000,1,1256,,3
2025-04-04T06:33:47.150000+00:00,10000,4,1256,29.0,5
2025-04-04T06:41:02.906000+00:00,10000,16,1256,,8
2025-04-04T06:41:04.656000+00:00,10000,10,1256,,7
2025-04-04T06:41:07.203000+00:00,10000,1,1256,,4
2025-04-04T06:41:10.203000+00:00,10000,44,1256,,7
2025-04-04T06:41:11.031000+00:00,10000,63,1256,,6
2025-04-04T06:41:13.078000+00:00,10000,5,1256,,7
2025-04-04T06:41:16.375000+00:00,10000,6,1256,,6
2025-04-04T06:41:38.531000+00:00,10000,18,1256,,6
2025-04-04T06:41:46.688000+00:00,10000,30,1256,,7
2025-04-04T06:41:52.859000+00:00,10000,31,1256,,7
2025-04-04T06:42:09.828000+00:00,10000,27,1256,,6
2025-04-04T06:42:13.219000+00:00,10000,55,1256,2411.0,4
2025-04-04T06:42:20.922000+00:00,10000,81,1256,,7
2025-04-04T06:42:35.047000+00:00,10000,4,1256,557.0,6
2025-04-04T06:42:41.532000+00:00,10000,12,1256,,7
2025-04-04T06:42:50.797000+00:00,10000,87,1256,,5
2025-04-04T06:43:39.423000+00:00,10000,22,1256,,7
2025-04-04T06:44:40.424000+00:00,10000,23,1256,,7
2025-04-04T06:53:02.814000+00:00,10000,16,1256,,11
2025-04-04T06:53:04.814000+00:00,10000,63,1256,418.8,9
2025-04-04T06:53:06.798000+00:00,10000,81,1256,,10
2025-04-04T06:53:09.001000+00:00,10000,44,1256,,10
2025-04-04T06:53:12.439000+00:00,10000,18,1256,,9
2025-04-04T06:53:14.220000+00:00,10000,4,1256,1195.8,9
2025-04-04T06:53:18.142000+00:00,10000,10,1256,,10
2025-04-04T06:53:22.251000+00:00,10000,22,1256,,9
2025-04-04T06:53:33.798000+00:00,10000,6,1256,,9
2025-04-04T06:53:36.548000+00:00,10000,23,1256,,8
2025-04-04T06:53:51.811000+00:00,10000,30,1256,,10
2025-04-04T06:53:58.233000+00:00,10000,31,1256,,10
2025-04-04T06:54:02.748000+00:00,10000,55,1256,3120.4,7
2025-04-04T06:54:05.358000+00:00,10000,12,1256,,10
2025-04-04T06:54:17.561000+00:00,10000,27,1256,,9
2025-04-04T06:54:27.170000+00:00,10000,5,1256,,10
2025-04-04T06:54:35.717000+00:00,10000,87,1256,,7
2025-04-04T06:55:05.139000+00:00,10000,1,1256,,7
2025-04-05T02:30:07.317000+00:00,10001,7,1256,,1
2025-04-05T02:30:10.817000+00:00,10001,1,1256,,1
2025-04-05T02:30:14.551000+00:00,10001,63,1256,,1
2025-04-05T02:30:23.848000+00:00,10001,6,1256,,1
2025-04-05T02:30:28.286000+00:00,10001,30,1256,,1
2025-04-05T02:30:32.083000+00:00,10001,5,1256,,1
2025-04-05T02:30:38.583000+00:00,10001,18,1256,,1
2025-04-05T02:30:44.317000+00:00,10001,87,1256,,1
2025-04-05T02:30:46.458000+00:00,10001,4,1256,,1
2025-04-05T02:30:51.939000+00:00,10001,12,1256,,1
2025-04-05T02:30:53.783000+00:00,10001,14,1256,,1
2025-04-05T02:31:01.892000+00:00,10001,22,1256,,1
2025-04-05T02:31:25.474000+00:00,10001,81,1256,,1
2025-04-05T02:31:27.255000+00:00,10001,55,1256,,1
2025-04-05T02:32:14.896000+00:00,10001,27,1256,,1
2025-04-05T02:33:16.491000+00:00,10001,18,1256,25.4,2
2025-04-05T02:33:42.660000+00:00,10001,14,1256,28.8,2
2025-04-05T02:34:26.051000+00:00,10001,31,1256,,1
2025-04-05T02:34:30.488000+00:00,10001,23,1256,,1
2025-04-05T02:35:06.051000+00:00,10001,44,1256,,1
2025-04-05T02:44:03.364000+00:00,10001,4,1256,685.1,2
2025-04-05T02:44:05.586000+00:00,10001,18,1256,526.4,3
2025-04-05T02:44:12.993000+00:00,10001,16,1256,,1
2025-04-05T02:44:16.466000+00:00,10001,12,1256,,4
2025-04-05T02:44:23.089000+00:00,10001,31,1256,,2
2025-04-05T02:44:38.015000+00:00,10001,30,1256,514.6,4
2025-04-05T02:44:39.403000+00:00,10001,55,1256,,4
2025-04-05T02:44:43.679000+00:00,10001,14,1256,521.5,3
2025-04-05T02:44:46.414000+00:00,10001,81,1256,678.0,2
2025-04-05T02:44:47.773000+00:00,10001,10,1256,,1
2025-04-05T02:44:53.831000+00:00,10001,87,1256,704.4,2
2025-04-05T02:45:07.886000+00:00,10001,23,1256,,2
2025-04-05T02:45:10.870000+00:00,10001,1,1256,,5
2025-04-05T02:45:14.542000+00:00,10001,22,1256,,4
2025-04-05T02:45:19.651000+00:00,10001,44,1256,,2
2025-04-05T02:45:22.683000+00:00,10001,27,1256,,4
2025-04-05T02:45:27.526000+00:00,10001,5,1256,,4
2025-04-05T02:46:08.370000+00:00,10001,6,1256,705.8,3
2025-04-05T02:48:25.481000+00:00,10001,63,1256,976.3,2
2025-04-05T02:49:03.453000+00:00,10001,7,1256,,5
2025-04-05T02:50:40.441000+00:00,10001,16,1256,28.8,4
2025-04-05T02:52:09.442000+00:00,10001,44,1256,31.1,5
2025-04-05T02:52:11.208000+00:00,10001,22,1256,28.6,7
2025-04-05T02:52:59.805000+00:00,10001,12,1256,176.6,7
2025-04-05T02:53:33.187000+00:00,10001,23,1256,26.3,6
2025-04-05T02:54:58.953000+00:00,10001,63,1256,27.2,5
2025-04-05T02:55:22.422000+00:00,10001,30,1256,325.2,7
2025-04-05T02:55:29.141000+00:00,10001,10,1256,28.5,6
2025-04-05T02:56:46.654000+00:00,10001,5,1256,411.0,6
2025-04-05T02:57:15.920000+00:00,10001,27,1256,365.8,7
2025-04-05T02:58:48.389000+00:00,10001,22,1256,20.0,10
2025-04-05T02:59:12.967000+00:00,10001,55,1256,40.2,11
2025-04-05T02:59:27.936000+00:00,10001,18,1256,337.5,8
2025-04-05T02:59:37.514000+00:00,10001,31,1256,344.9,7
2025-04-05T03:00:30.159000+00:00,10001,87,1256,325.0,7
2025-04-05T03:01:34.956000+00:00,10001,63,1256,28.0,8
2025-04-05T03:01:55.019000+00:00,10001,6,1256,282.2,9
2025-04-05T03:02:29.129000+00:00,10001,14,1256,363.5,9
2025-04-05T03:03:08.629000+00:00,10001,44,1256,303.0,8
2025-04-05T03:03:52.301000+00:00,10001,16,1256,445.2,7
2025-04-05T03:10:36.101000+00:00,10001,22,1256,369.3,13
2025-04-05T03:11:47.555000+00:00,10001,4,1256,635.2,12
2025-04-05T03:12:11.633000+00:00,10001,1,1256,512.3,16
2025-04-05T03:13:05.837000+00:00,10001,81,1256,651.8,12
2025-04-05T03:13:55.665000+00:00,10001,10,1256,544.4,11
2025-04-05T03:14:19.869000+00:00,10001,7,1256,832.6,11
2025-04-05T03:14:41.884000+00:00,10001,63,1256,463.1,11
2025-04-05T03:14:44.509000+00:00,10001,12,1256,441.7,16
2025-04-05T03:15:22.400000+00:00,10001,55,1256,201.5,19
2025-04-05T03:15:26.604000+00:00,10001,23,1256,329.9,16
2025-04-05T03:16:51.292000+00:00,10001,6,1256,399.1,14
2025-04-05T03:17:08.917000+00:00,10001,16,1256,494.0,10
2025-04-05T03:17:17.948000+00:00,10001,44,1256,541.7,11
2025-04-05T03:17:44.792000+00:00,10001,30,1256,362.4,17
2025-04-05T03:18:16.652000+00:00,10001,5,1256,637.0,12
2025-04-05T03:18:54.746000+00:00,10001,81,1256,26.9,15
2025-04-05T03:18:59.309000+00:00,10001,1,1256,26.1,19
2025-04-05T03:20:05.481000+00:00,10001,31,1256,361.0,16
2025-04-05T03:20:10.465000+00:00,10001,10,1256,32.6,14
2025-04-05T03:20:49.888000+00:00,10001,87,1256,347.4,16
2025-04-05T03:21:25.122000+00:00,10001,18,1256,386.9,16
2025-04-05T03:21:31.669000+00:00,10001,27,1256,599.5,16
2025-04-05T03:21:42.576000+00:00,10001,55,1256,37.2,22
2025-04-05T03:21:45.982000+00:00,10001,14,1256,345.4,17
2025-03-23T07:06:04.340000+00:00,9998,5,1255,23.3,1
2025-03-23T07:20:43.797000+00:00,9998,10,1255,23.1,10
2025-03-23T07:22:18.499000+00:00,9998,22,1255,22.5,11
2025-03-23T07:22:21.442000+00:00,9998,31,1255,23.1,11
2025-03-23T07:22:27.138000+00:00,9998,7,1255,22.7,11
2025-03-23T07:23:56.527000+00:00,9998,12,1255,22.6,12
2025-03-23T07:23:58.830000+00:00,9998,6,1255,22.8,12
2025-03-23T07:25:25.961000+00:00,9998,44,1255,22.3,13
2025-03-23T07:25:31.428000+00:00,9998,1,1255,22.4,13
2025-03-23T07:26:57.330000+00:00,9998,81,1255,23.9,14
2025-03-23T07:27:01.301000+00:00,9998,63,1255,22.3,14
2025-03-23T07:28:37.122000+00:00,9998,4,1255,22.2,15
2025-03-23T07:28:42.400000+00:00,9998,16,1255,22.1,15
2025-03-23T07:32:20.876000+00:00,9998,55,1255,22.7,17
2025-03-23T07:34:04.511000+00:00,9998,30,1255,22.5,18
2025-03-23T07:37:11.934000+00:00,9998,23,1255,23.3,20
2025-03-23T07:37:39.712000+00:00,9998,27,1255,22.9,20
2025-03-23T07:47:11.717000+00:00,9998,87,1255,22.8,26
2025-03-23T07:47:46.464000+00:00,9998,5,1255,22.7,26
2025-03-23T07:54:02.377000+00:00,9998,30,1255,22.3,30
2025-03-23T07:58:46.013000+00:00,9998,6,1255,22.2,33
2025-03-23T08:01:56.363000+00:00,9998,22,1255,22.5,35
2025-03-23T08:03:32.315000+00:00,9998,18,1255,22.9,36
2025-03-23T08:04:48.698000+00:00,9998,44,1255,22.3,37
2025-03-23T08:20:25.204000+00:00,9998,22,1255,38.1,46
2025-04-11T15:00:03.612000+00:00,10008,16,1257,,1
2025-04-11T15:00:08.300000+00:00,10008,87,1257,,1
2025-04-11T15:00:12.864000+00:00,10008,5,1257,,1
2025-04-11T15:00:15.556000+00:00,10008,31,1257,,1
2025-04-11T15:00:20.400000+00:00,10008,27,1257,,1
2025-04-11T15:00:25.362000+00:00,10008,30,1257,,1
2025-04-11T15:00:29.498000+00:00,10008,7,1257,,1
2025-04-11T15:00:31.325000+00:00,10008,10,1257,,1
2025-04-11T15:00:34.752000+00:00,10008,44,1257,,1
2025-04-11T15:00:37.566000+00:00,10008,23,1257,,1
2025-04-11T15:00:38.969000+00:00,10008,55,1257,,1
2025-04-11T15:00:49.535000+00:00,10008,22,1257,,1
2025-04-11T15:00:50.611000+00:00,10008,14,1257,,1
2025-04-11T15:00:56.409000+00:00,10008,1,1257,,1
2025-04-11T15:01:02.203000+00:00,10008,18,1257,,1
2025-04-11T15:01:15.959000+00:00,10008,12,1257,,1
2025-04-11T15:01:38.617000+00:00,10008,81,1257,,1
2025-04-11T15:01:48.932000+00:00,10008,4,1257,,1
2025-04-11T15:01:56.360000+00:00,10008,6,1257,,1
2025-04-11T15:03:53.215000+00:00,10008,63,1257,,1
2025-04-11T15:07:06.601000+00:00,10008,30,1257,32.8,4
2025-04-11T15:08:00.918000+00:00,10008,12,1257,19.3,4
2025-04-11T15:08:06.331000+00:00,10008,22,1257,29.7,4
2025-04-11T15:10:42.860000+00:00,10008,27,1257,27.5,6
2025-04-11T15:10:47.400000+00:00,10008,10,1257,18.9,6
2025-04-11T15:11:08.408000+00:00,10008,7,1257,23.6,6
2025-04-11T15:11:11.775000+00:00,10008,63,1257,37.4,4
2025-04-11T15:11:57.384000+00:00,10008,44,1257,320.0,4
2025-04-11T15:12:06.676000+00:00,10008,6,1257,250.4,4
2025-04-11T15:13:53.300000+00:00,10008,87,1257,49.3,7
2025-04-11T15:14:12.399000+00:00,10008,55,1257,26.0,7
2025-04-11T15:16:31.044000+00:00,10008,30,1257,186.0,7
2025-04-11T15:18:32.116000+00:00,10008,16,1257,378.8,7
2025-04-11T15:21:01.077000+00:00,10008,23,1257,226.0,9
2025-04-11T15:21:20.302000+00:00,10008,18,1257,331.7,8
2025-04-11T15:21:32.136000+00:00,10008,1,1257,439.8,7
2025-04-11T15:22:32.956000+00:00,10008,5,1257,609.5,7
2025-04-11T15:22:50.393000+00:00,10008,4,1257,406.8,8
2025-04-11T15:23:31.867000+00:00,10008,81,1257,319.2,9
2025-04-11T15:23:45.921000+00:00,10008,10,1257,448.4,9
2025-04-11T15:23:50.873000+00:00,10008,63,1257,397.9,7
2025-04-11T15:23:57.084000+00:00,10008,12,1257,455.6,8
2025-04-11T15:24:04.569000+00:00,10008,7,1257,436.1,9
2025-04-11T15:24:06.228000+00:00,10008,55,1257,271.9,10
2025-04-11T15:24:13.074000+00:00,10008,6,1257,397.5,7
2025-04-11T15:25:08.089000+00:00,10008,16,1257,22.4,10
2025-04-11T15:25:34.215000+00:00,10008,27,1257,651.8,8
2025-04-11T15:26:34.085000+00:00,10008,22,1257,604.1,8
2025-04-11T15:26:41.200000+00:00,10008,30,1257,282.0,10
2025-04-11T15:26:56.628000+00:00,10008,87,1257,464.0,10
2025-04-11T15:27:06.919000+00:00,10008,31,1257,403.8,10
2025-04-11T15:28:46.738000+00:00,10008,5,1257,19.0,10
2025-04-11T15:30:47.604000+00:00,10008,10,1257,34.0,12
2025-04-11T15:30:56.918000+00:00,10008,14,1257,1502.5,3
2025-04-11T15:31:00.347000+00:00,10008,7,1257,42.8,12
2025-04-11T15:31:42.411000+00:00,10008,44,1257,603.8,9
2025-04-11T15:32:42.168000+00:00,10008,27,1257,49.7,11
2025-04-11T15:33:13.508000+00:00,10008,23,1257,388.0,12
2025-04-11T15:33:39.679000+00:00,10008,16,1257,171.6,13
2025-04-11T15:33:50.305000+00:00,10008,4,1257,337.3,11
2025-04-11T15:34:02.826000+00:00,10008,1,1257,423.9,10
2025-04-11T15:34:13.128000+00:00,10008,81,1257,312.0,12
2025-04-11T15:34:41.909000+00:00,10008,12,1257,301.4,11
2025-04-11T15:36:23.644000+00:00,10008,63,1257,415.1,10
2025-04-11T15:37:52.817000+00:00,10008,6,1257,464.5,10
2025-04-11T15:38:37.026000+00:00,10008,87,1257,331.8,13
2025-04-11T15:38:41.745000+00:00,10008,5,1257,476.4,11
2025-04-11T15:38:50.975000+00:00,10008,30,1257,391.8,13
2025-04-11T15:39:09.360000+00:00,10008,14,1257,53.3,7
2025-04-11T15:40:14.086000+00:00,10008,18,1257,377.2,14
2025-04-11T15:40:16.849000+00:00,10008,55,1257,378.7,15
2025-04-11T15:41:01.683000+00:00,10008,22,1257,356.2,12
2025-04-11T15:41:33.031000+00:00,10008,10,1257,310.2,15
2025-04-11T15:42:20.607000+00:00,10008,7,1257,333.2,15
2025-04-11T15:43:39.693000+00:00,10008,44,1257,399.2,12
2025-04-11T15:43:40.811000+00:00,10008,23,1257,24.2,18
2025-04-11T15:44:22.518000+00:00,10008,16,1257,305.6,16
2025-04-11T15:44:29.931000+00:00,10008,31,1257,302.9,16
2025-04-11T15:45:29.563000+00:00,10008,10,1257,26.8,17
2025-04-11T15:45:55.131000+00:00,10008,14,1257,32.3,10
2025-04-11T15:46:08.553000+00:00,10008,55,1257,24.9,18
2025-04-11T15:46:15.439000+00:00,10008,27,1257,471.9,14
2025-04-11T15:51:16.995000+00:00,10008,81,1257,26.5,22
2025-04-11T15:56:06.395000+00:00,10008,44,1257,36.5,19
2025-04-11T15:57:41.853000+00:00,10008,5,1257,25.8,22
2025-04-11T15:58:31.074000+00:00,10008,6,1257,24.4,22
2025-04-11T15:58:40.074000+00:00,10008,12,1257,25.0,25
2025-04-11T15:58:58.265000+00:00,10008,63,1257,26.7,23
2025-04-11T15:59:05.729000+00:00,10008,4,1257,24.2,26
2025-04-05T06:00:03.895000+00:00,10002,31,1256,,1
2025-04-05T06:00:12.224000+00:00,10002,87,1256,,1
2025-04-05T06:00:18.005000+00:00,10002,7,1256,,1
2025-04-05T06:00:21.411000+00:00,10002,55,1256,,1
2025-04-05T06:00:41.880000+00:00,10002,27,1256,,1
2025-04-05T06:00:56.521000+00:00,10002,5,1256,,1
2025-04-05T06:01:06.240000+00:00,10002,16,1256,,1
2025-04-05T06:01:16.927000+00:00,10002,44,1256,,1
2025-04-05T06:01:28.990000+00:00,10002,4,1256,,1
2025-04-05T06:01:37.256000+00:00,10002,23,1256,,1
2025-04-05T06:01:57.396000+00:00,10002,22,1256,,1
2025-04-05T06:02:48.772000+00:00,10002,1,1256,,1
2025-04-05T06:03:23.897000+00:00,10002,81,1256,,1
2025-04-05T06:03:31.256000+00:00,10002,18,1256,,1
2025-04-05T06:03:41.569000+00:00,10002,14,1256,,1
2025-04-05T06:03:48.804000+00:00,10002,63,1256,,1
2025-04-05T06:03:53.288000+00:00,10002,12,1256,,1
2025-04-05T06:04:42.523000+00:00,10002,10,1256,,1
2025-04-05T06:04:51.757000+00:00,10002,6,1256,,1
2025-04-05T06:05:03.054000+00:00,10002,30,1256,,1
2025-04-05T06:06:16.039000+00:00,10002,27,1256,25.9,4
2025-04-05T06:06:30.023000+00:00,10002,5,1256,26.9,4
2025-04-05T06:06:49.977000+00:00,10002,7,1256,76.2,4
2025-04-05T06:07:02.242000+00:00,10002,16,1256,35.9,4
2025-04-05T06:07:07.196000+00:00,10002,31,1256,115.5,4
2025-04-05T06:07:30.727000+00:00,10002,87,1256,138.1,4
2025-04-05T06:08:08.962000+00:00,10002,44,1256,118.9,4
2025-04-05T06:11:12.092000+00:00,10002,23,1256,270.3,4
2025-04-05T06:13:24.666000+00:00,10002,1,1256,303.9,4
2025-04-05T06:13:29.399000+00:00,10002,22,1256,350.5,4
2025-04-05T06:13:32.676000+00:00,10002,81,1256,281.7,4
2025-04-05T06:13:38.836000+00:00,10002,63,1256,262.6,4
2025-04-05T06:13:42.178000+00:00,10002,12,1256,259.7,4
2025-04-05T06:13:52.992000+00:00,10002,18,1256,293.6,4
2025-04-05T06:14:18.174000+00:00,10002,14,1256,315.1,4
2025-04-05T06:14:22.111000+00:00,10002,55,1256,191.1,7
2025-04-05T06:14:31.071000+00:00,10002,10,1256,267.7,4
2025-04-05T06:14:39.914000+00:00,10002,7,1256,167.3,7
2025-04-05T06:14:58.731000+00:00,10002,6,1256,290.6,4
2025-04-05T06:15:05.169000+00:00,10002,31,1256,158.1,7
2025-04-05T06:15:19.294000+00:00,10002,27,1256,232.8,7
2025-04-05T06:15:31.341000+00:00,10002,5,1256,226.2,7
2025-04-05T06:15:44.341000+00:00,10002,30,1256,331.1,4
2025-04-05T06:15:45.278000+00:00,10002,87,1256,197.5,7
2025-04-05T06:25:03.192000+00:00,10002,1,1256,381.8,7
2025-04-05T06:25:11.286000+00:00,10002,87,1256,254.2,10
2025-04-05T06:25:24.411000+00:00,10002,10,1256,322.6,7
2025-04-05T06:25:33.598000+00:00,10002,22,1256,380.7,7
2025-04-05T06:25:40.895000+00:00,10002,16,1256,795.7,7
2025-04-05T06:25:49.255000+00:00,10002,44,1256,394.6,10
2025-04-05T06:26:04.005000+00:00,10002,4,1256,829.6,7
2025-04-05T06:26:21.224000+00:00,10002,30,1256,329.5,7
2025-04-05T06:26:36.055000+00:00,10002,14,1256,406.8,7
2025-04-05T06:26:47.936000+00:00,10002,6,1256,401.2,7
2025-04-05T06:26:55.561000+00:00,10002,81,1256,468.9,7
2025-04-05T06:27:02.233000+00:00,10002,63,1256,462.3,7
2025-04-05T06:27:05.905000+00:00,10002,12,1256,464.3,7
2025-04-05T06:27:33.249000+00:00,10002,55,1256,471.4,10
2025-04-05T06:27:43.968000+00:00,10002,23,1256,677.0,7
2025-04-05T06:39:04.848000+00:00,10002,44,1256,475.5,13
2025-04-05T06:39:10.223000+00:00,10002,16,1256,485.4,10
2025-04-05T06:40:17.474000+00:00,10002,23,1256,1430.5,10
2025-04-05T06:41:52.653000+00:00,10002,22,1256,655.9,10
2025-04-05T06:42:07.606000+00:00,10002,12,1256,1366.4,10
2025-04-05T06:42:15.872000+00:00,10002,63,1256,1376.2,10
2025-04-05T06:42:24.872000+00:00,10002,6,1256,1338.0,10
2025-04-05T06:42:36.935000+00:00,10002,30,1256,676.4,10
2025-04-05T06:42:50.841000+00:00,10002,14,1256,1381.7,10
2025-04-05T06:43:00.716000+00:00,10002,87,1256,753.3,13
2025-04-05T06:43:08.951000+00:00,10002,10,1256,744.4,10
2025-04-05T06:43:22.279000+00:00,10002,1,1256,772.2,10
2025-04-05T06:43:35.826000+00:00,10002,81,1256,1469.4,10
2025-04-05T06:43:39.107000+00:00,10002,55,1256,1437.2,13
2025-04-05T06:44:01.435000+00:00,10002,23,1256,28.5,12
2025-04-05T06:44:53.283000+00:00,10002,16,1256,34.3,13
2025-04-05T06:45:06.424000+00:00,10002,44,1256,43.3,16
2025-04-05T06:56:03.147000+00:00,10002,87,1256,464.9,16
2025-04-05T06:56:09.225000+00:00,10002,12,1256,524.5,13
2025-04-05T06:56:16.225000+00:00,10002,63,1256,618.0,12
2025-04-05T06:56:28.069000+00:00,10002,6,1256,522.3,13
2025-04-05T06:56:40.913000+00:00,10002,1,1256,582.5,12
2025-04-05T06:56:47.960000+00:00,10002,81,1256,469.5,13
2025-04-05T06:56:58.241000+00:00,10002,4,1256,1533.2,10
2025-04-05T06:57:09.413000+00:00,10002,44,1256,498.7,18
2025-04-05T06:57:13.007000+00:00,10002,23,1256,482.2,15
2025-04-05T06:57:26.918000+00:00,10002,16,1256,432.1,16
2025-04-05T07:03:57.679000+00:00,10002,87,1256,177.6,19
2025-04-05T07:04:03.398000+00:00,10002,12,1256,165.2,16
2025-04-05T07:04:08.086000+00:00,10002,63,1256,163.6,15
2025-04-05T07:04:20.648000+00:00,10002,6,1256,172.5,16
2025-04-05T07:04:30.070000+00:00,10002,4,1256,144.9,13
2025-04-05T07:04:43.742000+00:00,10002,44,1256,151.7,21
2025-04-05T07:04:47.867000+00:00,10002,23,1256,147.9,18
2025-04-05T07:05:04.383000+00:00,10002,16,1256,154.2,19
2025-04-05T07:05:20.055000+00:00,10002,1,1256,217.4,15
2025-04-05T07:05:26.196000+00:00,10002,81,1256,203.1,16
2025-04-06T05:18:42.697000+00:00,10006,18,1256,23.7,9
2025-04-06T05:28:10.894000+00:00,10006,7,1256,23.3,15
2025-04-06T05:33:59.151000+00:00,10006,63,1256,23.1,19
2025-04-06T05:35:27.240000+00:00,10006,81,1256,23.0,20
2025-04-06T05:36:57.801000+00:00,10006,1,1256,24.3,21
2025-04-06T05:36:57.941000+00:00,10006,4,1256,23.2,21
2025-04-06T05:37:04.066000+00:00,10006,16,1256,23.3,21
2025-04-06T05:39:09.177000+00:00,10006,27,1256,23.5,22
2025-04-06T05:40:33.084000+00:00,10006,87,1256,24.8,23
2025-04-06T05:40:38.849000+00:00,10006,22,1256,24.1,23
2025-04-06T05:41:59.678000+00:00,10006,23,1256,23.0,24
2025-04-06T05:42:11.422000+00:00,10006,14,1256,25.7,24
2025-04-06T05:42:14.929000+00:00,10006,10,1256,26.0,24
2025-04-06T05:43:29.757000+00:00,10006,6,1256,23.3,25
2025-04-06T05:51:11.930000+00:00,10006,44,1256,22.9,30
2025-04-06T05:52:06.619000+00:00,10006,18,1256,23.6,30
2025-04-06T05:52:41.258000+00:00,10006,12,1256,24.3,31
2025-04-06T05:53:22.478000+00:00,10006,5,1256,23.4,31
2025-04-06T05:54:54.863000+00:00,10006,31,1256,24.4,32
2025-04-06T05:56:25.345000+00:00,10006,30,1256,23.6,33
2025-04-06T05:56:27.189000+00:00,10006,55,1256,23.3,33
2025-04-11T11:30:05.941000+00:00,10007,37,1257,,1
2025-04-11T11:30:13.391000+00:00,10007,46,1257,,1
2025-04-11T11:30:17.869000+00:00,10007,50,1257,,1
2025-04-11T11:30:20.471000+00:00,10007,31,1257,,1
2025-04-11T11:30:22.627000+00:00,10007,5,1257,,1
2025-04-11T11:30:26.592000+00:00,10007,30,1257,,1
2025-04-11T11:30:45.222000+00:00,10007,7,1257,,1
2025-04-11T11:30:48.582000+00:00,10007,72,1257,,1
2025-04-11T11:30:51.720000+00:00,10007,38,1257,,1
2025-04-11T11:30:53.875000+00:00,10007,12,1257,,1
2025-04-11T11:31:02.853000+00:00,10007,44,1257,,1
2025-04-11T11:31:07.062000+00:00,10007,10,1257,,1
2025-04-11T11:31:11.433000+00:00,10007,22,1257,,1
2025-04-11T11:31:15.261000+00:00,10007,4,1257,,1
2025-04-11T11:31:18.392000+00:00,10007,18,1257,,1
2025-04-11T11:31:24.140000+00:00,10007,27,1257,,1
2025-04-11T11:31:25.787000+00:00,10007,34,1257,,1
2025-04-11T11:31:36.227000+00:00,10007,23,1257,,1
2025-04-11T11:31:40.293000+00:00,10007,81,1257,,1
2025-04-11T11:32:11.487000+00:00,10007,6,1257,,1
2025-04-11T11:37:40.549000+00:00,10007,30,1257,24.4,4
2025-04-11T11:41:37.952000+00:00,10007,6,1257,206.1,4
2025-04-11T11:41:56.313000+00:00,10007,7,1257,29.9,6
2025-04-11T11:43:00.455000+00:00,10007,23,1257,41.2,6
2025-04-11T11:43:03.223000+00:00,10007,81,1257,19.0,6
2025-04-11T11:43:07.043000+00:00,10007,46,1257,509.3,3
2025-04-11T11:44:57.987000+00:00,10007,30,1257,34.0,7
2025-04-11T11:46:21.628000+00:00,10007,37,1257,540.7,5
2025-04-11T11:46:35.734000+00:00,10007,10,1257,19.0,8
2025-04-11T11:47:17.336000+00:00,10007,18,1257,51.2,8
2025-04-11T11:48:51.733000+00:00,10007,6,1257,45.6,7
2025-04-11T11:48:56.065000+00:00,10007,7,1257,30.0,9
2025-04-11T11:49:20.619000+00:00,10007,4,1257,432.2,6
2025-04-11T11:49:23.135000+00:00,10007,46,1257,33.0,6
2025-04-11T11:49:44.222000+00:00,10007,22,1257,19.4,9
2025-04-11T11:51:48.786000+00:00,10007,46,1257,32.8,7
2025-04-11T11:52:57.923000+00:00,10007,34,1257,655.1,6
2025-04-11T11:55:35.209000+00:00,10007,72,1257,354.0,10
2025-04-11T11:55:55.934000+00:00,10007,23,1257,28.2,12
2025-04-11T11:56:00.405000+00:00,10007,5,1257,539.2,9
2025-04-11T11:58:30.232000+00:00,10007,50,1257,737.8,9
2025-04-11T11:58:34.268000+00:00,10007,27,1257,402.9,11
2025-04-11T11:59:30.927000+00:00,10007,46,1257,349.1,8
2025-04-11T11:59:56.529000+00:00,10007,37,1257,34.1,11
2025-04-11T12:00:36.251000+00:00,10007,81,1257,693.0,9
2025-04-11T12:01:08.428000+00:00,10007,44,1257,804.7,9
2025-04-11T12:02:05.817000+00:00,10007,6,1257,443.3,10
2025-04-11T12:02:23.505000+00:00,10007,31,1257,882.0,9
2025-04-11T12:02:45.430000+00:00,10007,30,1257,316.0,13
2025-04-11T12:02:49.288000+00:00,10007,5,1257,32.0,12
2025-04-11T12:03:28.264000+00:00,10007,7,1257,594.7,11
2025-04-11T12:03:34.985000+00:00,10007,22,1257,586.9,11
2025-04-11T12:03:36.437000+00:00,10007,23,1257,343.7,13
2025-04-11T12:03:59.534000+00:00,10007,10,1257,688.5,11
2025-04-11T12:05:29.629000+00:00,10007,27,1257,34.3,14
2025-04-11T12:05:51.523000+00:00,10007,50,1257,63.2,12
2025-04-11T12:06:46.483000+00:00,10007,18,1257,571.6,13
2025-04-11T12:07:03.610000+00:00,10007,38,1257,1288.8,9
2025-04-11T12:08:20.064000+00:00,10007,46,1257,318.0,10
2025-04-11T12:09:35.416000+00:00,10007,31,1257,22.4,12
2025-04-11T12:10:13.118000+00:00,10007,7,1257,19.0,14
2025-04-11T12:10:45.720000+00:00,10007,23,1257,25.8,16
2025-04-11T12:10:48.674000+00:00,10007,10,1257,25.6,14
2025-04-11T12:11:18.041000+00:00,10007,81,1257,253.2,12
2025-04-11T12:11:20.164000+00:00,10007,30,1257,143.8,16
2025-04-11T12:11:41.024000+00:00,10007,6,1257,188.9,13
2025-04-11T12:11:46.596000+00:00,10007,4,1257,715.0,11
2025-04-11T12:12:17.715000+00:00,10007,46,1257,31.6,12
2025-04-11T12:14:13.242000+00:00,10007,37,1257,500.4,14
2025-04-11T12:14:38.675000+00:00,10007,46,1257,37.6,13
2025-04-11T12:15:10.152000+00:00,10007,72,1257,390.2,16
2025-04-11T12:18:04.416000+00:00,10007,34,1257,478.5,14
2025-04-11T12:18:09.110000+00:00,10007,5,1257,545.3,15
2025-04-11T12:18:36.760000+00:00,10007,27,1257,544.2,16
2025-04-11T12:19:30.895000+00:00,10007,38,1257,288.5,13
2025-04-11T12:19:53.364000+00:00,10007,22,1257,342.7,16
2025-04-11T12:20:44.797000+00:00,10007,44,1257,356.9,17
2025-04-11T12:20:49.626000+00:00,10007,37,1257,32.1,17
2025-04-11T12:20:59.951000+00:00,10007,46,1257,280.4,14
2025-04-11T12:21:58.121000+00:00,10007,7,1257,343.1,17
2025-04-11T12:22:07.788000+00:00,10007,10,1257,300.3,17
2025-04-11T12:22:26.267000+00:00,10007,6,1257,298.7,16
2025-04-11T12:23:21.223000+00:00,10007,23,1257,361.0,19
2025-04-11T12:24:29.237000+00:00,10007,50,1257,782.5,15
2025-04-11T12:24:31.928000+00:00,10007,31,1257,644.3,14
2025-04-11T12:24:59.048000+00:00,10007,6,1257,31.2,17
2025-04-11T12:25:04.284000+00:00,10007,34,1257,31.9,17
2025-04-11T12:25:10.289000+00:00,10007,18,1257,289.8,19
2025-04-11T12:25:23.627000+00:00,10007,30,1257,465.0,19
2025-04-11T12:28:21.453000+00:00,10007,81,1257,25.3,22
2025-04-12T12:30:54.115000+00:00,10009,87,1257,,1
2025-04-12T12:33:04.198000+00:00,10009,31,1257,,1
2025-04-12T12:33:48.845000+00:00,10009,44,1257,,1
2025-04-12T12:38:14.462000+00:00,10009,87,1257,41.6,4
2025-04-12T12:38:17.055000+00:00,10009,44,1257,33.5,3
2025-04-12T12:39:44.716000+00:00,10009,16,1257,,1
2025-04-12T12:40:13.080000+00:00,10009,31,1257,34.1,4
2025-04-12T12:41:09.611000+00:00,10009,7,1257,,1
2025-04-12T12:41:48.212000+00:00,10009,10,1257,,1
2025-04-12T12:43:41.951000+00:00,10009,5,1257,,1
2025-04-12T12:44:47.749000+00:00,10009,22,1257,,1
2025-04-12T12:45:51.999000+00:00,10009,4,1257,,1
2025-04-12T12:46:15.024000+00:00,10009,27,1257,,1
2025-04-12T12:46:56.158000+00:00,10009,1,1257,,1
2025-04-12T12:47:45.862000+00:00,10009,7,1257,29.4,4
2025-04-12T12:48:29.316000+00:00,10009,18,1257,,1
2025-04-12T12:48:35.695000+00:00,10009,14,1257,,1
2025-04-12T12:48:43.446000+00:00,10009,10,1257,37.3,4
2025-04-12T12:49:17.667000+00:00,10009,81,1257,,1
2025-04-12T12:50:40.635000+00:00,10009,16,1257,283.7,4
2025-04-12T12:51:04.962000+00:00,10009,87,1257,380.2,7
2025-04-12T12:51:06.356000+00:00,10009,55,1257,,1
2025-04-12T12:51:14.573000+00:00,10009,23,1257,,1
2025-04-12T12:51:58.003000+00:00,10009,22,1257,30.1,4
2025-04-12T12:52:32.226000+00:00,10009,27,1257,20.6,4
2025-04-12T12:52:44.549000+00:00,10009,4,1257,30.1,4
2025-04-12T12:53:29.360000+00:00,10009,6,1257,,1
2025-04-12T12:53:43.930000+00:00,10009,30,1257,,1
2025-04-12T12:54:09.691000+00:00,10009,12,1257,,1
2025-04-12T12:54:35.119000+00:00,10009,7,1257,29.8,7
2025-04-12T12:55:15.481000+00:00,10009,18,1257,30.0,4
2025-04-12T12:55:42.408000+00:00,10009,10,1257,31.1,7
2025-04-12T12:55:59.597000+00:00,10009,81,1257,19.0,4
2025-04-12T12:56:03.587000+00:00,10009,44,1257,677.1,6
2025-04-12T12:56:46.555000+00:00,10009,5,1257,423.7,4
2025-04-12T12:57:37.075000+00:00,10009,55,1257,28.1,4
2025-04-12T12:57:48.634000+00:00,10009,23,1257,29.7,4
2025-04-12T12:57:55.490000+00:00,10009,16,1257,38.7,7
2025-04-12T12:58:20.273000+00:00,10009,22,1257,18.9,7
2025-04-12T12:58:26.011000+00:00,10009,63,1257,,1
2025-04-12T12:59:04.369000+00:00,10009,1,1257,502.5,3
2025-04-12T12:59:08.299000+00:00,10009,27,1257,26.9,7
2025-04-12T12:59:59.994000+00:00,10009,31,1257,812.1,7
2025-04-12T13:01:12.148000+00:00,10009,12,1257,32.9,4
2025-04-12T13:03:05.027000+00:00,10009,23,1257,19.0,6
2025-04-12T13:03:16.023000+00:00,10009,6,1257,221.1,4
2025-04-12T13:03:34.875000+00:00,10009,30,1257,229.9,4
2025-04-12T13:08:10.776000+00:00,10009,55,1257,402.3,6
2025-04-12T13:08:46.209000+00:00,10009,5,1257,324.9,7
2025-04-12T13:09:22.243000+00:00,10009,6,1257,24.1,7
2025-04-12T13:10:05.162000+00:00,10009,30,1257,27.3,7
2025-04-12T13:10:23.275000+00:00,10009,63,1257,28.3,6
2025-04-12T13:13:05.493000+00:00,10009,22,1257,756.3,8
2025-04-12T13:13:17.170000+00:00,10009,14,1257,397.5,10
2025-04-12T13:14:26.277000+00:00,10009,23,1257,355.5,9
2025-04-12T13:15:21.167000+00:00,10009,4,1257,563.0,11
2025-04-12T13:15:22.483000+00:00,10009,5,1257,21.1,10
2025-04-12T13:15:30.951000+00:00,10009,1,1257,494.7,7
2025-04-12T13:15:41.496000+00:00,10009,10,1257,814.1,10
2025-04-12T13:15:46.367000+00:00,10009,87,1257,844.2,13
2025-04-12T13:15:51.684000+00:00,10009,7,1257,917.8,10
2025-04-12T13:16:08.505000+00:00,10009,81,1257,698.0,8
2025-04-12T13:16:20.672000+00:00,10009,6,1257,306.5,8
2025-04-12T13:16:23.278000+00:00,10009,12,1257,524.4,7
2025-04-12T13:16:45.447000+00:00,10009,30,1257,262.5,8
2025-04-12T13:16:56.488000+00:00,10009,18,1257,522.1,10
2025-04-12T13:17:08.603000+00:00,10009,31,1257,436.2,12
2025-04-12T13:18:41.640000+00:00,10009,63,1257,229.1,8
2025-04-12T13:19:54.950000+00:00,10009,55,1257,348.3,9
2025-04-12T13:19:55.910000+00:00,10009,14,1257,29.5,13
2025-04-12T13:20:06.839000+00:00,10009,4,1257,28.4,13
2025-04-12T13:20:26.337000+00:00,10009,16,1257,608.5,13
2025-04-12T13:20:38.600000+00:00,10009,44,1257,641.5,13
2025-04-12T13:22:39.300000+00:00,10009,10,1257,31.8,13
2025-04-12T13:23:01.130000+00:00,10009,7,1257,19.0,13
2025-04-12T13:23:15.354000+00:00,10009,5,1257,222.4,12
2025-04-12T13:25:14.169000+00:00,10009,6,1257,183.5,11
2025-04-12T13:25:16.081000+00:00,10009,18,1257,235.3,12
2025-04-12T13:25:25.709000+00:00,10009,23,1257,278.2,12
2025-04-12T13:25:34.189000+00:00,10009,5,1257,22.2,13
2025-04-12T13:25:44.624000+00:00,10009,22,1257,331.2,11
2025-04-12T13:26:06.994000+00:00,10009,30,1257,183.5,11
2025-04-12T13:27:17.855000+00:00,10009,1,1257,347.1,10
2025-04-12T13:27:34.262000+00:00,10009,16,1257,25.8,16
2025-04-12T13:27:37.692000+00:00,10009,6,1257,26.6,12
2025-04-12T13:27:42.761000+00:00,10009,55,1257,122.4,12
2025-04-12T13:27:52.493000+00:00,10009,5,1257,22.5,14
2025-04-12T13:28:19.981000+00:00,10009,12,1257,350.6,10
2025-04-12T13:28:28.232000+00:00,10009,44,1257,29.2,16
2025-04-12T13:28:36.586000+00:00,10009,81,1257,405.6,11
2025-04-12T13:28:43.486000+00:00,10009,87,1257,413.1,16
2025-04-12T13:28:46.179000+00:00,10009,14,1257,197.8,16
2025-04-12T13:28:54.667000+00:00,10009,31,1257,344.3,15
2025-04-12T13:29:18.624000+00:00,10009,63,1257,277.8,11
2025-04-12T13:29:23.302000+00:00,10009,7,1257,30.4,16
2025-04-12T13:29:32.473000+00:00,10009,4,1257,215.5,16
2025-04-12T16:00:04.007000+00:00,10010,18,1257,,1
2025-04-12T16:00:11.432000+00:00,10010,27,1257,,1
2025-04-12T16:00:24.286000+00:00,10010,14,1257,,1
2025-04-12T16:03:14.726000+00:00,10010,1,1257,,1
2025-04-12T16:03:20.780000+00:00,10010,22,1257,,1
2025-04-12T16:03:28.957000+00:00,10010,10,1257,,1
2025-04-12T16:03:35.838000+00:00,10010,7,1257,,1
2025-04-12T16:03:50.101000+00:00,10010,87,1257,,1
2025-04-12T16:03:56.393000+00:00,10010,30,1257,,1
2025-04-12T16:04:09.194000+00:00,10010,6,1257,,1
2025-04-12T16:04:17.579000+00:00,10010,55,1257,,1
2025-04-12T16:04:27.668000+00:00,10010,23,1257,,1
2025-04-12T16:04:50.353000+00:00,10010,44,1257,,1
2025-04-12T16:05:06.712000+00:00,10010,16,1257,,1
2025-04-12T16:05:13.113000+00:00,10010,5,1257,,1
2025-04-12T16:05:24.009000+00:00,10010,81,1257,,1
2025-04-12T16:05:42.585000+00:00,10010,4,1257,,1
2025-04-12T16:06:03.513000+00:00,10010,18,1257,28.2,4
2025-04-12T16:06:07.712000+00:00,10010,12,1257,,1
2025-04-12T16:06:16.177000+00:00,10010,63,1257,,1
2025-04-12T16:06:27.988000+00:00,10010,14,1257,33.7,4
2025-04-12T16:07:33.918000+00:00,10010,31,1257,,1
2025-04-12T16:07:42.076000+00:00,10010,27,1257,125.9,4
2025-04-12T16:13:05.854000+00:00,10010,12,1257,83.4,4
2025-04-12T16:13:09.984000+00:00,10010,87,1257,237.7,4
2025-04-12T16:13:12.705000+00:00,10010,5,1257,131.3,4
2025-04-12T16:13:20.680000+00:00,10010,18,1257,100.9,7
2025-04-12T16:13:33.605000+00:00,10010,6,1257,234.9,4
2025-04-12T16:13:49.292000+00:00,10010,55,1257,232.4,4
2025-04-12T16:13:59.989000+00:00,10010,10,1257,298.9,4
2025-04-12T16:14:06.222000+00:00,10010,7,1257,300.0,4
2025-04-12T16:14:30.634000+00:00,10010,30,1257,295.2,4
2025-04-12T16:14:40.272000+00:00,10010,44,1257,256.9,4
2025-04-12T16:14:49.421000+00:00,10010,81,1257,220.0,4
2025-04-12T16:14:59.286000+00:00,10010,1,1257,496.0,3
2025-04-12T16:15:18.959000+00:00,10010,22,1257,393.7,4
2025-04-12T16:15:24.660000+00:00,10010,4,1257,246.3,4
2025-04-12T16:15:30.360000+00:00,10010,63,1257,215.4,4
2025-04-12T16:15:35.476000+00:00,10010,31,1257,159.3,4
2025-04-12T16:15:44.068000+00:00,10010,14,1257,222.3,7
2025-04-12T16:15:46.902000+00:00,10010,23,1257,346.7,4
2025-04-12T16:15:48.434000+00:00,10010,27,1257,168.9,7
2025-04-12T16:26:08.768000+00:00,10010,22,1257,320.4,7
2025-04-12T16:26:10.208000+00:00,10010,27,1257,289.2,10
2025-04-12T16:26:12.938000+00:00,10010,31,1257,296.5,7
2025-04-12T16:26:14.646000+00:00,10010,12,1257,458.2,7
2025-04-12T16:26:20.999000+00:00,10010,63,1257,312.5,7
2025-04-12T16:26:45.578000+00:00,10010,44,1257,386.4,7
2025-04-12T16:27:01.557000+00:00,10010,55,1257,446.5,7
2025-04-12T16:27:05.861000+00:00,10010,10,1257,442.5,7
2025-04-12T16:27:11.182000+00:00,10010,7,1257,440.1,7
2025-04-12T16:27:42.254000+00:00,10010,6,1257,489.6,7
2025-04-12T16:27:52.717000+00:00,10010,16,1257,1022.4,4
2025-04-12T16:28:02.877000+00:00,10010,1,1257,439.7,6
2025-04-12T16:28:16.840000+00:00,10010,4,1257,538.4,6
2025-04-12T16:28:28.298000+00:00,10010,14,1257,428.5,10
2025-04-12T16:28:33.675000+00:00,10010,81,1257,570.8,6
2025-04-12T16:37:04.703000+00:00,10010,12,1257,1108.2,9
2025-04-12T16:37:09.822000+00:00,10010,63,1257,961.3,9
2025-04-12T16:37:27.053000+00:00,10010,27,1257,966.0,12
2025-04-12T16:37:29.098000+00:00,10010,55,1257,1073.9,8
2025-04-12T16:37:49.698000+00:00,10010,6,1257,1096.8,8
2025-04-12T16:37:54.549000+00:00,10010,10,1257,1091.0,8
2025-04-12T16:38:04.417000+00:00,10010,4,1257,1126.0,7
2025-04-12T16:38:13.264000+00:00,10010,81,1257,1150.2,7
2025-04-12T16:38:23.703000+00:00,10010,1,1257,1060.4,7
2025-04-12T16:38:32.532000+00:00,10010,44,1257,1093.3,8
2025-04-12T16:38:41.312000+00:00,10010,16,1257,1671.0,5
2025-04-12T16:38:42.900000+00:00,10010,14,1257,1043.2,11
2025-04-12T16:38:49.276000+00:00,10010,7,1257,1138.4,8
2025-04-12T16:42:58.021000+00:00,10010,12,1257,26.7,12
2025-04-12T16:43:10.864000+00:00,10010,63,1257,28.1,12
2025-04-12T16:43:28.520000+00:00,10010,22,1257,1360.2,9
2025-04-12T16:43:33.160000+00:00,10010,44,1257,93.5,10
2025-04-12T16:43:48.044000+00:00,10010,6,1257,146.9,10
2025-04-12T16:43:55.087000+00:00,10010,10,1257,38.0,11
2025-04-12T16:44:17.690000+00:00,10010,1,1257,153.3,9
2025-04-12T16:44:25.146000+00:00,10010,14,1257,138.2,13
2025-04-12T16:44:31.351000+00:00,10010,55,1257,78.6,11
2025-04-12T16:44:41.021000+00:00,10010,27,1257,117.2,15
2025-04-12T16:44:48.912000+00:00,10010,7,1257,39.7,11
2025-04-12T16:45:12.115000+00:00,10010,16,1257,79.2,8
2025-04-12T16:45:36.938000+00:00,10010,4,1257,129.6,10
2025-04-12T16:57:04.921000+00:00,10010,22,1257,485.9,12
2025-04-12T16:57:17.112000+00:00,10010,1,1257,455.8,12
2025-04-12T16:57:23.020000+00:00,10010,12,1257,539.0,15
2025-04-12T16:57:26.099000+00:00,10010,55,1257,441.3,14
2025-04-12T16:57:42.194000+00:00,10010,63,1257,534.2,15
2025-04-12T16:57:49.668000+00:00,10010,10,1257,499.5,14
2025-04-12T16:58:06.596000+00:00,10010,44,1257,540.1,13
2025-04-12T16:58:26.570000+00:00,10010,16,1257,457.1,11
2025-04-12T16:58:41.886000+00:00,10010,81,1257,890.7,10
2025-04-12T16:58:59.679000+00:00,10010,4,1257,488.0,13
2025-04-12T17:05:16.473000+00:00,10010,22,1257,177.5,15
2025-04-12T17:05:21.351000+00:00,10010,12,1257,144.7,18
2025-04-12T17:05:34.720000+00:00,10010,63,1257,125.9,18
2025-04-12T17:05:46.649000+00:00,10010,44,1257,132.4,16
2025-04-12T17:05:57.533000+00:00,10010,16,1257,123.2,14
2025-04-12T17:06:06.906000+00:00,10010,10,1257,153.6,17
2025-04-12T17:06:22.376000+00:00,10010,1,1257,235.5,15
2025-04-12T17:06:27.494000+00:00,10010,81,1257,139.3,13
2025-04-12T17:06:32.921000+00:00,10010,4,1257,141.3,16
2025-04-12T17:06:45.584000+00:00,10010,55,1257,221.9,17
2025-04-18T17:00:04.386000+00:00,10016,31,1258,,1
2025-04-18T17:00:13.033000+00:00,10016,87,1258,,1
2025-04-18T17:00:20.882000+00:00,10016,23,1258,,1
2025-04-18T17:00:27.835000+00:00,10016,30,1258,,1
2025-04-18T17:00:35.071000+00:00,10016,12,1258,,1
2025-04-18T17:00:46.399000+00:00,10016,63,1258,,1
2025-04-18T17:00:56.495000+00:00,10016,7,1258,,1
2025-04-18T17:01:03.948000+00:00,10016,1,1258,,1
2025-04-18T17:01:11.526000+00:00,10016,10,1258,,1
2025-04-18T17:01:19.573000+00:00,10016,55,1258,,1
2025-04-18T17:01:31.214000+00:00,10016,44,1258,,1
2025-04-18T17:01:42.798000+00:00,10016,22,1258,,1
2025-04-18T17:01:59.025000+00:00,10016,16,1258,,1
2025-04-18T17:02:04.486000+00:00,10016,27,1258,,1
2025-04-18T17:02:06.048000+00:00,10016,81,1258,,1
2025-04-18T17:02:09.970000+00:00,10016,4,1258,,1
2025-04-18T17:02:12.103000+00:00,10016,6,1258,,1
2025-04-18T17:02:14.175000+00:00,10016,14,1258,,1
2025-04-18T17:02:23.395000+00:00,10016,18,1258,,1
2025-04-18T17:08:45.440000+00:00,10016,22,1258,25.4,4
2025-04-18T17:10:52.257000+00:00,10016,87,1258,24.5,6
2025-04-18T17:11:12.188000+00:00,10016,16,1258,26.7,5
2025-04-18T17:11:17.457000+00:00,10016,6,1258,28.3,5
2025-04-18T17:11:26.495000+00:00,10016,7,1258,24.2,6
2025-04-18T17:14:34.968000+00:00,10016,30,1258,269.5,6
2025-04-18T17:15:32.601000+00:00,10016,22,1258,27.9,7
2025-04-18T17:20:07.623000+00:00,10016,63,1258,281.1,8
2025-04-18T17:21:33.740000+00:00,10016,55,1258,211.4,9
2025-04-18T17:21:51.967000+00:00,10016,23,1258,316.5,9
2025-04-18T17:22:07.445000+00:00,10016,18,1258,629.6,5
2025-04-18T17:22:18.068000+00:00,10016,6,1258,328.1,8
2025-04-18T17:22:31.198000+00:00,10016,30,1258,131.9,9
2025-04-18T17:23:14.536000+00:00,10016,1,1258,474.5,8
2025-04-18T17:23:41.718000+00:00,10016,31,1258,416.5,9
2025-04-18T17:23:51.102000+00:00,10016,87,1258,423.9,9
2025-04-18T17:24:01.479000+00:00,10016,27,1258,492.2,8
2025-04-18T17:24:04.499000+00:00,10016,12,1258,148.9,11
2025-04-18T17:24:34.362000+00:00,10016,16,1258,306.3,9
2025-04-18T17:24:46.862000+00:00,10016,44,1258,281.6,10
2025-04-18T17:24:56.690000+00:00,10016,14,1258,479.0,8
2025-04-18T17:26:18.921000+00:00,10016,81,1258,473.1,9
2025-04-18T17:26:27.421000+00:00,10016,22,1258,332.6,10
2025-04-18T17:26:40.962000+00:00,10016,10,1258,563.9,9
2025-04-18T17:26:48.540000+00:00,10016,7,1258,582.3,9
2025-04-18T17:28:55.316000+00:00,10016,18,1258,27.4,8
2025-04-18T17:29:09.482000+00:00,10016,4,1258,661.9,9
2025-04-18T17:30:09.132000+00:00,10016,31,1258,29.9,12
2025-04-18T17:30:26.458000+00:00,10016,27,1258,15.2,11
2025-04-18T17:32:08.243000+00:00,10016,81,1258,23.6,12
2025-04-18T17:32:46.805000+00:00,10016,6,1258,295.9,11
2025-04-18T17:32:52.587000+00:00,10016,30,1258,287.8,12
2025-04-18T17:33:03.981000+00:00,10016,23,1258,26.5,14
2025-04-18T17:33:09.644000+00:00,10016,12,1258,16.7,15
2025-04-18T17:33:30.781000+00:00,10016,16,1258,36.7,13
2025-04-18T17:33:52.374000+00:00,10016,44,1258,25.0,14
2025-04-18T17:33:56.437000+00:00,10016,14,1258,25.0,12
2025-04-18T17:34:53.187000+00:00,10016,10,1258,15.2,13
2025-04-18T17:35:18.854000+00:00,10016,4,1258,18.0,12
2025-04-18T17:35:28.110000+00:00,10016,22,1258,24.3,14
2025-04-18T17:35:32.448000+00:00,10016,87,1258,329.1,12
2025-04-18T17:35:42.781000+00:00,10016,1,1258,407.1,11
2025-04-18T17:38:08.495000+00:00,10016,18,1258,28.6,12
2025-04-18T17:38:31.323000+00:00,10016,55,1258,421.4,14
2025-04-18T17:40:46.307000+00:00,10016,55,1258,25.0,15
2025-04-18T17:42:22.455000+00:00,10016,81,1258,389.0,14
2025-04-18T17:43:05.677000+00:00,10016,23,1258,379.4,16
2025-04-18T17:43:27.625000+00:00,10016,10,1258,303.2,15
2025-04-18T17:43:34.161000+00:00,10016,31,1258,421.5,15
2025-04-18T17:43:51.971000+00:00,10016,27,1258,457.0,14
2025-04-18T17:43:57.237000+00:00,10016,6,1258,333.7,14
2025-04-18T17:44:16.327000+00:00,10016,7,1258,431.8,14
2025-04-18T17:44:30.175000+00:00,10016,22,1258,306.5,16
2025-04-18T17:45:21.277000+00:00,10016,16,1258,330.1,16
2025-04-18T17:45:45.079000+00:00,10016,30,1258,303.7,16
2025-04-18T17:45:55.038000+00:00,10016,44,1258,382.2,17
2025-04-18T17:46:07.913000+00:00,10016,4,1258,332.0,15
2025-04-18T17:46:22.034000+00:00,10016,6,1258,28.3,15
2025-04-18T17:47:09.157000+00:00,10016,63,1258,609.2,16
2025-04-18T17:48:00.401000+00:00,10016,87,1258,434.5,15
2025-04-18T17:50:03.211000+00:00,10016,14,1258,624.7,15
2025-04-18T17:50:09.836000+00:00,10016,18,1258,399.6,15
2025-04-18T17:59:02.431000+00:00,10016,55,1258,1121.0,22
2025-04-18T17:59:04.434000+00:00,10016,27,1258,1369.6,19
2025-04-18T17:59:05.336000+00:00,10016,23,1258,1339.0,21
2025-04-18T17:59:09.140000+00:00,10016,30,1258,1108.1,20
2025-04-18T17:59:10.534000+00:00,10016,87,1258,1104.7,17
2025-04-18T17:59:11.890000+00:00,10016,10,1258,1247.5,20
2025-04-18T17:59:15.130000+00:00,10016,7,1258,1331.0,19
2025-04-18T17:59:18.067000+00:00,10016,63,1258,1338.2,19
2025-04-18T17:59:19.552000+00:00,10016,14,1258,1181.1,16
2025-04-18T17:59:21.052000+00:00,10016,1,1258,1825.4,21
2025-04-18T17:59:23.005000+00:00,10016,4,1258,1127.1,19
2025-04-18T17:59:24.036000+00:00,10016,81,1258,1410.6,20
2025-04-18T17:59:25.192000+00:00,10016,44,1258,1192.7,21
2025-04-18T17:59:30.942000+00:00,10016,31,1258,1378.7,20
2025-04-18T17:59:34.504000+00:00,10016,18,1258,964.4,16
2025-04-18T17:59:39.410000+00:00,10016,16,1258,1188.2,20
2025-04-19T13:30:18.226000+00:00,10017,5,1258,,1
2025-04-19T13:30:49.558000+00:00,10017,7,1258,,1
2025-04-19T13:31:17.623000+00:00,10017,14,1258,,1
2025-04-19T13:31:30.234000+00:00,10017,18,1258,,1
2025-04-19T13:33:30.959000+00:00,10017,14,1258,23.6,2
2025-04-19T13:33:47.403000+00:00,10017,18,1258,23.0,2
2025-04-19T13:35:05.759000+00:00,10017,31,1258,,1
2025-04-19T13:35:43.165000+00:00,10017,14,1258,22.7,3
2025-04-19T13:36:03.768000+00:00,10017,18,1258,22.6,3
2025-04-19T13:36:11.084000+00:00,10017,87,1258,,1
2025-04-19T13:38:54.045000+00:00,10017,6,1258,,1
2025-04-19T13:39:23.953000+00:00,10017,44,1258,,1
2025-04-19T13:40:10.892000+00:00,10017,16,1258,,1
2025-04-19T13:40:18.319000+00:00,10017,7,1258,196.9,4
2025-04-19T13:41:41.165000+00:00,10017,31,1258,58.1,4
2025-04-19T13:42:33.755000+00:00,10017,30,1258,,1
2025-04-19T13:42:45.023000+00:00,10017,81,1258,,1
2025-04-19T13:43:09.701000+00:00,10017,4,1258,,1
2025-04-19T13:43:22.983000+00:00,10017,87,1258,49.4,4
2025-04-19T13:44:01.016000+00:00,10017,6,1258,185.2,2
2025-04-19T13:46:14.987000+00:00,10017,7,1258,21.4,7
2025-04-19T13:46:18.862000+00:00,10017,1,1258,,1
2025-04-19T13:46:52.500000+00:00,10017,44,1258,16.9,4
2025-04-19T13:47:07.165000+00:00,10017,16,1258,19.0,4
2025-04-19T13:47:11.868000+00:00,10017,27,1258,,1
2025-04-19T13:47:29.572000+00:00,10017,23,1258,,1
2025-04-19T13:47:42.725000+00:00,10017,30,1258,186.6,2
2025-04-19T13:48:43.800000+00:00,10017,14,1258,660.7,4
2025-04-19T13:48:50.831000+00:00,10017,81,1258,23.3,4
2025-04-19T13:49:00.972000+00:00,10017,18,1258,660.0,4
2025-04-19T13:49:38.472000+00:00,10017,63,1258,,1
2025-04-19T13:49:42.292000+00:00,10017,12,1258,,1
2025-04-19T13:49:58.934000+00:00,10017,55,1258,,1
2025-04-19T13:50:38.325000+00:00,10017,10,1258,,1
2025-04-19T13:50:47.591000+00:00,10017,22,1258,,1
2025-04-19T13:52:08.310000+00:00,10017,7,1258,217.2,8
2025-04-19T13:53:30.620000+00:00,10017,27,1258,15.2,4
2025-04-19T13:54:42.804000+00:00,10017,6,1258,307.3,5
2025-04-19T13:54:53.339000+00:00,10017,81,1258,15.7,7
2025-04-19T13:55:24.437000+00:00,10017,14,1258,36.6,7
2025-04-19T13:55:52.011000+00:00,10017,18,1258,47.3,7
2025-04-19T13:57:01.649000+00:00,10017,10,1258,27.0,4
2025-04-19T13:57:14.881000+00:00,10017,30,1258,233.2,5
2025-04-19T13:57:19.481000+00:00,10017,16,1258,252.1,7
2025-04-19T13:58:07.354000+00:00,10017,5,1258,566.3,10
2025-04-19T13:58:07.448000+00:00,10017,44,1258,270.2,7
2025-04-19T13:58:16.121000+00:00,10017,1,1258,375.3,4
2025-04-19T13:58:20.235000+00:00,10017,7,1258,25.7,11
2025-04-19T13:59:21.163000+00:00,10017,63,1258,242.9,4
2025-04-19T13:59:24.429000+00:00,10017,27,1258,26.1,7
2025-04-19T13:59:27.038000+00:00,10017,12,1258,236.9,4
2025-04-19T13:59:30.663000+00:00,10017,23,1258,386.6,4
2025-04-19T14:01:21.961000+00:00,10017,30,1258,18.0,7
2025-04-19T14:02:13.396000+00:00,10017,31,1258,887.6,7
2025-04-19T14:02:18.546000+00:00,10017,44,1258,23.0,9
2025-04-19T14:02:33.621000+00:00,10017,14,1258,50.0,10
2025-04-19T14:02:49.537000+00:00,10017,55,1258,430.6,4
2025-04-19T14:03:02.064000+00:00,10017,18,1258,45.1,10
2025-04-19T14:03:10.338000+00:00,10017,6,1258,286.2,7
2025-04-19T14:03:34.106000+00:00,10017,10,1258,26.1,7
2025-04-19T14:04:04.340000+00:00,10017,30,1258,19.6,8
2025-04-19T14:06:32.624000+00:00,10017,30,1258,18.1,9
2025-04-19T14:09:17.649000+00:00,10017,31,1258,71.3,10
2025-04-19T14:09:49.939000+00:00,10017,63,1258,290.9,7
2025-04-19T14:10:01.002000+00:00,10017,12,1258,297.4,7
2025-04-19T14:10:09.961000+00:00,10017,81,1258,587.9,10
2025-04-19T14:10:23.925000+00:00,10017,4,1258,501.7,10
2025-04-19T14:10:35.358000+00:00,10017,23,1258,200.0,8
2025-04-19T14:10:55.566000+00:00,10017,22,1258,480.7,7
2025-04-19T14:11:02.285000+00:00,10017,1,1258,448.6,7
2025-04-19T14:11:35.630000+00:00,10017,87,1258,1347.1,7
2025-04-19T14:12:04.371000+00:00,10017,27,1258,651.1,8
2025-04-19T14:12:35.760000+00:00,10017,16,1258,312.3,12
2025-04-19T14:12:39.400000+00:00,10017,44,1258,365.5,11
2025-04-19T14:12:46.275000+00:00,10017,30,1258,257.2,10
2025-04-19T14:15:08.111000+00:00,10017,55,1258,414.8,7
2025-04-19T14:16:20.921000+00:00,10017,63,1258,22.6,10
2025-04-19T14:16:28.386000+00:00,10017,12,1258,18.2,10
2025-04-19T14:16:48.096000+00:00,10017,14,1258,414.2,14
2025-04-19T14:17:30.699000+00:00,10017,18,1258,421.4,14
2025-04-19T14:18:32.755000+00:00,10017,7,1258,873.5,14
2025-04-19T14:18:49.433000+00:00,10017,4,1258,169.1,13
2025-04-19T14:18:53.496000+00:00,10017,27,1258,40.1,11
2025-04-19T14:19:10.609000+00:00,10017,44,1258,19.9,14
2025-04-19T14:19:17.940000+00:00,10017,16,1258,35.7,15
2025-04-19T14:19:27.912000+00:00,10017,5,1258,603.0,17
2025-04-19T14:19:29.834000+00:00,10017,6,1258,640.2,10
2025-04-19T14:19:32.916000+00:00,10017,81,1258,229.3,13
2025-04-19T14:19:37.228000+00:00,10017,87,1258,91.1,10
2025-04-19T14:19:37.911000+00:00,10017,10,1258,622.4,10
2025-04-19T14:20:16.743000+00:00,10017,31,1258,325.9,13
2025-04-19T14:20:46.756000+00:00,10017,63,1258,23.2,12
2025-04-19T14:22:40.494000+00:00,10017,12,1258,22.0,13
2025-04-19T14:22:56.316000+00:00,10017,23,1258,400.1,11
2025-04-19T14:23:44.981000+00:00,10017,30,1258,323.8,13
2025-04-19T14:24:54.619000+00:00,10017,7,1258,25.6,17
2025-04-19T14:25:21.160000+00:00,10017,22,1258,514.0,10
2025-04-19T14:25:25.831000+00:00,10017,18,1258,119.4,17
2025-04-19T14:26:00.072000+00:00,10017,5,1258,15.3,20
2025-04-19T14:26:05.731000+00:00,10017,14,1258,229.8,17
2025-04-19T14:26:07.446000+00:00,10017,1,1258,545.8,10
2025-04-19T14:26:20.358000+00:00,10017,10,1258,19.1,13
2025-04-19T14:27:16.370000+00:00,10017,55,1258,151.6,12
2025-04-19T14:28:55.312000+00:00,10017,23,1258,23.6,14
2025-04-19T14:28:58.953000+00:00,10017,87,1258,227.7,13
2025-04-19T14:29:04.602000+00:00,10017,27,1258,263.5,14
2025-04-19T14:29:23.314000+00:00,10017,81,1258,150.5,17
2025-04-19T14:29:27.267000+00:00,10017,4,1258,324.8,16
2025-04-19T14:29:39.158000+00:00,10017,12,1258,90.6,16
2025-04-19T14:29:42.614000+00:00,10017,63,1258,192.9,15
2025-04-18T13:30:04.250000+00:00,10015,4,1258,,1
2025-04-18T13:30:04.625000+00:00,10015,31,1258,,1
2025-04-18T13:30:08.079000+00:00,10015,12,1258,,1
2025-04-18T13:30:08.360000+00:00,10015,23,1258,,1
2025-04-18T13:30:20.079000+00:00,10015,55,1258,,1
2025-04-18T13:30:27.954000+00:00,10015,30,1258,,1
2025-04-18T13:30:30.657000+00:00,10015,87,1258,,1
2025-04-18T13:30:31.579000+00:00,10015,1,1258,,1
2025-04-18T13:30:35.891000+00:00,10015,16,1258,,1
2025-04-18T13:30:37.501000+00:00,10015,44,1258,,1
2025-04-18T13:30:39.970000+00:00,10015,22,1258,,1
2025-04-18T13:30:41.376000+00:00,10015,5,1258,,1
2025-04-18T13:30:58.829000+00:00,10015,10,1258,,1
2025-04-18T13:31:02.204000+00:00,10015,81,1258,,1
2025-04-18T13:31:12.439000+00:00,10015,14,1258,,1
2025-04-18T13:31:23.470000+00:00,10015,6,1258,,1
2025-04-18T13:31:41.299000+00:00,10015,7,1258,,1
2025-04-18T13:31:58.736000+00:00,10015,27,1258,,1
2025-04-18T13:32:12.908000+00:00,10015,63,1258,,1
2025-04-18T13:32:18.940000+00:00,10015,18,1258,,1
2025-04-18T13:38:26.457000+00:00,10015,23,1258,365.0,2
2025-04-18T13:41:19.592000+00:00,10015,31,1258,444.2,3
2025-04-18T13:41:45.710000+00:00,10015,10,1258,28.4,6
2025-04-18T13:42:32.336000+00:00,10015,27,1258,25.2,6
2025-04-18T13:42:48.305000+00:00,10015,6,1258,28.4,6
2025-04-18T13:43:58.933000+00:00,10015,12,1258,15.8,7
2025-04-18T13:44:34.324000+00:00,10015,7,1258,26.7,7
2025-04-18T13:46:42.148000+00:00,10015,22,1258,24.8,8
2025-04-18T13:51:09.135000+00:00,10015,7,1258,24.9,10
2025-04-18T13:53:28.523000+00:00,10015,55,1258,354.3,10
2025-04-18T13:55:50.712000+00:00,10015,81,1258,637.5,8
2025-04-18T13:56:28.248000+00:00,10015,27,1258,521.3,9
2025-04-18T13:56:37.284000+00:00,10015,4,1258,770.3,8
2025-04-18T13:57:02.863000+00:00,10015,1,1258,609.1,9
2025-04-18T13:57:26.137000+00:00,10015,16,1258,333.4,11
2025-04-18T13:57:45.349000+00:00,10015,44,1258,321.9,11
2025-04-18T13:57:50.052000+00:00,10015,63,1258,674.7,8
2025-04-18T13:58:17.208000+00:00,10015,87,1258,900.1,7
2025-04-18T13:59:56.262000+00:00,10015,22,1258,464.8,11
2025-04-18T14:00:51.013000+00:00,10015,23,1258,377.4,10
2025-04-18T14:01:10.422000+00:00,10015,5,1258,824.6,9
2025-04-18T14:01:31.359000+00:00,10015,12,1258,717.4,10
2025-04-18T14:02:12.135000+00:00,10015,14,1258,637.1,11
2025-04-18T14:02:42.872000+00:00,10015,27,1258,28.1,12
2025-04-18T14:02:48.181000+00:00,10015,55,1258,239.3,13
2025-04-18T14:03:01.392000+00:00,10015,4,1258,31.3,11
2025-04-18T14:03:50.941000+00:00,10015,10,1258,608.8,12
2025-04-18T14:03:54.641000+00:00,10015,18,1258,824.6,10
2025-04-18T14:04:02.887000+00:00,10015,7,1258,451.2,13
2025-04-18T14:04:20.970000+00:00,10015,16,1258,21.5,14
2025-04-18T14:04:32.583000+00:00,10015,63,1258,26.1,11
2025-04-18T14:04:45.344000+00:00,10015,87,1258,26.8,10
2025-04-18T14:05:11.360000+00:00,10015,44,1258,24.6,14
2025-04-18T14:06:32.844000+00:00,10015,22,1258,25.3,14
2025-04-18T14:07:32.954000+00:00,10015,31,1258,807.1,10
2025-04-18T14:07:45.705000+00:00,10015,5,1258,27.9,12
2025-04-18T14:07:49.142000+00:00,10015,12,1258,16.2,13
2025-04-18T14:08:53.740000+00:00,10015,14,1258,26.2,14
2025-04-18T14:09:33.834000+00:00,10015,55,1258,22.4,16
2025-04-18T14:09:36.006000+00:00,10015,87,1258,33.8,12
2025-04-18T14:10:37.195000+00:00,10015,10,1258,27.7,15
2025-04-18T14:10:50.946000+00:00,10015,7,1258,33.2,16
2025-04-18T14:12:27.209000+00:00,10015,1,1258,326.1,14
2025-04-18T14:13:45.639000+00:00,10015,31,1258,28.4,13
2025-04-18T14:14:31.890000+00:00,10015,4,1258,360.4,14
2025-04-18T14:15:21.260000+00:00,10015,16,1258,310.7,17
2025-04-18T14:15:37.933000+00:00,10015,27,1258,454.8,15
2025-04-18T14:17:35.750000+00:00,10015,63,1258,546.4,13
2025-04-18T14:17:46.329000+00:00,10015,22,1258,325.9,17
2025-04-18T14:18:06.661000+00:00,10015,81,1258,437.1,16
2025-04-18T14:18:47.179000+00:00,10015,5,1258,327.8,15
2025-04-18T14:18:50.982000+00:00,10015,12,1258,291.7,16
2025-04-18T14:19:54.900000+00:00,10015,10,1258,334.2,17
2025-04-18T14:19:58.619000+00:00,10015,30,1258,1608.7,12
2025-04-18T14:20:05.994000+00:00,10015,6,1258,1871.2,9
2025-04-18T14:20:25.119000+00:00,10015,23,1258,423.3,16
2025-04-18T14:20:43.213000+00:00,10015,55,1258,315.8,19
2025-04-18T14:20:51.916000+00:00,10015,14,1258,376.6,17
2025-04-18T14:21:00.994000+00:00,10015,1,1258,23.6,19
2025-04-18T14:21:31.417000+00:00,10015,44,1258,275.6,20
2025-04-18T14:21:39.870000+00:00,10015,7,1258,277.6,19
2025-04-18T14:22:35.853000+00:00,10015,87,1258,445.6,15
2025-04-18T14:24:26.463000+00:00,10015,18,1258,239.5,18
2025-04-18T14:24:37.713000+00:00,10015,63,1258,15.2,17
2025-04-18T14:25:46.245000+00:00,10015,27,1258,24.8,21
2025-04-18T14:25:58.323000+00:00,10015,31,1258,264.3,17
2025-04-18T14:29:11.666000+00:00,10015,4,1258,20.1,23
2025-04-18T14:29:41.458000+00:00,10015,81,1258,20.7,23
2025-04-13T15:12:43.873000+00:00,10014,27,1257,24.2,5
2025-04-13T15:14:22.184000+00:00,10014,6,1257,25.2,6
2025-04-13T15:17:35.756000+00:00,10014,31,1257,24.8,8
2025-04-13T15:19:15.755000+00:00,10014,7,1257,24.7,9
2025-04-13T15:20:47.938000+00:00,10014,4,1257,29.8,10
2025-04-13T15:20:49.900000+00:00,10014,10,1257,25.0,10
2025-04-13T15:20:52.254000+00:00,10014,1,1257,26.5,10
2025-04-13T15:22:35.431000+00:00,10014,22,1257,26.4,11
2025-04-13T15:24:07.042000+00:00,10014,12,1257,24.8,12
2025-04-13T15:24:25.031000+00:00,10014,18,1257,24.6,12
2025-04-13T15:25:38.504000+00:00,10014,63,1257,24.0,13
2025-04-13T15:26:07.063000+00:00,10014,5,1257,24.1,13
2025-04-13T15:27:13.344000+00:00,10014,81,1257,24.4,14
2025-04-13T15:27:36.036000+00:00,10014,55,1257,24.6,14
2025-04-13T15:27:38.560000+00:00,10014,87,1257,24.5,14
2025-04-13T15:27:44.917000+00:00,10014,30,1257,25.2,14
2025-04-13T15:30:58.775000+00:00,10014,23,1257,25.3,16
2025-04-13T15:31:03.584000+00:00,10014,14,1257,24.8,16
2025-04-13T15:32:17.130000+00:00,10014,16,1257,24.8,17
2025-04-13T15:32:26.688000+00:00,10014,44,1257,24.3,17
2025-04-13T15:47:39.342000+00:00,10014,1,1257,28.0,26
2025-04-13T15:49:11.397000+00:00,10014,31,1257,24.8,27
2025-04-13T15:49:11.833000+00:00,10014,12,1257,24.5,27
2025-04-13T15:49:32.563000+00:00,10014,27,1257,24.2,27
2025-04-13T15:50:43.726000+00:00,10014,10,1257,24.9,28
2025-04-13T15:50:56.204000+00:00,10014,7,1257,25.0,28
2025-04-13T15:51:07.535000+00:00,10014,6,1257,24.6,28
2025-04-13T15:57:04.041000+00:00,10014,81,1257,24.9,32
2025-04-13T15:57:12.763000+00:00,10014,63,1257,24.1,32
2025-04-13T15:57:14.316000+00:00,10014,16,1257,24.2,32
2025-04-13T15:57:16.810000+00:00,10014,4,1257,24.0,32
2025-04-13T15:57:30.119000+00:00,10014,44,1257,24.3,32
2025-04-13T15:57:56.684000+00:00,10014,55,1257,24.3,32
2025-04-13T15:57:58.263000+00:00,10014,22,1257,24.7,32
2025-04-13T15:58:03.317000+00:00,10014,87,1257,24.8,32
2025-04-13T15:58:03.706000+00:00,10014,23,1257,25.9,32
2025-04-13T15:58:06.812000+00:00,10014,12,1257,24.6,32
2025-04-13T15:58:10.052000+00:00,10014,14,1257,24.8,32
2025-04-13T15:58:20.841000+00:00,10014,30,1257,24.1,32
2025-04-13T15:58:22.181000+00:00,10014,18,1257,24.5,32
2025-04-13T15:58:30.413000+00:00,10014,5,1257,25.3,32
2025-04-13T16:19:49.060000+00:00,10014,55,1257,37.1,44
2025-04-19T17:00:04.534000+00:00,10018,31,1258,,1
2025-04-19T17:00:14.307000+00:00,10018,87,1258,,1
2025-04-19T17:00:23.932000+00:00,10018,7,1258,,1
2025-04-19T17:00:31.733000+00:00,10018,27,1258,,1
2025-04-19T17:00:41.732000+00:00,10018,5,1258,,1
2025-04-19T17:00:50.708000+00:00,10018,23,1258,,1
2025-04-19T17:00:56.176000+00:00,10018,55,1258,,1
2025-04-19T17:01:01.161000+00:00,10018,10,1258,,1
2025-04-19T17:01:08.488000+00:00,10018,14,1258,,1
2025-04-19T17:01:13.425000+00:00,10018,18,1258,,1
2025-04-19T17:01:32.921000+00:00,10018,4,1258,,1
2025-04-19T17:01:37.571000+00:00,10018,16,1258,,1
2025-04-19T17:01:42.286000+00:00,10018,44,1258,,1
2025-04-19T17:03:28.543000+00:00,10018,1,1258,,1
2025-04-19T17:03:36.724000+00:00,10018,22,1258,,1
2025-04-19T17:03:49.041000+00:00,10018,81,1258,,1
2025-04-19T17:04:27.270000+00:00,10018,63,1258,,1
2025-04-19T17:04:30.602000+00:00,10018,12,1258,,1
2025-04-19T17:05:17.015000+00:00,10018,6,1258,,1
2025-04-19T17:05:53.678000+00:00,10018,30,1258,,1
2025-04-19T17:06:13.147000+00:00,10018,5,1258,23.0,4
2025-04-19T17:06:19.600000+00:00,10018,31,1258,46.6,4
2025-04-19T17:06:37.778000+00:00,10018,87,1258,56.5,4
2025-04-19T17:06:54.845000+00:00,10018,14,1258,26.5,4
2025-04-19T17:07:00.443000+00:00,10018,27,1258,62.6,4
2025-04-19T17:07:03.188000+00:00,10018,18,1258,22.4,4
2025-04-19T17:08:08.532000+00:00,10018,44,1258,36.3,4
2025-04-19T17:08:17.954000+00:00,10018,16,1258,58.9,4
2025-04-19T17:10:59.764000+00:00,10018,23,1258,92.5,6
2025-04-19T17:12:44.497000+00:00,10018,81,1258,200.4,4
2025-04-19T17:13:12.545000+00:00,10018,12,1258,193.6,4
2025-04-19T17:13:23.500000+00:00,10018,7,1258,135.1,7
2025-04-19T17:13:29.280000+00:00,10018,6,1258,172.8,4
2025-04-19T17:13:33.218000+00:00,10018,1,1258,284.8,4
2025-04-19T17:13:35.515000+00:00,10018,55,1258,97.3,7
2025-04-19T17:13:44.279000+00:00,10018,30,1258,157.3,4
2025-04-19T17:13:48.161000+00:00,10018,31,1258,133.5,7
2025-04-19T17:13:55.063000+00:00,10018,22,1258,278.7,4
2025-04-19T17:14:04.479000+00:00,10018,87,1258,136.5,7
2025-04-19T17:14:25.046000+00:00,10018,10,1258,157.8,7
2025-04-19T17:14:35.140000+00:00,10018,14,1258,135.9,7
2025-04-19T17:14:51.032000+00:00,10018,18,1258,147.2,7
2025-04-19T17:15:00.666000+00:00,10018,27,1258,171.2,7
2025-04-19T17:15:08.728000+00:00,10018,5,1258,211.7,7
2025-04-19T17:15:16.700000+00:00,10018,44,1258,83.7,7
2025-04-19T17:15:20.279000+00:00,10018,16,1258,71.9,7
2025-04-19T17:15:46.623000+00:00,10018,63,1258,352.6,4
2025-04-19T17:25:03.564000+00:00,10018,23,1258,533.5,9
2025-04-19T17:25:46.695000+00:00,10018,87,1258,345.2,10
2025-04-19T17:26:01.007000+00:00,10018,10,1258,364.6,10
2025-04-19T17:26:03.913000+00:00,10018,6,1258,429.3,7
2025-04-19T17:26:06.757000+00:00,10018,55,1258,411.8,10
2025-04-19T17:26:17.078000+00:00,10018,81,1258,489.9,7
2025-04-19T17:26:30.873000+00:00,10018,14,1258,486.5,9
2025-04-19T17:26:38.266000+00:00,10018,12,1258,484.2,7
2025-04-19T17:26:51.254000+00:00,10018,63,1258,422.6,6
2025-04-19T17:27:01.849000+00:00,10018,1,1258,472.5,7
2025-04-19T17:27:12.070000+00:00,10018,30,1258,465.6,7
2025-04-19T17:27:17.829000+00:00,10018,16,1258,489.8,9
2025-04-19T17:27:25.126000+00:00,10018,44,1258,392.8,10
2025-04-19T17:27:35.095000+00:00,10018,22,1258,464.5,7
2025-04-19T17:28:04.985000+00:00,10018,4,1258,930.3,7
2025-04-19T17:32:34.012000+00:00,10018,23,1258,135.5,12
2025-04-19T17:35:26.212000+00:00,10018,63,1258,190.6,9
2025-04-19T17:35:28.511000+00:00,10018,12,1258,199.9,10
2025-04-19T17:35:34.281000+00:00,10018,81,1258,218.3,10
2025-04-19T17:35:37.161000+00:00,10018,55,1258,224.8,13
2025-04-19T17:35:39.554000+00:00,10018,87,1258,273.2,13
2025-04-19T17:35:43.351000+00:00,10018,6,1258,245.8,10
2025-04-19T17:36:09.323000+00:00,10018,30,1258,313.8,9
2025-04-19T17:36:23.276000+00:00,10018,16,1258,215.7,12
2025-04-19T17:36:38.397000+00:00,10018,44,1258,221.9,13
2025-04-19T17:36:46.254000+00:00,10018,10,1258,315.0,13
2025-04-19T17:36:55.847000+00:00,10018,14,1258,295.6,12
2025-04-19T17:37:11.426000+00:00,10018,22,1258,240.5,10
2025-04-19T17:37:22.801000+00:00,10018,1,1258,285.9,10
2025-04-19T17:48:13.792000+00:00,10018,81,1258,431.2,13
2025-04-19T17:48:19.542000+00:00,10018,63,1258,450.9,12
2025-04-19T17:48:21.957000+00:00,10018,12,1258,446.2,13
2025-04-19T17:48:25.891000+00:00,10018,55,1258,431.4,16
2025-04-19T17:48:33.330000+00:00,10018,16,1258,395.6,15
2025-04-19T17:48:48.198000+00:00,10018,4,1258,925.6,10
2025-04-19T17:48:58.174000+00:00,10018,44,1258,410.8,16
2025-04-19T17:49:10.767000+00:00,10018,10,1258,412.6,16
2025-04-19T17:49:26.269000+00:00,10018,1,1258,409.7,13
2025-04-19T17:49:41.989000+00:00,10018,22,1258,426.6,13
2025-04-19T18:01:03.406000+00:00,10018,55,1258,1188.7,18
2025-04-19T18:01:08.374000+00:00,10018,10,1258,1130.5,18
2025-04-19T18:01:19.328000+00:00,10018,1,1258,1123.0,14
2025-04-19T18:04:53.602000+00:00,10018,63,1258,1445.1,14
2025-04-19T18:04:56.324000+00:00,10018,12,1258,1440.5,15
2025-04-19T18:05:09.619000+00:00,10018,22,1258,1354.5,14
2025-04-19T18:05:30.995000+00:00,10018,16,1258,1413.3,17
2025-04-19T18:05:35.617000+00:00,10018,44,1258,1408.5,18
2025-04-19T18:05:46.291000+00:00,10018,10,1258,66.2,20
2025-04-19T18:06:07.320000+00:00,10018,81,1258,1504.7,16
2025-04-19T18:06:43.867000+00:00,10018,1,1258,24.1,17
2025-04-19T18:06:48.117000+00:00,10018,55,1258,29.0,21
2025-05-02T16:30:04.979000+00:00,10023,81,1259,,1
2025-05-02T16:30:11.382000+00:00,10023,10,1259,,1
2025-05-02T16:30:14.538000+00:00,10023,5,1259,,1
2025-05-02T16:30:20.572000+00:00,10023,16,1259,,1
2025-05-02T16:30:22.128000+00:00,10023,55,1259,,1
2025-05-02T16:30:23.613000+00:00,10023,23,1259,,1
2025-05-02T16:30:27.859000+00:00,10023,6,1259,,1
2025-05-02T16:30:32.979000+00:00,10023,87,1259,,1
2025-05-02T16:30:46.192000+00:00,10023,30,1259,,1
2025-05-02T16:31:06.808000+00:00,10023,7,1259,,1
2025-05-02T16:31:13.622000+00:00,10023,1,1259,,1
2025-05-02T16:31:25.091000+00:00,10023,22,1259,,1
2025-05-02T16:31:33.825000+00:00,10023,31,1259,,1
2025-05-02T16:31:41.521000+00:00,10023,44,1259,,1
2025-05-02T16:31:52.646000+00:00,10023,12,1259,,1
2025-05-02T16:31:59.842000+00:00,10023,4,1259,,1
2025-05-02T16:32:06.343000+00:00,10023,27,1259,,1
2025-05-02T16:32:11.546000+00:00,10023,18,1259,,1
2025-05-02T16:32:14.826000+00:00,10023,14,1259,,1
2025-05-02T16:32:59.416000+00:00,10023,63,1259,,1
2025-05-02T16:34:33.857000+00:00,10023,18,1259,24.2,2
2025-05-02T16:34:48.527000+00:00,10023,4,1259,41.0,2
2025-05-02T16:34:51.102000+00:00,10023,14,1259,30.5,2
2025-05-02T16:36:42.841000+00:00,10023,18,1259,22.7,3
2025-05-02T16:37:10.917000+00:00,10023,14,1259,26.1,3
2025-05-02T16:38:00.279000+00:00,10023,87,1259,69.9,4
2025-05-02T16:38:09.996000+00:00,10023,12,1259,26.4,4
2025-05-02T16:39:16.558000+00:00,10023,18,1259,42.9,4
2025-05-02T16:39:48.047000+00:00,10023,14,1259,46.6,4
2025-05-02T16:40:50.318000+00:00,10023,55,1259,26.6,6
2025-05-02T16:41:06.918000+00:00,10023,23,1259,25.3,6
2025-05-02T16:41:48.929000+00:00,10023,1,1259,24.4,6
2025-05-02T16:42:05.930000+00:00,10023,22,1259,26.1,6
2025-05-02T16:42:11.064000+00:00,10023,31,1259,33.9,6
2025-05-02T16:44:27.866000+00:00,10023,12,1259,28.6,7
2025-05-02T16:44:45.506000+00:00,10023,87,1259,43.9,7
2025-05-02T16:47:23.967000+00:00,10023,23,1259,26.4,9
2025-05-02T16:49:49.632000+00:00,10023,18,1259,53.2,9
2025-05-02T16:49:54.984000+00:00,10023,14,1259,41.5,9
2025-05-02T16:51:09.481000+00:00,10023,12,1259,32.6,10
2025-05-02T16:54:13.053000+00:00,10023,5,1259,765.9,7
2025-05-02T16:55:51.622000+00:00,10023,30,1259,324.4,11
2025-05-02T16:56:15.432000+00:00,10023,81,1259,651.1,9
2025-05-02T16:56:26.864000+00:00,10023,4,1259,524.0,9
2025-05-02T16:56:32.523000+00:00,10023,22,1259,522.1,9
2025-05-02T16:57:32.809000+00:00,10023,6,1259,250.1,13
2025-05-02T16:58:02.562000+00:00,10023,63,1259,557.0,9
2025-05-02T16:58:33.848000+00:00,10023,10,1259,528.0,11
2025-05-02T16:58:39.675000+00:00,10023,27,1259,1101.6,5
2025-05-02T16:58:41.050000+00:00,10023,87,1259,507.0,10
2025-05-02T16:59:14.693000+00:00,10023,23,1259,393.5,12
2025-05-02T16:59:20.787000+00:00,10023,55,1259,314.8,13
2025-05-02T16:59:40.778000+00:00,10023,16,1259,576.5,11
2025-05-02T16:59:52.910000+00:00,10023,5,1259,26.6,10
2025-05-02T17:00:30.457000+00:00,10023,1,1259,806.3,9
2025-05-02T17:01:44.736000+00:00,10023,12,1259,309.1,13
2025-05-02T17:01:53.822000+00:00,10023,31,1259,833.5,9
2025-05-02T17:01:58.582000+00:00,10023,7,1259,421.8,13
2025-05-02T17:02:05.524000+00:00,10023,81,1259,24.3,12
2025-05-02T17:04:11.770000+00:00,10023,14,1259,56.5,17
2025-05-02T17:04:33.267000+00:00,10023,44,1259,575.3,12
2025-05-02T17:11:50.374000+00:00,10023,23,1259,22.3,20
2025-05-02T17:13:37.712000+00:00,10023,27,1259,548.8,8
2025-05-02T17:13:38.979000+00:00,10023,4,1259,28.3,19
2025-05-02T17:15:55.683000+00:00,10023,14,1259,513.8,19
2025-05-02T17:16:39.527000+00:00,10023,55,1259,300.2,21
2025-05-02T17:17:06.138000+00:00,10023,23,1259,225.5,21
2025-05-02T17:17:42.708000+00:00,10023,18,1259,751.4,18
2025-05-02T17:18:22.152000+00:00,10023,22,1259,467.0,18
2025-05-02T17:18:39.063000+00:00,10023,30,1259,623.1,19
2025-05-02T17:18:56.758000+00:00,10023,6,1259,538.2,21
2025-05-02T17:19:23.900000+00:00,10023,1,1259,290.9,18
2025-05-02T17:20:17.551000+00:00,10023,16,1259,353.5,20
2025-05-02T17:20:32.407000+00:00,10023,81,1259,314.9,20
2025-05-02T17:21:04.534000+00:00,10023,27,1259,98.4,11
2025-05-02T17:21:51.962000+00:00,10023,5,1259,667.9,17
2025-05-02T17:22:16.438000+00:00,10023,4,1259,424.8,20
2025-05-02T17:22:19.460000+00:00,10023,87,1259,391.2,21
2025-05-02T17:22:26.059000+00:00,10023,31,1259,307.9,18
2025-05-02T17:22:39.814000+00:00,10023,44,1259,353.6,19
2025-05-02T17:24:37.379000+00:00,10023,7,1259,499.1,22
2025-05-02T17:24:55.700000+00:00,10023,22,1259,29.6,21
2025-05-02T17:25:04.812000+00:00,10023,10,1259,479.0,22
2025-05-02T20:30:03.686000+00:00,10024,5,1259,,1
2025-05-02T20:30:09.481000+00:00,10024,27,1259,,1
2025-05-02T20:30:16.432000+00:00,10024,22,1259,,1
2025-05-02T20:30:28.170000+00:00,10024,1,1259,,1
2025-05-02T20:30:30.781000+00:00,10024,55,1259,,1
2025-05-02T20:30:40.771000+00:00,10024,6,1259,,1
2025-05-02T20:30:44.537000+00:00,10024,23,1259,,1
2025-05-02T20:30:52.195000+00:00,10024,10,1259,,1
2025-05-02T20:31:07.181000+00:00,10024,30,1259,,1
2025-05-02T20:31:22.734000+00:00,10024,7,1259,,1
2025-05-02T20:31:29.582000+00:00,10024,18,1259,,1
2025-05-02T20:31:35.700000+00:00,10024,14,1259,,1
2025-05-02T20:31:51.678000+00:00,10024,44,1259,,1
2025-05-02T20:31:57.336000+00:00,10024,16,1259,,1
2025-05-02T20:32:04.289000+00:00,10024,87,1259,,1
2025-05-02T20:32:06.976000+00:00,10024,31,1259,,1
2025-05-02T20:32:27.055000+00:00,10024,4,1259,,1
2025-05-02T20:32:57.929000+00:00,10024,81,1259,,1
2025-05-02T20:33:24.679000+00:00,10024,12,1259,,1
2025-05-02T20:33:32.545000+00:00,10024,63,1259,,1
2025-05-02T20:38:12.148000+00:00,10024,4,1259,24.2,4
2025-05-02T20:38:33.697000+00:00,10024,18,1259,98.9,4
2025-05-02T20:38:37.572000+00:00,10024,27,1259,189.1,4
2025-05-02T20:38:38.975000+00:00,10024,5,1259,199.5,4
2025-05-02T20:38:48.736000+00:00,10024,6,1259,156.1,4
2025-05-02T20:39:00.314000+00:00,10024,14,1259,123.7,4
2025-05-02T20:39:12.064000+00:00,10024,55,1259,190.2,4
2025-05-02T20:39:16.627000+00:00,10024,23,1259,181.6,4
2025-05-02T20:39:25.799000+00:00,10024,30,1259,173.2,4
2025-05-02T20:39:38.705000+00:00,10024,10,1259,190.8,4
2025-05-02T20:39:48.143000+00:00,10024,31,1259,126.2,4
2025-05-02T20:40:04.609000+00:00,10024,1,1259,254.9,4
2025-05-02T20:40:13.687000+00:00,10024,22,1259,271.0,4
2025-05-02T20:40:19.624000+00:00,10024,87,1259,163.5,4
2025-05-02T20:40:20.905000+00:00,10024,7,1259,213.0,4
2025-05-02T20:49:10.413000+00:00,10024,14,1259,275.9,7
2025-05-02T20:49:17.425000+00:00,10024,1,1259,438.0,5
2025-05-02T20:49:20.909000+00:00,10024,12,1259,302.6,7
2025-05-02T20:49:24.052000+00:00,10024,63,1259,267.1,7
2025-05-02T20:49:28.303000+00:00,10024,23,1259,269.0,7
2025-05-02T20:49:35.112000+00:00,10024,44,1259,399.9,7
2025-05-02T20:50:02.091000+00:00,10024,4,1259,486.4,6
2025-05-02T20:50:13.954000+00:00,10024,81,1259,383.0,7
2025-05-02T20:50:24.780000+00:00,10024,16,1259,349.0,8
2025-05-02T20:54:52.541000+00:00,10024,10,1259,581.0,7
2025-05-02T20:55:28.488000+00:00,10024,63,1259,26.7,10
2025-05-02T20:55:30.582000+00:00,10024,27,1259,692.5,7
2025-05-02T20:55:32.613000+00:00,10024,31,1259,617.5,7
2025-05-02T20:55:41.113000+00:00,10024,6,1259,676.6,7
2025-05-02T20:56:05.317000+00:00,10024,14,1259,309.8,8
2025-05-02T20:56:21.754000+00:00,10024,55,1259,693.8,7
2025-05-02T20:56:24.832000+00:00,10024,12,1259,98.2,10
2025-05-02T20:56:34.499000+00:00,10024,30,1259,801.1,6
2025-05-02T20:56:42.017000+00:00,10024,44,1259,70.6,10
2025-05-02T20:56:47.723000+00:00,10024,23,1259,104.5,10
2025-05-02T21:06:03.324000+00:00,10024,1,1259,368.0,11
2025-05-02T21:06:12.883000+00:00,10024,63,1259,315.9,13
2025-05-02T21:11:02.002000+00:00,10024,23,1259,533.9,13
2025-05-02T21:11:09.750000+00:00,10024,14,1259,565.1,11
2025-05-02T21:11:15.802000+00:00,10024,44,1259,543.3,13
2025-05-02T21:11:18.718000+00:00,10024,12,1259,558.2,13
2025-05-02T21:11:23.799000+00:00,10024,4,1259,624.9,12
2025-05-02T21:11:34.005000+00:00,10024,81,1259,954.1,10
2025-05-02T21:11:58.703000+00:00,10024,16,1259,641.8,14
2025-05-02T21:12:01.312000+00:00,10024,6,1259,625.4,10
2025-05-03T20:15:03.976000+00:00,10029,5,1259,,1
2025-05-03T20:15:12.085000+00:00,10029,27,1259,,1
2025-05-03T20:15:18.226000+00:00,10029,10,1259,,1
2025-05-03T20:15:29.209000+00:00,10029,7,1259,,1
2025-05-03T20:15:35.549000+00:00,10029,18,1259,,1
2025-05-03T20:15:38.765000+00:00,10029,55,1259,,1
2025-05-03T20:15:43.059000+00:00,10029,14,1259,,1
2025-05-03T20:15:46.871000+00:00,10029,23,1259,,1
2025-05-03T20:15:52.737000+00:00,10029,6,1259,,1
2025-05-03T20:16:12.462000+00:00,10029,30,1259,,1
2025-05-03T20:16:20.706000+00:00,10029,87,1259,,1
2025-05-03T20:16:24.585000+00:00,10029,31,1259,,1
2025-05-03T20:16:30.294000+00:00,10029,22,1259,,1
2025-05-03T20:16:38.637000+00:00,10029,1,1259,,1
2025-05-03T20:16:48.041000+00:00,10029,44,1259,,1
2025-05-03T20:16:55.399000+00:00,10029,81,1259,,1
2025-05-03T20:17:09.648000+00:00,10029,4,1259,,1
2025-05-03T20:17:17.369000+00:00,10029,16,1259,,1
2025-05-03T20:17:24.806000+00:00,10029,12,1259,,1
2025-05-03T20:17:31.744000+00:00,10029,63,1259,,1
2025-05-03T20:21:03.311000+00:00,10029,10,1259,32.3,4
2025-05-03T20:21:13.702000+00:00,10029,6,1259,103.0,3
2025-05-03T20:21:24.049000+00:00,10029,18,1259,37.2,4
2025-05-03T20:21:36.565000+00:00,10029,14,1259,41.6,4
2025-05-03T20:21:43.955000+00:00,10029,55,1259,46.5,4
2025-05-03T20:21:49.236000+00:00,10029,23,1259,39.9,4
2025-05-03T20:21:53.987000+00:00,10029,12,1259,57.6,3
2025-05-03T20:22:05.752000+00:00,10029,5,1259,126.0,4
2025-05-03T20:22:13.049000+00:00,10029,30,1259,155.6,3
2025-05-03T20:22:31.487000+00:00,10029,27,1259,142.3,4
2025-05-03T20:22:38.815000+00:00,10029,63,1259,91.1,3
2025-05-03T20:22:43.988000+00:00,10029,7,1259,125.7,4
2025-05-03T20:22:51.837000+00:00,10029,31,1259,84.8,4
2025-05-03T20:22:56.804000+00:00,10029,22,1259,83.3,4
2025-05-03T20:23:04.913000+00:00,10029,16,1259,44.0,4
2025-05-03T20:23:15.013000+00:00,10029,44,1259,84.8,4
2025-05-03T20:24:08.198000+00:00,10029,1,1259,148.8,4
2025-05-03T20:24:14.675000+00:00,10029,81,1259,127.0,4
2025-05-03T20:24:24.365000+00:00,10029,4,1259,132.5,4
2025-05-03T20:27:57.164000+00:00,10029,12,1259,29.3,6
2025-05-03T20:28:24.502000+00:00,10029,63,1259,23.5,6
2025-05-03T20:28:36.814000+00:00,10029,87,1259,98.7,7
2025-05-03T20:28:55.438000+00:00,10029,10,1259,148.3,7
2025-05-03T20:29:02.650000+00:00,10029,6,1259,143.2,6
2025-05-03T20:29:12.826000+00:00,10029,18,1259,152.1,7
2025-05-03T20:29:24.615000+00:00,10029,30,1259,115.4,6
2025-05-03T20:29:33.898000+00:00,10029,14,1259,157.5,7
2025-05-03T20:29:39.498000+00:00,10029,23,1259,135.7,7
2025-05-03T20:29:50.759000+00:00,10029,7,1259,106.9,7
2025-05-03T20:29:57.135000+00:00,10029,5,1259,160.8,7
2025-05-03T20:30:19.479000+00:00,10029,27,1259,163.5,7
2025-05-03T20:30:23.541000+00:00,10029,31,1259,144.3,7
2025-05-03T20:30:27.104000+00:00,10029,55,1259,207.2,7
2025-05-03T20:30:30.651000+00:00,10029,44,1259,107.0,7
2025-05-03T20:30:40.917000+00:00,10029,22,1259,144.9,7
2025-05-03T20:40:03.435000+00:00,10029,1,1259,630.0,7
2025-05-03T20:40:08.779000+00:00,10029,22,1259,238.9,10
2025-05-03T20:40:13.576000+00:00,10029,31,1259,268.1,10
2025-05-03T20:40:19.201000+00:00,10029,16,1259,378.4,10
2025-05-03T20:40:24.404000+00:00,10029,5,1259,310.3,10
2025-05-03T20:40:36.561000+00:00,10029,55,1259,370.8,9
2025-05-03T20:40:47.245000+00:00,10029,44,1259,281.1,10
2025-05-03T20:40:57.186000+00:00,10029,6,1259,380.5,9
2025-05-03T20:41:05.242000+00:00,10029,30,1259,377.5,9
2025-05-03T20:41:12.405000+00:00,10029,23,1259,370.3,10
2025-05-03T20:41:23.721000+00:00,10029,81,1259,562.3,8
2025-05-03T20:41:40.630000+00:00,10029,4,1259,377.9,10
2025-05-03T20:41:51.130000+00:00,10029,7,1259,401.1,10
2025-05-03T20:41:56.097000+00:00,10029,12,1259,516.6,9
2025-05-03T20:42:04.563000+00:00,10029,63,1259,508.3,9
2025-05-03T20:49:59.793000+00:00,10029,22,1259,277.3,13
2025-05-03T20:50:03.684000+00:00,10029,31,1259,275.2,13
2025-05-03T20:50:06.543000+00:00,10029,5,1259,263.1,13
2025-05-03T20:50:10.684000+00:00,10029,6,1259,316.2,11
2025-05-03T20:50:16.187000+00:00,10029,4,1259,195.8,13
2025-05-03T20:50:37.587000+00:00,10029,12,1259,200.0,12
2025-05-03T20:50:44.267000+00:00,10029,1,1259,330.8,10
2025-05-03T20:50:53.908000+00:00,10029,44,1259,301.1,13
2025-05-03T20:51:04.484000+00:00,10029,16,1259,330.2,13
2025-05-03T20:51:08.834000+00:00,10029,55,1259,309.6,12
2025-05-03T20:51:15.821000+00:00,10029,63,1259,236.5,12
2025-05-03T20:51:25.976000+00:00,10029,7,1259,255.7,13
2025-05-03T20:51:35.612000+00:00,10029,30,1259,316.6,12
2025-05-03T20:51:49.410000+00:00,10029,23,1259,319.3,13
2025-05-03T21:03:04.783000+00:00,10029,31,1259,462.5,16
2025-05-03T21:03:11.158000+00:00,10029,22,1259,477.9,16
2025-05-03T21:03:15.089000+00:00,10029,16,1259,415.1,16
2025-05-03T21:03:25.411000+00:00,10029,1,1259,448.2,13
2025-05-03T21:03:36.768000+00:00,10029,81,1259,1003.5,11
2025-05-03T21:03:42.693000+00:00,10029,4,1259,474.4,16
2025-05-03T21:04:01.454000+00:00,10029,55,1259,452.2,15
2025-05-03T21:04:05.428000+00:00,10029,23,1259,511.3,15
2025-05-03T21:04:08.782000+00:00,10029,12,1259,492.5,15
2025-05-03T21:04:20.422000+00:00,10029,63,1259,459.2,15
2025-05-03T21:11:06.871000+00:00,10029,22,1259,169.5,19
2025-05-03T21:11:12.642000+00:00,10029,1,1259,168.3,16
2025-05-03T21:11:15.049000+00:00,10029,31,1259,181.3,19
2025-05-03T21:11:20.644000+00:00,10029,16,1259,279.9,18
2025-05-03T21:11:43.158000+00:00,10029,4,1259,169.1,19
2025-05-03T21:11:52.753000+00:00,10029,81,1259,182.2,14
2025-05-03T21:12:02.335000+00:00,10029,55,1259,171.3,18
2025-05-03T21:12:04.165000+00:00,10029,23,1259,170.1,18
2025-05-03T21:12:08.783000+00:00,10029,12,1259,164.3,18
2025-05-03T21:12:34.407000+00:00,10029,63,1259,178.4,18
2025-05-03T16:48:42.988000+00:00,10028,22,1259,22.5,10
2025-05-03T16:50:10.720000+00:00,10028,44,1259,22.3,11
2025-05-03T16:50:20.799000+00:00,10028,18,1259,22.8,11
2025-05-03T16:50:21.142000+00:00,10028,55,1259,22.3,11
2025-05-03T16:51:41.578000+00:00,10028,12,1259,18.4,12
2025-05-03T16:51:44.168000+00:00,10028,1,1259,25.8,12
2025-05-03T16:51:54.406000+00:00,10028,23,1259,22.8,12
2025-05-03T16:52:00.524000+00:00,10028,30,1259,23.1,12
2025-05-03T16:52:05.373000+00:00,10028,87,1259,22.5,12
2025-05-03T16:52:10.338000+00:00,10028,10,1259,23.2,12
2025-05-03T16:52:12.578000+00:00,10028,27,1259,24.5,12
2025-05-03T16:52:19.456000+00:00,10028,5,1259,25.7,12
2025-05-03T16:52:21.426000+00:00,10028,7,1259,31.7,12
2025-05-03T16:53:16.992000+00:00,10028,81,1259,22.2,13
2025-05-03T16:53:32.125000+00:00,10028,63,1259,22.9,13
2025-05-03T16:53:40.213000+00:00,10028,14,1259,23.4,13
2025-05-03T16:53:45.939000+00:00,10028,12,1259,24.0,13
2025-05-03T16:53:49.479000+00:00,10028,6,1259,22.8,13
2025-05-03T16:53:53.939000+00:00,10028,31,1259,22.7,13
2025-05-03T16:54:59.318000+00:00,10028,4,1259,23.4,14
2025-05-16T11:30:02.378000+00:00,9980,87,1260,,1
2025-05-16T11:30:10.691000+00:00,9980,55,1260,,1
2025-05-16T11:30:20.316000+00:00,9980,27,1260,,1
2025-05-16T11:30:27.809000+00:00,9980,31,1260,,1
2025-05-16T11:30:33.669000+00:00,9980,5,1260,,1
2025-05-16T11:30:39.975000+00:00,9980,30,1260,,1
2025-05-16T11:30:43.835000+00:00,9980,44,1260,,1
2025-05-16T11:30:44.772000+00:00,9980,43,1260,,1
2025-05-16T11:30:49.647000+00:00,9980,16,1260,,1
2025-05-16T11:30:51.907000+00:00,9980,10,1260,,1
2025-05-16T11:31:03.561000+00:00,9980,63,1260,,1
2025-05-16T11:31:04.480000+00:00,9980,4,1260,,1
2025-05-16T11:31:05.024000+00:00,9980,14,1260,,1
2025-05-16T11:31:07.944000+00:00,9980,12,1260,,1
2025-05-16T11:31:10.764000+00:00,9980,18,1260,,1
2025-05-16T11:31:14.795000+00:00,9980,1,1260,,1
2025-05-16T11:31:31.608000+00:00,9980,81,1260,,1
2025-05-16T11:33:07.826000+00:00,9980,22,1260,,1
2025-05-16T11:33:20.807000+00:00,9980,5,1260,65.8,2
2025-05-16T11:33:32.055000+00:00,9980,6,1260,,1
2025-05-16T11:34:30.048000+00:00,9980,27,1260,75.0,3
2025-05-16T11:35:54.189000+00:00,9980,23,1260,,1
2025-05-16T11:36:33.343000+00:00,9980,43,1260,25.4,4
2025-05-16T11:37:03.171000+00:00,9980,10,1260,59.7,4
2025-05-16T11:37:17.703000+00:00,9980,12,1260,24.9,4
2025-05-16T11:39:16.762000+00:00,9980,31,1260,38.5,6
2025-05-16T11:41:08.842000+00:00,9980,55,1260,545.9,2
2025-05-16T11:42:41.618000+00:00,9980,10,1260,24.7,7
2025-05-16T11:42:46.047000+00:00,9980,43,1260,39.5,7
2025-05-16T11:43:17.624000+00:00,9980,4,1260,59.5,7
2025-05-16T11:43:52.066000+00:00,9980,30,1260,177.6,7
2025-05-16T11:45:24.967000+00:00,9980,87,1260,628.5,4
2025-05-16T11:46:26.611000+00:00,9980,22,1260,463.8,4
2025-05-16T11:46:51.867000+00:00,9980,63,1260,296.0,7
2025-05-16T11:48:37.932000+00:00,9980,1,1260,699.6,4
2025-05-16T11:48:43.851000+00:00,9980,10,1260,35.9,10
2025-05-16T11:49:01.212000+00:00,9980,12,1260,395.3,7
2025-05-16T11:49:08.212000+00:00,9980,43,1260,44.4,10
2025-05-16T11:49:23.171000+00:00,9980,55,1260,51.2,6
2025-05-16T11:51:35.670000+00:00,9980,87,1260,54.9,7
2025-05-16T11:52:34.783000+00:00,9980,16,1260,453.6,9
2025-05-16T11:52:40.235000+00:00,9980,22,1260,38.4,7
2025-05-16T11:54:28.497000+00:00,9980,44,1260,555.2,9
2025-05-16T11:54:42.637000+00:00,9980,43,1260,31.8,13
2025-05-16T11:55:06.401000+00:00,9980,55,1260,25.1,9
2025-05-16T11:56:51.178000+00:00,9980,12,1260,173.8,10
2025-05-16T11:57:09.059000+00:00,9980,63,1260,325.9,10
2025-05-16T11:57:54.348000+00:00,9980,14,1260,662.3,10
2025-05-16T11:59:09.323000+00:00,9980,5,1260,623.4,11
2025-05-16T11:59:12.605000+00:00,9980,81,1260,699.0,10
2025-05-16T11:59:54.660000+00:00,9980,27,1260,705.2,11
2025-05-16T12:00:19.385000+00:00,9980,23,1260,412.7,11
2025-05-16T12:01:25.871000+00:00,9980,4,1260,780.9,10
2025-05-16T12:01:44.539000+00:00,9980,6,1260,746.5,10
2025-05-16T12:01:53.251000+00:00,9980,30,1260,472.6,13
2025-05-16T12:02:30.358000+00:00,9980,18,1260,747.8,11
2025-05-16T12:02:40.061000+00:00,9980,10,1260,526.0,13
2025-05-16T12:02:49.903000+00:00,9980,16,1260,344.6,12
2025-05-16T12:03:06.557000+00:00,9980,44,1260,234.6,12
2025-05-16T12:04:56.422000+00:00,9980,5,1260,35.7,14
2025-05-16T12:04:57.297000+00:00,9980,31,1260,1054.6,11
2025-05-16T12:05:00.422000+00:00,9980,87,1260,534.0,10
2025-05-16T12:05:26.641000+00:00,9980,27,1260,37.4,14
2025-05-16T12:06:32.279000+00:00,9980,22,1260,406.9,11
2025-05-16T12:08:11.212000+00:00,9980,12,1260,369.6,13
2025-05-16T12:08:43.745000+00:00,9980,10,1260,24.8,16
2025-05-16T12:08:50.702000+00:00,9980,16,1260,29.3,15
2025-05-16T12:08:52.131000+00:00,9980,6,1260,245.3,12
2025-05-16T12:08:57.669000+00:00,9980,18,1260,42.3,14
2025-05-16T12:09:03.778000+00:00,9980,55,1260,563.3,12
2025-05-16T12:09:49.690000+00:00,9980,43,1260,813.8,14
2025-05-16T12:11:17.361000+00:00,9980,22,1260,39.1,13
2025-05-16T12:11:18.220000+00:00,9980,44,1260,32.4,16
2025-05-16T12:11:31.939000+00:00,9980,87,1260,77.7,13
2025-05-16T12:11:36.017000+00:00,9980,31,1260,71.3,14
2025-05-16T12:12:15.127000+00:00,9980,30,1260,337.1,16
2025-05-16T12:13:48.245000+00:00,9980,43,1260,24.8,16
2025-05-16T12:14:30.640000+00:00,9980,10,1260,36.0,19
2025-05-16T12:14:34.093000+00:00,9980,55,1260,24.7,15
2025-05-16T12:15:15.230000+00:00,9980,4,1260,329.2,15
2025-05-16T12:15:25.853000+00:00,9980,1,1260,987.3,10
2025-05-16T12:16:47.448000+00:00,9980,63,1260,412.9,19
2025-05-16T12:17:10.370000+00:00,9980,81,1260,484.8,16
2025-05-16T12:17:58.559000+00:00,9980,5,1260,476.6,17
2025-05-16T12:18:21.552000+00:00,9980,27,1260,481.5,17
2025-05-16T12:19:05.458000+00:00,9980,14,1260,639.6,16
2025-05-16T12:19:29.037000+00:00,9980,16,1260,337.7,18
2025-05-16T12:19:53.706000+00:00,9980,6,1260,313.0,15
2025-05-16T12:20:32.670000+00:00,9980,18,1260,266.0,18
2025-05-16T12:21:00.091000+00:00,9980,44,1260,374.0,18
2025-05-16T12:21:39.583000+00:00,9980,87,1260,331.8,16
2025-05-16T12:21:59.410000+00:00,9980,10,1260,358.5,20
2025-05-16T12:22:38.637000+00:00,9980,30,1260,338.3,19
2025-05-16T12:22:43.285000+00:00,9980,6,1260,47.4,16
2025-05-16T12:23:04.701000+00:00,9980,31,1260,395.8,17
2025-05-16T12:24:08.189000+00:00,9980,43,1260,314.6,19
2025-05-16T12:25:01.252000+00:00,9980,23,1260,509.4,20
2025-05-16T12:25:05.439000+00:00,9980,55,1260,352.9,18
2025-05-16T12:25:34.809000+00:00,9980,12,1260,270.1,22
2025-05-16T12:27:34.685000+00:00,9980,22,1260,392.2,18
2025-04-20T17:06:43.629000+00:00,10022,7,1258,20.5,1
2025-04-20T17:06:45.644000+00:00,10022,31,1258,21.5,1
2025-04-20T17:06:46.504000+00:00,10022,5,1258,21.8,1
2025-04-20T17:36:05.973000+00:00,10022,87,1258,22.0,18
2025-04-20T17:37:06.014000+00:00,10022,81,1258,21.3,19
2025-04-20T17:37:20.145000+00:00,10022,12,1258,20.3,19
2025-04-20T17:37:38.585000+00:00,10022,14,1258,21.8,19
2025-04-20T17:38:45.260000+00:00,10022,63,1258,20.3,20
2025-04-20T17:39:10.227000+00:00,10022,30,1258,20.5,20
2025-04-20T17:40:15.972000+00:00,10022,1,1258,26.0,21
2025-04-20T17:40:41.796000+00:00,10022,55,1258,24.1,21
2025-04-20T17:42:19.009000+00:00,10022,23,1258,22.1,22
2025-04-20T17:43:43.451000+00:00,10022,44,1258,20.1,23
2025-04-20T17:52:49.740000+00:00,10022,16,1258,20.1,29
2025-04-20T17:58:38.083000+00:00,10022,7,1258,21.5,32
2025-04-20T18:00:03.353000+00:00,10022,27,1258,20.4,33
2025-04-20T18:00:38.881000+00:00,10022,4,1258,20.4,34
2025-04-20T18:01:14.102000+00:00,10022,6,1258,20.8,34
2025-04-20T18:09:33.789000+00:00,10022,18,1258,20.4,39
2025-05-04T20:34:44.003000+00:00,10033,5,1259,22.1,19
2025-05-04T20:36:21.717000+00:00,10033,18,1259,22.3,20
2025-05-04T20:39:20.285000+00:00,10033,6,1259,22.1,22
2025-05-04T20:40:53.467000+00:00,10033,31,1259,23.1,23
2025-05-04T20:43:43.112000+00:00,10033,12,1259,24.3,25
2025-05-04T20:43:47.310000+00:00,10033,55,1259,22.4,25
2025-05-04T20:45:11.289000+00:00,10033,1,1259,22.5,26
2025-05-04T20:45:15.014000+00:00,10033,23,1259,21.9,26
2025-05-04T20:46:56.562000+00:00,10033,22,1259,22.5,27
2025-05-04T20:48:37.874000+00:00,10033,44,1259,23.1,28
2025-05-04T20:49:02.307000+00:00,10033,14,1259,23.6,28
2025-05-04T20:49:36.830000+00:00,10033,30,1259,22.4,28
2025-05-04T20:49:50.665000+00:00,10033,81,1259,22.1,29
2025-05-04T20:50:02.115000+00:00,10033,4,1259,22.0,29
2025-05-04T20:50:24.074000+00:00,10033,63,1259,24.2,29
2025-05-04T20:50:32.175000+00:00,10033,16,1259,22.1,29
2025-05-04T20:55:38.007000+00:00,10033,10,1259,22.0,32
2025-05-04T21:02:11.262000+00:00,10033,27,1259,22.1,36
2025-05-17T10:30:24.585000+00:00,9982,4,1260,,1
2025-05-17T10:35:24.844000+00:00,9982,18,1260,,1
2025-05-17T10:35:57.040000+00:00,9982,14,1260,,1
2025-05-17T10:36:32.884000+00:00,9982,44,1260,,1
2025-05-17T10:36:43.306000+00:00,9982,27,1260,,1
2025-05-17T10:39:54.036000+00:00,9982,5,1260,,1
2025-05-17T10:40:13.559000+00:00,9982,30,1260,,1
2025-05-17T10:40:44.434000+00:00,9982,43,1260,,1
2025-05-17T10:42:37.977000+00:00,9982,10,1260,,1
2025-05-17T10:42:51.930000+00:00,9982,44,1260,28.7,4
2025-05-17T10:44:20.899000+00:00,9982,16,1260,,1
2025-05-17T10:44:39.899000+00:00,9982,14,1260,422.2,2
2025-05-17T10:44:46.384000+00:00,9982,31,1260,,1
2025-05-17T10:44:55.149000+00:00,9982,87,1260,,1
2025-05-17T10:45:09.290000+00:00,9982,6,1260,,1
2025-05-17T10:46:51.353000+00:00,9982,81,1260,,1
2025-05-17T10:47:05.225000+00:00,9982,1,1260,,1
2025-05-17T10:47:30.467000+00:00,9982,22,1260,,1
2025-05-17T10:47:33.592000+00:00,9982,18,1260,618.4,2
2025-05-17T10:47:47.748000+00:00,9982,4,1260,949.5,2
2025-05-17T10:50:06.968000+00:00,9982,16,1260,29.8,4
2025-05-17T10:50:07.634000+00:00,9982,23,1260,,1
2025-05-17T10:50:24.246000+00:00,9982,55,1260,,1
2025-05-17T10:50:35.145000+00:00,9982,31,1260,65.7,4
2025-05-17T10:50:45.317000+00:00,9982,12,1260,,1
2025-05-17T10:50:49.395000+00:00,9982,87,1260,54.8,4
2025-05-17T10:52:10.724000+00:00,9982,63,1260,,1
2025-05-17T10:52:40.788000+00:00,9982,1,1260,32.6,4
2025-05-17T10:53:22.437000+00:00,9982,27,1260,727.3,4
2025-05-17T10:53:25.980000+00:00,9982,5,1260,529.3,4
2025-05-17T10:53:39.855000+00:00,9982,4,1260,33.8,5
2025-05-17T10:55:52.372000+00:00,9982,55,1260,32.6,4
2025-05-17T10:56:09.606000+00:00,9982,16,1260,30.9,7
2025-05-17T10:56:21.934000+00:00,9982,44,1260,482.9,7
2025-05-17T10:57:16.710000+00:00,9982,43,1260,714.8,4
2025-05-17T10:57:23.163000+00:00,9982,30,1260,428.6,7
2025-05-17T10:58:42.241000+00:00,9982,1,1260,24.7,7
2025-05-17T10:58:49.257000+00:00,9982,27,1260,30.4,7
2025-05-17T10:58:53.413000+00:00,9982,12,1260,194.0,4
2025-05-17T10:59:15.538000+00:00,9982,10,1260,714.9,4
2025-05-17T11:00:04.835000+00:00,9982,6,1260,288.4,7
2025-05-17T11:03:24.662000+00:00,9982,30,1260,31.1,10
2025-05-17T11:05:13.083000+00:00,9982,6,1260,30.7,10
2025-05-17T11:05:30.519000+00:00,9982,55,1260,293.9,7
2025-05-17T11:05:55.397000+00:00,9982,30,1260,30.6,11
2025-05-17T11:06:04.648000+00:00,9982,18,1260,283.4,10
2025-05-17T11:07:16.742000+00:00,9982,12,1260,192.4,7
2025-05-17T11:07:37.227000+00:00,9982,6,1260,29.4,11
2025-05-17T11:08:16.414000+00:00,9982,30,1260,32.0,12
2025-05-17T11:08:48.055000+00:00,9982,63,1260,330.7,7
2025-05-17T11:10:54.855000+00:00,9982,55,1260,27.7,10
2025-05-17T11:11:00.183000+00:00,9982,81,1260,748.6,9
2025-05-17T11:11:16.089000+00:00,9982,1,1260,471.6,10
2025-05-17T11:11:34.808000+00:00,9982,27,1260,680.7,8
2025-05-17T11:11:46.168000+00:00,9982,5,1260,720.7,8
2025-05-17T11:12:13.820000+00:00,9982,23,1260,396.6,10
2025-05-17T11:13:00.703000+00:00,9982,4,1260,726.4,10
2025-05-17T11:13:09.979000+00:00,9982,22,1260,861.8,7
2025-05-17T11:13:24.559000+00:00,9982,43,1260,688.3,7
2025-05-17T11:13:34.903000+00:00,9982,10,1260,569.0,7
2025-05-17T11:13:43.653000+00:00,9982,31,1260,1100.2,7
2025-05-17T11:13:58.465000+00:00,9982,87,1260,1209.4,6
2025-05-17T11:14:08.075000+00:00,9982,14,1260,963.1,10
2025-05-17T11:14:21.747000+00:00,9982,6,1260,305.4,12
2025-05-17T11:14:31.653000+00:00,9982,16,1260,322.6,16
2025-05-17T11:15:03.606000+00:00,9982,30,1260,296.3,13
2025-05-17T11:15:15.028000+00:00,9982,44,1260,314.2,16
2025-05-17T11:16:16.270000+00:00,9982,63,1260,262.7,9
2025-05-17T11:17:06.513000+00:00,9982,12,1260,296.7,10
2025-05-17T11:17:52.748000+00:00,9982,23,1260,34.3,13
2025-05-17T11:18:32.154000+00:00,9982,4,1260,35.8,13
2025-05-17T11:18:49.420000+00:00,9982,27,1260,143.4,11
2025-05-17T11:19:00.092000+00:00,9982,5,1260,131.1,11
2025-05-17T11:19:26.513000+00:00,9982,55,1260,237.1,13
2025-05-17T11:19:53.349000+00:00,9982,18,1260,351.5,15
2025-05-17T11:20:03.490000+00:00,9982,31,1260,69.2,10
2025-05-17T11:21:07.338000+00:00,9982,87,1260,112.2,9
2025-05-17T11:21:51.932000+00:00,9982,44,1260,25.3,19
2025-05-17T11:22:08.744000+00:00,9982,81,1260,179.7,14
2025-05-17T11:22:43.495000+00:00,9982,6,1260,202.8,15
2025-05-17T11:23:01.156000+00:00,9982,30,1260,191.0,16
2025-05-17T11:25:22.051000+00:00,9982,22,1260,370.7,10
2025-05-17T11:25:28.399000+00:00,9982,1,1260,556.4,13
2025-05-17T11:25:53.460000+00:00,9982,10,1260,422.4,10
2025-05-17T11:26:11.617000+00:00,9982,43,1260,476.0,10
2025-05-17T11:27:46.586000+00:00,9982,23,1260,196.4,17
2025-05-17T11:27:47.398000+00:00,9982,4,1260,269.8,16
2025-05-17T11:27:49.070000+00:00,9982,5,1260,252.6,14
2025-05-17T11:28:00.820000+00:00,9982,44,1260,27.2,22
2025-05-17T11:28:22.758000+00:00,9982,6,1260,66.3,18
2025-05-17T11:28:42.524000+00:00,9982,30,1260,49.7,19
2025-05-17T11:28:47.649000+00:00,9982,81,1260,140.0,17
2025-05-17T11:29:07.664000+00:00,9982,27,1260,345.7,14
2025-05-17T11:29:10.758000+00:00,9982,14,1260,308.9,16
2025-05-17T11:29:17.743000+00:00,9982,31,1260,274.4,13
2025-05-17T11:29:30.618000+00:00,9982,87,1260,240.7,12
2025-05-17T11:29:42.899000+00:00,9982,12,1260,470.8,13
2025-05-17T11:29:59.146000+00:00,9982,63,1260,491.0,12
2025-05-16T15:00:06.004000+00:00,9981,87,1260,,1
2025-05-16T15:00:07.340000+00:00,9981,31,1260,,1
2025-05-16T15:00:13.162000+00:00,9981,10,1260,,1
2025-05-16T15:00:15.658000+00:00,9981,43,1260,,1
2025-05-16T15:00:28.726000+00:00,9981,6,1260,,1
2025-05-16T15:00:45.247000+00:00,9981,14,1260,,1
2025-05-16T15:00:48.854000+00:00,9981,55,1260,,1
2025-05-16T15:00:59.755000+00:00,9981,30,1260,,1
2025-05-16T15:01:22.060000+00:00,9981,44,1260,,1
2025-05-16T15:01:29.263000+00:00,9981,27,1260,,1
2025-05-16T15:01:38.279000+00:00,9981,23,1260,,1
2025-05-16T15:01:43.779000+00:00,9981,16,1260,,1
2025-05-16T15:01:51.247000+00:00,9981,18,1260,,1
2025-05-16T15:02:00.622000+00:00,9981,22,1260,,1
2025-05-16T15:02:03.935000+00:00,9981,4,1260,,1
2025-05-16T15:02:07.060000+00:00,9981,12,1260,,1
2025-05-16T15:02:11.732000+00:00,9981,5,1260,,1
2025-05-16T15:02:13.904000+00:00,9981,81,1260,,1
2025-05-16T15:02:23.857000+00:00,9981,1,1260,,1
2025-05-16T15:04:58.638000+00:00,9981,63,1260,,1
2025-05-16T15:05:53.546000+00:00,9981,43,1260,25.4,4
2025-05-16T15:05:56.369000+00:00,9981,31,1260,65.8,4
2025-05-16T15:06:07.084000+00:00,9981,10,1260,44.1,4
2025-05-16T15:06:30.696000+00:00,9981,87,1260,69.0,4
2025-05-16T15:06:49.326000+00:00,9981,30,1260,38.0,4
2025-05-16T15:07:43.264000+00:00,9981,12,1260,24.9,4
2025-05-16T15:07:45.545000+00:00,9981,5,1260,25.6,4
2025-05-16T15:08:48.885000+00:00,9981,6,1260,194.7,4
2025-05-16T15:11:45.584000+00:00,9981,31,1260,43.6,7
2025-05-16T15:11:47.428000+00:00,9981,55,1260,33.3,7
2025-05-16T15:12:14.769000+00:00,9981,43,1260,49.9,7
2025-05-16T15:12:24.938000+00:00,9981,10,1260,49.0,7
2025-05-16T15:16:18.661000+00:00,9981,63,1260,389.7,4
2025-05-16T15:21:23.422000+00:00,9981,1,1260,489.8,7
2025-05-16T15:21:34.266000+00:00,9981,12,1260,528.3,7
2025-05-16T15:21:42.844000+00:00,9981,27,1260,610.5,7
2025-05-16T15:21:51.688000+00:00,9981,87,1260,635.2,7
2025-05-16T15:21:57.798000+00:00,9981,30,1260,617.1,7
2025-05-16T15:22:06.173000+00:00,9981,22,1260,225.2,10
2025-05-16T15:22:19.017000+00:00,9981,6,1260,529.4,7
2025-05-16T15:22:27.892000+00:00,9981,55,1260,457.4,9
2025-05-16T15:22:39.438000+00:00,9981,23,1260,341.6,10
2025-05-16T15:22:50.657000+00:00,9981,16,1260,430.9,9
2025-05-16T15:22:59.845000+00:00,9981,4,1260,653.3,7
2025-05-16T15:23:18.454000+00:00,9981,44,1260,461.4,9
2025-05-16T15:23:33.642000+00:00,9981,10,1260,373.8,10
2025-05-16T15:23:42.861000+00:00,9981,43,1260,400.3,10
2025-05-16T15:23:52.939000+00:00,9981,81,1260,490.7,9
2025-05-16T15:24:05.080000+00:00,9981,5,1260,488.3,9
2025-05-16T15:24:08.517000+00:00,9981,14,1260,590.3,9
2025-05-16T15:25:12.221000+00:00,9981,12,1260,25.5,9
2025-05-16T15:26:19.549000+00:00,9981,31,1260,589.6,10
2025-05-16T15:26:40.158000+00:00,9981,18,1260,770.0,8
2025-05-16T15:27:35.690000+00:00,9981,27,1260,36.8,10
2025-05-16T15:27:59.081000+00:00,9981,6,1260,24.8,10
2025-05-16T15:28:17.925000+00:00,9981,87,1260,86.4,10
2025-05-16T15:28:19.581000+00:00,9981,16,1260,30.6,12
2025-05-16T15:29:07.581000+00:00,9981,81,1260,34.1,12
2025-05-16T15:29:48.206000+00:00,9981,5,1260,36.2,12
2025-05-16T15:31:40.379000+00:00,9981,30,1260,294.0,10
2025-05-16T15:32:27.988000+00:00,9981,18,1260,34.8,11
2025-05-16T15:32:43.395000+00:00,9981,31,1260,86.2,13
2025-05-16T15:34:44.536000+00:00,9981,43,1260,384.8,13
2025-05-16T15:34:50.274000+00:00,9981,63,1260,834.5,7
2025-05-16T15:35:05.399000+00:00,9981,10,1260,394.2,13
2025-05-16T15:35:05.415000+00:00,9981,14,1260,375.2,12
2025-05-16T15:37:03.274000+00:00,9981,87,1260,321.7,12
2025-05-16T15:37:15.957000+00:00,9981,1,1260,402.4,12
2025-05-16T15:38:19.870000+00:00,9981,6,1260,346.3,13
2025-05-16T15:38:42.890000+00:00,9981,22,1260,355.6,16
2025-05-16T15:38:57.659000+00:00,9981,12,1260,381.5,13
2025-05-16T15:39:17.578000+00:00,9981,27,1260,508.4,12
2025-05-16T15:39:36.437000+00:00,9981,23,1260,386.3,16
2025-05-16T15:40:11.328000+00:00,9981,81,1260,392.6,15
2025-05-16T15:40:45.024000+00:00,9981,5,1260,384.3,15
2025-05-16T15:41:02.488000+00:00,9981,6,1260,50.3,14
2025-05-16T15:41:11.973000+00:00,9981,55,1260,399.9,16
2025-05-16T15:41:16.332000+00:00,9981,44,1260,530.5,14
2025-05-16T15:41:28.426000+00:00,9981,4,1260,510.5,13
2025-05-16T15:41:28.441000+00:00,9981,23,1260,32.0,17
2025-05-16T15:41:43.754000+00:00,9981,16,1260,396.0,16
2025-05-16T15:42:15.207000+00:00,9981,30,1260,358.1,13
2025-05-16T15:44:05.786000+00:00,9981,18,1260,417.0,14
2025-05-16T15:44:38.489000+00:00,9981,30,1260,30.2,14
2025-05-16T15:46:00.903000+00:00,9981,31,1260,523.9,16
2025-05-16T15:49:02.615000+00:00,9981,14,1260,562.5,15
2025-05-16T15:58:03.566000+00:00,9981,23,1260,1027.2,26
2025-05-16T15:58:07.253000+00:00,9981,4,1260,1509.5,22
2025-05-16T15:58:12.597000+00:00,9981,81,1260,1474.1,25
2025-05-16T15:58:19.113000+00:00,9981,27,1260,1650.3,23
2025-05-16T15:58:20.597000+00:00,9981,16,1260,1393.2,25
2025-05-16T15:58:26.457000+00:00,9981,10,1260,1795.6,27
2025-05-16T15:58:27.316000+00:00,9981,44,1260,1561.8,23
2025-05-16T15:58:29.644000+00:00,9981,63,1260,2254.1,21
2025-05-16T15:58:31.113000+00:00,9981,12,1260,1555.3,24
2025-05-16T15:58:33.113000+00:00,9981,55,1260,1441.3,26
2025-05-16T15:58:33.847000+00:00,9981,5,1260,1453.3,25
2025-05-16T15:58:36.691000+00:00,9981,31,1260,1280.0,22
2025-05-16T15:58:42.004000+00:00,9981,43,1260,1822.2,27
2025-05-16T15:58:52.035000+00:00,9981,14,1260,1151.9,19
2025-05-16T15:58:58.238000+00:00,9981,18,1260,1309.4,21
2025-05-16T15:58:59.441000+00:00,9981,30,1260,891.5,20
2025-05-16T15:59:00.613000+00:00,9981,22,1260,1573.6,27
2025-05-16T15:59:04.113000+00:00,9981,87,1260,1642.8,24
2025-05-16T15:59:05.816000+00:00,9981,1,1260,1712.7,24
2025-05-17T14:00:02.316000+00:00,9983,27,1260,,1
2025-05-17T14:00:07.957000+00:00,9983,5,1260,,1
2025-05-17T14:00:14.707000+00:00,9983,31,1260,,1
2025-05-17T14:00:26.972000+00:00,9983,87,1260,,1
2025-05-17T14:00:34.051000+00:00,9983,18,1260,,1
2025-05-17T14:00:41.816000+00:00,9983,14,1260,,1
2025-05-17T14:00:45.004000+00:00,9983,55,1260,,1
2025-05-17T14:01:02.863000+00:00,9983,44,1260,,1
2025-05-17T14:01:17.941000+00:00,9983,23,1260,,1
2025-05-17T14:01:38.598000+00:00,9983,16,1260,,1
2025-05-17T14:03:27.005000+00:00,9983,1,1260,,1
2025-05-17T14:03:34.646000+00:00,9983,22,1260,,1
2025-05-17T14:04:19.990000+00:00,9983,12,1260,,1
2025-05-17T14:04:30.333000+00:00,9983,63,1260,,1
2025-05-17T14:04:43.287000+00:00,9983,4,1260,,1
2025-05-17T14:04:57.130000+00:00,9983,6,1260,,1
2025-05-17T14:05:11.802000+00:00,9983,81,1260,,1
2025-05-17T14:05:22.271000+00:00,9983,30,1260,,1
2025-05-17T14:20:05.015000+00:00,9983,43,1260,,1
2025-05-17T14:20:14.859000+00:00,9983,27,1260,946.2,4
2025-05-17T14:20:21.921000+00:00,9983,5,1260,941.0,4
2025-05-17T14:20:37.437000+00:00,9983,30,1260,,2
2025-05-17T14:20:52.109000+00:00,9983,6,1260,,2
2025-05-17T14:21:03.437000+00:00,9983,23,1260,,4
2025-05-17T14:21:07.140000+00:00,9983,55,1260,920.6,4
2025-05-17T14:21:19.609000+00:00,9983,31,1260,991.3,4
2025-05-17T14:21:31.015000+00:00,9983,87,1260,999.2,4
2025-05-17T14:21:48.312000+00:00,9983,10,1260,,1
2025-05-17T14:22:01.172000+00:00,9983,18,1260,1008.9,4
2025-05-17T14:22:07.641000+00:00,9983,14,1260,1013.8,4
2025-05-17T14:22:20.016000+00:00,9983,12,1260,,2
2025-05-17T14:22:39.594000+00:00,9983,63,1260,,2
2025-05-17T14:22:46.953000+00:00,9983,1,1260,,3
2025-05-17T14:22:55.828000+00:00,9983,16,1260,,4
2025-05-17T14:23:08.610000+00:00,9983,44,1260,1044.6,4
2025-05-17T14:23:18.829000+00:00,9983,4,1260,,2
2025-05-17T14:23:36.157000+00:00,9983,81,1260,,2
2025-05-17T14:28:18.737000+00:00,9983,4,1260,28.3,5
2025-05-17T14:28:28.268000+00:00,9983,5,1260,219.4,7
2025-05-17T14:28:36.331000+00:00,9983,27,1260,234.3,7
2025-05-17T14:28:42.800000+00:00,9983,12,1260,115.2,5
2025-05-17T14:28:52.769000+00:00,9983,55,1260,172.2,7
2025-05-17T14:29:02.394000+00:00,9983,31,1260,180.7,7
2025-05-17T14:29:12.722000+00:00,9983,18,1260,154.1,7
2025-05-17T14:29:28.410000+00:00,9983,87,1260,206.4,7
2025-05-17T14:29:38.222000+00:00,9983,10,1260,189.0,4
2025-05-17T14:29:58.207000+00:00,9983,43,1260,317.8,4
2025-05-17T14:30:12.785000+00:00,9983,30,1260,307.6,5
2025-05-17T14:30:27.410000+00:00,9983,6,1260,311.3,5
2025-05-17T14:30:34.269000+00:00,9983,14,1260,229.4,7
2025-05-17T14:30:35.582000+00:00,9983,16,1260,198.9,7
2025-05-17T14:30:38.269000+00:00,9983,63,1260,215.6,5
2025-05-17T14:30:39.051000+00:00,9983,44,1260,196.0,7
2025-05-17T14:30:40.394000+00:00,9983,23,1260,311.9,7
2025-05-17T14:58:03.726000+00:00,9983,5,1260,1478.7,10
2025-05-17T14:58:36.501000+00:00,9983,1,1260,1880.7,6
2025-05-17T14:58:47.110000+00:00,9983,18,1260,1454.6,10
2025-05-17T14:58:54.985000+00:00,9983,14,1260,1608.8,8
2025-05-17T14:59:02.345000+00:00,9983,16,1260,1506.0,9
2025-05-17T14:59:10.782000+00:00,9983,44,1260,1486.2,9
2025-05-17T14:59:25.391000+00:00,9983,6,1260,1530.7,7
2025-05-17T14:59:34.079000+00:00,9983,12,1260,1549.0,8
2025-05-17T14:59:49.995000+00:00,9983,63,1260,1654.1,6
2025-05-17T15:00:03.010000+00:00,9983,4,1260,1622.2,8
2025-05-17T15:00:09.990000+00:00,9983,23,1260,1544.9,9
2025-05-17T15:00:20.491000+00:00,9983,10,1260,1642.2,6
2025-05-17T15:00:37.448000+00:00,9983,81,1260,1740.4,7
2025-05-17T15:01:16.051000+00:00,9983,55,1260,1637.4,10
2025-05-17T15:08:46.409000+00:00,9983,5,1260,388.5,13
2025-05-17T15:08:55.677000+00:00,9983,6,1260,306.3,10
2025-05-17T15:08:58.555000+00:00,9983,12,1260,285.7,11
2025-05-17T15:09:15.811000+00:00,9983,44,1260,339.7,12
2025-05-17T15:09:25.987000+00:00,9983,16,1260,352.4,12
2025-05-17T15:09:38.648000+00:00,9983,63,1260,317.4,9
2025-05-17T15:09:50.726000+00:00,9983,1,1260,401.5,9
2025-05-17T15:09:55.523000+00:00,9983,55,1260,254.7,13
2025-05-17T15:10:03.163000+00:00,9983,23,1260,329.0,12
2025-05-17T15:10:22.679000+00:00,9983,10,1260,326.8,9
2025-05-17T15:10:39.242000+00:00,9983,18,1260,438.3,13
2025-05-17T15:10:55.770000+00:00,9983,14,1260,448.9,11
2025-05-17T15:11:05.567000+00:00,9983,81,1260,345.9,10
2025-05-17T15:11:16.614000+00:00,9983,4,1260,404.1,11
2025-05-17T15:21:41+00:00,9983,18,1260,379.2,16
2025-05-17T15:21:48.844000+00:00,9983,14,1260,378.1,14
2025-05-17T15:22:01.329000+00:00,9983,6,1260,509.3,13
2025-05-17T15:22:15.516000+00:00,9983,4,1260,396.0,14
2025-05-17T15:22:27.219000+00:00,9983,81,1260,411.3,13
2025-05-17T15:22:41.579000+00:00,9983,1,1260,504.5,12
2025-05-17T15:22:58.563000+00:00,9983,63,1260,523.5,12
2025-05-17T15:23:11.454000+00:00,9983,10,1260,481.6,12
2025-05-17T15:23:21.704000+00:00,9983,23,1260,513.8,15
2025-05-17T15:23:31.360000+00:00,9983,55,1260,538.1,16
2025-05-17T15:29:55.175000+00:00,9983,81,1260,179.2,16
2025-05-17T15:29:59.925000+00:00,9983,18,1260,228.0,19
2025-05-17T15:30:04.738000+00:00,9983,23,1260,133.8,18
2025-05-17T15:30:29.894000+00:00,9983,6,1260,234.0,16
2025-05-17T15:30:49.503000+00:00,9983,4,1260,248.3,17
2025-05-17T15:30:59.925000+00:00,9983,1,1260,233.9,15
2025-05-17T15:31:10.847000+00:00,9983,14,1260,291.2,17
2025-05-17T15:31:12.410000+00:00,9983,63,1260,226.4,15
2025-05-17T15:31:13.785000+00:00,9983,10,1260,210.1,15
2025-05-17T15:31:15.347000+00:00,9983,55,1260,195.1,19
2025-05-24T10:30:04.992000+00:00,9974,30,1261,,1
2025-05-24T10:30:11.372000+00:00,9974,44,1261,,1
2025-05-24T10:30:14.582000+00:00,9974,6,1261,,1
2025-05-24T10:30:37.723000+00:00,9974,43,1261,,1
2025-05-24T10:30:46.020000+00:00,9974,14,1261,,1
2025-05-24T10:30:47.973000+00:00,9974,18,1261,,1
2025-05-24T10:32:13.302000+00:00,9974,30,1261,35.7,2
2025-05-24T10:32:33.990000+00:00,9974,14,1261,26.1,2
2025-05-24T10:32:41.367000+00:00,9974,18,1261,27.0,2
2025-05-24T10:34:19.090000+00:00,9974,14,1261,25.9,3
2025-05-24T10:34:26.868000+00:00,9974,18,1261,26.4,3
2025-05-24T10:35:59.809000+00:00,9974,6,1261,252.1,2
2025-05-24T10:36:36.578000+00:00,9974,27,1261,,1
2025-05-24T10:36:41.497000+00:00,9974,5,1261,,1
2025-05-24T10:39:11.711000+00:00,9974,31,1261,,1
2025-05-24T10:41:29.773000+00:00,9974,44,1261,584.2,2
2025-05-24T10:42:41.998000+00:00,9974,16,1261,,1
2025-05-24T10:43:40.415000+00:00,9974,10,1261,,1
2025-05-24T10:43:52.962000+00:00,9974,87,1261,,1
2025-05-24T10:44:35.065000+00:00,9974,18,1261,529.7,4
2025-05-24T10:44:43.369000+00:00,9974,4,1261,,1
2025-05-24T10:44:58.932000+00:00,9974,22,1261,,1
2025-05-24T10:45:18.269000+00:00,9974,23,1261,,1
2025-05-24T10:45:43.053000+00:00,9974,1,1261,,1
2025-05-24T10:45:49.032000+00:00,9974,81,1261,,1
2025-05-24T10:46:00.263000+00:00,9974,55,1261,,1
2025-05-24T10:47:33.719000+00:00,9974,12,1261,,1
2025-05-24T10:48:10.902000+00:00,9974,63,1261,,1
2025-05-24T10:49:53.293000+00:00,9974,14,1261,854.0,4
2025-05-24T10:49:55.751000+00:00,9974,43,1261,28.0,13
2025-05-24T10:52:01.317000+00:00,9974,87,1261,36.0,6
2025-05-24T10:55:30.248000+00:00,9974,55,1261,28.8,7
2025-05-24T10:55:44.400000+00:00,9974,4,1261,31.2,8
2025-05-24T10:57:00.876000+00:00,9974,81,1261,26.0,8
2025-05-24T11:00:01.512000+00:00,9974,16,1261,31.9,12
2025-05-24T11:03:00.556000+00:00,9974,12,1261,19.9,11
2025-05-24T11:03:45.148000+00:00,9974,30,1261,272.0,20
2025-05-24T11:05:32.060000+00:00,9974,6,1261,353.3,18
2025-05-24T11:06:02.685000+00:00,9974,27,1261,683.9,13
2025-05-24T11:06:38.428000+00:00,9974,23,1261,263.4,12
2025-05-24T11:06:48.966000+00:00,9974,5,1261,535.8,15
2025-05-24T11:08:54.536000+00:00,9974,43,1261,371.6,21
2025-05-24T11:10:05.841000+00:00,9974,1,1261,487.0,12
2025-05-24T11:10:12.690000+00:00,9974,22,1261,421.9,13
2025-05-24T11:10:29.679000+00:00,9974,16,1261,358.8,15
2025-05-24T11:10:48.776000+00:00,9974,44,1261,387.3,16
2025-05-24T11:11:16.974000+00:00,9974,55,1261,300.1,14
2025-05-24T11:11:38.679000+00:00,9974,5,1261,28.6,18
2025-05-24T11:11:46.690000+00:00,9974,30,1261,234.1,23
2025-05-24T11:12:08.906000+00:00,9974,63,1261,340.0,13
2025-05-24T11:12:47.109000+00:00,9974,12,1261,337.4,14
2025-05-24T11:13:34.436000+00:00,9974,31,1261,698.8,16
2025-05-24T11:13:40.951000+00:00,9974,4,1261,568.5,14
2025-05-24T11:13:58.442000+00:00,9974,81,1261,561.1,13
2025-05-24T11:14:53.625000+00:00,9974,14,1261,596.3,14
2025-05-24T11:15:18.314000+00:00,9974,87,1261,823.7,12
2025-05-24T11:15:32.334000+00:00,9974,6,1261,177.4,23
2025-05-24T11:15:36.303000+00:00,9974,18,1261,661.1,17
2025-05-24T11:15:46.372000+00:00,9974,10,1261,809.9,13
2025-05-24T11:16:55.472000+00:00,9974,63,1261,27.7,16
2025-05-24T11:17:32.870000+00:00,9974,12,1261,19.9,17
2025-05-24T11:19:34.460000+00:00,9974,30,1261,40.8,28
2025-05-24T11:19:43.273000+00:00,9974,1,1261,19.5,18
2025-05-24T11:20:01.585000+00:00,9974,16,1261,28.8,21
2025-05-24T11:21:17.131000+00:00,9974,4,1261,28.5,19
2025-05-24T11:21:38.475000+00:00,9974,1,1261,19.5,19
2025-05-24T11:21:51.178000+00:00,9974,87,1261,35.9,16
2025-05-24T11:21:55.694000+00:00,9974,63,1261,23.5,19
2025-05-24T11:22:21.803000+00:00,9974,12,1261,19.8,20
2025-05-24T11:23:20.101000+00:00,9974,81,1261,20.0,19
2025-05-24T11:23:24.929000+00:00,9974,22,1261,243.6,19
2025-05-24T11:24:44.129000+00:00,9974,30,1261,33.1,31
2025-05-24T11:25:21.701000+00:00,9974,63,1261,26.8,21
2025-05-24T11:25:28.060000+00:00,9974,43,1261,31.5,31
2025-05-24T11:25:35.592000+00:00,9974,6,1261,37.8,29
2025-05-24T11:27:18.073000+00:00,9974,12,1261,19.6,23
2025-05-18T13:05:35.938000+00:00,9987,31,1260,30.5,1
2025-05-18T13:16:32.970000+00:00,9987,10,1260,31.4,9
2025-05-18T13:17:48.760000+00:00,9987,16,1260,29.6,10
2025-05-18T13:17:54.293000+00:00,9987,30,1260,29.6,10
2025-05-18T13:19:09.863000+00:00,9987,63,1260,29.7,11
2025-05-18T13:19:11.457000+00:00,9987,55,1260,30.0,11
2025-05-18T13:20:32.592000+00:00,9987,14,1260,30.1,12
2025-05-18T13:20:40.339000+00:00,9987,5,1260,30.9,12
2025-05-18T13:21:45.574000+00:00,9987,81,1260,30.9,13
2025-05-18T13:23:21.071000+00:00,9987,18,1260,31.2,14
2025-05-18T13:34:31.297000+00:00,9987,43,1260,30.3,22
2025-05-18T13:42:09.660000+00:00,9987,4,1260,29.5,28
2025-05-18T13:43:28.454000+00:00,9987,1,1260,29.9,29
2025-05-18T13:44:04.660000+00:00,9987,23,1260,30.4,29
2025-05-18T13:44:16.017000+00:00,9987,6,1260,30.1,29
2025-05-18T13:44:16.613000+00:00,9987,12,1260,30.0,29
2025-05-18T13:44:16.984000+00:00,9987,44,1260,29.9,29
2025-05-18T13:44:24.145000+00:00,9987,16,1260,31.8,29
2025-05-18T13:44:27.364000+00:00,9987,27,1260,30.1,29
2025-05-18T13:44:30.255000+00:00,9987,63,1260,30.7,29
2025-05-18T13:44:30.614000+00:00,9987,87,1260,31.4,29
2025-05-18T13:44:36.052000+00:00,9987,22,1260,29.8,29
2025-05-18T13:44:37.333000+00:00,9987,55,1260,30.6,29
2025-05-18T13:44:52.195000+00:00,9987,10,1260,32.0,29
2025-05-18T13:44:53.898000+00:00,9987,30,1260,30.2,29
2025-05-18T13:44:56.882000+00:00,9987,5,1260,30.6,29
2025-05-18T13:46:06.137000+00:00,9987,81,1260,30.6,30
2025-05-18T13:48:38.350000+00:00,9987,87,1260,56.7,31
2025-05-18T14:07:31.467000+00:00,9987,1,1260,29.6,46
2025-05-18T14:08:00.094000+00:00,9987,4,1260,31.6,46
2025-05-18T14:08:31.476000+00:00,9987,44,1260,29.9,46
2025-05-18T14:08:41.836000+00:00,9987,6,1260,30.0,46
2025-05-18T14:09:17.721000+00:00,9987,14,1260,30.8,46
2025-05-18T14:09:24.776000+00:00,9987,18,1260,34.4,46
2025-05-18T14:09:28.078000+00:00,9987,43,1260,31.1,46
2025-05-18T14:09:30.816000+00:00,9987,5,1260,29.9,46
2025-05-18T14:10:16.509000+00:00,9987,23,1260,29.7,47
2025-05-24T14:00:03.902000+00:00,9975,23,1261,,1
2025-05-24T14:00:08.699000+00:00,9975,55,1261,,1
2025-05-24T14:00:15.730000+00:00,9975,31,1261,,1
2025-05-24T14:00:25.387000+00:00,9975,87,1261,,1
2025-05-24T14:00:32.262000+00:00,9975,10,1261,,1
2025-05-24T14:00:38.121000+00:00,9975,43,1261,,1
2025-05-24T14:00:47.465000+00:00,9975,27,1261,,1
2025-05-24T14:00:54.012000+00:00,9975,30,1261,,1
2025-05-24T14:01:04.309000+00:00,9975,5,1261,,1
2025-05-24T14:01:09.606000+00:00,9975,6,1261,,1
2025-05-24T14:01:19.465000+00:00,9975,14,1261,,1
2025-05-24T14:01:27.559000+00:00,9975,18,1261,,1
2025-05-24T14:01:33.309000+00:00,9975,16,1261,,1
2025-05-24T14:01:42.559000+00:00,9975,44,1261,,1
2025-05-24T14:01:51.169000+00:00,9975,22,1261,,1
2025-05-24T14:02:29.903000+00:00,9975,12,1261,,1
2025-05-24T14:03:27.478000+00:00,9975,63,1261,,1
2025-05-24T14:03:34.070000+00:00,9975,4,1261,,1
2025-05-24T14:03:39.092000+00:00,9975,81,1261,,1
2025-05-24T14:05:27.202000+00:00,9975,1,1261,,1
2025-05-24T14:10:25.524000+00:00,9975,31,1261,26.6,8
2025-05-24T14:10:34.321000+00:00,9975,87,1261,26.7,8
2025-05-24T14:10:55.086000+00:00,9975,27,1261,25.6,8
2025-05-24T14:11:07.946000+00:00,9975,5,1261,25.4,8
2025-05-24T14:11:24.727000+00:00,9975,6,1261,109.5,7
2025-05-24T14:11:34.665000+00:00,9975,12,1261,26.3,7
2025-05-24T14:11:47.634000+00:00,9975,23,1261,28.9,9
2025-05-24T14:12:00.368000+00:00,9975,55,1261,27.3,9
2025-05-24T14:12:05.118000+00:00,9975,10,1261,168.1,7
2025-05-24T14:12:10.806000+00:00,9975,43,1261,99.2,8
2025-05-24T14:12:18.540000+00:00,9975,30,1261,183.4,7
2025-05-24T14:12:31.712000+00:00,9975,14,1261,80.1,8
2025-05-24T14:12:42.495000+00:00,9975,22,1261,145.4,7
2025-05-24T14:12:56.587000+00:00,9975,18,1261,56.4,8
2025-05-24T14:13:51.480000+00:00,9975,1,1261,85.2,6
2025-05-24T14:14:05.371000+00:00,9975,4,1261,23.8,8
2025-05-24T14:14:31.746000+00:00,9975,81,1261,30.1,8
2025-05-24T14:15:09.262000+00:00,9975,44,1261,25.0,10
2025-05-24T14:29:03.254000+00:00,9975,27,1261,557.0,14
2025-05-24T14:29:08.755000+00:00,9975,23,1261,600.2,14
2025-05-24T14:29:15.505000+00:00,9975,55,1261,587.7,14
2025-05-24T14:29:19.864000+00:00,9975,31,1261,639.6,14
2025-05-24T14:29:27.348000+00:00,9975,14,1261,563.0,13
2025-05-24T14:29:33.536000+00:00,9975,30,1261,576.9,12
2025-05-24T14:29:37.974000+00:00,9975,16,1261,637.9,13
2025-05-24T14:29:47.614000+00:00,9975,44,1261,603.7,13
2025-05-24T14:29:59.286000+00:00,9975,6,1261,566.2,13
2025-05-24T14:30:11.630000+00:00,9975,4,1261,605.3,12
2025-05-24T14:30:16.021000+00:00,9975,81,1261,685.2,11
2025-05-24T14:30:26.521000+00:00,9975,22,1261,610.3,12
2025-05-24T14:30:30.709000+00:00,9975,1,1261,648.5,10
2025-05-24T14:31:14.225000+00:00,9975,63,1261,639.6,12
2025-05-24T14:44:03.229000+00:00,9975,27,1261,1457.0,18
2025-05-24T14:44:07.542000+00:00,9975,23,1261,1499.0,18
2025-05-24T14:44:12.651000+00:00,9975,55,1261,1484.9,18
2025-05-24T14:44:23.557000+00:00,9975,6,1261,1430.2,16
2025-05-24T14:44:29.948000+00:00,9975,31,1261,1549.6,18
2025-05-24T14:44:36.901000+00:00,9975,16,1261,1536.8,16
2025-05-24T14:44:46.651000+00:00,9975,44,1261,1502.7,16
2025-05-24T14:44:57.433000+00:00,9975,14,1261,1492.8,17
2025-05-24T14:45:10.933000+00:00,9975,81,1261,1580.2,14
2025-05-24T14:46:36.386000+00:00,9975,4,1261,1590.3,15
2025-05-24T14:47:05.011000+00:00,9975,30,1261,1628.4,15
2025-05-24T14:47:13.043000+00:00,9975,22,1261,1616.8,15
2025-05-24T14:49:30.387000+00:00,9975,1,1261,1788.2,13
2025-05-24T14:49:53.919000+00:00,9975,31,1261,87.7,21
2025-05-24T14:50:00.325000+00:00,9975,23,1261,29.2,22
2025-05-24T14:50:08.263000+00:00,9975,55,1261,28.4,22
2025-05-24T14:50:46.482000+00:00,9975,27,1261,174.0,21
2025-05-24T14:51:21.451000+00:00,9975,6,1261,179.6,19
2025-05-24T15:03:04.101000+00:00,9975,23,1261,440.8,26
2025-05-24T15:03:08.523000+00:00,9975,31,1261,471.9,25
2025-05-24T15:03:17.741000+00:00,9975,14,1261,595.9,23
2025-05-24T15:03:25.367000+00:00,9975,81,1261,424.5,22
2025-05-24T15:03:36.320000+00:00,9975,4,1261,613.0,20
2025-05-24T15:03:45.695000+00:00,9975,44,1261,552.5,23
2025-05-24T15:03:52.726000+00:00,9975,16,1261,643.8,22
2025-05-24T15:04:03.086000+00:00,9975,6,1261,507.2,22
2025-05-24T15:04:40.691000+00:00,9975,30,1261,551.2,21
2025-05-24T15:04:49.413000+00:00,9975,23,1261,25.7,27
2025-05-24T15:05:20.967000+00:00,9975,1,1261,716.1,16
2025-05-24T15:09:33.348000+00:00,9975,81,1261,121.3,25
2025-05-24T15:09:44.957000+00:00,9975,4,1261,130.6,23
2025-05-24T15:10:43.724000+00:00,9975,31,1261,142.2,29
2025-05-24T15:11:06.786000+00:00,9975,14,1261,147.1,27
2025-05-24T15:11:12.896000+00:00,9975,23,1261,51.4,31
2025-05-24T15:11:18.818000+00:00,9975,30,1261,152.2,24
2025-05-24T15:11:27.943000+00:00,9975,6,1261,204.3,25
2025-05-24T15:11:40.865000+00:00,9975,44,1261,234.2,26
2025-05-24T15:11:51.787000+00:00,9975,16,1261,233.8,25
2025-05-24T15:12:08.824000+00:00,9975,1,1261,179.5,19
2025-05-23T15:00:04.943000+00:00,9973,30,1261,,1
2025-05-23T15:00:08.599000+00:00,9973,23,1261,,1
2025-05-23T15:00:17.146000+00:00,9973,87,1261,,1
2025-05-23T15:00:21.896000+00:00,9973,31,1261,,1
2025-05-23T15:00:30.146000+00:00,9973,44,1261,,1
2025-05-23T15:00:34.615000+00:00,9973,16,1261,,1
2025-05-23T15:00:41.146000+00:00,9973,10,1261,,1
2025-05-23T15:00:50.452000+00:00,9973,43,1261,,1
2025-05-23T15:00:56.133000+00:00,9973,27,1261,,1
2025-05-23T15:01:05.518000+00:00,9973,5,1261,,1
2025-05-23T15:01:14.655000+00:00,9973,1,1261,,1
2025-05-23T15:01:27.312000+00:00,9973,14,1261,,1
2025-05-23T15:01:31.702000+00:00,9973,22,1261,,1
2025-05-23T15:01:43.177000+00:00,9973,12,1261,,1
2025-05-23T15:01:53.081000+00:00,9973,4,1261,,1
2025-05-23T15:02:00.971000+00:00,9973,81,1261,,1
2025-05-23T15:02:06.612000+00:00,9973,55,1261,,1
2025-05-23T15:02:14.362000+00:00,9973,18,1261,,1
2025-05-23T15:02:25.737000+00:00,9973,63,1261,,1
2025-05-23T15:04:22.031000+00:00,9973,6,1261,,1
2025-05-23T15:13:02.500000+00:00,9973,27,1261,,5
2025-05-23T15:13:09.875000+00:00,9973,5,1261,,6
2025-05-23T15:13:14.422000+00:00,9973,55,1261,,5
2025-05-23T15:13:20.188000+00:00,9973,10,1261,,6
2025-05-23T15:13:24.719000+00:00,9973,63,1261,,5
2025-05-23T15:13:30.516000+00:00,9973,43,1261,,6
2025-05-23T15:13:39.500000+00:00,9973,14,1261,,5
2025-05-23T15:13:45.844000+00:00,9973,18,1261,,5
2025-05-23T15:13:54.813000+00:00,9973,12,1261,,5
2025-05-23T15:14:05.094000+00:00,9973,4,1261,,5
2025-05-23T15:14:14.766000+00:00,9973,81,1261,,5
2025-05-23T15:14:19.094000+00:00,9973,23,1261,,6
2025-05-23T15:14:29.172000+00:00,9973,44,1261,,6
2025-05-23T15:14:32+00:00,9973,16,1261,,6
2025-05-23T15:14:39.204000+00:00,9973,22,1261,,5
2025-05-23T15:14:46.797000+00:00,9973,1,1261,,5
2025-05-23T15:14:51.351000+00:00,9973,31,1261,,6
2025-05-23T15:15:02.318000+00:00,9973,87,1261,,6
2025-05-23T15:15:36.410000+00:00,9973,30,1261,,6
2025-05-23T15:24:03.229000+00:00,9973,55,1261,,9
2025-05-23T15:24:05.720000+00:00,9973,23,1261,,10
2025-05-23T15:24:10.384000+00:00,9973,30,1261,,9
2025-05-23T15:24:16.745000+00:00,9973,12,1261,,9
2025-05-23T15:24:26.979000+00:00,9973,44,1261,,9
2025-05-23T15:24:30.338000+00:00,9973,63,1261,,9
2025-05-23T15:24:37.151000+00:00,9973,31,1261,,9
2025-05-23T15:24:47.823000+00:00,9973,87,1261,,9
2025-05-23T15:24:58.385000+00:00,9973,27,1261,,10
2025-05-23T15:25:08.545000+00:00,9973,14,1261,,9
2025-05-23T15:25:13.468000+00:00,9973,16,1261,,10
2025-05-23T15:25:19.343000+00:00,9973,18,1261,,9
2025-05-23T15:25:29.405000+00:00,9973,10,1261,,11
2025-05-23T15:25:31.921000+00:00,9973,43,1261,,10
2025-05-23T15:25:39.999000+00:00,9973,1,1261,,8
2025-05-23T15:25:51.780000+00:00,9973,4,1261,,9
2025-05-23T15:25:57.771000+00:00,9973,22,1261,,8
2025-05-23T15:26:06.340000+00:00,9973,6,1261,,3
2025-05-23T15:28:25.827000+00:00,9973,55,1261,25.4,12
2025-05-23T15:28:32.390000+00:00,9973,81,1261,,9
2025-05-23T15:28:37.296000+00:00,9973,23,1261,30.5,13
2025-05-23T15:29:40.934000+00:00,9973,5,1261,,10
2025-05-23T15:29:59.684000+00:00,9973,16,1261,28.3,13
2025-05-23T15:30:39.450000+00:00,9973,4,1261,26.7,12
2025-05-23T15:31:21.599000+00:00,9973,30,1261,27.6,14
2025-05-23T15:32:26.218000+00:00,9973,44,1261,156.7,13
2025-05-23T15:32:46.827000+00:00,9973,14,1261,29.3,14
2025-05-23T15:33:20.421000+00:00,9973,1,1261,19.6,13
2025-05-23T15:33:30.674000+00:00,9973,18,1261,30.9,14
2025-05-23T15:33:37.611000+00:00,9973,12,1261,29.5,15
2025-05-23T15:36:56.402000+00:00,9973,63,1261,30.3,17
2025-05-23T15:37:03.839000+00:00,9973,43,1261,28.8,17
2025-05-23T15:37:39.737000+00:00,9973,5,1261,29.6,15
2025-05-23T15:38:37.886000+00:00,9973,12,1261,29.8,18
2025-05-23T15:39:41.293000+00:00,9973,81,1261,26.5,16
2025-05-23T15:42:25.628000+00:00,9973,27,1261,447.7,17
2025-05-23T15:44:03.441000+00:00,9973,87,1261,249.4,19
2025-05-23T15:44:06.598000+00:00,9973,23,1261,274.7,20
2025-05-23T15:45:18.467000+00:00,9973,55,1261,302.7,20
2025-05-23T15:46:03.092000+00:00,9973,1,1261,329.5,18
2025-05-23T15:46:44.058000+00:00,9973,31,1261,259.2,21
2025-05-23T15:46:55.063000+00:00,9973,55,1261,24.3,21
2025-05-23T15:47:38.677000+00:00,9973,10,1261,243.8,23
2025-05-23T15:47:42.255000+00:00,9973,12,1261,303.6,21
2025-05-23T15:47:48.851000+00:00,9973,16,1261,345.4,21
2025-05-23T15:47:52.346000+00:00,9973,4,1261,284.5,21
2025-05-23T15:48:00.177000+00:00,9973,63,1261,310.3,21
2025-05-23T15:48:05.365000+00:00,9973,22,1261,357.2,19
2025-05-23T15:48:17.561000+00:00,9973,14,1261,378.1,20
2025-05-23T15:48:40.506000+00:00,9973,30,1261,355.7,22
2025-05-23T15:49:33.424000+00:00,9973,43,1261,397.0,21
2025-05-23T15:50:02.881000+00:00,9973,44,1261,312.0,21
2025-05-23T15:50:28.131000+00:00,9973,5,1261,339.7,20
2025-05-23T15:53:05.864000+00:00,9973,18,1261,341.0,23
2025-05-23T15:55:31.589000+00:00,9973,81,1261,336.9,23
2025-05-23T15:58:04.662000+00:00,9973,27,1261,24.1,29
2025-05-23T11:30:04.432000+00:00,9972,30,1261,,1
2025-05-23T11:30:11.619000+00:00,9972,6,1261,,1
2025-05-23T11:30:19.119000+00:00,9972,27,1261,,1
2025-05-23T11:30:25.916000+00:00,9972,87,1261,,1
2025-05-23T11:30:30.166000+00:00,9972,31,1261,,1
2025-05-23T11:30:35.604000+00:00,9972,4,1261,,1
2025-05-23T11:30:41.432000+00:00,9972,81,1261,,1
2025-05-23T11:30:48.901000+00:00,9972,22,1261,,1
2025-05-23T11:30:57.823000+00:00,9972,1,1261,,1
2025-05-23T11:31:08.791000+00:00,9972,44,1261,,1
2025-05-23T11:31:15.104000+00:00,9972,16,1261,,1
2025-05-23T11:31:23.463000+00:00,9972,5,1261,,1
2025-05-23T11:31:31.901000+00:00,9972,10,1261,,1
2025-05-23T11:31:38.542000+00:00,9972,12,1261,,1
2025-05-23T11:31:44.995000+00:00,9972,18,1261,,1
2025-05-23T11:31:57.151000+00:00,9972,14,1261,,1
2025-05-23T11:32:06.292000+00:00,9972,43,1261,,1
2025-05-23T11:32:21.979000+00:00,9972,63,1261,,1
2025-05-23T11:32:49.714000+00:00,9972,23,1261,,1
2025-05-23T11:32:57.183000+00:00,9972,55,1261,,1
2025-05-23T11:44:03.135000+00:00,9972,63,1261,,5
2025-05-23T11:44:06.525000+00:00,9972,12,1261,,6
2025-05-23T11:44:08.713000+00:00,9972,55,1261,,5
2025-05-23T11:44:13.869000+00:00,9972,81,1261,,6
2025-05-23T11:44:21.401000+00:00,9972,10,1261,681.7,2
2025-05-23T11:44:26.026000+00:00,9972,30,1261,,7
2025-05-23T11:44:33.823000+00:00,9972,5,1261,,6
2025-05-23T11:44:44.213000+00:00,9972,4,1261,,7
2025-05-23T11:44:49.635000+00:00,9972,27,1261,,7
2025-05-23T11:44:59.416000+00:00,9972,6,1261,,7
2025-05-23T11:45:09.760000+00:00,9972,43,1261,,6
2025-05-23T11:45:15.854000+00:00,9972,87,1261,,7
2025-05-23T11:45:23.573000+00:00,9972,31,1261,,7
2025-05-23T11:45:34.807000+00:00,9972,1,1261,,7
2025-05-23T11:45:45.104000+00:00,9972,44,1261,,6
2025-05-23T11:45:52.011000+00:00,9972,22,1261,,7
2025-05-23T11:46:02.886000+00:00,9972,14,1261,,6
2025-05-23T11:46:27.917000+00:00,9972,16,1261,513.0,5
2025-05-23T11:47:35.293000+00:00,9972,23,1261,,5
2025-05-23T11:57:36.504000+00:00,9972,55,1261,28.3,14
2025-05-23T12:00:01.443000+00:00,9972,12,1261,243.2,14
2025-05-23T12:02:27.866000+00:00,9972,23,1261,27.1,15
2025-05-23T12:02:43.007000+00:00,9972,63,1261,215.6,15
2025-05-23T12:03:24.452000+00:00,9972,44,1261,354.4,14
2025-05-23T12:04:37.215000+00:00,9972,6,1261,230.2,18
2025-05-23T12:05:06.998000+00:00,9972,4,1261,438.9,16
2025-05-23T12:05:12.060000+00:00,9972,81,1261,631.4,13
2025-05-23T12:05:15.420000+00:00,9972,30,1261,301.7,18
2025-05-23T12:06:55.170000+00:00,9972,87,1261,352.1,18
2025-05-23T12:07:28.108000+00:00,9972,14,1261,554.9,14
2025-05-23T12:08:44.593000+00:00,9972,55,1261,19.9,21
2025-05-23T12:08:47.139000+00:00,9972,63,1261,74.6,18
2025-05-23T12:09:27.546000+00:00,9972,43,1261,480.0,17
2025-05-23T12:09:46.296000+00:00,9972,10,1261,422.5,15
2025-05-23T12:10:32.500000+00:00,9972,6,1261,190.0,20
2025-05-23T12:12:33.784000+00:00,9972,31,1261,723.8,18
2025-05-23T12:13:03.009000+00:00,9972,27,1261,804.5,17
2025-05-23T12:13:48.103000+00:00,9972,22,1261,555.8,20
2025-05-23T12:13:58.369000+00:00,9972,1,1261,746.8,18
2025-05-23T12:15:01.698000+00:00,9972,81,1261,51.8,19
2025-05-23T12:15:08.760000+00:00,9972,5,1261,747.0,18
2025-05-23T12:17:18.578000+00:00,9972,63,1261,25.0,23
2025-05-23T12:18:40.968000+00:00,9972,22,1261,28.6,23
2025-05-23T12:19:55.646000+00:00,9972,16,1261,328.6,24
2025-05-23T12:20:02.320000+00:00,9972,14,1261,328.5,19
2025-05-23T12:21:25.415000+00:00,9972,4,1261,268.6,24
2025-05-23T12:21:48.243000+00:00,9972,87,1261,179.0,26
2025-05-23T12:22:53.994000+00:00,9972,1,1261,26.0,24
2025-05-23T12:23:27.416000+00:00,9972,55,1261,153.5,29
2025-05-23T12:23:33.088000+00:00,9972,44,1261,250.7,24
2025-05-23T12:23:54.650000+00:00,9972,43,1261,19.8,26
2025-05-23T12:24:52.354000+00:00,9972,23,1261,154.8,28
2025-05-23T12:25:31.213000+00:00,9972,81,1261,271.2,23
2025-05-30T11:30:03.156000+00:00,9964,45,1262,,1
2025-05-30T11:30:11.935000+00:00,9964,30,1262,,1
2025-05-30T11:30:19.356000+00:00,9964,18,1262,,1
2025-05-30T11:30:32.887000+00:00,9964,27,1262,,1
2025-05-30T11:30:39.525000+00:00,9964,16,1262,,1
2025-05-30T11:30:46.830000+00:00,9964,4,1262,,1
2025-05-30T11:30:57.317000+00:00,9964,44,1262,,1
2025-05-30T11:31:07.682000+00:00,9964,14,1262,,1
2025-05-30T11:31:12.143000+00:00,9964,43,1262,,1
2025-05-30T11:31:19.234000+00:00,9964,10,1262,,1
2025-05-30T11:31:23.607000+00:00,9964,5,1262,,1
2025-05-30T11:31:28.853000+00:00,9964,81,1262,,1
2025-05-30T11:31:32.886000+00:00,9964,22,1262,,1
2025-05-30T11:31:45.626000+00:00,9964,12,1262,,1
2025-05-30T11:31:53.638000+00:00,9964,87,1262,,1
2025-05-30T11:32:01.720000+00:00,9964,50,1262,,1
2025-05-30T11:32:56.405000+00:00,9964,63,1262,,1
2025-05-30T11:33:15.732000+00:00,9964,6,1262,,1
2025-05-30T11:33:30.611000+00:00,9964,1,1262,,1
2025-05-30T11:34:09.190000+00:00,9964,30,1262,36.3,3
2025-05-30T11:35:39.362000+00:00,9964,16,1262,27.6,4
2025-05-30T11:36:48.464000+00:00,9964,45,1262,305.0,2
2025-05-30T11:37:53.239000+00:00,9964,50,1262,44.3,4
2025-05-30T11:38:05.215000+00:00,9964,12,1262,41.4,4
2025-05-30T11:38:46.534000+00:00,9964,27,1262,395.7,2
2025-05-30T11:38:50.069000+00:00,9964,5,1262,342.7,2
2025-05-30T11:40:19.307000+00:00,9964,43,1262,17.2,6
2025-05-30T11:41:21.870000+00:00,9964,16,1262,26.1,7
2025-05-30T11:41:35.971000+00:00,9964,87,1262,34.0,6
2025-05-30T11:42:05.360000+00:00,9964,6,1262,34.6,6
2025-05-30T11:42:30.415000+00:00,9964,1,1262,16.6,6
2025-05-30T11:42:33.752000+00:00,9964,63,1262,28.2,6
2025-05-30T11:43:57.855000+00:00,9964,50,1262,29.8,7
2025-05-30T11:44:22.152000+00:00,9964,12,1262,31.2,7
2025-05-30T11:44:34.346000+00:00,9964,30,1262,428.7,5
2025-05-30T11:44:51.346000+00:00,9964,55,1262,,1
2025-05-30T11:45:16.122000+00:00,9964,45,1262,318.5,4
2025-05-30T11:45:37.615000+00:00,9964,10,1262,29.7,9
2025-05-30T11:47:53.649000+00:00,9964,5,1262,27.7,7
2025-05-30T11:50:00.061000+00:00,9964,43,1262,26.4,11
2025-05-30T11:51:16.683000+00:00,9964,10,1262,16.6,12
2025-05-30T11:51:57.354000+00:00,9964,4,1262,498.5,9
2025-05-30T11:52:46.648000+00:00,9964,81,1262,601.8,8
2025-05-30T11:53:16.192000+00:00,9964,63,1262,327.1,9
2025-05-30T11:53:31.002000+00:00,9964,55,1262,27.0,6
2025-05-30T11:55:20.794000+00:00,9964,30,1262,31.2,11
2025-05-30T11:55:27.387000+00:00,9964,14,1262,644.7,10
2025-05-30T11:55:42.505000+00:00,9964,43,1262,17.0,14
2025-05-30T11:55:46.099000+00:00,9964,12,1262,375.8,10
2025-05-30T11:56:34.492000+00:00,9964,10,1262,30.3,15
2025-05-30T11:56:54.301000+00:00,9964,27,1262,424.6,9
2025-05-30T11:58:59.124000+00:00,9964,18,1262,915.7,9
2025-05-30T11:59:04.470000+00:00,9964,16,1262,457.3,13
2025-05-30T11:59:24.961000+00:00,9964,55,1262,45.4,9
2025-05-30T11:59:43.663000+00:00,9964,1,1262,748.9,9
2025-05-30T12:00:05.464000+00:00,9964,22,1262,680.9,10
2025-05-30T12:00:08.063000+00:00,9964,44,1262,543.0,12
2025-05-30T12:00:10.935000+00:00,9964,45,1262,48.3,13
2025-05-30T12:01:05.078000+00:00,9964,4,1262,279.2,12
2025-05-30T12:01:12.157000+00:00,9964,81,1262,241.0,11
2025-05-30T12:02:18.398000+00:00,9964,27,1262,16.6,12
2025-05-30T12:02:57.576000+00:00,9964,6,1262,604.4,12
2025-05-30T12:04:50.022000+00:00,9964,5,1262,734.0,10
2025-05-30T12:04:56.639000+00:00,9964,16,1262,26.6,16
2025-05-30T12:05:00.764000+00:00,9964,55,1262,25.6,12
2025-05-30T12:05:03.858000+00:00,9964,87,1262,787.2,12
2025-05-30T12:05:23.632000+00:00,9964,63,1262,314.9,13
2025-05-30T12:06:29.333000+00:00,9964,4,1262,32.1,15
2025-05-30T12:06:33.164000+00:00,9964,81,1262,24.3,14
2025-05-30T12:06:35.042000+00:00,9964,10,1262,512.8,16
2025-05-30T12:06:38.593000+00:00,9964,12,1262,354.5,13
2025-05-30T12:07:01.957000+00:00,9964,44,1262,32.5,15
2025-05-30T12:08:45.038000+00:00,9964,43,1262,466.9,17
2025-05-30T12:09:19.980000+00:00,9964,45,1262,271.0,16
2025-05-30T12:09:55.356000+00:00,9964,30,1262,250.4,17
2025-05-30T12:09:59.834000+00:00,9964,5,1262,16.7,13
2025-05-30T12:10:58.257000+00:00,9964,50,1262,975.8,13
2025-05-30T12:12:05.839000+00:00,9964,22,1262,383.6,13
2025-05-30T12:12:17.623000+00:00,9964,14,1262,587.4,15
2025-05-30T12:12:30.847000+00:00,9964,10,1262,19.0,19
2025-05-30T12:14:42.001000+00:00,9964,16,1262,357.3,18
2025-05-30T12:15:02.403000+00:00,9964,6,1262,441.9,15
2025-05-30T12:15:14.889000+00:00,9964,44,1262,279.6,17
2025-05-30T12:15:38.876000+00:00,9964,18,1262,513.9,14
2025-05-30T12:15:41.805000+00:00,9964,55,1262,372.7,15
2025-05-30T12:16:20.842000+00:00,9964,81,1262,282.8,17
2025-05-30T12:16:38.604000+00:00,9964,87,1262,357.7,15
2025-05-30T12:16:48.324000+00:00,9964,4,1262,351.4,18
2025-05-30T12:17:01.107000+00:00,9964,6,1262,25.2,16
2025-05-30T12:17:45.094000+00:00,9964,50,1262,82.0,16
2025-05-30T12:21:18.381000+00:00,9964,30,1262,411.3,20
2025-05-30T12:21:21.666000+00:00,9964,5,1262,493.2,15
2025-05-30T12:21:35.986000+00:00,9964,10,1262,348.4,21
2025-05-30T12:23:17.474000+00:00,9964,27,1262,968.8,15
2025-05-30T12:23:34.616000+00:00,9964,22,1262,32.9,21
2025-05-30T12:24:25.471000+00:00,9964,1,1262,1194.7,12
2025-05-30T12:25:12.928000+00:00,9964,50,1262,248.7,18
2025-05-30T12:27:05.754000+00:00,9964,45,1262,307.6,24
2025-05-30T12:27:13.823000+00:00,9964,6,1262,23.6,23
2025-05-30T12:28:43.011000+00:00,9964,55,1262,23.4,24
2025-05-30T12:29:14.710000+00:00,9964,81,1262,26.2,26
2025-05-30T12:29:23.505000+00:00,9964,6,1262,20.1,24
2025-05-30T15:00:14.713000+00:00,9965,16,1262,,1
2025-05-30T15:00:18.741000+00:00,9965,31,1262,,1
2025-05-30T15:00:20.633000+00:00,9965,12,1262,,1
2025-05-30T15:00:26.123000+00:00,9965,43,1262,,1
2025-05-30T15:00:29.527000+00:00,9965,87,1262,,1
2025-05-30T15:00:39.040000+00:00,9965,18,1262,,1
2025-05-30T15:01:01.275000+00:00,9965,44,1262,,1
2025-05-30T15:01:05.784000+00:00,9965,55,1262,,1
2025-05-30T15:01:09.120000+00:00,9965,23,1262,,1
2025-05-30T15:01:14.049000+00:00,9965,10,1262,,1
2025-05-30T15:01:25.537000+00:00,9965,5,1262,,1
2025-05-30T15:01:37.099000+00:00,9965,14,1262,,1
2025-05-30T15:01:38.551000+00:00,9965,4,1262,,1
2025-05-30T15:01:50.974000+00:00,9965,6,1262,,1
2025-05-30T15:01:54.399000+00:00,9965,22,1262,,1
2025-05-30T15:02:04.608000+00:00,9965,27,1262,,1
2025-05-30T15:02:09.813000+00:00,9965,81,1262,,1
2025-05-30T15:02:29.709000+00:00,9965,30,1262,,1
2025-05-30T15:03:19.322000+00:00,9965,63,1262,,1
2025-05-30T15:03:45.402000+00:00,9965,1,1262,,1
2025-05-30T15:05:52.233000+00:00,9965,31,1262,29.4,4
2025-05-30T15:06:27.011000+00:00,9965,43,1262,26.8,4
2025-05-30T15:06:50.516000+00:00,9965,12,1262,64.2,4
2025-05-30T15:07:13.191000+00:00,9965,10,1262,18.1,4
2025-05-30T15:07:15.929000+00:00,9965,44,1262,30.3,4
2025-05-30T15:07:17.487000+00:00,9965,5,1262,17.3,4
2025-05-30T15:07:21.953000+00:00,9965,87,1262,56.4,4
2025-05-30T15:07:29.627000+00:00,9965,16,1262,150.3,4
2025-05-30T15:07:39.461000+00:00,9965,27,1262,17.3,4
2025-05-30T15:07:48.346000+00:00,9965,4,1262,34.0,4
2025-05-30T15:07:54.265000+00:00,9965,6,1262,34.2,4
2025-05-30T15:08:30.198000+00:00,9965,30,1262,25.9,4
2025-05-30T15:08:35.277000+00:00,9965,22,1262,28.4,4
2025-05-30T15:09:27.892000+00:00,9965,1,1262,24.7,4
2025-05-30T15:10:06.814000+00:00,9965,63,1262,66.2,4
2025-05-30T15:11:22.490000+00:00,9965,16,1262,24.5,6
2025-05-30T15:12:11.580000+00:00,9965,18,1262,27.7,7
2025-05-30T15:12:27.682000+00:00,9965,55,1262,25.8,7
2025-05-30T15:12:42.909000+00:00,9965,43,1262,26.9,7
2025-05-30T15:12:47.018000+00:00,9965,23,1262,16.9,7
2025-05-30T15:12:56.451000+00:00,9965,10,1262,21.9,7
2025-05-30T15:12:59.163000+00:00,9965,5,1262,22.8,7
2025-05-30T15:13:25.808000+00:00,9965,81,1262,362.0,4
2025-05-30T15:15:36.202000+00:00,9965,44,1262,27.2,8
2025-05-30T15:16:56.809000+00:00,9965,16,1262,19.7,9
2025-05-30T15:17:02.965000+00:00,9965,30,1262,217.4,7
2025-05-30T15:17:38.294000+00:00,9965,31,1262,54.5,10
2025-05-30T15:19:33.440000+00:00,9965,63,1262,263.7,7
2025-05-30T15:19:39.904000+00:00,9965,12,1262,442.8,7
2025-05-30T15:20:30.126000+00:00,9965,6,1262,427.8,7
2025-05-30T15:20:39.593000+00:00,9965,55,1262,303.7,9
2025-05-30T15:21:37.040000+00:00,9965,1,1262,538.0,6
2025-05-30T15:21:45.689000+00:00,9965,22,1262,485.2,7
2025-05-30T15:22:12.348000+00:00,9965,4,1262,561.7,7
2025-05-30T15:22:37.948000+00:00,9965,27,1262,484.6,8
2025-05-30T15:22:43.413000+00:00,9965,23,1262,276.2,10
2025-05-30T15:24:57.668000+00:00,9965,43,1262,439.0,10
2025-05-30T15:25:09.076000+00:00,9965,10,1262,534.4,9
2025-05-30T15:25:17.669000+00:00,9965,14,1262,437.7,10
2025-05-30T15:25:36.530000+00:00,9965,16,1262,210.8,12
2025-05-30T15:25:44.601000+00:00,9965,18,1262,592.2,9
2025-05-30T15:25:54.957000+00:00,9965,81,1262,461.2,7
2025-05-30T15:27:02.354000+00:00,9965,44,1262,379.2,11
2025-05-30T15:27:19.015000+00:00,9965,4,1262,34.5,10
2025-05-30T15:28:00.002000+00:00,9965,30,1262,342.6,10
2025-05-30T15:28:21.616000+00:00,9965,6,1262,199.1,10
2025-05-30T15:30:01.676000+00:00,9965,27,1262,134.6,11
2025-05-30T15:30:14.601000+00:00,9965,63,1262,350.7,10
2025-05-30T15:30:29.680000+00:00,9965,31,1262,490.0,13
2025-05-30T15:30:35.016000+00:00,9965,43,1262,18.6,13
2025-05-30T15:30:38.075000+00:00,9965,5,1262,850.5,9
2025-05-30T15:30:42.658000+00:00,9965,10,1262,23.5,12
2025-05-30T15:30:55.717000+00:00,9965,16,1262,26.0,15
2025-05-30T15:31:38.616000+00:00,9965,55,1262,364.0,12
2025-05-30T15:32:23.955000+00:00,9965,12,1262,466.6,10
2025-05-30T15:32:57.080000+00:00,9965,1,1262,405.6,9
2025-05-30T15:33:24.594000+00:00,9965,22,1262,403.5,10
2025-05-30T15:33:27.503000+00:00,9965,18,1262,131.6,12
2025-05-30T15:35:01.825000+00:00,9965,23,1262,400.2,13
2025-05-30T15:35:56.291000+00:00,9965,4,1262,317.9,12
2025-05-30T15:36:14.604000+00:00,9965,81,1262,323.0,10
2025-05-30T15:36:17.541000+00:00,9965,5,1262,30.8,12
2025-05-30T15:36:45.118000+00:00,9965,31,1262,62.0,16
2025-05-30T15:36:53.018000+00:00,9965,87,1262,1501.4,6
2025-05-30T15:37:47.071000+00:00,9965,6,1262,295.8,13
2025-05-30T15:38:05.858000+00:00,9965,30,1262,324.4,13
2025-05-30T15:38:32.106000+00:00,9965,27,1262,331.7,13
2025-05-30T15:39:24.809000+00:00,9965,16,1262,295.2,17
2025-05-30T15:39:31.010000+00:00,9965,10,1262,311.6,14
2025-05-30T15:40:04.831000+00:00,9965,6,1262,18.8,14
2025-05-30T15:40:07.959000+00:00,9965,44,1262,488.8,14
2025-05-30T15:40:13.690000+00:00,9965,43,1262,263.3,16
2025-05-30T15:40:42.030000+00:00,9965,30,1262,26.9,14
2025-05-30T15:40:50.808000+00:00,9965,14,1262,625.7,13
2025-05-30T15:42:23.951000+00:00,9965,18,1262,326.0,14
2025-05-30T15:44:02.180000+00:00,9965,23,1262,35.7,19
2025-05-30T15:44:28.737000+00:00,9965,5,1262,296.9,14
2025-05-30T15:44:38.925000+00:00,9965,55,1262,23.6,21
2025-05-30T15:46:24.284000+00:00,9965,87,1262,269.7,9
2025-05-30T15:46:57.210000+00:00,9965,31,1262,329.1,19
2025-05-30T15:47:00.268000+00:00,9965,1,1262,22.8,19
2025-05-30T15:47:56.111000+00:00,9965,43,1262,23.6,21
2025-05-30T15:49:00.985000+00:00,9965,22,1262,22.1,21
2025-05-30T15:49:36.806000+00:00,9965,16,1262,24.4,24
2025-05-30T15:49:40.549000+00:00,9965,10,1262,27.1,21
2025-05-30T15:52:43.661000+00:00,9965,4,1262,23.2,24
2025-05-30T15:54:46.264000+00:00,9965,44,1262,24.5,24
2025-05-30T15:56:15.749000+00:00,9965,12,1262,22.8,27
2025-05-30T15:56:57.854000+00:00,9965,63,1262,34.2,29
2025-05-30T15:58:02.161000+00:00,9965,27,1262,23.5,27
2025-05-30T15:58:23.359000+00:00,9965,6,1262,24.5,27
2025-05-30T15:58:28.103000+00:00,9965,81,1262,22.2,26
2025-05-30T15:59:03.664000+00:00,9965,14,1262,24.3,26
2025-05-31T10:53:23.314000+00:00,9966,81,1262,,1
2025-05-31T10:53:23.314000+00:00,9966,16,1262,,1
2025-05-31T10:53:23.314000+00:00,9966,10,1262,25.9,4
2025-05-31T10:53:23.314000+00:00,9966,44,1262,,1
2025-05-31T10:53:23.314000+00:00,9966,23,1262,,1
2025-05-31T10:53:23.314000+00:00,9966,1,1262,,1
2025-05-31T10:53:23.314000+00:00,9966,18,1262,683.3,3
2025-05-31T10:53:23.314000+00:00,9966,6,1262,,1
2025-05-31T10:53:23.314000+00:00,9966,4,1262,26.7,4
2025-05-31T10:53:23.314000+00:00,9966,43,1262,475.2,7
2025-05-31T10:53:23.314000+00:00,9966,14,1262,679.7,3
2025-05-31T10:53:23.314000+00:00,9966,27,1262,121.1,4
2025-05-31T10:53:23.314000+00:00,9966,63,1262,,1
2025-05-31T10:53:23.314000+00:00,9966,55,1262,27.8,4
2025-05-31T10:53:23.314000+00:00,9966,5,1262,562.0,7
2025-05-31T10:53:49.990000+00:00,9966,16,1262,31.4,4
2025-05-31T10:54:57.661000+00:00,9966,18,1262,16.6,6
2025-05-31T10:55:08.465000+00:00,9966,44,1262,30.5,4
2025-05-31T10:55:29.784000+00:00,9966,30,1262,265.3,4
2025-05-31T10:55:32.512000+00:00,9966,12,1262,,1
2025-05-31T10:55:42.937000+00:00,9966,14,1262,26.3,6
2025-05-31T10:55:51.785000+00:00,9966,22,1262,474.2,4
2025-05-31T10:58:10.435000+00:00,9966,31,1262,655.2,4
2025-05-31T10:59:20.559000+00:00,9966,6,1262,297.4,4
2025-05-31T10:59:24.403000+00:00,9966,5,1262,120.7,10
2025-05-31T10:59:37.469000+00:00,9966,63,1262,282.8,4
2025-05-31T10:59:51.871000+00:00,9966,81,1262,404.4,4
2025-05-31T11:00:34.671000+00:00,9966,23,1262,376.2,4
2025-05-31T11:00:46.829000+00:00,9966,18,1262,16.5,9
2025-05-31T11:00:51.522000+00:00,9966,87,1262,627.6,4
2025-05-31T11:01:04.906000+00:00,9966,44,1262,17.0,7
2025-05-31T11:01:12.223000+00:00,9966,43,1262,21.0,14
2025-05-31T11:03:50.511000+00:00,9966,10,1262,606.3,7
2025-05-31T11:04:57.964000+00:00,9966,55,1262,512.1,7
2025-05-31T11:06:01.048000+00:00,9966,30,1262,307.0,7
2025-05-31T11:07:18.126000+00:00,9966,6,1262,36.4,9
2025-05-31T11:08:06.917000+00:00,9966,12,1262,449.4,4
2025-05-31T11:10:22.767000+00:00,9966,1,1262,631.8,7
2025-05-31T11:10:27.610000+00:00,9966,55,1262,37.3,10
2025-05-31T11:11:39.678000+00:00,9966,4,1262,744.7,11
2025-05-31T11:11:47.125000+00:00,9966,22,1262,617.3,7
2025-05-31T11:12:22.531000+00:00,9966,14,1262,684.1,9
2025-05-31T11:12:34.715000+00:00,9966,18,1262,415.1,12
2025-05-31T11:13:11.491000+00:00,9966,31,1262,608.1,7
2025-05-31T11:13:51.845000+00:00,9966,27,1262,654.3,13
2025-05-31T11:13:55.853000+00:00,9966,5,1262,685.9,12
2025-05-31T11:15:16.945000+00:00,9966,43,1262,559.0,17
2025-05-31T11:15:40.917000+00:00,9966,87,1262,597.1,7
2025-05-31T11:15:50.434000+00:00,9966,4,1262,43.2,13
2025-05-31T11:15:59.003000+00:00,9966,81,1262,532.1,9
2025-05-31T11:16:01.359000+00:00,9966,16,1262,774.4,10
2025-05-31T11:16:09.043000+00:00,9966,6,1262,420.2,10
2025-05-31T11:16:51.083000+00:00,9966,10,1262,195.8,14
2025-05-31T11:18:45.414000+00:00,9966,14,1262,74.2,12
2025-05-31T11:18:46.531000+00:00,9966,44,1262,695.7,11
2025-05-31T11:18:58.452000+00:00,9966,18,1262,74.8,15
2025-05-31T11:19:17.827000+00:00,9966,30,1262,365.5,11
2025-05-31T11:19:23.190000+00:00,9966,5,1262,31.3,15
2025-05-31T11:20:13.934000+00:00,9966,12,1262,437.6,7
2025-05-31T11:20:34.734000+00:00,9966,63,1262,544.4,13
2025-05-31T11:21:24.441000+00:00,9966,55,1262,553.7,11
2025-05-31T11:23:43.550000+00:00,9966,6,1262,172.3,13
2025-05-31T11:25:10.376000+00:00,9966,31,1262,428.3,10
2025-05-31T11:25:49.068000+00:00,9966,6,1262,17.2,14
2025-05-31T11:26:06.252000+00:00,9966,1,1262,666.6,10
2025-05-31T11:26:20.516000+00:00,9966,16,1262,321.7,13
2025-05-31T11:26:32.828000+00:00,9966,22,1262,558.2,10
2025-05-31T11:26:49.465000+00:00,9966,43,1262,397.1,20
2025-05-31T11:27:16.813000+00:00,9966,10,1262,341.4,17
2025-05-31T11:27:46.545000+00:00,9966,44,1262,192.9,14
2025-05-31T11:28:03.113000+00:00,9966,6,1262,17.1,15
2025-05-31T11:28:16.913000+00:00,9966,87,1262,452.5,10
2025-05-31T11:28:25.918000+00:00,9966,81,1262,461.7,12
2025-05-31T11:28:33.040000+00:00,9966,18,1262,285.9,18
2025-05-31T11:28:38.094000+00:00,9966,14,1262,323.3,15
2025-05-31T11:28:46.317000+00:00,9966,5,1262,367.9,17
2025-05-31T11:29:01.264000+00:00,9966,4,1262,507.8,16
2025-05-31T11:29:13.234000+00:00,9966,27,1262,641.1,16
2025-05-31T11:29:21.130000+00:00,9966,30,1262,44.4,16
2025-05-31T11:29:31.647000+00:00,9966,63,1262,265.0,16
2025-05-31T11:29:34.610000+00:00,9966,55,1262,207.6,14
2025-05-31T11:29:46.589000+00:00,9966,12,1262,290.4,10
2025-05-31T14:00:04.444000+00:00,9967,43,1262,,1
2025-05-31T14:00:10.644000+00:00,9967,31,1262,,1
2025-05-31T14:00:22.411000+00:00,9967,87,1262,,1
2025-05-31T14:00:28.100000+00:00,9967,18,1262,,1
2025-05-31T14:00:59.150000+00:00,9967,23,1262,,1
2025-05-31T14:04:42.333000+00:00,9967,27,1262,,1
2025-05-31T14:04:44.253000+00:00,9967,5,1262,,1
2025-05-31T14:04:48.434000+00:00,9967,22,1262,,1
2025-05-31T14:04:55.628000+00:00,9967,30,1262,,1
2025-05-31T14:05:01.981000+00:00,9967,55,1262,,1
2025-05-31T14:05:11.366000+00:00,9967,12,1262,,1
2025-05-31T14:05:26.702000+00:00,9967,4,1262,,1
2025-05-31T14:05:47.638000+00:00,9967,63,1262,,1
2025-05-31T14:05:58.401000+00:00,9967,6,1262,,1
2025-05-31T14:06:02.616000+00:00,9967,10,1262,,1
2025-05-31T14:06:06.532000+00:00,9967,81,1262,,1
2025-05-31T14:06:09.774000+00:00,9967,23,1262,47.3,4
2025-05-31T14:06:17.522000+00:00,9967,14,1262,,1
2025-05-31T14:06:55.395000+00:00,9967,44,1262,,1
2025-05-31T14:07:08.416000+00:00,9967,16,1262,,1
2025-05-31T14:07:19.323000+00:00,9967,43,1262,157.8,4
2025-05-31T14:07:24.865000+00:00,9967,31,1262,153.8,4
2025-05-31T14:07:34.433000+00:00,9967,87,1262,158.4,4
2025-05-31T14:07:46.718000+00:00,9967,1,1262,,1
2025-05-31T14:08:08.499000+00:00,9967,18,1262,181.3,4
2025-05-31T14:13:13.775000+00:00,9967,4,1262,176.5,4
2025-05-31T14:13:15.824000+00:00,9967,27,1262,250.7,4
2025-05-31T14:13:18.428000+00:00,9967,5,1262,240.6,4
2025-05-31T14:13:29.456000+00:00,9967,81,1262,145.5,4
2025-05-31T14:13:31.890000+00:00,9967,12,1262,192.4,4
2025-05-31T14:13:50.721000+00:00,9967,6,1262,200.2,4
2025-05-31T14:13:57.884000+00:00,9967,10,1262,186.4,4
2025-05-31T14:14:46.829000+00:00,9967,55,1262,289.3,4
2025-05-31T14:15:02.306000+00:00,9967,44,1262,201.4,4
2025-05-31T14:15:04.504000+00:00,9967,30,1262,320.7,4
2025-05-31T14:15:05.911000+00:00,9967,23,1262,234.5,7
2025-05-31T14:15:08.474000+00:00,9967,31,1262,177.3,7
2025-05-31T14:15:10.152000+00:00,9967,14,1262,217.9,4
2025-05-31T14:15:12.810000+00:00,9967,87,1262,168.7,7
2025-05-31T14:15:16.476000+00:00,9967,43,1262,200.8,7
2025-05-31T14:15:18.315000+00:00,9967,16,1262,206.3,4
2025-05-31T14:15:53.553000+00:00,9967,22,1262,377.6,4
2025-05-31T14:15:56.750000+00:00,9967,18,1262,185.9,7
2025-05-31T14:25:03.270000+00:00,9967,23,1262,400.3,9
2025-05-31T14:25:06.003000+00:00,9967,14,1262,385.1,6
2025-05-31T14:25:16.703000+00:00,9967,87,1262,298.7,10
2025-05-31T14:27:22.772000+00:00,9967,1,1262,876.0,4
2025-05-31T14:27:27.630000+00:00,9967,18,1262,407.2,10
2025-05-31T14:27:32.731000+00:00,9967,30,1262,470.4,7
2025-05-31T14:27:35.833000+00:00,9967,5,1262,573.4,7
2025-05-31T14:27:41.900000+00:00,9967,10,1262,530.7,7
2025-05-31T14:27:49.130000+00:00,9967,6,1262,551.0,7
2025-05-31T14:27:59.773000+00:00,9967,4,1262,614.4,7
2025-05-31T14:28:26.373000+00:00,9967,14,1262,113.9,7
2025-05-31T14:28:41.881000+00:00,9967,16,1262,657.9,5
2025-05-31T14:28:58.985000+00:00,9967,44,1262,566.0,7
2025-05-31T14:29:06.405000+00:00,9967,81,1262,740.3,6
2025-05-31T14:29:23.482000+00:00,9967,12,1262,650.1,7
2025-05-31T14:29:32.864000+00:00,9967,63,1262,1132.7,4
2025-05-31T14:36:11.102000+00:00,9967,18,1262,250.5,13
2025-05-31T14:36:12.735000+00:00,9967,12,1262,130.1,10
2025-05-31T14:36:24.983000+00:00,9967,10,1262,221.8,10
2025-05-31T14:36:30.161000+00:00,9967,23,1262,427.6,12
2025-05-31T14:36:39.140000+00:00,9967,5,1262,261.1,10
2025-05-31T14:37:05.401000+00:00,9967,6,1262,259.1,10
2025-05-31T14:37:21.124000+00:00,9967,30,1262,311.1,10
2025-05-31T14:37:36.095000+00:00,9967,14,1262,256.8,10
2025-05-31T14:37:44.364000+00:00,9967,87,1262,484.1,13
2025-05-31T14:37:53.181000+00:00,9967,16,1262,264.2,8
2025-05-31T14:48:39.809000+00:00,9967,81,1262,888.6,9
2025-05-31T14:48:53.840000+00:00,9967,12,1262,473.1,13
2025-05-31T14:48:58.601000+00:00,9967,63,1262,891.2,7
2025-05-31T14:49:05.197000+00:00,9967,1,1262,1030.3,7
2025-05-31T14:49:14.434000+00:00,9967,10,1262,481.6,13
2025-05-31T14:49:37.922000+00:00,9967,44,1262,949.6,10
2025-05-31T14:49:54.962000+00:00,9967,4,1262,1015.3,10
2025-05-31T14:50:48.439000+00:00,9967,16,1262,581.1,10
2025-05-31T14:53:14.298000+00:00,9967,14,1262,720.7,12
2025-05-31T14:56:33.517000+00:00,9967,6,1262,891.1,13
2025-05-31T14:56:45.719000+00:00,9967,10,1262,159.1,16
2025-05-31T14:56:54.012000+00:00,9967,4,1262,148.0,13
2025-05-31T14:56:59.986000+00:00,9967,81,1262,222.4,12
2025-05-31T14:57:03.272000+00:00,9967,12,1262,222.3,16
2025-05-31T14:57:22.904000+00:00,9967,44,1262,186.1,13
2025-05-31T14:57:31.002000+00:00,9967,1,1262,223.5,10
2025-05-31T14:58:05.420000+00:00,9967,63,1262,266.9,10
2025-05-25T13:05:00.705000+00:00,9979,22,1261,24.5,1
2025-05-25T13:05:02.475000+00:00,9979,10,1261,24.3,1
2025-05-25T13:05:30.195000+00:00,9979,87,1261,50.1,1
2025-05-25T13:05:35.820000+00:00,9979,5,1261,37.2,1
2025-05-25T13:21:04.863000+00:00,9979,27,1261,24.0,12
2025-05-25T13:22:26.270000+00:00,9979,43,1261,24.3,13
2025-05-25T13:23:19.864000+00:00,9979,6,1261,24.3,14
2025-05-25T13:25:54.877000+00:00,9979,14,1261,25.3,16
2025-05-25T13:26:00.002000+00:00,9979,31,1261,25.5,16
2025-05-25T13:27:46.469000+00:00,9979,18,1261,23.9,17
2025-05-25T13:27:48.398000+00:00,9979,87,1261,24.5,17
2025-05-25T13:28:25.215000+00:00,9979,44,1261,23.5,18
2025-05-25T13:29:25.700000+00:00,9979,4,1261,24.5,19
2025-05-25T13:30:02.482000+00:00,9979,6,1261,24.0,19
2025-05-25T13:30:48.575000+00:00,9979,81,1261,25.7,20
2025-05-25T13:33:15.011000+00:00,9979,16,1261,23.5,22
2025-05-25T13:39:33.903000+00:00,9979,5,1261,24.4,26
2025-05-25T13:39:35.090000+00:00,9979,43,1261,24.4,26
2025-05-25T13:40:54.106000+00:00,9979,1,1261,24.1,28
2025-05-25T13:41:44.900000+00:00,9979,31,1261,24.7,28
2025-05-25T13:45:47.184000+00:00,9979,30,1261,24.2,31
2025-05-25T13:47:05.165000+00:00,9979,23,1261,23.9,32
2025-05-25T13:51:32.327000+00:00,9979,5,1261,24.2,35
2025-05-25T13:57:37.401000+00:00,9979,30,1261,24.3,40
2025-05-25T13:57:39.323000+00:00,9979,23,1261,24.1,40
2025-05-25T14:03:16.358000+00:00,9979,27,1261,24.3,44
2025-05-25T14:06:10.450000+00:00,9979,81,1261,23.9,48
2025-05-25T14:07:17.044000+00:00,9979,16,1261,23.6,49
2025-05-25T14:08:10.967000+00:00,9979,55,1261,24.4,48
2025-05-25T14:08:27.154000+00:00,9979,4,1261,23.7,50
2025-05-25T14:14:45.756000+00:00,9979,55,1261,24.0,53
2025-05-25T14:14:47.147000+00:00,9979,63,1261,19.4,53
2025-05-25T14:16:41.123000+00:00,9979,44,1261,24.2,56
2025-05-25T14:26:38.027000+00:00,9979,63,1261,25.0,62
2025-05-25T14:29:40.406000+00:00,9979,18,1261,25.9,64
2025-05-25T14:34:22.421000+00:00,9979,63,1261,24.0,68
2025-05-25T14:36:00.507000+00:00,9979,12,1261,24.4,69
2025-05-25T14:38:51.517000+00:00,9979,12,1261,24.8,71
2025-05-25T14:41:05.568000+00:00,9979,22,1261,24.0,73
2025-05-25T14:42:46.979000+00:00,9979,1,1261,23.9,77
2025-06-13T17:30:03.663000+00:00,9956,31,1263,,1
2025-06-13T17:30:13.319000+00:00,9956,81,1263,,1
2025-06-13T17:30:15.991000+00:00,9956,27,1263,,1
2025-06-13T17:30:17.210000+00:00,9956,44,1263,,1
2025-06-13T17:30:24.851000+00:00,9956,43,1263,,1
2025-06-13T17:30:30.851000+00:00,9956,30,1263,,1
2025-06-13T17:30:39.179000+00:00,9956,4,1263,,1
2025-06-13T17:30:43.148000+00:00,9956,10,1263,,1
2025-06-13T17:30:55.538000+00:00,9956,16,1263,,1
2025-06-13T17:31:00.429000+00:00,9956,87,1263,,1
2025-06-13T17:31:04.289000+00:00,9956,5,1263,,1
2025-06-13T17:31:09.460000+00:00,9956,23,1263,,1
2025-06-13T17:31:15.898000+00:00,9956,22,1263,,1
2025-06-13T17:31:24.148000+00:00,9956,1,1263,,1
2025-06-13T17:31:30.664000+00:00,9956,6,1263,,1
2025-06-13T17:33:07.852000+00:00,9956,55,1263,,1
2025-06-13T17:33:43.258000+00:00,9956,63,1263,,1
2025-06-13T17:33:46.243000+00:00,9956,12,1263,,1
2025-06-13T17:33:59.618000+00:00,9956,81,1263,38.5,3
2025-06-13T17:34:52.791000+00:00,9956,27,1263,187.5,2
2025-06-13T17:34:58.463000+00:00,9956,18,1263,,1
2025-06-13T17:36:42.464000+00:00,9956,14,1263,,1
2025-06-13T17:37:20.294000+00:00,9956,4,1263,37.2,5
2025-06-13T17:39:00.898000+00:00,9956,31,1263,354.5,3
2025-06-13T17:40:58.103000+00:00,9956,6,1263,30.9,7
2025-06-13T17:42:57.918000+00:00,9956,27,1263,27.1,7
2025-06-13T17:43:39.741000+00:00,9956,30,1263,36.7,9
2025-06-13T17:53:02.755000+00:00,9956,63,1263,,8
2025-06-13T17:53:07.599000+00:00,9956,81,1263,963.6,5
2025-06-13T17:53:14.224000+00:00,9956,4,1263,991.1,10
2025-06-13T17:53:17.677000+00:00,9956,31,1263,1211.1,7
2025-06-13T17:53:26.396000+00:00,9956,87,1263,,10
2025-06-13T17:53:28.458000+00:00,9956,30,1263,625.4,10
2025-06-13T17:53:38.974000+00:00,9956,6,1263,791.7,10
2025-06-13T17:53:47.083000+00:00,9956,18,1263,,7
2025-06-13T17:53:54.474000+00:00,9956,43,1263,,10
2025-06-13T17:53:57.193000+00:00,9956,55,1263,,9
2025-06-13T17:54:00.333000+00:00,9956,14,1263,,6
2025-06-13T17:54:07.443000+00:00,9956,44,1263,,10
2025-06-13T17:54:24.490000+00:00,9956,1,1263,,9
2025-06-13T17:54:35.209000+00:00,9956,12,1263,,8
2025-06-13T17:54:45.381000+00:00,9956,22,1263,,9
2025-06-13T17:55:11.396000+00:00,9956,27,1263,760.6,8
2025-06-13T17:57:03.294000+00:00,9956,10,1263,,10
2025-06-13T17:57:35.560000+00:00,9956,5,1263,,10
2025-06-13T17:58:55.061000+00:00,9956,63,1263,26.7,12
2025-06-13T18:00:51.843000+00:00,9956,23,1263,,10
2025-06-13T18:00:58.921000+00:00,9956,44,1263,221.2,12
2025-06-13T18:01:52.547000+00:00,9956,27,1263,53.0,12
2025-06-13T18:02:17.703000+00:00,9956,12,1263,27.1,13
2025-06-13T18:03:11.172000+00:00,9956,87,1263,238.3,14
2025-06-13T18:04:14.376000+00:00,9956,1,1263,248.0,13
2025-06-13T18:05:40.861000+00:00,9956,14,1263,262.4,11
2025-06-13T18:05:57.049000+00:00,9956,6,1263,237.1,16
2025-06-13T18:07:46.359000+00:00,9956,43,1263,401.3,15
2025-06-13T18:07:54.515000+00:00,9956,30,1263,239.1,17
2025-06-13T18:07:59.421000+00:00,9956,31,1263,543.8,11
2025-06-13T18:08:53.375000+00:00,9956,81,1263,221.0,13
2025-06-13T18:09:40.485000+00:00,9956,18,1263,487.7,12
2025-06-13T18:12:08.751000+00:00,9956,4,1263,629.1,16
2025-06-13T18:14:09.830000+00:00,9956,44,1263,336.8,17
2025-06-13T18:14:12.862000+00:00,9956,63,1263,385.6,18
2025-06-13T18:14:19.299000+00:00,9956,27,1263,491.3,15
2025-06-13T18:16:18.816000+00:00,9956,5,1263,326.1,19
2025-06-13T18:16:27.410000+00:00,9956,1,1263,252.4,18
2025-06-13T18:17:11.644000+00:00,9956,55,1263,338.6,20
2025-06-13T18:17:28.410000+00:00,9956,81,1263,18.2,18
2025-06-13T18:19:07.004000+00:00,9956,12,1263,293.7,21
2025-06-13T18:19:32.145000+00:00,9956,14,1263,302.0,17
2025-06-13T18:21:20.865000+00:00,9956,23,1263,316.1,20
2025-06-13T18:21:37.756000+00:00,9956,22,1263,526.3,20
2025-06-13T18:21:57.646000+00:00,9956,10,1263,323.1,22
2025-06-13T18:23:28.428000+00:00,9956,87,1263,311.8,24
2025-06-13T18:23:37.788000+00:00,9956,30,1263,302.7,24
2025-06-13T18:23:48.647000+00:00,9956,6,1263,268.9,25
2025-06-13T18:23:49.991000+00:00,9956,81,1263,26.1,22
2025-06-13T18:24:06.788000+00:00,9956,18,1263,229.1,19
2025-06-13T18:24:48.085000+00:00,9956,63,1263,138.8,24
2025-06-13T18:25:01.054000+00:00,9956,31,1263,371.2,18
2025-06-13T18:27:00.305000+00:00,9956,43,1263,226.6,25
2025-06-13T18:28:02.039000+00:00,9956,1,1263,24.0,26
2025-06-13T18:28:35.605000+00:00,9956,55,1263,24.0,28
2025-06-13T18:28:56.867000+00:00,9956,5,1263,35.6,28
2025-06-13T18:28:59.187000+00:00,9956,44,1263,23.2,28
2025-06-13T18:29:05.312000+00:00,9956,12,1263,25.2,28
2025-06-13T18:29:15.156000+00:00,9956,27,1263,24.7,26
2025-06-14T20:00:05.080000+00:00,9959,55,1263,,1
2025-06-14T20:00:09.299000+00:00,9959,23,1263,,1
2025-06-14T20:00:16.924000+00:00,9959,87,1263,,1
2025-06-14T20:00:20.659000+00:00,9959,31,1263,,1
2025-06-14T20:00:29.112000+00:00,9959,43,1263,,1
2025-06-14T20:00:34.362000+00:00,9959,10,1263,,1
2025-06-14T20:00:43.706000+00:00,9959,27,1263,,1
2025-06-14T20:00:56.065000+00:00,9959,5,1263,,1
2025-06-14T20:01:09.253000+00:00,9959,22,1263,,1
2025-06-14T20:01:16.440000+00:00,9959,18,1263,,1
2025-06-14T20:01:22.112000+00:00,9959,63,1263,,1
2025-06-14T20:01:33.956000+00:00,9959,6,1263,,1
2025-06-14T20:01:40.815000+00:00,9959,12,1263,,1
2025-06-14T20:01:52.502000+00:00,9959,30,1263,,1
2025-06-14T20:02:18.087000+00:00,9959,44,1263,,1
2025-06-14T20:02:25.212000+00:00,9959,16,1263,,1
2025-06-14T20:03:31.972000+00:00,9959,14,1263,,1
2025-06-14T20:03:37.434000+00:00,9959,4,1263,,1
2025-06-14T20:04:06.241000+00:00,9959,81,1263,,1
2025-06-14T20:06:23.405000+00:00,9959,12,1263,18.3,4
2025-06-14T20:06:42.608000+00:00,9959,63,1263,54.5,4
2025-06-14T20:06:46.592000+00:00,9959,27,1263,18.3,5
2025-06-14T20:06:55.639000+00:00,9959,1,1263,,1
2025-06-14T20:07:57.155000+00:00,9959,5,1263,69.9,5
2025-06-14T20:08:05.093000+00:00,9959,22,1263,163.7,4
2025-06-14T20:09:15.903000+00:00,9959,23,1263,33.6,7
2025-06-14T20:09:19.075000+00:00,9959,18,1263,52.1,6
2025-06-14T20:09:24.794000+00:00,9959,55,1263,61.1,7
2025-06-14T20:09:37.408000+00:00,9959,31,1263,48.5,7
2025-06-14T20:09:45.764000+00:00,9959,87,1263,50.7,7
2025-06-14T20:10:11.316000+00:00,9959,43,1263,163.3,6
2025-06-14T20:10:20.160000+00:00,9959,10,1263,159.1,6
2025-06-14T20:20:04.549000+00:00,9959,81,1263,592.1,5
2025-06-14T20:20:15.252000+00:00,9959,4,1263,572.0,6
2025-06-14T20:20:23.471000+00:00,9959,16,1263,,8
2025-06-14T20:20:32.174000+00:00,9959,44,1263,,8
2025-06-14T20:20:36.408000+00:00,9959,10,1263,775.2,8
2025-06-14T20:20:48.986000+00:00,9959,14,1263,,8
2025-06-14T20:20:53.315000+00:00,9959,43,1263,805.0,8
2025-06-14T20:21:02.424000+00:00,9959,18,1263,755.5,9
2025-06-14T20:21:06.690000+00:00,9959,87,1263,731.7,10
2025-06-14T20:21:19.237000+00:00,9959,27,1263,686.8,7
2025-06-14T20:21:21.362000+00:00,9959,31,1263,752.5,10
2025-06-14T20:21:28.705000+00:00,9959,5,1263,545.4,8
2025-06-14T20:21:30.846000+00:00,9959,55,1263,787.2,10
2025-06-14T20:21:49.877000+00:00,9959,6,1263,658.6,7
2025-06-14T20:21:56.190000+00:00,9959,22,1263,568.1,7
2025-06-14T20:21:59.190000+00:00,9959,63,1263,646.0,7
2025-06-14T20:22:02.534000+00:00,9959,12,1263,683.0,7
2025-06-14T20:22:17.706000+00:00,9959,30,1263,598.5,8
2025-06-14T20:23:08.316000+00:00,9959,23,1263,866.0,10
2025-06-14T20:23:29.378000+00:00,9959,1,1263,742.0,4
2025-06-14T20:33:03.593000+00:00,9959,1,1263,324.6,7
2025-06-14T20:33:10.015000+00:00,9959,4,1263,532.9,9
2025-06-14T20:33:17.015000+00:00,9959,81,1263,376.6,10
2025-06-14T20:33:27.530000+00:00,9959,43,1263,411.2,12
2025-06-14T20:33:41.314000+00:00,9959,14,1263,444.0,12
2025-06-14T20:33:48.960000+00:00,9959,87,1263,424.0,14
2025-06-14T20:33:51.362000+00:00,9959,31,1263,416.7,14
2025-06-14T20:33:59.409000+00:00,9959,16,1263,389.1,13
2025-06-14T20:34:08.924000+00:00,9959,44,1263,469.0,12
2025-06-14T20:34:42.862000+00:00,9959,23,1263,457.1,13
2025-06-14T20:35:00.362000+00:00,9959,27,1263,493.5,11
2025-06-14T20:36:33.284000+00:00,9959,22,1263,614.7,10
2025-06-14T20:36:48.347000+00:00,9959,6,1263,648.8,10
2025-06-14T20:37:38.660000+00:00,9959,63,1263,675.0,10
2025-06-14T20:37:40.566000+00:00,9959,12,1263,669.5,10
2025-06-14T20:39:39.020000+00:00,9959,23,1263,64.1,16
2025-06-14T20:40:17.693000+00:00,9959,16,1263,136.5,16
2025-06-14T20:42:49.057000+00:00,9959,43,1263,149.3,17
2025-06-14T20:43:23.354000+00:00,9959,1,1263,212.1,12
2025-06-14T20:43:49.214000+00:00,9959,87,1263,362.8,17
2025-06-14T20:43:51.260000+00:00,9959,31,1263,273.4,18
2025-06-14T20:44:01.714000+00:00,9959,14,1263,296.6,16
2025-06-14T20:44:07.573000+00:00,9959,27,1263,226.7,15
2025-06-14T20:44:19.245000+00:00,9959,22,1263,225.4,13
2025-06-14T20:44:24.026000+00:00,9959,63,1263,167.0,13
2025-06-14T20:44:31.042000+00:00,9959,12,1263,163.6,13
2025-06-14T20:44:46.527000+00:00,9959,4,1263,451.0,12
2025-06-14T20:44:52.214000+00:00,9959,81,1263,442.4,13
2025-06-14T20:45:03.855000+00:00,9959,44,1263,146.0,18
2025-06-14T20:45:15.714000+00:00,9959,6,1263,272.0,13
2025-06-14T20:56:03.529000+00:00,9959,44,1263,469.6,20
2025-06-14T20:56:05.201000+00:00,9959,16,1263,521.8,21
2025-06-14T20:56:13.217000+00:00,9959,4,1263,439.0,15
2025-06-14T20:56:23.904000+00:00,9959,81,1263,436.1,16
2025-06-14T20:56:41.279000+00:00,9959,14,1263,416.1,20
2025-06-14T20:56:42.904000+00:00,9959,23,1263,447.3,23
2025-06-14T20:57:11.498000+00:00,9959,1,1263,586.7,15
2025-06-14T20:57:45.108000+00:00,9959,6,1263,485.9,16
2025-06-14T20:58:30.015000+00:00,9959,23,1263,27.5,24
2025-06-14T20:58:37.812000+00:00,9959,63,1263,607.1,16
2025-06-14T20:58:41.749000+00:00,9959,12,1263,593.6,16
2025-06-14T21:02:56.907000+00:00,9959,14,1263,141.4,23
2025-06-14T21:02:58.032000+00:00,9959,44,1263,85.1,24
2025-06-14T21:04:32.892000+00:00,9959,16,1263,106.4,26
2025-06-14T21:04:53.830000+00:00,9959,81,1263,95.3,21
2025-06-14T21:05:05.049000+00:00,9959,4,1263,122.9,20
2025-06-14T21:05:18.064000+00:00,9959,1,1263,258.7,18
2025-06-14T21:05:26.393000+00:00,9959,63,1263,167.8,19
2025-06-14T21:05:27.627000+00:00,9959,12,1263,164.1,19
2025-06-14T21:05:36.502000+00:00,9959,23,1263,103.1,28
2025-06-14T21:05:48.737000+00:00,9959,6,1263,242.6,19
2025-06-01T13:12:13.642000+00:00,9971,23,1262,30.8,6
2025-06-01T13:14:49.858000+00:00,9971,87,1262,22.0,8
2025-06-01T13:14:54.749000+00:00,9971,22,1262,21.8,8
2025-06-01T13:16:07.034000+00:00,9971,27,1262,22.2,9
2025-06-01T13:16:24.651000+00:00,9971,55,1262,30.5,9
2025-06-01T13:17:27.014000+00:00,9971,10,1262,22.2,10
2025-06-01T13:21:17.088000+00:00,9971,1,1262,21.8,13
2025-06-01T13:23:12.861000+00:00,9971,43,1262,22.4,14
2025-06-01T13:24:35.443000+00:00,9971,14,1262,22.7,15
2025-06-01T13:25:31.581000+00:00,9971,44,1262,21.9,16
2025-06-01T13:26:50.882000+00:00,9971,16,1262,21.8,17
2025-06-01T13:28:34.684000+00:00,9971,30,1262,22.0,18
2025-06-01T13:29:48.843000+00:00,9971,6,1262,21.7,19
2025-06-01T13:30:05.438000+00:00,9971,5,1262,22.0,19
2025-06-01T13:31:01.084000+00:00,9971,63,1262,21.7,20
2025-06-01T13:31:32.319000+00:00,9971,31,1262,22.5,20
2025-06-01T13:32:04.917000+00:00,9971,4,1262,22.4,21
2025-06-01T13:32:28.534000+00:00,9971,12,1262,22.2,21
2025-06-01T13:33:20.023000+00:00,9971,81,1262,21.8,22
2025-06-01T13:37:05.525000+00:00,9971,22,1262,22.0,24
2025-06-01T13:40:13.803000+00:00,9971,23,1262,37.6,26
2025-06-01T13:42:59.372000+00:00,9971,1,1262,21.9,29
2025-06-01T13:46:33.952000+00:00,9971,10,1262,22.0,31
2025-06-01T13:50:52.981000+00:00,9971,55,1262,22.3,34
2025-06-01T13:52:07.362000+00:00,9971,87,1262,22.2,35
2025-06-01T13:57:58.469000+00:00,9971,16,1262,21.8,40
2025-06-01T13:58:05.995000+00:00,9971,43,1262,22.1,39
2025-06-01T13:59:29.876000+00:00,9971,63,1262,21.7,41
2025-06-01T14:01:40.002000+00:00,9971,14,1262,22.2,42
2025-06-01T14:03:11.902000+00:00,9971,31,1262,22.4,43
2025-06-01T14:04:16.481000+00:00,9971,30,1262,22.1,44
2025-06-01T14:04:32.386000+00:00,9971,22,1262,21.8,44
2025-06-01T14:05:29.605000+00:00,9971,27,1262,21.8,45
2025-06-01T14:06:15.943000+00:00,9971,44,1262,24.4,46
2025-06-01T14:07:10.256000+00:00,9971,1,1262,21.8,47
2025-06-01T14:08:26.274000+00:00,9971,4,1262,21.8,48
2025-06-01T14:09:20.535000+00:00,9971,6,1262,22.0,48
2025-06-01T14:09:39.403000+00:00,9971,81,1262,21.8,49
2025-06-01T14:10:32.645000+00:00,9971,12,1262,23.4,49
2025-06-01T14:11:18.400000+00:00,9971,5,1262,22.9,49
2025-06-01T14:18:02.414000+00:00,9971,81,1262,22.7,55
2025-06-01T14:18:08.744000+00:00,9971,4,1262,23.5,55
2025-06-01T14:18:11.342000+00:00,9971,1,1262,22.1,55
2025-06-01T14:18:19.674000+00:00,9971,14,1262,22.2,54
2025-06-01T14:18:23.585000+00:00,9971,87,1262,22.7,54
2025-06-01T14:18:27.128000+00:00,9971,22,1262,22.2,54
2025-06-01T14:18:34.491000+00:00,9971,16,1262,22.3,55
2025-06-01T14:18:39.405000+00:00,9971,63,1262,23.1,55
2025-06-01T14:18:50.955000+00:00,9971,44,1262,22.8,55
2025-06-01T14:19:00.832000+00:00,9971,43,1262,21.8,54
2025-06-01T14:19:35.762000+00:00,9971,6,1262,21.8,55
2025-06-01T14:20:05.783000+00:00,9971,10,1262,22.8,55
2025-06-01T14:20:33.319000+00:00,9971,55,1262,21.9,55
2025-06-01T14:21:28.021000+00:00,9971,27,1262,21.9,56
2025-06-14T16:33:26.673000+00:00,9958,43,1263,,1
2025-06-14T16:34:00.408000+00:00,9958,14,1263,,1
2025-06-14T16:34:14.486000+00:00,9958,18,1263,,1
2025-06-14T16:35:21.205000+00:00,9958,30,1263,,1
2025-06-14T16:35:54.409000+00:00,9958,14,1263,27.7,2
2025-06-14T16:36:02.857000+00:00,9958,18,1263,24.2,2
2025-06-14T16:36:15.203000+00:00,9958,6,1263,,1
2025-06-14T16:37:21.203000+00:00,9958,30,1263,28.0,2
2025-06-14T16:37:55.079000+00:00,9958,16,1263,,1
2025-06-14T16:38:10.501000+00:00,9958,6,1263,26.7,2
2025-06-14T16:38:20.516000+00:00,9958,43,1263,33.2,4
2025-06-14T16:39:25.439000+00:00,9958,87,1263,,1
2025-06-14T16:39:30.564000+00:00,9958,31,1263,,1
2025-06-14T16:40:20.627000+00:00,9958,10,1263,,1
2025-06-14T16:40:30.799000+00:00,9958,27,1263,,1
2025-06-14T16:41:24.315000+00:00,9958,5,1263,,1
2025-06-14T16:41:35.049000+00:00,9958,22,1263,,1
2025-06-14T16:42:09.950000+00:00,9958,12,1263,,1
2025-06-14T16:42:21.918000+00:00,9958,14,1263,304.3,3
2025-06-14T16:43:14.403000+00:00,9958,18,1263,348.8,3
2025-06-14T16:43:52.247000+00:00,9958,44,1263,,1
2025-06-14T16:44:23.747000+00:00,9958,81,1263,,1
2025-06-14T16:45:33.889000+00:00,9958,4,1263,,1
2025-06-14T16:47:23.108000+00:00,9958,63,1263,,1
2025-06-14T16:47:33.671000+00:00,9958,30,1263,523.7,3
2025-06-14T16:47:43.874000+00:00,9958,5,1263,18.4,5
2025-06-14T16:48:08.687000+00:00,9958,6,1263,511.3,3
2025-06-14T16:48:15.202000+00:00,9958,22,1263,28.9,5
2025-06-14T16:50:34.094000+00:00,9958,12,1263,423.5,2
2025-06-14T16:57:02.957000+00:00,9958,63,1263,493.7,2
2025-06-14T16:57:11.566000+00:00,9958,12,1263,820.7,3
2025-06-14T16:57:16.335000+00:00,9958,4,1263,,6
2025-06-14T16:57:21.710000+00:00,9958,44,1263,,7
2025-06-14T16:57:27.194000+00:00,9958,18,1263,380.5,8
2025-06-14T16:57:32.179000+00:00,9958,55,1263,,1
2025-06-14T16:57:40.773000+00:00,9958,23,1263,,1
2025-06-14T16:57:49.585000+00:00,9958,1,1263,,1
2025-06-14T16:58:07.288000+00:00,9958,6,1263,1109.7,6
2025-06-14T16:58:20.788000+00:00,9958,30,1263,1170.8,6
2025-06-14T16:58:23.820000+00:00,9958,16,1263,413.4,10
2025-06-14T16:58:26.929000+00:00,9958,5,1263,661.5,8
2025-06-14T16:58:34.960000+00:00,9958,10,1263,,9
2025-06-14T16:58:42.523000+00:00,9958,87,1263,,9
2025-06-14T17:02:11.478000+00:00,9958,43,1263,643.7,12
2025-06-14T17:04:46.291000+00:00,9958,31,1263,,9
2025-06-14T17:05:19.464000+00:00,9958,81,1263,,6
2025-06-14T17:05:35.698000+00:00,9958,14,1263,849.7,9
2025-06-14T17:09:34.950000+00:00,9958,5,1263,415.0,11
2025-06-14T17:10:09.175000+00:00,9958,87,1263,178.4,15
2025-06-14T17:10:44.201000+00:00,9958,31,1263,203.3,11
2025-06-14T17:13:36.381000+00:00,9958,44,1263,218.3,15
2025-06-14T17:13:43.147000+00:00,9958,4,1263,307.1,14
2025-06-14T17:14:27.647000+00:00,9958,12,1263,503.5,9
2025-06-14T17:15:08.460000+00:00,9958,27,1263,1453.6,8
2025-06-14T17:15:16.225000+00:00,9958,16,1263,377.0,18
2025-06-14T17:15:21.226000+00:00,9958,63,1263,251.2,11
2025-06-14T17:16:13.929000+00:00,9958,18,1263,256.4,18
2025-06-14T17:16:16.960000+00:00,9958,10,1263,312.4,17
2025-06-14T17:16:27.226000+00:00,9958,6,1263,338.3,14
2025-06-14T17:16:34.273000+00:00,9958,1,1263,245.2,10
2025-06-14T17:17:13.313000+00:00,9958,23,1263,180.2,12
2025-06-14T17:17:21.923000+00:00,9958,30,1263,150.1,17
2025-06-14T17:17:31.139000+00:00,9958,43,1263,378.2,18
2025-06-14T17:18:32.158000+00:00,9958,14,1263,345.7,14
2025-06-14T17:18:47.117000+00:00,9958,44,1263,22.7,18
2025-06-14T17:18:57.289000+00:00,9958,55,1263,195.4,13
2025-06-14T17:22:10.728000+00:00,9958,30,1263,33.4,20
2025-06-14T17:22:49.500000+00:00,9958,81,1263,491.8,12
2025-06-14T17:23:33.938000+00:00,9958,22,1263,2147.6,8
2025-06-14T17:24:03.235000+00:00,9958,12,1263,30.0,15
2025-06-14T17:24:18.611000+00:00,9958,4,1263,199.0,19
2025-06-14T17:24:36.204000+00:00,9958,27,1263,43.2,14
2025-06-14T17:27:15.143000+00:00,9958,44,1263,26.2,23
2025-06-14T17:28:29.769000+00:00,9958,6,1263,193.2,20
2025-06-14T17:28:59.145000+00:00,9958,5,1263,327.4,20
2025-06-14T17:29:15.219000+00:00,9958,87,1263,254.6,25
2025-06-14T17:29:17.532000+00:00,9958,31,1263,312.3,20
2025-06-14T17:29:35.501000+00:00,9958,63,1263,199.9,18
2025-06-27T11:30:02.358000+00:00,9948,44,1264,,1
2025-06-27T11:30:04.779000+00:00,9948,89,1264,,1
2025-06-27T11:30:09.667000+00:00,9948,31,1264,,1
2025-06-27T11:30:12.276000+00:00,9948,38,1264,,1
2025-06-27T11:30:16.011000+00:00,9948,12,1264,,1
2025-06-27T11:30:20.136000+00:00,9948,43,1264,,1
2025-06-27T11:30:24.339000+00:00,9948,27,1264,,1
2025-06-27T11:30:32.786000+00:00,9948,10,1264,,1
2025-06-27T11:30:38.664000+00:00,9948,22,1264,,1
2025-06-27T11:30:45.341000+00:00,9948,18,1264,,1
2025-06-27T11:30:53.787000+00:00,9948,81,1264,,1
2025-06-27T11:30:56.029000+00:00,9948,14,1264,,1
2025-06-27T11:30:58.411000+00:00,9948,23,1264,,1
2025-06-27T11:31:02.361000+00:00,9948,30,1264,,1
2025-06-27T11:31:04.892000+00:00,9948,1,1264,,1
2025-06-27T11:31:34.349000+00:00,9948,6,1264,,1
2025-06-27T11:31:49.896000+00:00,9948,5,1264,,1
2025-06-27T11:32:35.585000+00:00,9948,63,1264,,1
2025-06-27T11:32:56.045000+00:00,9948,55,1264,,1
2025-06-27T11:33:18.640000+00:00,9948,87,1264,,1
2025-06-27T11:34:02.459000+00:00,9948,89,1264,35.4,3
2025-06-27T11:35:22.054000+00:00,9948,12,1264,26.4,4
2025-06-27T11:38:01.207000+00:00,9948,1,1264,25.0,5
2025-06-27T11:39:04.977000+00:00,9948,22,1264,27.1,6
2025-06-27T11:40:39.424000+00:00,9948,5,1264,29.8,7
2025-06-27T11:40:40.549000+00:00,9948,12,1264,27.4,7
2025-06-27T11:41:09.981000+00:00,9948,27,1264,27.4,8
2025-06-27T11:43:07.977000+00:00,9948,31,1264,31.3,9
2025-06-27T11:43:48.482000+00:00,9948,89,1264,373.6,5
2025-06-27T11:43:52.282000+00:00,9948,55,1264,26.6,8
2025-06-27T11:44:18.815000+00:00,9948,22,1264,26.8,9
2025-06-27T11:44:32+00:00,9948,1,1264,23.8,9
2025-06-27T11:45:48.059000+00:00,9948,30,1264,37.4,10
2025-06-27T11:45:55.882000+00:00,9948,44,1264,615.4,5
2025-06-27T11:46:29.811000+00:00,9948,87,1264,35.6,9
2025-06-27T11:48:54.699000+00:00,9948,55,1264,26.7,11
2025-06-27T11:49:39.899000+00:00,9948,10,1264,25.8,13
2025-06-27T11:51:25.052000+00:00,9948,63,1264,411.8,9
2025-06-27T11:51:31.708000+00:00,9948,81,1264,517.4,9
2025-06-27T11:51:35.099000+00:00,9948,43,1264,29.4,15
2025-06-27T11:52:52.751000+00:00,9948,12,1264,467.4,10
2025-06-27T11:56:21.319000+00:00,9948,89,1264,571.7,7
2025-06-27T11:56:53.047000+00:00,9948,27,1264,685.6,11
2025-06-27T11:57:03.010000+00:00,9948,5,1264,554.2,12
2025-06-27T11:57:04.566000+00:00,9948,63,1264,65.7,12
2025-06-27T11:57:46.472000+00:00,9948,87,1264,333.4,13
2025-06-27T11:57:54.902000+00:00,9948,44,1264,471.4,8
2025-06-27T11:58:46.831000+00:00,9948,12,1264,71.6,13
2025-06-27T11:59:10.275000+00:00,9948,1,1264,623.4,12
2025-06-27T11:59:36.603000+00:00,9948,18,1264,715.6,12
2025-06-27T11:59:43.947000+00:00,9948,14,1264,575.6,14
2025-06-27T11:59:50.302000+00:00,9948,23,1264,419.9,15
2025-06-27T11:59:55.603000+00:00,9948,55,1264,415.2,14
2025-06-27T11:59:58.388000+00:00,9948,6,1264,496.2,15
2025-06-27T12:00:19.816000+00:00,9948,10,1264,490.3,15
2025-06-27T12:00:30.543000+00:00,9948,30,1264,336.0,16
2025-06-27T12:00:47.670000+00:00,9948,22,1264,630.4,13
2025-06-27T12:01:21.195000+00:00,9948,38,1264,866.4,13
2025-06-27T12:01:27.601000+00:00,9948,27,1264,16.3,14
2025-06-27T12:01:43.867000+00:00,9948,5,1264,28.8,15
2025-06-27T12:02:30.341000+00:00,9948,31,1264,731.6,14
2025-06-27T12:03:05.537000+00:00,9948,81,1264,274.9,14
2025-06-27T12:03:27.009000+00:00,9948,87,1264,66.6,16
2025-06-27T12:04:19.624000+00:00,9948,43,1264,604.2,17
2025-06-27T12:04:32.760000+00:00,9948,23,1264,16.4,18
2025-06-27T12:05:51.800000+00:00,9948,89,1264,22.5,14
2025-06-27T12:05:56.680000+00:00,9948,22,1264,28.2,16
2025-06-27T12:06:35.349000+00:00,9948,5,1264,26.8,18
2025-06-27T12:07:39.530000+00:00,9948,31,1264,25.4,17
2025-06-27T12:08:29.098000+00:00,9948,63,1264,433.0,15
2025-06-27T12:08:31.833000+00:00,9948,44,1264,387.3,11
2025-06-27T12:08:41.411000+00:00,9948,6,1264,151.2,19
2025-06-27T12:08:44.252000+00:00,9948,12,1264,315.7,16
2025-06-27T12:09:09.619000+00:00,9948,43,1264,25.5,20
2025-06-27T12:09:29.963000+00:00,9948,23,1264,16.2,21
2025-06-27T12:10:07.252000+00:00,9948,55,1264,24.2,20
2025-06-27T12:14:32.322000+00:00,9948,27,1264,434.6,18
2025-06-27T12:15:27.536000+00:00,9948,5,1264,282.9,21
2025-06-27T12:15:53.043000+00:00,9948,30,1264,382.8,22
2025-06-27T12:16:12.472000+00:00,9948,81,1264,278.3,20
2025-06-27T12:16:30.263000+00:00,9948,14,1264,525.9,19
2025-06-27T12:16:48.410000+00:00,9948,18,1264,383.5,19
2025-06-27T12:17:07.452000+00:00,9948,1,1264,519.9,18
2025-06-27T12:17:13.171000+00:00,9948,44,1264,300.2,14
2025-06-27T12:17:36.635000+00:00,9948,30,1264,29.9,23
2025-06-27T12:17:55.038000+00:00,9948,6,1264,315.6,22
2025-06-27T12:18:26.638000+00:00,9948,87,1264,643.9,19
2025-06-27T12:18:33.473000+00:00,9948,22,1264,501.6,19
2025-06-27T12:18:52.458000+00:00,9948,10,1264,379.0,23
2025-06-27T12:19:14.254000+00:00,9948,23,1264,341.3,24
2025-06-27T12:19:21.833000+00:00,9948,43,1264,372.9,23
2025-06-27T12:19:25.645000+00:00,9948,55,1264,322.7,23
2025-06-27T12:19:30.333000+00:00,9948,89,1264,361.6,20
2025-06-27T12:20:36.802000+00:00,9948,38,1264,333.6,23
2025-06-27T12:21:09.772000+00:00,9948,31,1264,256.1,23
2025-06-27T12:24:20.637000+00:00,9948,63,1264,39.0,28
2025-06-27T12:26:03.259000+00:00,9948,12,1264,21.9,30
2025-06-27T12:26:15.904000+00:00,9948,89,1264,32.3,25
2025-06-27T12:27:36.772000+00:00,9948,44,1264,359.3,17
2025-06-27T12:28:51.218000+00:00,9948,6,1264,16.1,31
2025-06-27T12:28:58.681000+00:00,9948,30,1264,47.6,32
2025-06-27T12:29:19.368000+00:00,9948,27,1264,21.3,30
2025-06-13T21:00:05.466000+00:00,9957,87,1263,,1
2025-06-13T21:00:09.482000+00:00,9957,44,1263,,1
2025-06-13T21:00:14.998000+00:00,9957,31,1263,,1
2025-06-13T21:00:22.654000+00:00,9957,43,1263,,1
2025-06-13T21:00:23.904000+00:00,9957,27,1263,,1
2025-06-13T21:00:29.498000+00:00,9957,10,1263,,1
2025-06-13T21:00:35.607000+00:00,9957,4,1263,,1
2025-06-13T21:00:49.889000+00:00,9957,81,1263,,1
2025-06-13T21:00:59.498000+00:00,9957,23,1263,,1
2025-06-13T21:01:10.498000+00:00,9957,22,1263,,1
2025-06-13T21:01:17.795000+00:00,9957,5,1263,,1
2025-06-13T21:01:27.420000+00:00,9957,55,1263,,1
2025-06-13T21:03:02.921000+00:00,9957,14,1263,,1
2025-06-13T21:03:07.843000+00:00,9957,18,1263,,1
2025-06-13T21:03:12.265000+00:00,9957,63,1263,,1
2025-06-13T21:03:16.437000+00:00,9957,12,1263,,1
2025-06-13T21:03:24.093000+00:00,9957,1,1263,,1
2025-06-13T21:05:29.212000+00:00,9957,6,1263,,1
2025-06-13T21:05:41.822000+00:00,9957,30,1263,,1
2025-06-13T21:12:13.831000+00:00,9957,6,1263,43.3,5
2025-06-13T21:16:30.974000+00:00,9957,23,1263,19.1,11
2025-06-13T21:18:56.772000+00:00,9957,43,1263,458.3,8
2025-06-13T21:20:39.679000+00:00,9957,23,1263,172.5,12
2025-06-13T21:20:43.569000+00:00,9957,63,1263,309.9,9
2025-06-13T21:20:48.335000+00:00,9957,12,1263,507.6,7
2025-06-13T21:20:56.695000+00:00,9957,44,1263,396.8,10
2025-06-13T21:21:50.164000+00:00,9957,55,1263,234.6,12
2025-06-13T21:22:44.502000+00:00,9957,1,1263,398.6,9
2025-06-13T21:22:48.040000+00:00,9957,4,1263,596.1,9
2025-06-13T21:22:54.350000+00:00,9957,30,1263,409.0,8
2025-06-13T21:23:05.772000+00:00,9957,6,1263,389.1,8
2025-06-13T21:23:55.450000+00:00,9957,10,1263,571.2,10
2025-06-13T21:24:16.012000+00:00,9957,27,1263,537.8,11
2025-06-13T21:24:24.419000+00:00,9957,5,1263,519.5,11
2025-06-13T21:24:45.638000+00:00,9957,87,1263,369.4,13
2025-06-13T21:25:02.403000+00:00,9957,81,1263,519.2,11
2025-06-13T21:25:25.560000+00:00,9957,22,1263,348.3,13
2025-06-13T21:26:03.560000+00:00,9957,31,1263,621.5,11
2025-06-13T21:29:39.687000+00:00,9957,44,1263,28.8,15
2025-06-13T21:29:52.718000+00:00,9957,14,1263,522.8,13
2025-06-13T21:33:23.428000+00:00,9957,63,1263,508.3,12
2025-06-13T21:35:10.716000+00:00,9957,22,1263,27.5,19
2025-06-13T21:36:50.707000+00:00,9957,12,1263,322.5,14
2025-06-13T21:37:18.317000+00:00,9957,43,1263,384.3,15
2025-06-13T21:37:39.176000+00:00,9957,87,1263,340.0,18
2025-06-13T21:39:42.206000+00:00,9957,10,1263,297.1,17
2025-06-13T21:40:43.269000+00:00,9957,55,1263,331.4,21
2025-06-13T21:40:57.550000+00:00,9957,6,1263,316.1,16
2025-06-13T21:41:16.113000+00:00,9957,31,1263,297.7,18
2025-06-13T21:41:32.519000+00:00,9957,4,1263,404.8,17
2025-06-13T21:41:42.754000+00:00,9957,1,1263,454.4,16
2025-06-13T21:42:11.457000+00:00,9957,30,1263,413.0,16
2025-06-13T21:42:13.676000+00:00,9957,44,1263,403.2,19
2025-06-13T21:42:50.301000+00:00,9957,55,1263,27.7,22
2025-06-13T21:43:01.496000+00:00,9957,6,1263,19.8,17
2025-06-13T21:43:33.374000+00:00,9957,4,1263,18.3,18
2025-06-13T21:43:41.686000+00:00,9957,27,1263,364.4,20
2025-06-13T21:43:51.629000+00:00,9957,5,1263,438.7,19
2025-06-13T21:44:23.395000+00:00,9957,30,1263,26.6,17
2025-06-13T21:44:40.655000+00:00,9957,23,1263,384.8,24
2025-06-13T21:44:47.927000+00:00,9957,22,1263,332.1,22
2025-06-13T21:45:13.099000+00:00,9957,81,1263,305.5,21
2025-06-13T21:47:42.194000+00:00,9957,81,1263,20.8,22
2025-06-13T21:49:21.695000+00:00,9957,14,1263,347.1,22
2025-06-13T21:55:17.291000+00:00,9957,87,1263,25.0,31
2025-06-13T21:57:26.714000+00:00,9957,63,1263,23.7,30
2025-06-13T21:58:07.824000+00:00,9957,12,1263,26.8,30
2025-06-13T21:58:26.434000+00:00,9957,27,1263,24.9,31
2025-06-13T21:58:27.356000+00:00,9957,10,1263,29.2,31
2025-06-13T21:58:39.349000+00:00,9957,31,1263,24.9,31
2025-06-13T21:59:03.834000+00:00,9957,5,1263,26.7,30
2025-06-13T21:59:12.209000+00:00,9957,14,1263,24.8,29
2025-06-13T21:59:16.990000+00:00,9957,6,1263,26.5,29
2025-06-13T21:59:28.412000+00:00,9957,23,1263,23.2,35
2025-06-13T21:59:30.115000+00:00,9957,4,1263,24.1,30
2025-06-27T15:00:08.918000+00:00,9949,43,1264,,1
2025-06-27T15:00:12.221000+00:00,9949,31,1264,,1
2025-06-27T15:00:20.771000+00:00,9949,27,1264,,1
2025-06-27T15:00:27.677000+00:00,9949,87,1264,,1
2025-06-27T15:00:29.661000+00:00,9949,10,1264,,1
2025-06-27T15:00:35.421000+00:00,9949,55,1264,,1
2025-06-27T15:00:37.855000+00:00,9949,81,1264,,1
2025-06-27T15:00:42.322000+00:00,9949,23,1264,,1
2025-06-27T15:00:53.544000+00:00,9949,18,1264,,1
2025-06-27T15:01:00.385000+00:00,9949,14,1264,,1
2025-06-27T15:01:04.166000+00:00,9949,5,1264,,1
2025-06-27T15:01:10.401000+00:00,9949,12,1264,,1
2025-06-27T15:01:33.381000+00:00,9949,6,1264,,1
2025-06-27T15:01:46.543000+00:00,9949,4,1264,,1
2025-06-27T15:01:52.555000+00:00,9949,30,1264,,1
2025-06-27T15:02:45.212000+00:00,9949,63,1264,,1
2025-06-27T15:02:52.141000+00:00,9949,44,1264,,1
2025-06-27T15:04:56.691000+00:00,9949,43,1264,17.4,4
2025-06-27T15:05:10.743000+00:00,9949,16,1264,,1
2025-06-27T15:06:00.257000+00:00,9949,5,1264,26.9,4
2025-06-27T15:07:21.820000+00:00,9949,12,1264,87.1,4
2025-06-27T15:07:50.535000+00:00,9949,63,1264,35.3,4
2025-06-27T15:08:34.034000+00:00,9949,22,1264,,1
2025-06-27T15:08:39.149000+00:00,9949,31,1264,31.4,6
2025-06-27T15:09:52.172000+00:00,9949,27,1264,27.8,7
2025-06-27T15:10:19.027000+00:00,9949,43,1264,25.8,7
2025-06-27T15:10:51.469000+00:00,9949,12,1264,16.2,6
2025-06-27T15:10:58.047000+00:00,9949,5,1264,27.4,7
2025-06-27T15:11:10.500000+00:00,9949,18,1264,68.6,7
2025-06-27T15:11:29.355000+00:00,9949,55,1264,24.0,8
2025-06-27T15:11:32.902000+00:00,9949,81,1264,25.1,8
2025-06-27T15:12:33.181000+00:00,9949,1,1264,,1
2025-06-27T15:13:38.609000+00:00,9949,4,1264,28.5,9
2025-06-27T15:13:45.485000+00:00,9949,30,1264,584.2,2
2025-06-27T15:14:14.074000+00:00,9949,87,1264,73.6,9
2025-06-27T15:15:27.999000+00:00,9949,5,1264,16.2,10
2025-06-27T15:16:17.950000+00:00,9949,16,1264,18.2,8
2025-06-27T15:17:40.403000+00:00,9949,63,1264,341.1,7
2025-06-27T15:18:39.420000+00:00,9949,22,1264,28.6,7
2025-06-27T15:19:17.177000+00:00,9949,12,1264,320.9,8
2025-06-27T15:19:40.265000+00:00,9949,23,1264,321.5,10
2025-06-27T15:21:05.383000+00:00,9949,27,1264,409.5,10
2025-06-27T15:21:26.943000+00:00,9949,30,1264,29.4,7
2025-06-27T15:21:30.231000+00:00,9949,55,1264,357.1,11
2025-06-27T15:21:41.666000+00:00,9949,6,1264,424.2,10
2025-06-27T15:23:24.602000+00:00,9949,63,1264,82.8,10
2025-06-27T15:24:56.957000+00:00,9949,43,1264,605.6,10
2025-06-27T15:25:01.582000+00:00,9949,31,1264,540.8,11
2025-06-27T15:25:05.392000+00:00,9949,12,1264,77.0,11
2025-06-27T15:25:08.541000+00:00,9949,10,1264,492.4,12
2025-06-27T15:25:17.089000+00:00,9949,44,1264,344.8,12
2025-06-27T15:25:22.665000+00:00,9949,81,1264,568.2,11
2025-06-27T15:25:25.727000+00:00,9949,87,1264,426.4,12
2025-06-27T15:25:44.821000+00:00,9949,27,1264,19.4,13
2025-06-27T15:25:55.771000+00:00,9949,14,1264,683.3,10
2025-06-27T15:26:05.506000+00:00,9949,23,1264,25.0,14
2025-06-27T15:26:13.053000+00:00,9949,4,1264,512.5,12
2025-06-27T15:26:16.725000+00:00,9949,18,1264,498.3,12
2025-06-27T15:26:38.319000+00:00,9949,55,1264,21.3,14
2025-06-27T15:28:24.985000+00:00,9949,22,1264,335.3,10
2025-06-27T15:28:35.811000+00:00,9949,6,1264,245.5,12
2025-06-27T15:30:00.998000+00:00,9949,43,1264,29.5,13
2025-06-27T15:30:30.226000+00:00,9949,10,1264,20.5,15
2025-06-27T15:30:37.117000+00:00,9949,44,1264,25.5,15
2025-06-27T15:31:01.492000+00:00,9949,87,1264,48.3,15
2025-06-27T15:31:40.839000+00:00,9949,30,1264,290.0,11
2025-06-27T15:31:48.921000+00:00,9949,55,1264,19.0,17
2025-06-27T15:31:59.258000+00:00,9949,14,1264,117.3,13
2025-06-27T15:32:02.196000+00:00,9949,16,1264,527.2,13
2025-06-27T15:32:40.229000+00:00,9949,1,1264,653.8,7
2025-06-27T15:33:35.409000+00:00,9949,22,1264,35.2,13
2025-06-27T15:33:49.034000+00:00,9949,18,1264,181.3,15
2025-06-27T15:34:12.455000+00:00,9949,5,1264,875.4,13
2025-06-27T15:34:29.705000+00:00,9949,81,1264,16.2,17
2025-06-27T15:34:52.737000+00:00,9949,31,1264,26.0,17
2025-06-27T15:36:39.383000+00:00,9949,87,1264,65.3,18
2025-06-27T15:36:49.590000+00:00,9949,63,1264,560.3,13
2025-06-27T15:36:56.277000+00:00,9949,12,1264,453.2,14
2025-06-27T15:38:40.613000+00:00,9949,6,1264,356.7,15
2025-06-27T15:38:42.098000+00:00,9949,5,1264,16.2,16
2025-06-27T15:39:24.262000+00:00,9949,27,1264,472.9,17
2025-06-27T15:39:30.543000+00:00,9949,23,1264,438.8,18
2025-06-27T15:39:33.997000+00:00,9949,18,1264,71.2,18
2025-06-27T15:39:58.041000+00:00,9949,43,1264,328.1,16
2025-06-27T15:40:12.557000+00:00,9949,10,1264,327.1,18
2025-06-27T15:41:06.675000+00:00,9949,23,1264,27.6,19
2025-06-27T15:41:40.347000+00:00,9949,30,1264,359.1,14
2025-06-27T15:41:50.894000+00:00,9949,55,1264,359.1,20
2025-06-27T15:43:08.074000+00:00,9949,4,1264,414.3,19
2025-06-27T15:43:10.315000+00:00,9949,14,1264,429.8,16
2025-06-27T15:43:31.237000+00:00,9949,81,1264,303.5,20
2025-06-27T15:44:24.005000+00:00,9949,22,1264,385.4,16
2025-06-27T15:44:32.583000+00:00,9949,44,1264,368.9,20
2025-06-27T15:44:35.770000+00:00,9949,87,1264,308.3,20
2025-06-27T15:45:49.059000+00:00,9949,16,1264,313.5,19
2025-06-27T15:46:54.912000+00:00,9949,5,1264,261.3,19
2025-06-27T15:47:34.323000+00:00,9949,31,1264,513.7,20
2025-06-27T15:47:37.698000+00:00,9949,18,1264,316.1,20
2025-06-27T15:48:19.174000+00:00,9949,1,1264,399.5,13
2025-06-27T15:50:19.903000+00:00,9949,31,1264,92.6,21
2025-06-27T15:55:44.852000+00:00,9949,44,1264,21.4,29
2025-06-27T15:56:59.759000+00:00,9949,1,1264,21.8,20
2025-06-27T15:57:10.978000+00:00,9949,63,1264,23.7,30
2025-06-27T15:58:35.311000+00:00,9949,27,1264,21.6,33
2025-06-27T15:58:36.259000+00:00,9949,12,1264,24.2,32
2025-06-27T15:58:48.112000+00:00,9949,55,1264,21.6,34
2025-06-27T15:58:59.409000+00:00,9949,14,1264,23.9,29
2025-06-27T15:59:02.927000+00:00,9949,5,1264,22.1,29
2025-06-27T15:59:07.349000+00:00,9949,6,1264,21.9,32
2025-06-27T15:59:29.459000+00:00,9949,81,1264,21.5,33
2025-06-27T15:59:54.162000+00:00,9949,4,1264,25.5,33
2025-06-28T10:33:47.846000+00:00,9950,18,1264,,1
2025-06-28T10:33:59.346000+00:00,9950,14,1264,,1
2025-06-28T10:34:21.996000+00:00,9950,1,1264,,1
2025-06-28T10:35:44.991000+00:00,9950,18,1264,22.3,2
2025-06-28T10:36:00.038000+00:00,9950,14,1264,27.5,2
2025-06-28T10:37:00.167000+00:00,9950,43,1264,,1
2025-06-28T10:39:01.809000+00:00,9950,10,1264,,1
2025-06-28T10:41:50.235000+00:00,9950,43,1264,24.6,4
2025-06-28T10:41:55.933000+00:00,9950,31,1264,,1
2025-06-28T10:42:17.005000+00:00,9950,87,1264,,1
2025-06-28T10:42:34.333000+00:00,9950,22,1264,,1
2025-06-28T10:42:42.501000+00:00,9950,44,1264,,1
2025-06-28T10:43:54.895000+00:00,9950,10,1264,26.0,4
2025-06-28T10:44:15.186000+00:00,9950,4,1264,,1
2025-06-28T10:44:30.062000+00:00,9950,14,1264,413.0,3
2025-06-28T10:44:34.155000+00:00,9950,27,1264,,1
2025-06-28T10:44:58.211000+00:00,9950,18,1264,456.5,3
2025-06-28T10:46:14.762000+00:00,9950,81,1264,,1
2025-06-28T10:46:49.013000+00:00,9950,6,1264,,1
2025-06-28T10:46:52.948000+00:00,9950,43,1264,25.8,7
2025-06-28T10:47:16.125000+00:00,9950,30,1264,,1
2025-06-28T10:47:40.094000+00:00,9950,5,1264,,1
2025-06-28T10:47:47.891000+00:00,9950,16,1264,,1
2025-06-28T10:47:49.188000+00:00,9950,87,1264,58.9,4
2025-06-28T10:49:15.121000+00:00,9950,10,1264,35.2,7
2025-06-28T10:49:20.401000+00:00,9950,27,1264,27.4,4
2025-06-28T10:49:36.235000+00:00,9950,55,1264,,1
2025-06-28T10:49:59.416000+00:00,9950,23,1264,,1
2025-06-28T10:50:42.391000+00:00,9950,81,1264,16.2,4
2025-06-28T10:51:32.797000+00:00,9950,63,1264,,1
2025-06-28T10:51:40.371000+00:00,9950,12,1264,,1
2025-06-28T10:51:50.247000+00:00,9950,31,1264,29.0,7
2025-06-28T10:52:11.129000+00:00,9950,5,1264,16.3,4
2025-06-28T10:52:50.223000+00:00,9950,16,1264,22.4,4
2025-06-28T10:52:53.754000+00:00,9950,87,1264,20.5,7
2025-06-28T10:54:27.513000+00:00,9950,55,1264,16.2,4
2025-06-28T10:54:32.886000+00:00,9950,1,1264,418.3,10
2025-06-28T10:54:35.535000+00:00,9950,27,1264,47.9,7
2025-06-28T10:56:55.945000+00:00,9950,63,1264,51.6,4
2025-06-28T10:57:37.627000+00:00,9950,12,1264,88.6,4
2025-06-28T10:58:10.533000+00:00,9950,5,1264,100.5,7
2025-06-28T10:59:24.162000+00:00,9950,6,1264,241.7,7
2025-06-28T10:59:56.973000+00:00,9950,16,1264,160.8,7
2025-06-28T11:00:05.567000+00:00,9950,22,1264,449.2,7
2025-06-28T11:01:22.543000+00:00,9950,23,1264,16.2,8
2025-06-28T11:01:34.730000+00:00,9950,10,1264,487.7,10
2025-06-28T11:02:04.836000+00:00,9950,43,1264,556.6,11
2025-06-28T11:03:44.868000+00:00,9950,44,1264,419.0,10
2025-06-28T11:03:57.212000+00:00,9950,81,1264,446.0,8
2025-06-28T11:04:44.539000+00:00,9950,16,1264,22.6,10
2025-06-28T11:04:49.102000+00:00,9950,30,1264,535.9,7
2025-06-28T11:06:47.788000+00:00,9950,4,1264,530.0,10
2025-06-28T11:06:50.662000+00:00,9950,63,1264,348.8,7
2025-06-28T11:06:53.337000+00:00,9950,12,1264,310.0,7
2025-06-28T11:08:45.305000+00:00,9950,14,1264,578.2,13
2025-06-28T11:11:08.176000+00:00,9950,27,1264,753.4,10
2025-06-28T11:11:50.035000+00:00,9950,23,1264,375.0,11
2025-06-28T11:11:53.035000+00:00,9950,55,1264,520.9,10
2025-06-28T11:12:03.504000+00:00,9950,6,1264,262.2,13
2025-06-28T11:12:14.129000+00:00,9950,31,1264,948.6,10
2025-06-28T11:12:27.973000+00:00,9950,87,1264,911.0,10
2025-06-28T11:12:33.442000+00:00,9950,18,1264,642.0,14
2025-06-28T11:13:27.564000+00:00,9950,5,1264,683.0,10
2025-06-28T11:14:35.390000+00:00,9950,22,1264,612.1,10
2025-06-28T11:14:56.986000+00:00,9950,81,1264,414.7,11
2025-06-28T11:16:10.252000+00:00,9950,30,1264,433.3,10
2025-06-28T11:16:28.752000+00:00,9950,23,1264,24.4,14
2025-06-28T11:16:45.533000+00:00,9950,27,1264,72.4,13
2025-06-28T11:17:22.929000+00:00,9950,31,1264,31.3,13
2025-06-28T11:18:25.534000+00:00,9950,87,1264,87.8,13
2025-06-28T11:18:53.681000+00:00,9950,5,1264,85.4,13
2025-06-28T11:19:09.593000+00:00,9950,16,1264,592.9,13
2025-06-28T11:19:17.208000+00:00,9950,4,1264,219.8,16
2025-06-28T11:19:19.692000+00:00,9950,63,1264,506.1,10
2025-06-28T11:19:29.766000+00:00,9950,44,1264,282.8,17
2025-06-28T11:19:33.285000+00:00,9950,12,1264,503.4,10
2025-06-28T11:19:38.570000+00:00,9950,55,1264,230.1,13
2025-06-28T11:19:49.070000+00:00,9950,1,1264,744.3,21
2025-06-28T11:20:38.370000+00:00,9950,81,1264,16.2,15
2025-06-28T11:21:05.193000+00:00,9950,23,1264,24.5,17
2025-06-28T11:21:44.682000+00:00,9950,14,1264,543.4,16
2025-06-28T11:22:05.405000+00:00,9950,10,1264,526.0,20
2025-06-28T11:22:09.530000+00:00,9950,43,1264,387.5,20
2025-06-28T11:23:06.642000+00:00,9950,31,1264,49.3,16
2025-06-28T11:23:32.383000+00:00,9950,30,1264,204.2,13
2025-06-28T11:23:47.289000+00:00,9950,63,1264,24.0,13
2025-06-28T11:24:09.836000+00:00,9950,87,1264,63.4,16
2025-06-28T11:24:17.993000+00:00,9950,12,1264,25.6,13
2025-06-28T11:24:30.274000+00:00,9950,22,1264,321.1,13
2025-06-28T11:24:38.180000+00:00,9950,55,1264,24.4,16
2025-06-28T11:27:13.932000+00:00,9950,16,1264,246.1,16
2025-06-28T11:27:24.744000+00:00,9950,43,1264,18.4,23
2025-06-28T11:27:36.966000+00:00,9950,44,1264,194.2,20
2025-06-28T11:27:38.926000+00:00,9950,14,1264,102.5,19
2025-06-28T11:27:52.297000+00:00,9950,10,1264,62.5,23
2025-06-28T11:28:25.743000+00:00,9950,18,1264,684.2,17
2025-06-28T11:28:39.240000+00:00,9950,22,1264,29.9,15
2025-06-28T11:28:59.581000+00:00,9950,6,1264,769.1,16
2025-06-28T11:29:02.081000+00:00,9950,5,1264,364.3,16
2025-06-28T11:29:03.534000+00:00,9950,81,1264,247.8,18
2025-06-28T11:29:07.770000+00:00,9950,27,1264,490.0,16
2025-06-28T11:29:11.616000+00:00,9950,4,1264,308.0,19
2025-06-28T11:29:15.024000+00:00,9950,23,1264,248.8,20
2025-06-28T11:29:42.036000+00:00,9950,31,1264,149.9,19
2025-06-28T11:29:50.692000+00:00,9950,12,1264,93.2,16
2025-06-28T11:29:52.723000+00:00,9950,87,1264,101.5,19
2025-06-15T18:18:46.813000+00:00,9963,1,1263,23.6,12
2025-06-15T18:20:00.490000+00:00,9963,63,1263,23.2,13
2025-06-15T18:20:28.271000+00:00,9963,6,1263,24.1,13
2025-06-15T18:21:21.944000+00:00,9963,12,1263,23.3,14
2025-06-15T18:21:42.428000+00:00,9963,43,1263,24.7,14
2025-06-15T18:22:45.479000+00:00,9963,44,1263,23.6,15
2025-06-15T18:22:53.588000+00:00,9963,14,1263,24.0,15
2025-06-15T18:23:57.698000+00:00,9963,81,1263,23.2,16
2025-06-15T18:27:00.215000+00:00,9963,87,1263,23.5,18
2025-06-15T18:28:08.325000+00:00,9963,27,1263,23.4,19
2025-06-15T18:33:34.102000+00:00,9963,23,1263,23.8,23
2025-06-15T18:34:50.807000+00:00,9963,18,1263,23.7,24
2025-06-15T18:39:19.162000+00:00,9963,16,1263,23.3,28
2025-06-15T18:40:32.603000+00:00,9963,4,1263,23.2,29
2025-06-15T18:50:43.952000+00:00,9963,1,1263,23.1,37
2025-06-15T18:52:00.124000+00:00,9963,12,1263,23.4,38
2025-06-15T18:52:59.709000+00:00,9963,30,1263,23.2,38
2025-06-15T18:56:57.264000+00:00,9963,63,1263,24.2,42
2025-06-15T19:00:51.144000+00:00,9963,81,1263,23.1,45
2025-06-15T19:01:16.082000+00:00,9963,44,1263,23.3,45
2025-06-15T19:03:25.586000+00:00,9963,4,1263,23.4,47
2025-06-15T19:07:07.557000+00:00,9963,5,1263,23.7,49
2025-06-15T19:07:59.841000+00:00,9963,14,1263,23.4,50
2025-06-15T19:09:55.405000+00:00,9963,18,1263,34.7,51
2025-06-15T19:11:03.265000+00:00,9963,16,1263,23.8,53
2025-06-15T19:12:18.859000+00:00,9963,10,1263,23.9,53
2025-06-15T19:15:57.532000+00:00,9963,22,1263,25.1,56
2025-06-15T19:17:03.136000+00:00,9963,31,1263,24.4,57
2025-06-15T19:17:07.058000+00:00,9963,55,1263,23.2,57
2025-06-15T19:28:33.451000+00:00,9963,14,1263,18.2,66
2025-06-15T19:28:37.654000+00:00,9963,27,1263,18.2,66
2025-06-15T19:28:41.123000+00:00,9963,63,1263,18.2,67
2025-06-15T19:28:43.779000+00:00,9963,1,1263,18.2,67
2025-06-15T19:28:46.904000+00:00,9963,12,1263,18.2,67
2025-06-15T19:28:54.639000+00:00,9963,31,1263,18.2,66
2025-06-15T19:28:55.248000+00:00,9963,55,1263,18.2,66
2025-06-15T19:28:56.014000+00:00,9963,81,1263,26.3,67
2025-06-15T19:29:14.030000+00:00,9963,16,1263,18.3,67
2025-06-15T19:29:16.873000+00:00,9963,87,1263,27.9,66
2025-06-15T19:29:19.201000+00:00,9963,22,1263,18.2,66
2025-06-15T19:29:21.748000+00:00,9963,43,1263,18.1,66
2025-06-15T19:29:22.670000+00:00,9963,5,1263,18.2,66
2025-06-15T19:29:26.092000+00:00,9963,10,1263,18.2,66
2025-06-15T19:29:32.320000+00:00,9963,6,1263,23.6,66
2025-06-15T19:29:35.043000+00:00,9963,18,1263,23.7,66
2025-06-15T19:29:45.861000+00:00,9963,44,1263,18.2,67
2025-06-15T19:30:27.190000+00:00,9963,14,1263,18.1,67
2025-06-15T19:30:30.052000+00:00,9963,27,1263,18.2,67
2025-06-15T19:30:47.996000+00:00,9963,63,1263,19.4,68
2025-06-15T19:30:49.058000+00:00,9963,1,1263,19.2,68
2025-06-15T19:30:50.277000+00:00,9963,12,1263,18.9,68
2025-06-15T19:30:51.777000+00:00,9963,31,1263,18.2,67
2025-06-15T19:30:52.730000+00:00,9963,55,1263,18.1,67
2025-06-15T19:30:53.949000+00:00,9963,81,1263,18.2,68
2025-06-15T19:31:08.887000+00:00,9963,16,1263,18.2,68
2025-06-15T19:31:13.668000+00:00,9963,87,1263,18.2,67
2025-06-15T19:31:16.491000+00:00,9963,22,1263,18.2,67
2025-06-15T19:31:18.654000+00:00,9963,43,1263,18.1,67
2025-06-15T19:31:20.346000+00:00,9963,5,1263,18.2,67
2025-06-15T19:31:21.526000+00:00,9963,10,1263,18.2,67
2025-06-15T19:31:27.900000+00:00,9963,6,1263,18.2,67
2025-06-15T19:31:30.993000+00:00,9963,18,1263,18.2,67
2025-06-15T19:31:36.447000+00:00,9963,44,1263,18.2,68
2025-06-15T19:32:06.587000+00:00,9963,14,1263,18.2,68
2025-06-15T19:32:09.150000+00:00,9963,27,1263,18.3,68
2025-06-15T19:32:51.728000+00:00,9963,63,1263,18.2,69
2025-06-15T19:32:52.760000+00:00,9963,1,1263,18.3,69
2025-06-15T19:32:53.900000+00:00,9963,12,1263,18.2,69
2025-06-15T19:32:55.228000+00:00,9963,31,1263,18.2,68
2025-06-15T19:32:56.228000+00:00,9963,55,1263,18.1,68
2025-06-15T19:32:57.822000+00:00,9963,81,1263,18.2,69
2025-06-15T19:32:59.650000+00:00,9963,16,1263,18.2,69
2025-06-15T19:33:00.697000+00:00,9963,87,1263,18.2,68
2025-06-15T19:33:02.791000+00:00,9963,22,1263,18.2,68
2025-06-15T19:33:04.510000+00:00,9963,43,1263,18.1,68
2025-06-15T19:33:06.244000+00:00,9963,5,1263,18.2,68
2025-06-15T19:33:08.260000+00:00,9963,10,1263,18.2,68
2025-06-15T19:33:10.916000+00:00,9963,6,1263,18.2,68
2025-06-15T19:33:13.025000+00:00,9963,18,1263,18.2,68
2025-06-15T19:33:14.229000+00:00,9963,44,1263,18.2,69
2025-06-15T19:33:43.135000+00:00,9963,14,1263,18.2,69
2025-06-15T19:33:46.010000+00:00,9963,27,1263,18.3,69
2025-07-04T15:00:02.406000+00:00,9941,27,1277,,1
2025-07-04T15:00:06.219000+00:00,9941,87,1277,,1
2025-07-04T15:00:10.015000+00:00,9941,31,1277,,1
2025-07-04T15:00:15.759000+00:00,9941,43,1277,,1
2025-07-04T15:00:19.804000+00:00,9941,23,1277,,1
2025-07-04T15:00:25.764000+00:00,9941,10,1277,,1
2025-07-04T15:00:34.949000+00:00,9941,81,1277,,1
2025-07-04T15:00:39.929000+00:00,9941,55,1277,,1
2025-07-04T15:00:48.822000+00:00,9941,44,1277,,1
2025-07-04T15:00:57.078000+00:00,9941,12,1277,,1
2025-07-04T15:01:01.462000+00:00,9941,5,1277,,1
2025-07-04T15:01:07.662000+00:00,9941,18,1277,,1
2025-07-04T15:01:18.325000+00:00,9941,6,1277,,1
2025-07-04T15:01:26.009000+00:00,9941,16,1277,,1
2025-07-04T15:01:36.212000+00:00,9941,22,1277,,1
2025-07-04T15:01:44.746000+00:00,9941,4,1277,,1
2025-07-04T15:01:50.730000+00:00,9941,30,1277,,1
2025-07-04T15:01:56.142000+00:00,9941,14,1277,,1
2025-07-04T15:02:31.336000+00:00,9941,63,1277,,1
2025-07-04T15:03:56.804000+00:00,9941,1,1277,,1
2025-07-04T15:06:43.919000+00:00,9941,81,1277,33.7,4
2025-07-04T15:08:42.162000+00:00,9941,12,1277,81.6,4
2025-07-04T15:09:04.907000+00:00,9941,63,1277,34.6,4
2025-07-04T15:10:32.070000+00:00,9941,87,1277,40.5,6
2025-07-04T15:10:38.308000+00:00,9941,31,1277,35.0,6
2025-07-04T15:10:41.634000+00:00,9941,1,1277,34.2,4
2025-07-04T15:11:03.461000+00:00,9941,43,1277,29.3,6
2025-07-04T15:11:46.409000+00:00,9941,5,1277,31.5,6
2025-07-04T15:11:51.146000+00:00,9941,18,1277,25.8,6
2025-07-04T15:12:43.227000+00:00,9941,81,1277,32.1,7
2025-07-04T15:13:18.247000+00:00,9941,55,1277,30.3,7
2025-07-04T15:13:29.965000+00:00,9941,10,1277,52.9,7
2025-07-04T15:14:38.228000+00:00,9941,16,1277,33.2,7
2025-07-04T15:15:01.842000+00:00,9941,44,1277,49.3,7
2025-07-04T15:16:29.411000+00:00,9941,22,1277,32.6,8
2025-07-04T15:17:15.454000+00:00,9941,87,1277,59.2,9
2025-07-04T15:22:02.712000+00:00,9941,63,1277,442.0,7
2025-07-04T15:22:10.283000+00:00,9941,12,1277,468.9,7
2025-07-04T15:22:41.393000+00:00,9941,30,1277,421.4,8
2025-07-04T15:22:56.029000+00:00,9941,43,1277,360.7,9
2025-07-04T15:23:09.712000+00:00,9941,6,1277,611.7,7
2025-07-04T15:23:18.668000+00:00,9941,4,1277,596.2,7
2025-07-04T15:23:22.168000+00:00,9941,27,1277,371.6,10
2025-07-04T15:23:47.099000+00:00,9941,23,1277,337.1,10
2025-07-04T15:23:48.506000+00:00,9941,31,1277,467.4,9
2025-07-04T15:23:54.739000+00:00,9941,55,1277,392.2,9
2025-07-04T15:25:57.238000+00:00,9941,16,1277,356.4,10
2025-07-04T15:26:17.128000+00:00,9941,44,1277,243.8,11
2025-07-04T15:26:55.552000+00:00,9941,81,1277,541.8,10
2025-07-04T15:27:22.778000+00:00,9941,87,1277,296.7,12
2025-07-04T15:28:39.074000+00:00,9941,4,1277,31.7,10
2025-07-04T15:29:04.614000+00:00,9941,63,1277,83.8,10
2025-07-04T15:29:18.117000+00:00,9941,1,1277,792.8,7
2025-07-04T15:29:36.329000+00:00,9941,14,1277,709.3,9
2025-07-04T15:31:47.999000+00:00,9941,31,1277,182.3,12
2025-07-04T15:31:55.021000+00:00,9941,18,1277,852.1,9
2025-07-04T15:32:02.347000+00:00,9941,22,1277,616.3,11
2025-07-04T15:32:08.170000+00:00,9941,10,1277,781.5,10
2025-07-04T15:32:19.379000+00:00,9941,16,1277,36.1,13
2025-07-04T15:32:23.073000+00:00,9941,5,1277,690.3,11
2025-07-04T15:32:34.947000+00:00,9941,81,1277,23.0,13
2025-07-04T15:33:28.116000+00:00,9941,12,1277,354.6,10
2025-07-04T15:34:48.071000+00:00,9941,87,1277,91.8,15
2025-07-04T15:34:59.293000+00:00,9941,6,1277,407.9,10
2025-07-04T15:35:20.425000+00:00,9941,30,1277,443.5,11
2025-07-04T15:35:32.231000+00:00,9941,1,1277,32.3,10
2025-07-04T15:36:03.649000+00:00,9941,14,1277,27.8,12
2025-07-04T15:36:07.600000+00:00,9941,23,1277,426.5,13
2025-07-04T15:38:00.249000+00:00,9941,10,1277,42.9,13
2025-07-04T15:38:08.631000+00:00,9941,31,1277,39.7,15
2025-07-04T15:38:13.309000+00:00,9941,18,1277,23.3,12
2025-07-04T15:39:00.160000+00:00,9941,22,1277,38.7,14
2025-07-04T15:40:24.018000+00:00,9941,43,1277,336.6,15
2025-07-04T15:40:34.302000+00:00,9941,63,1277,366.4,13
2025-07-04T15:41:33.700000+00:00,9941,27,1277,414.5,16
2025-07-04T15:42:01.302000+00:00,9941,44,1277,325.2,16
2025-07-04T15:42:26.310000+00:00,9941,5,1277,284.3,14
2025-07-04T15:42:36.378000+00:00,9941,16,1277,298.6,16
2025-07-04T15:43:21.049000+00:00,9941,12,1277,42.7,16
2025-07-04T15:44:00.049000+00:00,9941,10,1277,34.1,16
2025-07-04T15:44:08.390000+00:00,9941,55,1277,498.7,15
2025-07-04T15:46:28.359000+00:00,9941,1,1277,327.0,13
2025-07-04T15:46:41.640000+00:00,9941,4,1277,419.3,16
2025-07-04T15:46:59.644000+00:00,9941,81,1277,411.6,17
2025-07-04T15:47:55.598000+00:00,9941,87,1277,488.0,18
2025-07-04T15:48:12.678000+00:00,9941,14,1277,370.3,15
2025-07-04T15:48:39.357000+00:00,9941,18,1277,309.1,15
2025-07-04T15:49:01.450000+00:00,9941,31,1277,334.4,18
2025-07-04T15:50:17.104000+00:00,9941,22,1277,343.5,17
2025-07-04T15:52:47.258000+00:00,9941,10,1277,312.9,18
2025-07-04T15:53:18.934000+00:00,9941,44,1277,28.7,23
2025-07-04T15:56:53.237000+00:00,9941,5,1277,28.7,23
2025-07-04T15:58:16.290000+00:00,9941,23,1277,28.3,27
2025-07-04T15:58:59.199000+00:00,9941,6,1277,32.0,25
2025-07-04T15:59:02.379000+00:00,9941,27,1277,28.4,27
2025-07-04T15:59:07.464000+00:00,9941,30,1277,30.0,26
2025-07-04T15:59:22.779000+00:00,9941,4,1277,27.8,24
2025-07-04T11:30:03.644000+00:00,9940,31,1277,,1
2025-07-04T11:30:06.096000+00:00,9940,55,1277,,1
2025-07-04T11:30:09.666000+00:00,9940,23,1277,,1
2025-07-04T11:30:12.313000+00:00,9940,97,1277,,1
2025-07-04T11:30:19.655000+00:00,9940,5,1277,,1
2025-07-04T11:30:26.957000+00:00,9940,30,1277,,1
2025-07-04T11:30:34.515000+00:00,9940,10,1277,,1
2025-07-04T11:30:40.798000+00:00,9940,87,1277,,1
2025-07-04T11:30:53.798000+00:00,9940,44,1277,,1
2025-07-04T11:31:05.461000+00:00,9940,43,1277,,1
2025-07-04T11:31:15.067000+00:00,9940,14,1277,,1
2025-07-04T11:31:24.956000+00:00,9940,16,1277,,1
2025-07-04T11:31:34.773000+00:00,9940,6,1277,,1
2025-07-04T11:31:42.842000+00:00,9940,4,1277,,1
2025-07-04T11:31:51.400000+00:00,9940,36,1277,,1
2025-07-04T11:31:59.276000+00:00,9940,81,1277,,1
2025-07-04T11:32:03.934000+00:00,9940,12,1277,,1
2025-07-04T11:32:09.576000+00:00,9940,18,1277,,1
2025-07-04T11:32:26.512000+00:00,9940,63,1277,,1
2025-07-04T11:32:37.085000+00:00,9940,55,1277,50.6,2
2025-07-04T11:32:44.414000+00:00,9940,1,1277,,1
2025-07-04T11:32:48.501000+00:00,9940,23,1277,53.9,2
2025-07-04T11:38:31.843000+00:00,9940,63,1277,32.0,4
2025-07-04T11:40:35.629000+00:00,9940,30,1277,38.3,6
2025-07-04T11:41:27.438000+00:00,9940,16,1277,272.7,4
2025-07-04T11:43:18.823000+00:00,9940,31,1277,575.2,3
2025-07-04T11:45:08.693000+00:00,9940,63,1277,38.1,7
2025-07-04T11:45:27.600000+00:00,9940,12,1277,44.4,7
2025-07-04T11:47:19.062000+00:00,9940,16,1277,32.0,7
2025-07-04T11:47:27.532000+00:00,9940,6,1277,45.5,9
2025-07-04T11:50:12.404000+00:00,9940,55,1277,27.9,13
2025-07-04T11:50:22.440000+00:00,9940,23,1277,27.9,13
2025-07-04T11:53:30.458000+00:00,9940,31,1277,35.4,8
2025-07-04T11:54:13.536000+00:00,9940,36,1277,360.3,9
2025-07-04T11:54:43.513000+00:00,9940,97,1277,344.3,11
2025-07-04T11:55:57.223000+00:00,9940,1,1277,552.6,8
2025-07-04T11:56:16.605000+00:00,9940,10,1277,695.4,8
2025-07-04T11:59:10.021000+00:00,9940,4,1277,609.8,10
2025-07-04T11:59:19.240000+00:00,9940,14,1277,719.9,10
2025-07-04T11:59:22.274000+00:00,9940,12,1277,486.1,10
2025-07-04T11:59:32.391000+00:00,9940,18,1277,745.3,9
2025-07-04T11:59:54.756000+00:00,9940,6,1277,418.4,12
2025-07-04T11:59:56.475000+00:00,9940,44,1277,435.4,11
2025-07-04T11:59:58.850000+00:00,9940,87,1277,549.0,11
2025-07-04T12:00:07.444000+00:00,9940,30,1277,487.0,12
2025-07-04T12:00:28.087000+00:00,9940,36,1277,33.7,12
2025-07-04T12:00:37.408000+00:00,9940,81,1277,456.7,12
2025-07-04T12:00:41.575000+00:00,9940,23,1277,534.2,14
2025-07-04T12:00:51.761000+00:00,9940,16,1277,368.2,11
2025-07-04T12:01:20.988000+00:00,9940,43,1277,489.9,12
2025-07-04T12:02:00.650000+00:00,9940,1,1277,31.5,11
2025-07-04T12:02:18.588000+00:00,9940,63,1277,682.9,10
2025-07-04T12:05:07.525000+00:00,9940,5,1277,975.6,11
2025-07-04T12:05:14.729000+00:00,9940,10,1277,34.5,12
2025-07-04T12:05:47.818000+00:00,9940,14,1277,48.0,13
2025-07-04T12:05:53.352000+00:00,9940,12,1277,40.5,13
2025-07-04T12:06:13.858000+00:00,9940,31,1277,442.8,11
2025-07-04T12:06:21.853000+00:00,9940,81,1277,30.5,15
2025-07-04T12:06:33.901000+00:00,9940,18,1277,51.4,12
2025-07-04T12:07:26.546000+00:00,9940,87,1277,65.9,14
2025-07-04T12:07:30.646000+00:00,9940,16,1277,33.7,14
2025-07-04T12:07:44.847000+00:00,9940,43,1277,32.5,15
2025-07-04T12:10:27.685000+00:00,9940,97,1277,355.4,16
2025-07-04T12:10:54.357000+00:00,9940,55,1277,1156.3,14
2025-07-04T12:12:22.585000+00:00,9940,23,1277,33.3,20
2025-07-04T12:12:32.569000+00:00,9940,31,1277,33.6,14
2025-07-04T12:13:22.408000+00:00,9940,63,1277,341.8,13
2025-07-04T12:13:53.711000+00:00,9940,36,1277,446.0,15
2025-07-04T12:13:56.980000+00:00,9940,1,1277,389.3,14
2025-07-04T12:16:10.789000+00:00,9940,5,1277,428.9,13
2025-07-04T12:16:12.367000+00:00,9940,43,1277,292.3,17
2025-07-04T12:16:34.524000+00:00,9940,81,1277,297.1,18
2025-07-04T12:17:13.756000+00:00,9940,10,1277,152.5,17
2025-07-04T12:17:33.333000+00:00,9940,12,1277,332.9,16
2025-07-04T12:18:01.656000+00:00,9940,44,1277,296.9,17
2025-07-04T12:18:50.492000+00:00,9940,6,1277,325.9,19
2025-07-04T12:18:58.913000+00:00,9940,4,1277,384.1,17
2025-07-04T12:19:17.656000+00:00,9940,16,1277,266.9,18
2025-07-04T12:19:52.190000+00:00,9940,55,1277,38.3,19
2025-07-04T12:20:12.011000+00:00,9940,36,1277,34.3,18
2025-07-04T12:20:19.093000+00:00,9940,30,1277,369.2,19
2025-07-04T12:21:22.175000+00:00,9940,87,1277,526.4,17
2025-07-04T12:21:50.118000+00:00,9940,14,1277,446.0,18
2025-07-04T12:23:02.524000+00:00,9940,31,1277,314.6,17
2025-07-04T12:23:58.441000+00:00,9940,18,1277,477.6,17
2025-07-04T12:24:02.497000+00:00,9940,97,1277,279.4,21
2025-07-04T12:25:11.691000+00:00,9940,10,1277,392.2,18
2025-07-04T12:26:08.467000+00:00,9940,55,1277,34.7,22
2025-06-28T14:05:29.957000+00:00,9951,23,1264,,1
2025-06-28T14:05:32.895000+00:00,9951,18,1264,,1
2025-06-28T14:05:36.848000+00:00,9951,14,1264,,1
2025-06-28T14:05:39.805000+00:00,9951,55,1264,,1
2025-06-28T14:05:43.704000+00:00,9951,31,1264,,1
2025-06-28T14:05:48.928000+00:00,9951,87,1264,,1
2025-06-28T14:06:21.746000+00:00,9951,10,1264,,1
2025-06-28T14:06:25.293000+00:00,9951,43,1264,,1
2025-06-28T14:07:54.428000+00:00,9951,27,1264,,1
2025-06-28T14:07:58.678000+00:00,9951,5,1264,,1
2025-06-28T14:09:21.503000+00:00,9951,1,1264,,1
2025-06-28T14:09:26.761000+00:00,9951,4,1264,,1
2025-06-28T14:09:31.968000+00:00,9951,81,1264,,1
2025-06-28T14:09:36.714000+00:00,9951,16,1264,,1
2025-06-28T14:09:46.030000+00:00,9951,44,1264,,1
2025-06-28T14:09:51.358000+00:00,9951,22,1264,,1
2025-06-28T14:10:11.217000+00:00,9951,6,1264,,1
2025-06-28T14:10:26.858000+00:00,9951,30,1264,,1
2025-06-28T14:10:31.248000+00:00,9951,12,1264,,1
2025-06-28T14:10:41.592000+00:00,9951,63,1264,,1
2025-06-28T14:10:44.358000+00:00,9951,55,1264,39.7,4
2025-06-28T14:10:51.077000+00:00,9951,23,1264,80.6,4
2025-06-28T14:10:59.436000+00:00,9951,14,1264,155.4,3
2025-06-28T14:11:44.259000+00:00,9951,31,1264,98.0,4
2025-06-28T14:11:47.744000+00:00,9951,87,1264,97.9,4
2025-06-28T14:12:00.441000+00:00,9951,18,1264,144.3,4
2025-06-28T14:12:57.838000+00:00,9951,10,1264,158.7,4
2025-06-28T14:13:00.697000+00:00,9951,43,1264,158.8,4
2025-06-28T14:14:30.837000+00:00,9951,27,1264,161.0,4
2025-06-28T14:14:35.476000+00:00,9951,5,1264,158.5,4
2025-06-28T14:15:26.432000+00:00,9951,55,1264,27.2,7
2025-06-28T14:15:47.901000+00:00,9951,23,1264,36.7,7
2025-06-28T14:18:29.797000+00:00,9951,4,1264,300.3,4
2025-06-28T14:18:39.469000+00:00,9951,30,1264,257.3,4
2025-06-28T14:18:41.485000+00:00,9951,31,1264,176.7,7
2025-06-28T14:18:44.344000+00:00,9951,81,1264,126.8,6
2025-06-28T14:18:47.546000+00:00,9951,16,1264,303.2,4
2025-06-28T14:18:52.216000+00:00,9951,44,1264,291.1,4
2025-06-28T14:18:59.579000+00:00,9951,87,1264,193.0,7
2025-06-28T14:19:03.535000+00:00,9951,18,1264,183.7,7
2025-06-28T14:19:18.408000+00:00,9951,14,1264,245.5,6
2025-06-28T14:19:31.353000+00:00,9951,22,1264,322.4,4
2025-06-28T14:19:51.204000+00:00,9951,1,1264,392.3,4
2025-06-28T14:19:55.422000+00:00,9951,27,1264,97.6,7
2025-06-28T14:20:02.206000+00:00,9951,10,1264,186.1,7
2025-06-28T14:20:07.644000+00:00,9951,43,1264,189.3,7
2025-06-28T14:20:26.894000+00:00,9951,6,1264,374.4,4
2025-06-28T14:20:37.128000+00:00,9951,5,1264,126.6,7
2025-06-28T14:20:42.333000+00:00,9951,12,1264,357.6,4
2025-06-28T14:20:49.522000+00:00,9951,63,1264,358.1,4
2025-06-28T14:20:55.919000+00:00,9951,55,1264,84.9,10
2025-06-28T14:21:18.708000+00:00,9951,23,1264,97.5,10
2025-06-28T14:30:03.712000+00:00,9951,16,1264,420.7,7
2025-06-28T14:30:08.751000+00:00,9951,44,1264,414.5,7
2025-06-28T14:30:29.016000+00:00,9951,23,1264,462.7,11
2025-06-28T14:33:39.376000+00:00,9951,6,1264,547.4,7
2025-06-28T14:33:44.229000+00:00,9951,30,1264,659.5,7
2025-06-28T14:33:48.616000+00:00,9951,5,1264,543.3,10
2025-06-28T14:33:51.317000+00:00,9951,87,1264,631.3,10
2025-06-28T14:33:58.041000+00:00,9951,10,1264,577.6,10
2025-06-28T14:34:01.743000+00:00,9951,43,1264,579.7,10
2025-06-28T14:34:29.678000+00:00,9951,1,1264,635.0,7
2025-06-28T14:34:33.222000+00:00,9951,14,1264,653.2,9
2025-06-28T14:34:38.785000+00:00,9951,12,1264,584.5,7
2025-06-28T14:34:50.519000+00:00,9951,63,1264,592.7,7
2025-06-28T14:34:59.660000+00:00,9951,81,1264,720.6,9
2025-06-28T14:35:18.450000+00:00,9951,4,1264,771.1,7
2025-06-28T14:35:34.128000+00:00,9951,16,1264,108.6,10
2025-06-28T14:35:37.701000+00:00,9951,44,1264,106.1,10
2025-06-28T14:37:19.877000+00:00,9951,23,1264,192.5,14
2025-06-28T14:48:54.027000+00:00,9951,6,1264,675.4,10
2025-06-28T14:48:56.045000+00:00,9951,87,1264,665.8,13
2025-06-28T14:49:04.029000+00:00,9951,5,1264,675.5,13
2025-06-28T14:49:18.705000+00:00,9951,1,1264,647.9,10
2025-06-28T14:49:27.880000+00:00,9951,4,1264,1620.5,10
2025-06-28T14:49:35.803000+00:00,9951,81,1264,626.4,12
2025-06-28T14:49:44.328000+00:00,9951,30,1264,721.5,10
2025-06-28T14:49:54.885000+00:00,9951,14,1264,680.9,12
2025-06-28T14:49:58.727000+00:00,9951,12,1264,668.6,10
2025-06-28T14:50:12.269000+00:00,9951,63,1264,678.3,10
2025-06-28T14:50:21.385000+00:00,9951,16,1264,995.5,13
2025-06-28T14:50:30.635000+00:00,9951,44,1264,999.0,13
2025-06-28T14:50:35.119000+00:00,9951,10,1264,744.0,13
2025-06-28T14:50:44.385000+00:00,9951,43,1264,750.9,13
2025-06-28T14:51:02.760000+00:00,9951,23,1264,1015.3,16
2025-06-28T15:03:20.857000+00:00,9951,10,1264,507.4,16
2025-06-28T15:03:23.779000+00:00,9951,12,1264,551.7,13
2025-06-28T15:03:27.014000+00:00,9951,81,1264,582.4,15
2025-06-28T15:03:44.092000+00:00,9951,4,1264,617.1,13
2025-06-28T15:04:03.732000+00:00,9951,1,1264,644.0,13
2025-06-28T15:04:09.998000+00:00,9951,16,1264,580.2,16
2025-06-28T15:04:17.826000+00:00,9951,5,1264,676.5,16
2025-06-28T15:04:21.686000+00:00,9951,44,1264,586.1,16
2025-06-28T15:04:40.764000+00:00,9951,63,1264,621.8,13
2025-06-28T15:05:01.514000+00:00,9951,30,1264,672.8,13
2025-06-28T15:10:02.522000+00:00,9951,10,1264,161.8,19
2025-06-28T15:10:06.850000+00:00,9951,1,1264,132.0,16
2025-06-28T15:10:19.506000+00:00,9951,30,1264,163.1,15
2025-06-28T15:10:33.225000+00:00,9951,63,1264,122.1,16
2025-06-28T15:10:36.288000+00:00,9951,16,1264,154.9,19
2025-06-28T15:10:53.305000+00:00,9951,4,1264,190.8,16
2025-06-28T15:10:56.618000+00:00,9951,44,1264,147.1,19
2025-06-28T15:10:58.399000+00:00,9951,81,1264,199.3,18
2025-06-28T15:11:07.259000+00:00,9951,5,1264,176.1,19
2025-06-28T15:11:16.227000+00:00,9951,12,1264,230.4,16
2025-06-29T13:21:58.769000+00:00,9955,6,1264,21.2,2
2025-06-29T13:33:15.023000+00:00,9955,87,1264,21.9,11
2025-06-29T13:34:25.507000+00:00,9955,10,1264,21.9,12
2025-06-29T13:34:29.788000+00:00,9955,27,1264,21.2,12
2025-06-29T13:35:33.152000+00:00,9955,23,1264,21.2,13
2025-06-29T13:35:42.851000+00:00,9955,43,1264,23.0,13
2025-06-29T13:41:30.632000+00:00,9955,63,1264,21.3,18
2025-06-29T13:41:42.881000+00:00,9955,22,1264,21.4,18
2025-06-29T13:42:53.542000+00:00,9955,31,1264,23.1,19
2025-06-29T13:43:35.564000+00:00,9955,4,1264,22.1,20
2025-06-29T13:45:08.624000+00:00,9955,5,1264,21.6,21
2025-06-29T13:48:21.332000+00:00,9955,81,1264,22.5,24
2025-06-29T13:49:38.422000+00:00,9955,16,1264,21.3,25
2025-06-29T13:50:52.685000+00:00,9955,44,1264,21.2,26
2025-06-29T13:51:27.716000+00:00,9955,18,1264,22.9,26
2025-06-29T13:53:45.441000+00:00,9955,6,1264,21.6,28
2025-06-29T13:56:28.671000+00:00,9955,22,1264,30.0,30
2025-06-29T13:58:21.124000+00:00,9955,30,1264,21.4,32
2025-06-29T13:59:35.606000+00:00,9955,14,1264,21.8,33
2025-06-29T14:05:48.279000+00:00,9955,10,1264,22.1,38
2025-06-29T14:06:55.950000+00:00,9955,87,1264,21.7,39
2025-06-29T14:07:09.171000+00:00,9955,43,1264,21.0,39
2025-06-29T14:10:20.537000+00:00,9955,27,1264,21.0,42
2025-06-29T14:13:44.451000+00:00,9955,63,1264,21.8,45
2025-06-29T14:17:56.970000+00:00,9955,16,1264,21.5,49
2025-06-29T14:18:32.521000+00:00,9955,5,1264,21.2,49
2025-06-29T14:19:16.051000+00:00,9955,44,1264,21.1,50
2025-06-29T14:19:50.236000+00:00,9955,31,1264,22.2,50
2025-06-29T14:21:10.298000+00:00,9955,4,1264,21.4,52
2025-06-29T14:22:22.916000+00:00,9955,81,1264,21.0,53
2025-06-29T14:23:47.985000+00:00,9955,18,1264,21.7,53
2025-06-29T14:32:24.678000+00:00,9955,22,1264,32.6,60
2025-07-05T10:35:04.408000+00:00,9942,10,1277,,1
2025-07-05T10:35:27.445000+00:00,9942,43,1277,,1
2025-07-05T10:37:15.026000+00:00,9942,18,1277,,1
2025-07-05T10:37:19.026000+00:00,9942,14,1277,,1
2025-07-05T10:39:46.184000+00:00,9942,18,1277,29.3,2
2025-07-05T10:40:02.885000+00:00,9942,14,1277,33.8,2
2025-07-05T10:41:45.168000+00:00,9942,43,1277,32.1,4
2025-07-05T10:42:20.856000+00:00,9942,44,1277,,1
2025-07-05T10:43:47.372000+00:00,9942,27,1277,,1
2025-07-05T10:48:39.110000+00:00,9942,18,1277,408.5,3
2025-07-05T10:49:52.243000+00:00,9942,5,1277,,1
2025-07-05T10:50:54.419000+00:00,9942,4,1277,,1
2025-07-05T10:50:59.903000+00:00,9942,16,1277,,1
2025-07-05T10:51:03.669000+00:00,9942,1,1277,,1
2025-07-05T10:51:06.278000+00:00,9942,81,1277,,1
2025-07-05T10:51:08.809000+00:00,9942,27,1277,133.7,4
2025-07-05T10:51:15.403000+00:00,9942,6,1277,,1
2025-07-05T10:51:32.257000+00:00,9942,22,1277,,1
2025-07-05T10:51:42.161000+00:00,9942,12,1277,,1
2025-07-05T10:51:46.931000+00:00,9942,55,1277,,1
2025-07-05T10:51:51.712000+00:00,9942,23,1277,,1
2025-07-05T10:51:55.074000+00:00,9942,63,1277,,1
2025-07-05T10:54:09.812000+00:00,9942,87,1277,,1
2025-07-05T10:54:13.888000+00:00,9942,31,1277,,1
2025-07-05T10:55:37.003000+00:00,9942,30,1277,,1
2025-07-05T10:55:50.102000+00:00,9942,43,1277,529.0,7
2025-07-05T10:56:27.959000+00:00,9942,5,1277,87.3,4
2025-07-05T10:57:04.384000+00:00,9942,81,1277,23.1,4
2025-07-05T10:57:13.450000+00:00,9942,18,1277,52.1,7
2025-07-05T10:57:20.543000+00:00,9942,16,1277,31.2,4
2025-07-05T10:57:38.732000+00:00,9942,14,1277,933.0,3
2025-07-05T10:57:52.596000+00:00,9942,1,1277,33.4,4
2025-07-05T10:58:08.262000+00:00,9942,12,1277,23.3,4
2025-07-05T10:59:03.109000+00:00,9942,63,1277,52.8,4
2025-07-05T11:00:43.431000+00:00,9942,87,1277,43.6,4
2025-07-05T11:00:48.382000+00:00,9942,44,1277,369.5,7
2025-07-05T11:02:13.115000+00:00,9942,5,1277,23.1,7
2025-07-05T11:03:31.163000+00:00,9942,18,1277,41.6,10
2025-07-05T11:03:41.085000+00:00,9942,30,1277,38.3,5
2025-07-05T11:04:31.359000+00:00,9942,1,1277,39.9,7
2025-07-05T11:06:00.821000+00:00,9942,6,1277,23.0,9
2025-07-05T11:06:09.416000+00:00,9942,10,1277,1188.0,7
2025-07-05T11:07:06.864000+00:00,9942,87,1277,33.1,7
2025-07-05T11:07:34.179000+00:00,9942,44,1277,40.3,10
2025-07-05T11:09:15.523000+00:00,9942,16,1277,403.7,7
2025-07-05T11:09:57.329000+00:00,9942,14,1277,67.4,9
2025-07-05T11:10:34.478000+00:00,9942,63,1277,335.6,7
2025-07-05T11:10:54.194000+00:00,9942,12,1277,426.5,7
2025-07-05T11:13:51.397000+00:00,9942,55,1277,307.0,10
2025-07-05T11:14:34.201000+00:00,9942,4,1277,401.7,11
2025-07-05T11:15:22.404000+00:00,9942,81,1277,535.8,10
2025-07-05T11:17:48.402000+00:00,9942,1,1277,485.4,10
2025-07-05T11:17:52.464000+00:00,9942,27,1277,608.2,14
2025-07-05T11:18:04.232000+00:00,9942,22,1277,490.3,10
2025-07-05T11:18:39.480000+00:00,9942,5,1277,671.4,10
2025-07-05T11:18:56.597000+00:00,9942,23,1277,583.2,10
2025-07-05T11:20:50.276000+00:00,9942,16,1277,272.0,11
2025-07-05T11:20:57.518000+00:00,9942,6,1277,807.4,10
2025-07-05T11:21:06.421000+00:00,9942,44,1277,404.0,14
2025-07-05T11:21:18.944000+00:00,9942,87,1277,562.1,10
2025-07-05T11:21:21.265000+00:00,9942,31,1277,703.1,9
2025-07-05T11:21:34.166000+00:00,9942,30,1277,377.5,11
2025-07-05T11:22:00.289000+00:00,9942,55,1277,181.4,13
2025-07-05T11:23:57.081000+00:00,9942,63,1277,478.9,10
2025-07-05T11:24:05.229000+00:00,9942,4,1277,257.7,14
2025-07-05T11:24:07.385000+00:00,9942,12,1277,471.8,10
2025-07-05T11:24:36.707000+00:00,9942,27,1277,68.2,17
2025-07-05T11:24:45.130000+00:00,9942,23,1277,30.4,13
2025-07-05T11:24:48.960000+00:00,9942,81,1277,264.5,13
2025-07-05T11:25:10.933000+00:00,9942,14,1277,373.8,14
2025-07-05T11:25:18.366000+00:00,9942,10,1277,426.3,14
2025-07-05T11:25:20.067000+00:00,9942,5,1277,90.4,13
2025-07-05T11:25:27.241000+00:00,9942,43,1277,1058.9,13
2025-07-05T11:31:02.077000+00:00,9942,5,1277,432.4,14
2025-07-05T11:31:04.159000+00:00,9942,23,1277,409.3,14
2025-07-05T11:31:07.299000+00:00,9942,10,1277,775.2,15
2025-07-05T11:31:09.596000+00:00,9942,63,1277,911.4,12
2025-07-05T11:31:19.549000+00:00,9942,14,1277,742.1,15
2025-07-05T11:31:30.114000+00:00,9942,6,1277,1439.6,13
2025-07-05T11:31:42.985000+00:00,9942,27,1277,494.3,18
2025-07-05T11:31:51.251000+00:00,9942,4,1277,723.7,16
2025-07-05T11:31:56.407000+00:00,9942,12,1277,940.8,11
2025-07-05T11:32:03.189000+00:00,9942,1,1277,529.3,13
2025-07-05T11:32:05.782000+00:00,9942,55,1277,786.8,16
2025-07-05T11:32:10.362000+00:00,9942,18,1277,1285.1,14
2025-07-05T11:32:20.506000+00:00,9942,81,1277,716.0,14
2025-07-05T11:32:25.373000+00:00,9942,30,1277,1028.7,14
2025-07-05T11:32:38.303000+00:00,9942,43,1277,1490.0,14
2025-07-05T11:32:43.726000+00:00,9942,16,1277,412.7,14
2025-07-05T11:32:57.944000+00:00,9942,22,1277,550.0,13
2025-07-05T11:32:59.185000+00:00,9942,44,1277,1116.7,17
2025-07-05T11:33:01.530000+00:00,9942,31,1277,1403.3,12
2025-07-05T11:33:45.821000+00:00,9942,87,1277,1309.0,13
2025-07-25T10:30:03.711000+00:00,9929,27,1265,,1
2025-07-25T10:30:08.865000+00:00,9929,6,1265,,1
2025-07-25T10:30:11.099000+00:00,9929,5,1265,,1
2025-07-25T10:30:16.443000+00:00,9929,30,1265,,1
2025-07-25T10:30:17.912000+00:00,9929,63,1265,,1
2025-07-25T10:30:21.631000+00:00,9929,12,1265,,1
2025-07-25T10:30:26.756000+00:00,9929,55,1265,,1
2025-07-25T10:30:34.849000+00:00,9929,18,1265,,1
2025-07-25T10:30:41.771000+00:00,9929,31,1265,,1
2025-07-25T10:30:48.803000+00:00,9929,87,1265,,1
2025-07-25T10:30:57.363000+00:00,9929,10,1265,,1
2025-07-25T10:31:01.769000+00:00,9929,43,1265,,1
2025-07-25T10:31:15.243000+00:00,9929,14,1265,,1
2025-07-25T10:31:21.181000+00:00,9929,81,1265,,1
2025-07-25T10:31:28.525000+00:00,9929,4,1265,,1
2025-07-25T10:31:35.230000+00:00,9929,16,1265,,1
2025-07-25T10:31:39.373000+00:00,9929,44,1265,,1
2025-07-25T10:31:42.830000+00:00,9929,22,1265,,1
2025-07-25T10:31:48.646000+00:00,9929,23,1265,,1
2025-07-25T10:32:13.568000+00:00,9929,1,1265,,1
2025-07-25T10:38:57.350000+00:00,9929,22,1265,26.1,4
2025-07-25T10:39:07.538000+00:00,9929,1,1265,31.3,4
2025-07-25T10:46:14.080000+00:00,9929,1,1265,34.5,7
2025-07-25T10:46:20.552000+00:00,9929,22,1265,32.9,7
2025-07-25T10:47:03.386000+00:00,9929,18,1265,849.9,2
2025-07-25T10:52:30.680000+00:00,9929,43,1265,413.9,7
2025-07-25T10:53:43.605000+00:00,9929,14,1265,442.4,8
2025-07-25T10:54:47.207000+00:00,9929,6,1265,360.9,10
2025-07-25T10:55:13.723000+00:00,9929,30,1265,302.7,10
2025-07-25T10:55:34.754000+00:00,9929,81,1265,493.9,8
2025-07-25T10:56:24.858000+00:00,9929,23,1265,414.0,9
2025-07-25T10:56:52.104000+00:00,9929,5,1265,394.6,10
2025-07-25T10:57:01.104000+00:00,9929,63,1265,490.2,9
2025-07-25T10:57:29.514000+00:00,9929,10,1265,520.2,9
2025-07-25T10:57:45.056000+00:00,9929,4,1265,662.6,8
2025-07-25T10:58:01.933000+00:00,9929,27,1265,878.5,7
2025-07-25T10:58:18.611000+00:00,9929,12,1265,559.4,9
2025-07-25T10:58:20.837000+00:00,9929,1,1265,478.4,9
2025-07-25T10:59:13.512000+00:00,9929,22,1265,400.8,10
2025-07-25T10:59:16.742000+00:00,9929,55,1265,1512.5,2
2025-07-25T11:01:08.723000+00:00,9929,5,1265,25.9,12
2025-07-25T11:02:09.950000+00:00,9929,44,1265,325.9,12
2025-07-25T11:03:23.980000+00:00,9929,16,1265,557.1,11
2025-07-25T11:03:30.580000+00:00,9929,87,1265,707.9,10
2025-07-25T11:04:21.196000+00:00,9929,31,1265,771.1,10
2025-07-25T11:08:45.081000+00:00,9929,63,1265,28.1,15
2025-07-25T11:14:36.803000+00:00,9929,10,1265,553.3,13
2025-07-25T11:15:32.582000+00:00,9929,18,1265,572.2,11
2025-07-25T11:19:03.264000+00:00,9929,81,1265,430.4,17
2025-07-25T11:19:13.041000+00:00,9929,10,1265,38.2,15
2025-07-25T11:19:25.302000+00:00,9929,43,1265,620.3,14
2025-07-25T11:19:46.225000+00:00,9929,14,1265,471.3,17
2025-07-25T11:19:54.394000+00:00,9929,23,1265,421.9,18
2025-07-25T11:20:08.723000+00:00,9929,1,1265,413.0,17
2025-07-25T11:20:25.286000+00:00,9929,22,1265,379.9,18
2025-07-25T11:21:06.898000+00:00,9929,55,1265,129.7,11
2025-07-25T11:21:13.414000+00:00,9929,16,1265,348.4,17
2025-07-25T11:21:25.123000+00:00,9929,27,1265,432.1,15
2025-07-25T11:21:33.209000+00:00,9929,12,1265,46.7,21
2025-07-25T11:21:40.175000+00:00,9929,30,1265,916.7,16
2025-07-25T11:21:47.565000+00:00,9929,6,1265,1157.8,14
2025-07-25T11:21:49.409000+00:00,9929,5,1265,338.5,20
2025-07-25T11:21:54.456000+00:00,9929,44,1265,335.0,19
2025-07-25T11:22:01.646000+00:00,9929,63,1265,31.7,22
2025-07-25T11:22:23.330000+00:00,9929,4,1265,435.5,17
2025-07-25T11:22:48.947000+00:00,9929,31,1265,327.0,17
2025-07-25T11:22:50.650000+00:00,9929,87,1265,379.5,17
2025-07-25T11:27:15.523000+00:00,9929,81,1265,115.9,20
2025-07-25T11:27:46.958000+00:00,9929,1,1265,26.0,20
2025-07-25T11:29:12.910000+00:00,9929,63,1265,36.7,25
2025-07-25T11:29:18.207000+00:00,9929,18,1265,280.0,15
2025-07-25T11:29:39.105000+00:00,9929,14,1265,206.6,20
2025-07-25T14:30:46.694000+00:00,9930,6,1265,,1
2025-07-25T14:30:49.975000+00:00,9930,27,1265,,1
2025-07-25T14:30:58.750000+00:00,9930,30,1265,,1
2025-07-25T14:31:04.619000+00:00,9930,5,1265,,1
2025-07-25T14:31:11.341000+00:00,9930,31,1265,,1
2025-07-25T14:31:19.100000+00:00,9930,87,1265,,1
2025-07-25T14:31:30.928000+00:00,9930,10,1265,,1
2025-07-25T14:31:39.062000+00:00,9930,12,1265,,1
2025-07-25T14:31:51.197000+00:00,9930,63,1265,,1
2025-07-25T14:32:00.300000+00:00,9930,43,1265,,1
2025-07-25T14:32:07.193000+00:00,9930,16,1265,,1
2025-07-25T14:32:15+00:00,9930,44,1265,,1
2025-07-25T14:32:20.776000+00:00,9930,55,1265,,1
2025-07-25T14:32:30.194000+00:00,9930,23,1265,,1
2025-07-25T14:32:42.359000+00:00,9930,4,1265,,1
2025-07-25T14:32:51.735000+00:00,9930,81,1265,,1
2025-07-25T14:33:53.254000+00:00,9930,1,1265,,1
2025-07-25T14:33:57.807000+00:00,9930,22,1265,,1
2025-07-25T14:34:24.833000+00:00,9930,18,1265,,1
2025-07-25T14:34:32+00:00,9930,14,1265,,1
2025-07-25T14:38:35.032000+00:00,9930,10,1265,32.1,4
2025-07-25T14:38:43.002000+00:00,9930,31,1265,73.9,4
2025-07-25T14:38:52.214000+00:00,9930,63,1265,29.9,4
2025-07-25T14:38:58.784000+00:00,9930,6,1265,121.5,4
2025-07-25T14:39:06.884000+00:00,9930,87,1265,93.7,4
2025-07-25T14:39:13.714000+00:00,9930,30,1265,133.0,4
2025-07-25T14:39:18.362000+00:00,9930,27,1265,143.1,4
2025-07-25T14:39:28.638000+00:00,9930,5,1265,139.6,4
2025-07-25T14:56:01.845000+00:00,9930,4,1265,1024.9,4
2025-07-25T14:56:10.423000+00:00,9930,81,1265,1022.6,4
2025-07-25T14:59:07.709000+00:00,9930,1,1265,1144.5,4
2025-07-25T14:59:16.131000+00:00,9930,16,1265,872.3,7
2025-07-25T14:59:21.678000+00:00,9930,22,1265,902.7,6
2025-07-25T15:00:42.132000+00:00,9930,63,1265,1035.3,6
2025-07-25T15:00:45.210000+00:00,9930,18,1265,967.7,6
2025-07-25T15:00:52.663000+00:00,9930,6,1265,1042.0,6
2025-07-25T15:00:55.476000+00:00,9930,30,1265,899.1,7
2025-07-25T15:01:03.398000+00:00,9930,14,1265,1090.4,5
2025-07-25T15:01:10.554000+00:00,9930,55,1265,1066.7,6
2025-07-25T15:01:14.601000+00:00,9930,31,1265,951.1,7
2025-07-25T15:01:23.927000+00:00,9930,87,1265,941.0,7
2025-07-25T15:01:32.240000+00:00,9930,5,1265,928.5,7
2025-07-25T15:01:47.505000+00:00,9930,10,1265,991.5,7
2025-07-25T15:22:06.828000+00:00,9930,4,1265,825.5,10
2025-07-25T15:22:13.609000+00:00,9930,1,1265,1020.5,7
2025-07-25T15:22:21.937000+00:00,9930,81,1265,972.2,9
2025-07-25T15:22:28+00:00,9930,16,1265,1020.8,10
2025-07-25T15:22:31.297000+00:00,9930,55,1265,896.0,9
2025-07-25T15:22:35.641000+00:00,9930,31,1265,888.9,10
2025-07-25T15:22:45.594000+00:00,9930,87,1265,895.2,10
2025-07-25T15:22:57.715000+00:00,9930,10,1265,880.5,10
2025-07-25T15:23:14.004000+00:00,9930,5,1265,913.4,10
2025-07-25T15:23:30.375000+00:00,9930,6,1265,977.0,9
2025-07-05T14:00:04.828000+00:00,9943,5,1277,,1
2025-07-05T14:00:13.557000+00:00,9943,27,1277,,1
2025-07-05T14:00:33.468000+00:00,9943,18,1277,,1
2025-07-05T14:00:42.214000+00:00,9943,10,1277,,1
2025-07-05T14:00:50.683000+00:00,9943,43,1277,,1
2025-07-05T14:01:20.613000+00:00,9943,23,1277,,1
2025-07-05T14:03:03.145000+00:00,9943,1,1277,,1
2025-07-05T14:03:04.737000+00:00,9943,12,1277,,1
2025-07-05T14:03:07.745000+00:00,9943,4,1277,,1
2025-07-05T14:03:12.769000+00:00,9943,22,1277,,1
2025-07-05T14:03:16.474000+00:00,9943,16,1277,,1
2025-07-05T14:03:21.009000+00:00,9943,81,1277,,1
2025-07-05T14:03:29.416000+00:00,9943,44,1277,,1
2025-07-05T14:03:48.645000+00:00,9943,14,1277,,1
2025-07-05T14:04:01.030000+00:00,9943,63,1277,,1
2025-07-05T14:04:10.454000+00:00,9943,30,1277,,1
2025-07-05T14:04:23.087000+00:00,9943,6,1277,,1
2025-07-05T14:04:34.070000+00:00,9943,87,1277,,1
2025-07-05T14:04:37.739000+00:00,9943,31,1277,,1
2025-07-05T14:04:41.488000+00:00,9943,55,1277,,1
2025-07-05T14:06:27.453000+00:00,9943,18,1277,57.2,4
2025-07-05T14:07:38.115000+00:00,9943,5,1277,150.5,4
2025-07-05T14:07:46.100000+00:00,9943,27,1277,139.8,4
2025-07-05T14:09:12.310000+00:00,9943,81,1277,23.2,4
2025-07-05T14:10:19.773000+00:00,9943,23,1277,242.9,4
2025-07-05T14:21:12.592000+00:00,9943,81,1277,743.5,6
2025-07-05T14:21:17.275000+00:00,9943,23,1277,900.4,5
2025-07-05T14:21:18.986000+00:00,9943,4,1277,,6
2025-07-05T14:21:21.343000+00:00,9943,27,1277,955.0,7
2025-07-05T14:21:22.850000+00:00,9943,5,1277,975.2,7
2025-07-05T14:21:24.736000+00:00,9943,1,1277,800.1,4
2025-07-05T14:21:31.420000+00:00,9943,44,1277,,5
2025-07-05T14:21:58.212000+00:00,9943,16,1277,,6
2025-07-05T14:22:04.304000+00:00,9943,18,1277,993.4,7
2025-07-05T14:22:17.327000+00:00,9943,22,1277,715.4,5
2025-07-05T14:22:23.279000+00:00,9943,87,1277,767.9,4
2025-07-05T14:22:25.388000+00:00,9943,31,1277,765.2,4
2025-07-05T14:22:38.761000+00:00,9943,12,1277,862.6,4
2025-07-05T14:22:41.943000+00:00,9943,63,1277,815.4,4
2025-07-05T14:23:57.659000+00:00,9943,6,1277,881.0,4
2025-07-05T14:24:02.221000+00:00,9943,30,1277,890.3,4
2025-07-05T14:24:47.726000+00:00,9943,55,1277,898.6,4
2025-07-05T14:25:00.657000+00:00,9943,10,1277,,7
2025-07-05T14:35:56.562000+00:00,9943,1,1277,548.3,7
2025-07-05T14:36:07.079000+00:00,9943,44,1277,555.4,8
2025-07-05T14:36:11.822000+00:00,9943,16,1277,438.8,10
2025-07-05T14:36:18.124000+00:00,9943,22,1277,530.9,8
2025-07-05T14:36:23.714000+00:00,9943,81,1277,501.3,10
2025-07-05T14:36:35.522000+00:00,9943,14,1277,1653.0,4
2025-07-05T14:36:46.139000+00:00,9943,55,1277,422.2,7
2025-07-05T14:36:51.206000+00:00,9943,23,1277,623.2,8
2025-07-05T14:37:03.317000+00:00,9943,6,1277,488.3,7
2025-07-05T14:37:08.850000+00:00,9943,87,1277,577.6,7
2025-07-05T14:37:11.624000+00:00,9943,31,1277,578.4,7
2025-07-05T14:37:38.880000+00:00,9943,4,1277,679.1,9
2025-07-05T14:37:46.584000+00:00,9943,10,1277,458.9,10
2025-07-05T14:37:53.374000+00:00,9943,12,1277,601.6,7
2025-07-05T14:38:04.827000+00:00,9943,63,1277,505.8,8
2025-07-05T14:45:10.166000+00:00,9943,1,1277,249.3,10
2025-07-05T14:45:13.140000+00:00,9943,23,1277,200.7,11
2025-07-05T14:45:16.593000+00:00,9943,87,1277,190.0,10
2025-07-05T14:45:18.953000+00:00,9943,4,1277,155.8,12
2025-07-05T14:45:21.171000+00:00,9943,55,1277,211.8,10
2025-07-05T14:45:25.852000+00:00,9943,16,1277,256.9,13
2025-07-05T14:45:46.220000+00:00,9943,44,1277,286.8,11
2025-07-05T14:45:53.914000+00:00,9943,14,1277,246.5,7
2025-07-05T14:46:04.723000+00:00,9943,81,1277,266.9,13
2025-07-05T14:46:28+00:00,9943,22,1277,311.5,11
2025-07-05T14:46:36.995000+00:00,9943,6,1277,277.5,10
2025-07-05T14:46:41.073000+00:00,9943,31,1277,261.2,10
2025-07-05T14:46:55.261000+00:00,9943,10,1277,242.0,13
2025-07-05T14:47:16.729000+00:00,9943,12,1277,253.3,10
2025-07-05T14:47:39.762000+00:00,9943,63,1277,260.9,11
2025-07-05T14:58:06.262000+00:00,9943,87,1277,458.3,13
2025-07-05T14:58:14.856000+00:00,9943,1,1277,485.6,13
2025-07-05T14:58:16.872000+00:00,9943,12,1277,341.8,13
2025-07-05T14:58:23.683000+00:00,9943,81,1277,422.0,16
2025-07-05T14:58:36.548000+00:00,9943,4,1277,485.6,15
2025-07-05T14:58:45.756000+00:00,9943,63,1277,353.0,14
2025-07-05T14:58:57.011000+00:00,9943,16,1277,477.1,16
2025-07-05T14:59:04.087000+00:00,9943,44,1277,476.9,14
2025-07-05T14:59:15.026000+00:00,9943,14,1277,477.3,10
2025-07-05T14:59:27.270000+00:00,9943,10,1277,427.1,16
2025-07-05T15:06:04.855000+00:00,9943,12,1277,165.3,16
2025-07-05T15:06:10.118000+00:00,9943,63,1277,141.1,17
2025-07-05T15:06:16.374000+00:00,9943,87,1277,196.3,16
2025-07-05T15:06:24.928000+00:00,9943,4,1277,171.4,18
2025-07-05T15:06:29.347000+00:00,9943,81,1277,180.5,19
2025-07-05T15:06:38.080000+00:00,9943,16,1277,157.9,19
2025-07-05T15:06:43.547000+00:00,9943,44,1277,158.9,17
2025-07-05T15:06:59.871000+00:00,9943,14,1277,161.8,13
2025-07-05T15:07:08.971000+00:00,9943,10,1277,151.0,19
2025-07-05T15:07:33.874000+00:00,9943,1,1277,266.4,16
2025-07-26T14:00:05.497000+00:00,9935,10,1265,,1
2025-07-26T14:00:10.944000+00:00,9935,43,1265,,1
2025-07-26T14:00:19.950000+00:00,9935,23,1265,,1
2025-07-26T14:00:25.100000+00:00,9935,30,1265,,1
2025-07-26T14:00:30.821000+00:00,9935,55,1265,,1
2025-07-26T14:00:33.017000+00:00,9935,18,1265,,1
2025-07-26T14:00:44.002000+00:00,9935,6,1265,,1
2025-07-26T14:00:50.117000+00:00,9935,87,1265,,1
2025-07-26T14:00:51.973000+00:00,9935,14,1265,,1
2025-07-26T14:00:56.240000+00:00,9935,4,1265,,1
2025-07-26T14:01:01.803000+00:00,9935,81,1265,,1
2025-07-26T14:01:05.136000+00:00,9935,31,1265,,1
2025-07-26T14:01:10.886000+00:00,9935,16,1265,,1
2025-07-26T14:01:15.943000+00:00,9935,27,1265,,1
2025-07-26T14:01:25.516000+00:00,9935,44,1265,,1
2025-07-26T14:03:42.052000+00:00,9935,12,1265,,1
2025-07-26T14:03:49.698000+00:00,9935,63,1265,,1
2025-07-26T14:04:21.167000+00:00,9935,1,1265,,1
2025-07-26T14:04:23.308000+00:00,9935,5,1265,,1
2025-07-26T14:04:27.902000+00:00,9935,22,1265,,1
2025-07-26T14:05:05.113000+00:00,9935,30,1265,41.3,3
2025-07-26T14:05:10.127000+00:00,9935,18,1265,24.2,3
2025-07-26T14:05:12.682000+00:00,9935,23,1265,54.6,3
2025-07-26T14:05:15.635000+00:00,9935,87,1265,27.3,3
2025-07-26T14:05:16.963000+00:00,9935,55,1265,38.1,3
2025-07-26T14:05:33.963000+00:00,9935,6,1265,152.6,2
2025-07-26T14:05:43.572000+00:00,9935,14,1265,52.2,3
2025-07-26T14:05:57.807000+00:00,9935,10,1265,111.6,3
2025-07-26T14:06:02.807000+00:00,9935,16,1265,32.8,3
2025-07-26T14:06:05.463000+00:00,9935,27,1265,29.3,3
2025-07-26T14:06:14.160000+00:00,9935,31,1265,41.1,3
2025-07-26T14:06:24.889000+00:00,9935,43,1265,136.6,3
2025-07-26T14:06:30.581000+00:00,9935,44,1265,35.4,3
2025-07-26T14:08:47.572000+00:00,9935,4,1265,106.4,4
2025-07-26T14:09:26.754000+00:00,9935,81,1265,132.7,4
2025-07-26T14:13:03.531000+00:00,9935,1,1265,148.1,4
2025-07-26T14:13:05.893000+00:00,9935,12,1265,186.9,4
2025-07-26T14:13:17.971000+00:00,9935,63,1265,205.9,4
2025-07-26T14:13:22.275000+00:00,9935,18,1265,127.1,6
2025-07-26T14:13:26.119000+00:00,9935,14,1265,101.7,6
2025-07-26T14:13:33.772000+00:00,9935,30,1265,157.0,6
2025-07-26T14:13:42.110000+00:00,9935,5,1265,191.4,4
2025-07-26T14:13:53.349000+00:00,9935,6,1265,130.5,5
2025-07-26T14:14:02.066000+00:00,9935,22,1265,194.9,4
2025-07-26T14:14:09.752000+00:00,9935,87,1265,179.3,6
2025-07-26T14:14:13.657000+00:00,9935,27,1265,125.2,6
2025-07-26T14:14:16.143000+00:00,9935,23,1265,183.9,6
2025-07-26T14:14:19.102000+00:00,9935,31,1265,117.8,6
2025-07-26T14:14:26.620000+00:00,9935,16,1265,126.6,6
2025-07-26T14:14:43.200000+00:00,9935,10,1265,144.5,6
2025-07-26T14:15:07.563000+00:00,9935,55,1265,207.2,6
2025-07-26T14:15:16.568000+00:00,9935,44,1265,143.8,6
2025-07-26T14:15:23.156000+00:00,9935,43,1265,167.1,6
2025-07-26T14:26:14.167000+00:00,9935,1,1265,423.9,7
2025-07-26T14:26:16.457000+00:00,9935,31,1265,337.1,9
2025-07-26T14:26:20.180000+00:00,9935,22,1265,363.5,7
2025-07-26T14:26:28.268000+00:00,9935,63,1265,427.5,7
2025-07-26T14:26:35.962000+00:00,9935,55,1265,406.2,8
2025-07-26T14:26:45.134000+00:00,9935,81,1265,290.4,10
2025-07-26T14:26:57.347000+00:00,9935,4,1265,452.0,9
2025-07-26T14:27:04.754000+00:00,9935,23,1265,399.7,9
2025-07-26T14:27:15.415000+00:00,9935,30,1265,441.7,9
2025-07-26T14:27:22.604000+00:00,9935,87,1265,424.9,9
2025-07-26T14:27:31.705000+00:00,9935,10,1265,375.1,9
2025-07-26T14:27:34.981000+00:00,9935,16,1265,526.2,8
2025-07-26T14:27:49.017000+00:00,9935,6,1265,465.8,8
2025-07-26T14:27:56.481000+00:00,9935,27,1265,453.6,9
2025-07-26T14:28:04.278000+00:00,9935,5,1265,477.5,7
2025-07-26T14:35:51.050000+00:00,9935,10,1265,121.8,12
2025-07-26T14:36:02.408000+00:00,9935,6,1265,129.1,11
2025-07-26T14:36:05.810000+00:00,9935,27,1265,128.0,12
2025-07-26T14:36:08.498000+00:00,9935,5,1265,120.7,10
2025-07-26T14:36:21.296000+00:00,9935,4,1265,193.7,12
2025-07-26T14:36:38.400000+00:00,9935,63,1265,238.8,10
2025-07-26T14:36:41.604000+00:00,9935,55,1265,230.0,11
2025-07-26T14:36:47.807000+00:00,9935,30,1265,205.7,12
2025-07-26T14:36:50.463000+00:00,9935,81,1265,229.3,13
2025-07-26T14:36:59.010000+00:00,9935,23,1265,221.8,12
2025-07-26T14:37:06.859000+00:00,9935,31,1265,275.3,12
2025-07-26T14:37:16.266000+00:00,9935,87,1265,342.9,11
2025-07-26T14:37:20.051000+00:00,9935,16,1265,204.1,11
2025-07-26T14:37:25.428000+00:00,9935,22,1265,287.1,10
2025-07-26T14:48:02.539000+00:00,9935,63,1265,319.6,13
2025-07-26T14:48:10.304000+00:00,9935,1,1265,946.2,10
2025-07-26T14:48:14.539000+00:00,9935,16,1265,408.7,13
2025-07-26T14:48:23.726000+00:00,9935,22,1265,380.9,12
2025-07-26T14:48:34.476000+00:00,9935,81,1265,323.9,16
2025-07-26T14:48:43.648000+00:00,9935,4,1265,376.4,15
2025-07-26T14:48:52.345000+00:00,9935,30,1265,345.7,15
2025-07-26T14:49:00.864000+00:00,9935,6,1265,405.6,14
2025-07-26T14:49:04.663000+00:00,9935,5,1265,396.2,13
2025-07-26T14:49:15.312000+00:00,9935,23,1265,356.8,15
2025-07-26T14:56:07.892000+00:00,9935,1,1265,114.0,13
2025-07-26T14:56:11.875000+00:00,9935,6,1265,82.9,17
2025-07-26T14:56:18.264000+00:00,9935,4,1265,97.1,18
2025-07-26T14:56:21.249000+00:00,9935,16,1265,124.2,16
2025-07-26T14:56:32.116000+00:00,9935,81,1265,114.4,19
2025-07-26T14:56:42.889000+00:00,9935,63,1265,156.9,16
2025-07-26T14:56:48.442000+00:00,9935,5,1265,115.0,16
2025-07-26T14:56:55.975000+00:00,9935,30,1265,128.6,18
2025-07-26T14:57:08.366000+00:00,9935,22,1265,160.1,15
2025-07-26T14:57:15.007000+00:00,9935,23,1265,135.8,18
2025-08-01T15:00:02.255000+00:00,9922,27,1266,,1
2025-08-01T15:00:06.716000+00:00,9922,31,1266,,1
2025-08-01T15:00:13.730000+00:00,9922,43,1266,,1
2025-08-01T15:00:31.512000+00:00,9922,87,1266,,1
2025-08-01T15:00:38.027000+00:00,9922,14,1266,,1
2025-08-01T15:00:47.937000+00:00,9922,18,1266,,1
2025-08-01T15:00:54.686000+00:00,9922,10,1266,,1
2025-08-01T15:00:59.920000+00:00,9922,55,1266,,1
2025-08-01T15:01:07.795000+00:00,9922,22,1266,,1
2025-08-01T15:01:12.764000+00:00,9922,23,1266,,1
2025-08-01T15:01:32.640000+00:00,9922,6,1266,,1
2025-08-01T15:02:12.334000+00:00,9922,63,1266,,1
2025-08-01T15:02:20.225000+00:00,9922,5,1266,,1
2025-08-01T15:03:56.913000+00:00,9922,12,1266,,1
2025-08-01T15:05:15.069000+00:00,9922,16,1266,,1
2025-08-01T15:05:23.022000+00:00,9922,44,1266,,1
2025-08-01T15:05:27.257000+00:00,9922,30,1266,,1
2025-08-01T15:06:01.044000+00:00,9922,81,1266,,1
2025-08-01T15:06:27.903000+00:00,9922,4,1266,,1
2025-08-01T15:06:30.216000+00:00,9922,43,1266,33.2,4
2025-08-01T15:06:50.050000+00:00,9922,1,1266,,1
2025-08-01T15:07:31.136000+00:00,9922,6,1266,31.2,4
2025-08-01T15:08:06.173000+00:00,9922,63,1266,30.6,4
2025-08-01T15:08:40.566000+00:00,9922,27,1266,16.5,6
2025-08-01T15:10:16.238000+00:00,9922,12,1266,57.7,4
2025-08-01T15:10:19.972000+00:00,9922,55,1266,25.4,6
2025-08-01T15:10:45.941000+00:00,9922,16,1266,18.1,4
2025-08-01T15:11:05.584000+00:00,9922,30,1266,20.2,4
2025-08-01T15:11:26.318000+00:00,9922,81,1266,16.5,4
2025-08-01T15:11:38.299000+00:00,9922,44,1266,16.5,4
2025-08-01T15:12:31.645000+00:00,9922,43,1266,27.6,7
2025-08-01T15:12:33.473000+00:00,9922,1,1266,26.2,4
2025-08-01T15:12:56.270000+00:00,9922,23,1266,25.3,7
2025-08-01T15:13:03.145000+00:00,9922,22,1266,29.9,7
2025-08-01T15:14:09.202000+00:00,9922,27,1266,16.5,9
2025-08-01T15:16:24.161000+00:00,9922,16,1266,19.6,7
2025-08-01T15:16:39.987000+00:00,9922,30,1266,19.3,7
2025-08-01T15:16:56.394000+00:00,9922,81,1266,25.3,7
2025-08-01T15:19:16.548000+00:00,9922,44,1266,27.9,8
2025-08-01T15:20:19.845000+00:00,9922,22,1266,27.7,11
2025-08-01T15:20:37.536000+00:00,9922,14,1266,491.1,8
2025-08-01T15:22:13.967000+00:00,9922,63,1266,534.2,7
2025-08-01T15:22:42.042000+00:00,9922,55,1266,337.6,10
2025-08-01T15:24:28.888000+00:00,9922,18,1266,705.7,8
2025-08-01T15:26:12.616000+00:00,9922,4,1266,432.8,8
2025-08-01T15:26:14.772000+00:00,9922,27,1266,427.6,12
2025-08-01T15:26:23.491000+00:00,9922,81,1266,290.0,10
2025-08-01T15:26:28.710000+00:00,9922,12,1266,679.3,7
2025-08-01T15:26:35.928000+00:00,9922,43,1266,557.9,10
2025-08-01T15:26:55.172000+00:00,9922,31,1266,693.6,10
2025-08-01T15:27:06.757000+00:00,9922,6,1266,542.9,10
2025-08-01T15:27:13.944000+00:00,9922,23,1266,482.8,11
2025-08-01T15:27:25.050000+00:00,9922,30,1266,360.5,10
2025-08-01T15:27:32.985000+00:00,9922,87,1266,790.0,9
2025-08-01T15:27:35.663000+00:00,9922,5,1266,510.2,11
2025-08-01T15:27:37.469000+00:00,9922,10,1266,993.8,7
2025-08-01T15:28:19.987000+00:00,9922,16,1266,423.1,10
2025-08-01T15:28:31.065000+00:00,9922,44,1266,362.5,10
2025-08-01T15:28:46.592000+00:00,9922,1,1266,687.4,7
2025-08-01T15:29:16.054000+00:00,9922,63,1266,217.5,9
2025-08-01T15:30:37.006000+00:00,9922,18,1266,47.8,11
2025-08-01T15:31:12.644000+00:00,9922,22,1266,465.2,13
2025-08-01T15:31:33.670000+00:00,9922,10,1266,25.0,9
2025-08-01T15:31:52.054000+00:00,9922,14,1266,299.0,12
2025-08-01T15:32:01.633000+00:00,9922,81,1266,16.5,13
2025-08-01T15:32:11.289000+00:00,9922,27,1266,30.0,15
2025-08-01T15:32:47.170000+00:00,9922,43,1266,26.4,13
2025-08-01T15:32:50.295000+00:00,9922,31,1266,27.2,13
2025-08-01T15:33:15.624000+00:00,9922,23,1266,33.6,14
2025-08-01T15:33:39.336000+00:00,9922,12,1266,97.4,10
2025-08-01T15:33:43.030000+00:00,9922,5,1266,26.4,14
2025-08-01T15:33:55.214000+00:00,9922,4,1266,41.0,12
2025-08-01T15:34:33.761000+00:00,9922,44,1266,25.4,13
2025-08-01T15:35:02.442000+00:00,9922,63,1266,24.5,12
2025-08-01T15:35:40.176000+00:00,9922,16,1266,29.1,14
2025-08-01T15:36:14.520000+00:00,9922,87,1266,51.6,13
2025-08-01T15:36:42.615000+00:00,9922,22,1266,29.3,16
2025-08-01T15:37:04.524000+00:00,9922,10,1266,16.4,12
2025-08-01T15:38:19.748000+00:00,9922,6,1266,375.5,13
2025-08-01T15:38:20.397000+00:00,9922,14,1266,72.7,15
2025-08-01T15:38:59.203000+00:00,9922,30,1266,373.9,13
2025-08-01T15:39:35.985000+00:00,9922,55,1266,401.1,16
2025-08-01T15:40:45.004000+00:00,9922,1,1266,430.4,10
2025-08-01T15:41:50.005000+00:00,9922,55,1266,28.1,17
2025-08-01T15:42:20.467000+00:00,9922,81,1266,331.2,16
2025-08-01T15:43:15.318000+00:00,9922,31,1266,326.6,16
2025-08-01T15:43:26.987000+00:00,9922,23,1266,323.7,17
2025-08-01T15:43:32.112000+00:00,9922,27,1266,396.0,18
2025-08-01T15:43:59.456000+00:00,9922,5,1266,343.9,17
2025-08-01T15:44:05.300000+00:00,9922,12,1266,313.4,13
2025-08-01T15:44:14.206000+00:00,9922,43,1266,378.8,16
2025-08-01T15:44:31.296000+00:00,9922,44,1266,333.7,16
2025-08-01T15:44:40.271000+00:00,9922,4,1266,344.1,15
2025-08-01T15:45:03.387000+00:00,9922,18,1266,342.4,16
2025-08-01T15:45:17.156000+00:00,9922,63,1266,308.9,15
2025-08-01T15:45:18.755000+00:00,9922,22,1266,318.7,18
2025-08-01T15:45:59.065000+00:00,9922,16,1266,326.0,17
2025-08-01T15:46:27.800000+00:00,9922,87,1266,299.1,16
2025-08-01T15:47:55.211000+00:00,9922,10,1266,360.3,15
2025-08-01T15:52:44.656000+00:00,9922,14,1266,585.2,18
2025-08-01T15:57:49.860000+00:00,9922,4,1266,20.8,24
2025-08-01T15:58:30.173000+00:00,9922,6,1266,21.4,27
2025-08-01T15:58:34.851000+00:00,9922,5,1266,22.5,27
2025-08-01T15:59:18.386000+00:00,9922,31,1266,22.0,27
2025-08-01T15:59:19.527000+00:00,9922,27,1266,21.6,29
2025-08-01T15:59:20.511000+00:00,9922,23,1266,30.9,28
2025-08-01T15:59:31.152000+00:00,9922,81,1266,21.7,28
2025-08-01T15:59:44.590000+00:00,9922,87,1266,22.9,25
2025-08-01T15:59:52.836000+00:00,9922,63,1266,21.7,25
2025-07-06T14:08:17.475000+00:00,9947,12,1277,28.7,2
2025-07-06T14:16:33.371000+00:00,9947,18,1277,29.1,6
2025-07-06T14:22:11.076000+00:00,9947,27,1277,29.7,9
2025-07-06T14:22:24.157000+00:00,9947,12,1277,28.7,9
2025-07-06T14:23:53.883000+00:00,9947,18,1277,28.8,10
2025-07-06T14:23:59.805000+00:00,9947,63,1277,28.6,10
2025-07-06T14:24:06.510000+00:00,9947,16,1277,29.0,10
2025-07-06T14:24:11.502000+00:00,9947,6,1277,28.5,10
2025-07-06T14:24:14.471000+00:00,9947,87,1277,29.2,10
2025-07-06T14:25:25.048000+00:00,9947,81,1277,29.4,11
2025-07-06T14:25:32.711000+00:00,9947,1,1277,28.1,11
2025-07-06T14:25:33.725000+00:00,9947,4,1277,30.6,11
2025-07-06T14:25:42.378000+00:00,9947,44,1277,28.9,11
2025-07-06T14:25:43.534000+00:00,9947,10,1277,28.9,11
2025-07-06T14:25:44.440000+00:00,9947,14,1277,28.7,11
2025-07-06T14:25:46.800000+00:00,9947,55,1277,29.5,11
2025-07-06T14:25:53.253000+00:00,9947,22,1277,28.5,11
2025-07-06T14:27:41.545000+00:00,9947,23,1277,29.2,12
2025-07-06T14:42:15.244000+00:00,9947,31,1277,29.5,18
2025-07-06T14:47:35.833000+00:00,9947,12,1277,29.7,20
2025-07-06T15:18:03.964000+00:00,9947,14,1277,28.5,37
2025-07-06T15:19:45.182000+00:00,9947,63,1277,28.2,38
2025-07-06T15:24:34.782000+00:00,9947,44,1277,29.1,41
2025-07-06T15:24:46.957000+00:00,9947,18,1277,28.5,41
2025-07-06T15:24:51.692000+00:00,9947,1,1277,29.6,41
2025-07-06T15:24:52.755000+00:00,9947,10,1277,28.4,41
2025-07-06T15:25:01.917000+00:00,9947,55,1277,28.6,41
2025-07-06T15:25:03.733000+00:00,9947,87,1277,29.0,41
2025-07-06T15:25:39.003000+00:00,9947,22,1277,40.1,41
2025-07-06T15:26:13.413000+00:00,9947,27,1277,29.9,42
2025-07-06T15:26:39.540000+00:00,9947,16,1277,28.8,42
2025-07-06T15:26:43.790000+00:00,9947,23,1277,29.2,42
2025-07-06T15:26:45.930000+00:00,9947,31,1277,28.6,42
2025-07-06T15:27:27.652000+00:00,9947,81,1277,40.2,43
2025-07-06T15:28:57.299000+00:00,9947,4,1277,28.2,44
2025-08-01T11:30:02.691000+00:00,9921,44,1266,,1
2025-08-01T11:30:06.473000+00:00,9921,30,1266,,1
2025-08-01T11:30:10.223000+00:00,9921,31,1266,,1
2025-08-01T11:30:16.363000+00:00,9921,87,1266,,1
2025-08-01T11:30:19.598000+00:00,9921,23,1266,,1
2025-08-01T11:30:26.815000+00:00,9921,55,1266,,1
2025-08-01T11:30:32.417000+00:00,9921,97,1266,,1
2025-08-01T11:30:40.727000+00:00,9921,5,1266,,1
2025-08-01T11:30:50.129000+00:00,9921,6,1266,,1
2025-08-01T11:30:51.801000+00:00,9921,34,1266,,1
2025-08-01T11:30:57.207000+00:00,9921,43,1266,,1
2025-08-01T11:31:10.154000+00:00,9921,81,1266,,1
2025-08-01T11:31:19.843000+00:00,9921,1,1266,,1
2025-08-01T11:31:28.476000+00:00,9921,22,1266,,1
2025-08-01T11:31:56.055000+00:00,9921,18,1266,,1
2025-08-01T11:32:04.664000+00:00,9921,10,1266,,1
2025-08-01T11:32:16.447000+00:00,9921,4,1266,,1
2025-08-01T11:32:20.970000+00:00,9921,16,1266,,1
2025-08-01T11:32:38.058000+00:00,9921,12,1266,,1
2025-08-01T11:33:18.202000+00:00,9921,63,1266,,1
2025-08-01T11:36:16.346000+00:00,9921,97,1266,212.8,2
2025-08-01T11:36:21.220000+00:00,9921,16,1266,24.4,3
2025-08-01T11:36:29.842000+00:00,9921,12,1266,28.8,3
2025-08-01T11:36:32.281000+00:00,9921,44,1266,25.7,4
2025-08-01T11:36:34.416000+00:00,9921,5,1266,16.5,4
2025-08-01T11:37:08.744000+00:00,9921,43,1266,25.2,4
2025-08-01T11:37:38.913000+00:00,9921,1,1266,24.2,4
2025-08-01T11:39:11.620000+00:00,9921,63,1266,16.9,4
2025-08-01T11:39:38.970000+00:00,9921,30,1266,39.3,6
2025-08-01T11:39:43.077000+00:00,9921,23,1266,25.3,6
2025-08-01T11:39:45.399000+00:00,9921,31,1266,29.0,6
2025-08-01T11:39:54.023000+00:00,9921,55,1266,27.0,6
2025-08-01T11:40:20.194000+00:00,9921,87,1266,26.0,6
2025-08-01T11:41:10.077000+00:00,9921,22,1266,25.1,6
2025-08-01T11:42:19.952000+00:00,9921,81,1266,16.5,7
2025-08-01T11:42:22.295000+00:00,9921,18,1266,394.0,3
2025-08-01T11:42:24.561000+00:00,9921,12,1266,38.6,6
2025-08-01T11:43:07.701000+00:00,9921,10,1266,219.2,5
2025-08-01T11:43:10.383000+00:00,9921,44,1266,28.1,7
2025-08-01T11:43:19.509000+00:00,9921,4,1266,31.6,7
2025-08-01T11:43:21.721000+00:00,9921,34,1266,257.9,6
2025-08-01T11:43:30.327000+00:00,9921,63,1266,23.5,6
2025-08-01T11:43:38.577000+00:00,9921,43,1266,68.7,7
2025-08-01T11:45:29.446000+00:00,9921,23,1266,25.5,9
2025-08-01T11:45:47.899000+00:00,9921,16,1266,20.8,8
2025-08-01T11:46:08.123000+00:00,9921,87,1266,19.7,9
2025-08-01T11:48:51.801000+00:00,9921,22,1266,27.9,10
2025-08-01T11:49:44.925000+00:00,9921,6,1266,182.1,10
2025-08-01T11:50:59.085000+00:00,9921,30,1266,30.0,12
2025-08-01T11:53:50.005000+00:00,9921,10,1266,25.4,11
2025-08-01T11:54:55.184000+00:00,9921,12,1266,445.4,9
2025-08-01T11:55:33.516000+00:00,9921,81,1266,506.8,10
2025-08-01T11:55:37.778000+00:00,9921,97,1266,483.4,9
2025-08-01T11:56:46.674000+00:00,9921,43,1266,459.2,10
2025-08-01T11:58:29.335000+00:00,9921,63,1266,582.8,9
2025-08-01T11:59:27.935000+00:00,9921,43,1266,16.7,11
2025-08-01T12:00:56.873000+00:00,9921,12,1266,164.3,11
2025-08-01T12:01:20.795000+00:00,9921,16,1266,620.7,11
2025-08-01T12:01:25.666000+00:00,9921,44,1266,532.2,12
2025-08-01T12:01:37.686000+00:00,9921,1,1266,806.4,10
2025-08-01T12:02:01.302000+00:00,9921,55,1266,513.6,14
2025-08-01T12:02:07.427000+00:00,9921,23,1266,702.7,12
2025-08-01T12:02:44.615000+00:00,9921,5,1266,758.8,12
2025-08-01T12:03:38.452000+00:00,9921,4,1266,612.9,13
2025-08-01T12:03:48.608000+00:00,9921,63,1266,23.0,12
2025-08-01T12:03:52.296000+00:00,9921,30,1266,493.6,15
2025-08-01T12:03:55.124000+00:00,9921,87,1266,773.4,12
2025-08-01T12:03:57.608000+00:00,9921,31,1266,823.8,12
2025-08-01T12:04:07.171000+00:00,9921,34,1266,593.3,13
2025-08-01T12:04:22.597000+00:00,9921,81,1266,38.6,15
2025-08-01T12:04:46.982000+00:00,9921,18,1266,642.1,10
2025-08-01T12:05:01.918000+00:00,9921,22,1266,684.8,13
2025-08-01T12:05:25.265000+00:00,9921,43,1266,25.7,14
2025-08-01T12:06:06.680000+00:00,9921,12,1266,24.0,14
2025-08-01T12:06:51.974000+00:00,9921,10,1266,478.2,14
2025-08-01T12:06:58.828000+00:00,9921,16,1266,19.3,14
2025-08-01T12:07:40.294000+00:00,9921,23,1266,22.5,15
2025-08-01T12:07:56.092000+00:00,9921,44,1266,26.8,15
2025-08-01T12:08:05.677000+00:00,9921,6,1266,278.6,18
2025-08-01T12:09:19.104000+00:00,9921,1,1266,148.5,13
2025-08-01T12:09:29.012000+00:00,9921,4,1266,25.1,16
2025-08-01T12:09:34.710000+00:00,9921,30,1266,24.4,18
2025-08-01T12:09:45.482000+00:00,9921,63,1266,47.4,15
2025-08-01T12:10:06.832000+00:00,9921,31,1266,33.9,15
2025-08-01T12:11:33.355000+00:00,9921,81,1266,16.5,19
2025-08-01T12:12:35.145000+00:00,9921,12,1266,82.0,17
2025-08-01T12:15:10.221000+00:00,9921,55,1266,294.0,19
2025-08-01T12:15:35.065000+00:00,9921,43,1266,306.7,17
2025-08-01T12:16:13.612000+00:00,9921,23,1266,307.3,17
2025-08-01T12:17:04.215000+00:00,9921,16,1266,291.7,17
2025-08-01T12:18:47.762000+00:00,9921,1,1266,295.6,16
2025-08-01T12:19:22.530000+00:00,9921,34,1266,301.1,18
2025-08-01T12:19:26.665000+00:00,9921,18,1266,244.0,16
2025-08-01T12:19:47.912000+00:00,9921,44,1266,256.0,19
2025-08-01T12:20:06.909000+00:00,9921,63,1266,309.4,18
2025-08-01T12:20:16.894000+00:00,9921,4,1266,398.9,18
2025-08-01T12:20:48.994000+00:00,9921,22,1266,308.9,19
2025-08-01T12:20:51.944000+00:00,9921,30,1266,370.5,21
2025-08-01T12:21:07.132000+00:00,9921,31,1266,359.2,18
2025-08-01T12:21:26.944000+00:00,9921,81,1266,302.3,22
2025-08-01T12:21:42.223000+00:00,9921,87,1266,335.7,19
2025-08-01T12:22:10.460000+00:00,9921,10,1266,321.3,20
2025-08-01T12:22:52.732000+00:00,9921,6,1266,283.3,24
2025-08-01T12:22:55.458000+00:00,9921,12,1266,322.7,20
2025-08-01T11:30:02.691000+00:00,9921,44,1266,,1
2025-08-01T11:30:06.473000+00:00,9921,30,1266,,1
2025-08-01T11:30:10.223000+00:00,9921,31,1266,,1
2025-08-01T11:30:16.363000+00:00,9921,87,1266,,1
2025-08-01T11:30:19.598000+00:00,9921,23,1266,,1
2025-08-01T11:30:26.815000+00:00,9921,55,1266,,1
2025-08-01T11:30:32.417000+00:00,9921,97,1266,,1
2025-08-01T11:30:40.727000+00:00,9921,5,1266,,1
2025-08-01T11:30:50.129000+00:00,9921,6,1266,,1
2025-08-01T11:30:51.801000+00:00,9921,34,1266,,1
2025-08-01T11:30:57.207000+00:00,9921,43,1266,,1
2025-08-01T11:31:10.154000+00:00,9921,81,1266,,1
2025-08-01T11:31:19.843000+00:00,9921,1,1266,,1
2025-08-01T11:31:28.476000+00:00,9921,22,1266,,1
2025-08-01T11:31:56.055000+00:00,9921,18,1266,,1
2025-08-01T11:32:04.664000+00:00,9921,10,1266,,1
2025-08-01T11:32:16.447000+00:00,9921,4,1266,,1
2025-08-01T11:32:20.970000+00:00,9921,16,1266,,1
2025-08-01T11:32:38.058000+00:00,9921,12,1266,,1
2025-08-01T11:33:18.202000+00:00,9921,63,1266,,1
2025-08-01T11:36:16.346000+00:00,9921,97,1266,212.8,2
2025-08-01T11:36:21.220000+00:00,9921,16,1266,24.4,3
2025-08-01T11:36:29.842000+00:00,9921,12,1266,28.8,3
2025-08-01T11:36:32.281000+00:00,9921,44,1266,25.7,4
2025-08-01T11:36:34.416000+00:00,9921,5,1266,16.5,4
2025-08-01T11:37:08.744000+00:00,9921,43,1266,25.2,4
2025-08-01T11:37:38.913000+00:00,9921,1,1266,24.2,4
2025-08-01T11:39:11.620000+00:00,9921,63,1266,16.9,4
2025-08-01T11:39:38.970000+00:00,9921,30,1266,39.3,6
2025-08-01T11:39:43.077000+00:00,9921,23,1266,25.3,6
2025-08-01T11:39:45.399000+00:00,9921,31,1266,29.0,6
2025-08-01T11:39:54.023000+00:00,9921,55,1266,27.0,6
2025-08-01T11:40:20.194000+00:00,9921,87,1266,26.0,6
2025-08-01T11:41:10.077000+00:00,9921,22,1266,25.1,6
2025-08-01T11:42:19.952000+00:00,9921,81,1266,16.5,7
2025-08-01T11:42:22.295000+00:00,9921,18,1266,394.0,3
2025-08-01T11:42:24.561000+00:00,9921,12,1266,38.6,6
2025-08-01T11:43:07.701000+00:00,9921,10,1266,219.2,5
2025-08-01T11:43:10.383000+00:00,9921,44,1266,28.1,7
2025-08-01T11:43:19.509000+00:00,9921,4,1266,31.6,7
2025-08-01T11:43:21.721000+00:00,9921,34,1266,257.9,6
2025-08-01T11:43:30.327000+00:00,9921,63,1266,23.5,6
2025-08-01T11:43:38.577000+00:00,9921,43,1266,68.7,7
2025-07-27T14:46:51.176000+00:00,9939,44,1265,23.2,11
2025-07-27T14:46:55.160000+00:00,9939,27,1265,23.5,11
2025-07-27T14:46:57.797000+00:00,9939,10,1265,26.8,11
2025-07-27T14:46:58.319000+00:00,9939,14,1265,23.4,11
2025-07-27T14:48:23.592000+00:00,9939,81,1265,23.8,12
2025-07-27T14:48:33.904000+00:00,9939,16,1265,23.8,12
2025-07-27T14:48:36.608000+00:00,9939,1,1265,25.9,12
2025-07-27T14:48:38.342000+00:00,9939,63,1265,23.6,12
2025-07-27T14:48:40.373000+00:00,9939,23,1265,24.0,12
2025-07-27T14:48:46.295000+00:00,9939,30,1265,23.2,12
2025-07-27T14:48:48.478000+00:00,9939,5,1265,23.2,12
2025-07-27T14:48:50.420000+00:00,9939,87,1265,24.1,12
2025-07-27T14:48:58.189000+00:00,9939,43,1265,23.6,12
2025-07-27T14:49:01.173000+00:00,9939,12,1265,23.6,12
2025-07-27T14:49:02.189000+00:00,9939,18,1265,23.7,12
2025-07-27T14:49:03.093000+00:00,9939,55,1265,27.5,12
2025-07-27T14:50:23.619000+00:00,9939,4,1265,24.3,13
2025-07-27T14:50:46.134000+00:00,9939,22,1265,23.3,13
2025-07-27T14:50:47.978000+00:00,9939,6,1265,23.5,13
2025-07-27T14:50:58.871000+00:00,9939,31,1265,23.8,13
2025-07-27T15:04:04.865000+00:00,9939,6,1265,23.3,20
2025-07-27T15:14:55.910000+00:00,9939,55,1265,23.7,26
2025-07-27T15:18:31.745000+00:00,9939,43,1265,23.4,28
2025-07-27T15:20:11.061000+00:00,9939,14,1265,23.6,29
2025-07-27T15:21:56.538000+00:00,9939,12,1265,23.0,30
2025-07-27T15:25:26.135000+00:00,9939,27,1265,23.8,32
2025-08-02T10:31:26.024000+00:00,9923,4,1266,,1
2025-08-02T10:31:46.568000+00:00,9923,81,1266,,1
2025-08-02T10:31:54.521000+00:00,9923,18,1266,,1
2025-08-02T10:31:56.811000+00:00,9923,14,1266,,1
2025-08-02T10:34:32.180000+00:00,9923,18,1266,31.8,2
2025-08-02T10:34:44.484000+00:00,9923,14,1266,33.2,2
2025-08-02T10:36:19.159000+00:00,9923,43,1266,,1
2025-08-02T10:40:34.794000+00:00,9923,10,1266,,1
2025-08-02T10:40:38.198000+00:00,9923,27,1266,,1
2025-08-02T10:41:16.997000+00:00,9923,18,1266,275.6,3
2025-08-02T10:42:29.819000+00:00,9923,43,1266,26.0,4
2025-08-02T10:43:48.266000+00:00,9923,22,1266,,1
2025-08-02T10:46:08.840000+00:00,9923,10,1266,16.4,4
2025-08-02T10:47:05.831000+00:00,9923,1,1266,,1
2025-08-02T10:47:43.770000+00:00,9923,30,1266,,1
2025-08-02T10:47:49.556000+00:00,9923,44,1266,,1
2025-08-02T10:47:55.456000+00:00,9923,14,1266,664.9,3
2025-08-02T10:47:57.726000+00:00,9923,27,1266,145.2,4
2025-08-02T10:48:13.247000+00:00,9923,5,1266,,1
2025-08-02T10:48:19.404000+00:00,9923,4,1266,907.2,2
2025-08-02T10:48:41.577000+00:00,9923,6,1266,,1
2025-08-02T10:48:47.437000+00:00,9923,12,1266,,1
2025-08-02T10:48:59.813000+00:00,9923,16,1266,,1
2025-08-02T10:49:13.718000+00:00,9923,63,1266,,1
2025-08-02T10:50:21.599000+00:00,9923,81,1266,993.1,2
2025-08-02T10:51:06.176000+00:00,9923,55,1266,,1
2025-08-02T10:51:08.999000+00:00,9923,31,1266,,1
2025-08-02T10:51:18.296000+00:00,9923,87,1266,,1
2025-08-02T10:52:16.953000+00:00,9923,23,1266,,1
2025-08-02T10:53:11.283000+00:00,9923,30,1266,17.9,4
2025-08-02T10:54:35.812000+00:00,9923,44,1266,28.1,4
2025-08-02T10:54:48.269000+00:00,9923,16,1266,22.3,4
2025-08-02T10:55:25.883000+00:00,9923,18,1266,213.9,9
2025-08-02T10:55:32.212000+00:00,9923,5,1266,122.5,4
2025-08-02T10:55:38.682000+00:00,9923,81,1266,16.6,5
2025-08-02T10:55:45.383000+00:00,9923,12,1266,87.3,4
2025-08-02T10:56:02.749000+00:00,9923,4,1266,22.8,6
2025-08-02T10:57:25.465000+00:00,9923,87,1266,16.5,4
2025-08-02T10:57:40.200000+00:00,9923,63,1266,170.1,4
2025-08-02T10:57:43.887000+00:00,9923,23,1266,16.6,4
2025-08-02T10:59:04.654000+00:00,9923,30,1266,30.0,7
2025-08-02T11:00:38.325000+00:00,9923,43,1266,608.9,8
2025-08-02T11:00:59.672000+00:00,9923,10,1266,582.9,7
2025-08-02T11:01:58.941000+00:00,9923,4,1266,29.9,9
2025-08-02T11:02:00.854000+00:00,9923,55,1266,27.3,7
2025-08-02T11:03:29.828000+00:00,9923,6,1266,228.5,7
2025-08-02T11:04:33.905000+00:00,9923,16,1266,270.9,7
2025-08-02T11:04:44.239000+00:00,9923,30,1266,18.4,10
2025-08-02T11:05:11.466000+00:00,9923,14,1266,502.8,8
2025-08-02T11:05:26.403000+00:00,9923,31,1266,214.6,7
2025-08-02T11:06:58.136000+00:00,9923,43,1266,19.0,11
2025-08-02T11:09:00.887000+00:00,9923,87,1266,263.8,8
2025-08-02T11:10:07.298000+00:00,9923,63,1266,437.6,7
2025-08-02T11:10:27.793000+00:00,9923,12,1266,563.8,7
2025-08-02T11:11:23.171000+00:00,9923,81,1266,555.4,9
2025-08-02T11:12:38.191000+00:00,9923,44,1266,576.8,9
2025-08-02T11:13:20.984000+00:00,9923,4,1266,383.9,12
2025-08-02T11:13:26.476000+00:00,9923,22,1266,661.8,13
2025-08-02T11:13:37.215000+00:00,9923,18,1266,797.6,12
2025-08-02T11:13:47.991000+00:00,9923,27,1266,778.8,13
2025-08-02T11:14:27.415000+00:00,9923,1,1266,624.7,12
2025-08-02T11:15:05.603000+00:00,9923,63,1266,129.9,9
2025-08-02T11:15:08.733000+00:00,9923,5,1266,574.2,11
2025-08-02T11:15:20.971000+00:00,9923,12,1266,132.1,9
2025-08-02T11:15:29.515000+00:00,9923,6,1266,327.3,11
2025-08-02T11:15:37.315000+00:00,9923,30,1266,352.6,13
2025-08-02T11:15:47.504000+00:00,9923,31,1266,329.5,10
2025-08-02T11:15:59.560000+00:00,9923,14,1266,224.5,12
2025-08-02T11:16:13.427000+00:00,9923,16,1266,409.3,10
2025-08-02T11:16:18.171000+00:00,9923,87,1266,252.7,10
2025-08-02T11:16:23.920000+00:00,9923,55,1266,334.8,12
2025-08-02T11:16:42.974000+00:00,9923,23,1266,265.8,12
2025-08-02T11:18:43.117000+00:00,9923,81,1266,150.0,12
2025-08-02T11:19:40.871000+00:00,9923,31,1266,34.4,12
2025-08-02T11:20:08.931000+00:00,9923,43,1266,473.1,14
2025-08-02T11:20:18.416000+00:00,9923,10,1266,469.6,15
2025-08-02T11:20:38.407000+00:00,9923,4,1266,142.7,15
2025-08-02T11:21:12.845000+00:00,9923,18,1266,150.9,15
2025-08-02T11:21:15.611000+00:00,9923,5,1266,53.0,14
2025-08-02T11:21:19.767000+00:00,9923,30,1266,33.2,16
2025-08-02T11:21:24.242000+00:00,9923,27,1266,160.2,16
2025-08-02T11:22:14.186000+00:00,9923,63,1266,108.5,12
2025-08-02T11:22:32.643000+00:00,9923,23,1266,16.4,15
2025-08-02T11:22:39.308000+00:00,9923,12,1266,131.3,12
2025-08-02T11:23:01.976000+00:00,9923,44,1266,294.2,12
2025-08-02T11:24:04.297000+00:00,9923,87,1266,136.7,13
2025-08-02T11:24:35.410000+00:00,9923,6,1266,224.3,14
2025-08-02T11:26:01.732000+00:00,9923,55,1266,273.3,15
2025-08-02T11:26:17.717000+00:00,9923,43,1266,29.1,17
2025-08-02T11:26:26.215000+00:00,9923,16,1266,307.2,13
2025-08-02T11:26:43.746000+00:00,9923,6,1266,18.8,15
2025-08-02T11:26:48.373000+00:00,9923,1,1266,453.7,15
2025-08-02T11:26:51.442000+00:00,9923,22,1266,459.5,16
2025-08-02T11:27:04.504000+00:00,9923,18,1266,28.7,18
2025-08-02T11:27:19.658000+00:00,9923,14,1266,369.8,15
2025-08-02T11:27:35.117000+00:00,9923,10,1266,24.6,19
2025-08-02T11:28:21.317000+00:00,9923,81,1266,286.5,15
2025-08-02T11:28:42.141000+00:00,9923,6,1266,17.6,16
2025-08-02T11:28:52.779000+00:00,9923,30,1266,134.6,19
2025-08-02T11:29:15.920000+00:00,9923,27,1266,180.4,19
2025-08-02T11:29:29.796000+00:00,9923,23,1266,100.3,18
2025-08-02T11:29:35.232000+00:00,9923,63,1266,138.9,15
2025-08-02T11:29:43.665000+00:00,9923,87,1266,120.1,15
2025-08-02T11:29:46.073000+00:00,9923,4,1266,264.5,18
2025-08-02T11:29:48.687000+00:00,9923,31,1266,173.5,16
2025-08-02T11:29:51.453000+00:00,9923,5,1266,201.6,17
2025-08-02T14:01:21.747000+00:00,9924,55,1266,,1
2025-08-02T14:01:32.685000+00:00,9924,23,1266,,1
2025-08-02T14:03:33.085000+00:00,9924,1,1266,,1
2025-08-02T14:03:39.777000+00:00,9924,22,1266,,1
2025-08-02T14:03:52.793000+00:00,9924,4,1266,,1
2025-08-02T14:03:59.152000+00:00,9924,81,1266,,1
2025-08-02T14:04:04.715000+00:00,9924,31,1266,,1
2025-08-02T14:04:17.902000+00:00,9924,44,1266,,1
2025-08-02T14:04:41.956000+00:00,9924,87,1266,,1
2025-08-02T14:04:47.446000+00:00,9924,18,1266,,1
2025-08-02T14:05:01.815000+00:00,9924,14,1266,,1
2025-08-02T14:05:07.675000+00:00,9924,16,1266,,1
2025-08-02T14:05:17.696000+00:00,9924,6,1266,,1
2025-08-02T14:05:24.635000+00:00,9924,30,1266,,1
2025-08-02T14:05:35.497000+00:00,9924,12,1266,,1
2025-08-02T14:05:38.511000+00:00,9924,63,1266,,1
2025-08-02T14:05:45.246000+00:00,9924,10,1266,,1
2025-08-02T14:05:49.222000+00:00,9924,43,1266,,1
2025-08-02T14:05:54.566000+00:00,9924,27,1266,,1
2025-08-02T14:06:02.175000+00:00,9924,5,1266,,1
2025-08-02T14:06:20.425000+00:00,9924,55,1266,27.3,4
2025-08-02T14:07:03.530000+00:00,9924,23,1266,60.3,4
2025-08-02T14:11:34.842000+00:00,9924,18,1266,127.9,4
2025-08-02T14:11:42.435000+00:00,9924,14,1266,111.4,4
2025-08-02T14:13:16.688000+00:00,9924,81,1266,262.8,4
2025-08-02T14:13:18.776000+00:00,9924,4,1266,273.6,4
2025-08-02T14:13:30.284000+00:00,9924,1,1266,312.7,4
2025-08-02T14:13:43.205000+00:00,9924,22,1266,318.8,4
2025-08-02T14:13:50.842000+00:00,9924,6,1266,228.5,4
2025-08-02T14:13:54.613000+00:00,9924,27,1266,169.2,4
2025-08-02T14:14:03.078000+00:00,9924,5,1266,161.5,4
2025-08-02T14:14:07.571000+00:00,9924,55,1266,162.3,7
2025-08-02T14:14:30.514000+00:00,9924,10,1266,210.4,4
2025-08-02T14:14:39.153000+00:00,9924,43,1266,215.0,4
2025-08-02T14:14:44.297000+00:00,9924,23,1266,189.8,7
2025-08-02T14:14:52.684000+00:00,9924,31,1266,355.0,4
2025-08-02T14:15:30.638000+00:00,9924,87,1266,369.6,4
2025-08-02T14:15:38.821000+00:00,9924,44,1266,379.0,4
2025-08-02T14:15:41.512000+00:00,9924,16,1266,345.1,4
2025-08-02T14:15:49.295000+00:00,9924,30,1266,335.3,4
2025-08-02T14:27:14.793000+00:00,9924,12,1266,993.6,4
2025-08-02T14:27:21.414000+00:00,9924,63,1266,986.3,4
2025-08-02T14:27:25.849000+00:00,9924,18,1266,675.6,7
2025-08-02T14:27:33.582000+00:00,9924,14,1266,667.2,7
2025-08-02T14:27:36.530000+00:00,9924,87,1266,449.2,7
2025-08-02T14:27:39.948000+00:00,9924,5,1266,523.6,7
2025-08-02T14:27:52.048000+00:00,9924,30,1266,430.8,7
2025-08-02T14:28:10.721000+00:00,9924,6,1266,571.0,7
2025-08-02T14:28:21.131000+00:00,9924,43,1266,531.1,7
2025-08-02T14:28:43.460000+00:00,9924,1,1266,617.1,7
2025-08-02T14:28:51.838000+00:00,9924,4,1266,650.1,7
2025-08-02T14:28:59.629000+00:00,9924,55,1266,592.4,10
2025-08-02T14:29:06.244000+00:00,9924,44,1266,518.7,7
2025-08-02T14:29:20.775000+00:00,9924,81,1266,680.5,7
2025-08-02T14:29:35.794000+00:00,9924,16,1266,542.3,7
2025-08-02T14:34:43.763000+00:00,9924,18,1266,155.4,10
2025-08-02T14:37:29.495000+00:00,9924,87,1266,298.4,10
2025-08-02T14:37:33.894000+00:00,9924,4,1266,239.3,10
2025-08-02T14:37:37.146000+00:00,9924,16,1266,210.0,10
2025-08-02T14:37:41.023000+00:00,9924,44,1266,226.4,10
2025-08-02T14:37:48.440000+00:00,9924,30,1266,300.5,10
2025-08-02T14:38:05.333000+00:00,9924,6,1266,312.2,10
2025-08-02T14:38:17.121000+00:00,9924,12,1266,387.1,7
2025-08-02T14:38:29.563000+00:00,9924,63,1266,396.9,7
2025-08-02T14:38:32.903000+00:00,9924,1,1266,327.2,10
2025-08-02T14:38:34.851000+00:00,9924,5,1266,356.4,10
2025-08-02T14:38:36.434000+00:00,9924,81,1266,269.9,10
2025-08-02T14:38:47.105000+00:00,9924,43,1266,349.7,10
2025-08-02T14:39:14.199000+00:00,9924,55,1266,334.3,13
2025-08-02T14:50:04.138000+00:00,9924,18,1266,640.2,13
2025-08-02T14:50:10.654000+00:00,9924,14,1266,1067.5,10
2025-08-02T14:50:17.871000+00:00,9924,30,1266,446.6,13
2025-08-02T14:50:30.550000+00:00,9924,16,1266,483.4,13
2025-08-02T14:50:36.373000+00:00,9924,4,1266,497.7,13
2025-08-02T14:50:40.782000+00:00,9924,81,1266,410.8,13
2025-08-02T14:50:45.563000+00:00,9924,5,1266,419.9,13
2025-08-02T14:51:27.139000+00:00,9924,63,1266,483.3,10
2025-08-02T14:51:43.503000+00:00,9924,1,1266,496.1,13
2025-08-02T14:56:08.386000+00:00,9924,18,1266,87.9,16
2025-08-02T14:56:31.789000+00:00,9924,14,1266,96.9,13
2025-08-02T14:58:38.494000+00:00,9924,16,1266,211.3,16
2025-08-02T14:58:43.828000+00:00,9924,6,1266,945.4,13
2025-08-02T14:58:47.594000+00:00,9924,4,1266,202.5,16
2025-08-02T14:58:51.286000+00:00,9924,81,1266,191.5,16
2025-08-02T14:58:56.065000+00:00,9924,30,1266,234.8,16
2025-08-02T14:59:04.209000+00:00,9924,5,1266,188.0,16
2025-08-02T14:59:42.130000+00:00,9924,63,1266,225.3,13
2025-08-02T15:00:01.985000+00:00,9924,1,1266,228.2,16
2025-08-29T10:30:04.115000+00:00,9913,27,1267,,1
2025-08-29T10:30:08.607000+00:00,9913,4,1267,,1
2025-08-29T10:30:15.496000+00:00,9913,81,1267,,1
2025-08-29T10:30:19.536000+00:00,9913,30,1267,,1
2025-08-29T10:30:22.187000+00:00,9913,31,1267,,1
2025-08-29T10:30:25.384000+00:00,9913,5,1267,,1
2025-08-29T10:30:29.971000+00:00,9913,87,1267,,1
2025-08-29T10:30:38.522000+00:00,9913,16,1267,,1
2025-08-29T10:30:46.609000+00:00,9913,6,1267,,1
2025-08-29T10:30:58.997000+00:00,9913,10,1267,,1
2025-08-29T10:31:12.955000+00:00,9913,43,1267,,1
2025-08-29T10:31:17.721000+00:00,9913,12,1267,,1
2025-08-29T10:31:32.079000+00:00,9913,55,1267,,1
2025-08-29T10:31:35.636000+00:00,9913,23,1267,,1
2025-08-29T10:31:41.261000+00:00,9913,18,1267,,1
2025-08-29T10:31:54.391000+00:00,9913,22,1267,,1
2025-08-29T10:32:07.045000+00:00,9913,44,1267,,1
2025-08-29T10:32:15.596000+00:00,9913,14,1267,,1
2025-08-29T10:32:31.104000+00:00,9913,63,1267,,1
2025-08-29T10:32:42.406000+00:00,9913,1,1267,,1
2025-08-29T10:36:48.532000+00:00,9913,12,1267,12.6,4
2025-08-29T10:36:51.624000+00:00,9913,23,1267,22.1,4
2025-08-29T10:38:02.058000+00:00,9913,63,1267,46.7,4
2025-08-29T10:38:36.080000+00:00,9913,30,1267,26.4,6
2025-08-29T10:39:26.584000+00:00,9913,6,1267,25.4,6
2025-08-29T10:48:02.725000+00:00,9913,63,1267,647.3,6
2025-08-29T10:48:07.676000+00:00,9913,4,1267,,8
2025-08-29T10:48:09.896000+00:00,9913,5,1267,,8
2025-08-29T10:48:13.082000+00:00,9913,55,1267,,8
2025-08-29T10:48:19.226000+00:00,9913,14,1267,,7
2025-08-29T10:48:27.536000+00:00,9913,16,1267,,8
2025-08-29T10:48:35.525000+00:00,9913,23,1267,725.7,7
2025-08-29T10:48:44.428000+00:00,9913,31,1267,,8
2025-08-29T10:48:56.475000+00:00,9913,87,1267,,8
2025-08-29T10:49:06.727000+00:00,9913,6,1267,605.2,8
2025-08-29T10:50:44.528000+00:00,9913,1,1267,,7
2025-08-29T10:51:28.152000+00:00,9913,44,1267,,7
2025-08-29T10:52:28.437000+00:00,9913,81,1267,,8
2025-08-29T10:52:32.494000+00:00,9913,18,1267,,8
2025-08-29T10:53:55.137000+00:00,9913,27,1267,,9
2025-08-29T10:54:02.311000+00:00,9913,6,1267,28.9,11
2025-08-29T10:54:22.529000+00:00,9913,30,1267,972.9,8
2025-08-29T10:54:25.911000+00:00,9913,43,1267,,7
2025-08-29T10:54:38.441000+00:00,9913,10,1267,,8
2025-08-29T10:56:15.927000+00:00,9913,4,1267,25.4,13
2025-08-29T10:57:02.528000+00:00,9913,81,1267,21.8,11
2025-08-29T10:58:46.246000+00:00,9913,63,1267,378.4,9
2025-08-29T10:58:51.043000+00:00,9913,27,1267,12.1,12
2025-08-29T10:59:07.778000+00:00,9913,43,1267,21.0,10
2025-08-29T10:59:18.117000+00:00,9913,87,1267,359.7,11
2025-08-29T10:59:21.648000+00:00,9913,5,1267,394.6,11
2025-08-29T10:59:38.851000+00:00,9913,16,1267,210.3,13
2025-08-29T10:59:57.124000+00:00,9913,44,1267,143.3,11
2025-08-29T11:00:09.142000+00:00,9913,55,1267,20.3,15
2025-08-29T11:01:20.877000+00:00,9913,4,1267,19.1,16
2025-08-29T11:01:45.825000+00:00,9913,22,1267,,7
2025-08-29T11:01:54.096000+00:00,9913,31,1267,524.0,11
2025-08-29T11:02:02.813000+00:00,9913,23,1267,50.6,15
2025-08-29T11:02:04.502000+00:00,9913,81,1267,23.8,14
2025-08-29T11:02:22.292000+00:00,9913,10,1267,21.8,13
2025-08-29T11:02:26.589000+00:00,9913,63,1267,27.5,11
2025-08-29T11:02:38.850000+00:00,9913,14,1267,594.8,10
2025-08-29T11:03:15.830000+00:00,9913,18,1267,197.9,13
2025-08-29T11:03:39.944000+00:00,9913,27,1267,12.1,15
2025-08-29T11:04:21.636000+00:00,9913,43,1267,23.0,13
2025-08-29T11:04:29.462000+00:00,9913,6,1267,367.8,14
2025-08-29T11:04:31.419000+00:00,9913,5,1267,18.9,14
2025-08-29T11:04:47.053000+00:00,9913,87,1267,36.9,14
2025-08-29T11:04:56.658000+00:00,9913,16,1267,25.5,16
2025-08-29T11:05:12.979000+00:00,9913,30,1267,190.0,13
2025-08-29T11:06:17.610000+00:00,9913,44,1267,34.5,14
2025-08-29T11:07:04.152000+00:00,9913,23,1267,12.6,18
2025-08-29T11:07:17.673000+00:00,9913,31,1267,39.7,14
2025-08-29T11:07:19.870000+00:00,9913,1,1267,748.7,10
2025-08-29T11:07:44.111000+00:00,9913,14,1267,14.6,13
2025-08-29T11:09:55.389000+00:00,9913,5,1267,21.1,17
2025-08-29T11:10:31.504000+00:00,9913,4,1267,362.5,18
2025-08-29T11:12:14.578000+00:00,9913,63,1267,296.5,14
2025-08-29T11:12:19.921000+00:00,9913,81,1267,324.8,17
2025-08-29T11:14:23.448000+00:00,9913,27,1267,460.0,17
2025-08-29T11:14:45.636000+00:00,9913,87,1267,326.9,17
2025-08-29T11:15:01.773000+00:00,9913,30,1267,320.8,16
2025-08-29T11:16:15.966000+00:00,9913,18,1267,471.2,16
2025-08-29T11:16:18.983000+00:00,9913,31,1267,265.5,17
2025-08-29T11:16:41.149000+00:00,9913,10,1267,365.4,18
2025-08-29T11:17:11.661000+00:00,9913,23,1267,326.8,21
2025-08-29T11:17:13.305000+00:00,9913,1,1267,326.8,13
2025-08-29T11:17:17.884000+00:00,9913,43,1267,482.9,16
2025-08-29T11:17:29.114000+00:00,9913,44,1267,329.3,17
2025-08-29T11:17:44.855000+00:00,9913,5,1267,290.5,19
2025-08-29T11:17:48.276000+00:00,9913,22,1267,376.1,13
2025-08-29T11:18:27.236000+00:00,9913,6,1267,249.3,20
2025-08-29T11:18:31.655000+00:00,9913,16,1267,268.4,22
2025-08-29T11:19:04.545000+00:00,9913,55,1267,344.9,23
2025-08-29T11:21:55.590000+00:00,9913,14,1267,478.8,17
2025-08-29T11:26:02.818000+00:00,9913,18,1267,169.8,20
2025-08-29T11:28:22.664000+00:00,9913,5,1267,18.7,27
2025-08-29T11:28:41.056000+00:00,9913,4,1267,19.3,32
2025-08-29T11:28:47.081000+00:00,9913,27,1267,17.6,28
2025-08-29T11:29:20.443000+00:00,9913,81,1267,18.4,30
2025-08-29T14:00:04+00:00,9914,30,1267,,1
2025-08-29T14:00:06.938000+00:00,9914,5,1267,,1
2025-08-29T14:00:14.922000+00:00,9914,27,1267,,1
2025-08-29T14:00:27.251000+00:00,9914,81,1267,,1
2025-08-29T14:00:36.629000+00:00,9914,4,1267,,1
2025-08-29T14:00:42.113000+00:00,9914,55,1267,,1
2025-08-29T14:00:47.676000+00:00,9914,18,1267,,1
2025-08-29T14:00:52.988000+00:00,9914,31,1267,,1
2025-08-29T14:01:01.379000+00:00,9914,87,1267,,1
2025-08-29T14:01:11.223000+00:00,9914,14,1267,,1
2025-08-29T14:01:22.457000+00:00,9914,44,1267,,1
2025-08-29T14:01:36.676000+00:00,9914,16,1267,,1
2025-08-29T14:01:45.301000+00:00,9914,10,1267,,1
2025-08-29T14:01:47.676000+00:00,9914,43,1267,,1
2025-08-29T14:01:54.101000+00:00,9914,23,1267,,1
2025-08-29T14:02:05.598000+00:00,9914,63,1267,,1
2025-08-29T14:02:32.441000+00:00,9914,12,1267,,1
2025-08-29T14:03:11.423000+00:00,9914,22,1267,,1
2025-08-29T14:04:58.074000+00:00,9914,5,1267,19.1,4
2025-08-29T14:05:08.562000+00:00,9914,27,1267,22.0,4
2025-08-29T14:06:02.915000+00:00,9914,1,1267,,1
2025-08-29T14:07:30.344000+00:00,9914,87,1267,19.4,5
2025-08-29T14:08:49.615000+00:00,9914,55,1267,34.6,6
2025-08-29T14:08:55.365000+00:00,9914,31,1267,21.3,6
2025-08-29T14:09:45.728000+00:00,9914,10,1267,24.0,6
2025-08-29T14:09:49.252000+00:00,9914,5,1267,12.5,7
2025-08-29T14:10:03.319000+00:00,9914,43,1267,21.6,6
2025-08-29T14:10:05.968000+00:00,9914,23,1267,27.0,6
2025-08-29T14:10:10.421000+00:00,9914,27,1267,25.2,7
2025-08-29T14:22:46.829000+00:00,9914,1,1267,,5
2025-08-29T14:22:59.742000+00:00,9914,22,1267,,7
2025-08-29T14:23:13.755000+00:00,9914,81,1267,,8
2025-08-29T14:23:25.943000+00:00,9914,55,1267,910.8,8
2025-08-29T14:23:27.340000+00:00,9914,23,1267,828.5,7
2025-08-29T14:23:29.918000+00:00,9914,43,1267,828.2,7
2025-08-29T14:23:47.593000+00:00,9914,30,1267,786.8,8
2025-08-29T14:24:00.068000+00:00,9914,6,1267,,1
2025-08-29T14:24:16.302000+00:00,9914,12,1267,,7
2025-08-29T14:24:28.990000+00:00,9914,10,1267,907.3,7
2025-08-29T14:24:41.740000+00:00,9914,63,1267,,7
2025-08-29T14:25:15.174000+00:00,9914,4,1267,,8
2025-08-29T14:26:41.331000+00:00,9914,55,1267,12.0,10
2025-08-29T14:29:41.869000+00:00,9914,27,1267,1196.6,8
2025-08-29T14:29:52.603000+00:00,9914,16,1267,,8
2025-08-29T14:29:57.462000+00:00,9914,81,1267,214.8,10
2025-08-29T14:30:00.712000+00:00,9914,12,1267,118.5,9
2025-08-29T14:30:41.961000+00:00,9914,44,1267,,8
2025-08-29T14:31:43.211000+00:00,9914,31,1267,1389.2,8
2025-08-29T14:31:45.937000+00:00,9914,87,1267,1475.0,8
2025-08-29T14:31:52.930000+00:00,9914,14,1267,,8
2025-08-29T14:32:25.463000+00:00,9914,63,1267,241.0,9
2025-08-29T14:32:36.219000+00:00,9914,4,1267,31.4,12
2025-08-29T14:32:55.398000+00:00,9914,5,1267,1398.7,8
2025-08-29T14:34:25.461000+00:00,9914,16,1267,19.5,11
2025-08-29T14:34:46.164000+00:00,9914,81,1267,21.1,13
2025-08-29T14:35:03.804000+00:00,9914,22,1267,328.8,11
2025-08-29T14:35:30.758000+00:00,9914,1,1267,495.1,8
2025-08-29T14:36:12.348000+00:00,9914,10,1267,20.8,14
2025-08-29T14:36:25.139000+00:00,9914,55,1267,18.4,16
2025-08-29T14:36:41.618000+00:00,9914,31,1267,28.8,11
2025-08-29T14:36:45.258000+00:00,9914,23,1267,20.6,15
2025-08-29T14:36:52.430000+00:00,9914,30,1267,192.8,14
2025-08-29T14:37:21.586000+00:00,9914,12,1267,164.4,12
2025-08-29T14:37:28.414000+00:00,9914,43,1267,25.4,15
2025-08-29T14:37:43.479000+00:00,9914,4,1267,15.6,15
2025-08-29T14:44:03.103000+00:00,9914,5,1267,411.8,11
2025-08-29T14:44:07.947000+00:00,9914,27,1267,619.7,11
2025-08-29T14:44:17.837000+00:00,9914,87,1267,405.9,12
2025-08-29T14:44:24.306000+00:00,9914,30,1267,644.7,16
2025-08-29T14:44:40.791000+00:00,9914,12,1267,603.6,13
2025-08-29T14:44:45.369000+00:00,9914,14,1267,465.8,11
2025-08-29T14:44:50.343000+00:00,9914,16,1267,644.1,14
2025-08-29T14:44:59.218000+00:00,9914,31,1267,526.1,13
2025-08-29T14:45:02.296000+00:00,9914,81,1267,637.1,16
2025-08-29T14:45:18.609000+00:00,9914,44,1267,,13
2025-08-29T14:45:21.390000+00:00,9914,43,1267,498.4,16
2025-08-29T14:45:34.890000+00:00,9914,1,1267,1098.9,11
2025-08-29T14:45:48.884000+00:00,9914,10,1267,597.3,16
2025-08-29T14:45:56.681000+00:00,9914,63,1267,1052.2,13
2025-08-29T14:46:05.072000+00:00,9914,4,1267,517.2,16
2025-08-29T14:46:12.119000+00:00,9914,22,1267,997.1,14
2025-08-29T14:46:18.667000+00:00,9914,55,1267,611.9,18
2025-08-29T14:47:59.434000+00:00,9914,55,1267,17.7,19
2025-08-29T14:50:06.387000+00:00,9914,12,1267,42.7,16
2025-08-29T14:52:34.733000+00:00,9914,44,1267,255.7,15
2025-08-29T14:52:46.248000+00:00,9914,43,1267,167.7,19
2025-08-29T14:53:28.474000+00:00,9914,31,1267,244.1,16
2025-08-29T14:53:52.876000+00:00,9914,1,1267,18.5,17
2025-08-29T14:53:58.626000+00:00,9914,30,1267,304.1,19
2025-08-29T14:54:28.423000+00:00,9914,14,1267,320.4,14
2025-08-29T14:55:37.762000+00:00,9914,16,1267,279.8,18
2025-08-29T14:58:29.050000+00:00,9914,81,1267,18.1,26
2025-08-29T14:59:09.923000+00:00,9914,4,1267,17.2,26
2025-08-29T14:59:27.896000+00:00,9914,12,1267,279.5,19
2025-08-30T09:32:30.254000+00:00,9915,6,1267,,1
2025-08-30T09:34:42.188000+00:00,9915,12,1267,,1
2025-08-30T09:35:45.313000+00:00,9915,27,1267,,1
2025-08-30T09:36:26.828000+00:00,9915,4,1267,,1
2025-08-30T09:36:34.025000+00:00,9915,18,1267,,1
2025-08-30T09:36:46.857000+00:00,9915,81,1267,,1
2025-08-30T09:36:50.185000+00:00,9915,5,1267,,1
2025-08-30T09:37:07.915000+00:00,9915,87,1267,,1
2025-08-30T09:37:49.420000+00:00,9915,43,1267,,1
2025-08-30T09:38:07.158000+00:00,9915,23,1267,,1
2025-08-30T09:38:17.458000+00:00,9915,44,1267,,1
2025-08-30T09:39:52.597000+00:00,9915,16,1267,,1
2025-08-30T09:40:01.816000+00:00,9915,10,1267,,1
2025-08-30T09:41:06.972000+00:00,9915,55,1267,,1
2025-08-30T09:41:21.149000+00:00,9915,12,1267,13.2,5
2025-08-30T09:45:44.006000+00:00,9915,18,1267,456.9,2
2025-08-30T09:46:41.615000+00:00,9915,12,1267,12.3,8
2025-08-30T09:46:45.758000+00:00,9915,87,1267,466.1,2
2025-08-30T09:47:25.978000+00:00,9915,31,1267,,1
2025-08-30T09:47:29.760000+00:00,9915,14,1267,,1
2025-08-30T09:49:20.158000+00:00,9915,4,1267,681.2,2
2025-08-30T09:49:32.034000+00:00,9915,6,1267,917.6,2
2025-08-30T09:49:44.505000+00:00,9915,16,1267,490.9,2
2025-08-30T09:49:58.547000+00:00,9915,44,1267,593.6,2
2025-08-30T09:50:40.718000+00:00,9915,1,1267,,1
2025-08-30T09:50:52.741000+00:00,9915,81,1267,732.5,2
2025-08-30T09:51:53.222000+00:00,9915,23,1267,732.4,2
2025-08-30T09:52:17.662000+00:00,9915,22,1267,,1
2025-08-30T09:52:47.993000+00:00,9915,55,1267,593.2,2
2025-08-30T09:52:51.590000+00:00,9915,63,1267,,1
2025-08-30T09:54:13.984000+00:00,9915,4,1267,16.3,5
2025-08-30T09:54:26.320000+00:00,9915,10,1267,592.3,4
2025-08-30T09:55:23.919000+00:00,9915,30,1267,,1
2025-08-30T09:56:01.950000+00:00,9915,1,1267,21.8,4
2025-08-30T09:56:04.691000+00:00,9915,12,1267,278.3,11
2025-08-30T09:56:31.963000+00:00,9915,5,1267,552.6,8
2025-08-30T09:57:11.531000+00:00,9915,87,1267,46.3,8
2025-08-30T09:57:14.965000+00:00,9915,31,1267,43.1,7
2025-08-30T09:58:00.179000+00:00,9915,12,1267,24.1,12
2025-08-30T09:58:33.576000+00:00,9915,63,1267,26.9,4
2025-08-30T09:59:07.514000+00:00,9915,81,1267,226.5,5
2025-08-30T09:59:14.217000+00:00,9915,27,1267,798.7,8
2025-08-30T09:59:45.686000+00:00,9915,6,1267,27.0,8
2025-08-30T10:00:52.405000+00:00,9915,43,1267,678.4,8
2025-08-30T10:01:42.517000+00:00,9915,5,1267,25.2,11
2025-08-30T10:05:32.767000+00:00,9915,30,1267,32.4,7
2025-08-30T10:06:10.788000+00:00,9915,16,1267,261.4,10
2025-08-30T10:07:39.857000+00:00,9915,1,1267,145.7,10
2025-08-30T10:07:48.323000+00:00,9915,6,1267,299.4,10
2025-08-30T10:11:08.899000+00:00,9915,16,1267,23.1,13
2025-08-30T10:11:38.066000+00:00,9915,44,1267,574.4,9
2025-08-30T10:13:08.013000+00:00,9915,4,1267,845.4,8
2025-08-30T10:14:36.425000+00:00,9915,1,1267,246.7,12
2025-08-30T10:14:55.799000+00:00,9915,22,1267,342.4,11
2025-08-30T10:14:59.025000+00:00,9915,81,1267,686.9,8
2025-08-30T10:15:02.100000+00:00,9915,44,1267,26.6,11
2025-08-30T10:15:13.870000+00:00,9915,63,1267,404.9,10
2025-08-30T10:15:25.564000+00:00,9915,27,1267,367.4,15
2025-08-30T10:15:28.209000+00:00,9915,18,1267,607.2,15
2025-08-30T10:15:39.445000+00:00,9915,14,1267,574.8,14
2025-08-30T10:15:45.773000+00:00,9915,31,1267,850.1,10
2025-08-30T10:15:50.670000+00:00,9915,87,1267,866.4,11
2025-08-30T10:16:03.835000+00:00,9915,6,1267,220.7,13
2025-08-30T10:17:38.570000+00:00,9915,5,1267,704.5,14
2025-08-30T10:18:28.584000+00:00,9915,55,1267,400.5,14
2025-08-30T10:18:43.085000+00:00,9915,30,1267,523.7,10
2025-08-30T10:19:07.587000+00:00,9915,10,1267,354.5,16
2025-08-30T10:20:00.058000+00:00,9915,23,1267,551.1,14
2025-08-30T10:20:23.384000+00:00,9915,27,1267,19.9,18
2025-08-30T10:20:28.998000+00:00,9915,43,1267,582.0,14
2025-08-30T10:20:35.927000+00:00,9915,16,1267,317.1,16
2025-08-30T10:20:37.614000+00:00,9915,14,1267,29.2,17
2025-08-30T10:20:54.985000+00:00,9915,4,1267,208.3,11
2025-08-30T10:20:58.549000+00:00,9915,12,1267,455.3,24
2025-08-30T10:21:09.051000+00:00,9915,31,1267,42.4,13
2025-08-30T10:21:27.607000+00:00,9915,87,1267,35.3,14
2025-08-30T10:21:31.479000+00:00,9915,44,1267,124.7,14
2025-08-30T10:21:36.159000+00:00,9915,18,1267,75.9,18
2025-08-30T10:22:27.802000+00:00,9915,5,1267,12.1,17
2025-08-30T10:24:21.512000+00:00,9915,1,1267,323.2,15
2025-08-30T10:24:37.950000+00:00,9915,22,1267,294.1,14
2025-08-30T10:25:51.687000+00:00,9915,81,1267,392.8,11
2025-08-30T10:26:12.450000+00:00,9915,12,1267,13.6,27
2025-08-30T10:26:41.769000+00:00,9915,16,1267,92.2,19
2025-08-30T10:27:11.042000+00:00,9915,30,1267,231.2,13
2025-08-30T10:27:40.088000+00:00,9915,18,1267,55.7,21
2025-08-30T10:28:50.957000+00:00,9915,1,1267,19.5,18
2025-08-30T10:28:57.717000+00:00,9915,6,1267,215.5,19
2025-08-30T10:29:10.421000+00:00,9915,5,1267,232.1,19
2025-08-30T10:29:11.926000+00:00,9915,87,1267,207.3,17
2025-08-30T10:29:15.699000+00:00,9915,27,1267,180.2,22
2025-08-30T10:29:23.232000+00:00,9915,63,1267,374.7,15
2025-08-30T10:29:24.304000+00:00,9915,23,1267,20.4,20
2025-08-30T10:29:29.714000+00:00,9915,31,1267,226.8,16
2025-08-30T10:29:47.305000+00:00,9915,4,1267,276.4,14
2025-08-30T13:00:14.616000+00:00,9916,22,1267,,1
2025-08-30T13:00:16.396000+00:00,9916,31,1267,,1
2025-08-30T13:00:21.778000+00:00,9916,10,1267,,1
2025-08-30T13:00:23.860000+00:00,9916,43,1267,,1
2025-08-30T13:00:31.735000+00:00,9916,87,1267,,1
2025-08-30T13:00:54.702000+00:00,9916,27,1267,,1
2025-08-30T13:01:00.036000+00:00,9916,16,1267,,1
2025-08-30T13:01:08.374000+00:00,9916,44,1267,,1
2025-08-30T13:01:32.365000+00:00,9916,18,1267,,1
2025-08-30T13:03:42.402000+00:00,9916,1,1267,,1
2025-08-30T13:05:35.078000+00:00,9916,63,1267,,1
2025-08-30T13:05:36.469000+00:00,9916,12,1267,,1
2025-08-30T13:05:42.422000+00:00,9916,4,1267,,1
2025-08-30T13:05:51.203000+00:00,9916,81,1267,,1
2025-08-30T13:06:00.203000+00:00,9916,14,1267,,1
2025-08-30T13:06:17.828000+00:00,9916,6,1267,,1
2025-08-30T13:06:29.340000+00:00,9916,30,1267,,1
2025-08-30T13:06:40.735000+00:00,9916,55,1267,,1
2025-08-30T13:06:45.703000+00:00,9916,23,1267,,1
2025-08-30T13:06:50.657000+00:00,9916,31,1267,125.8,4
2025-08-30T13:06:59.813000+00:00,9916,87,1267,113.2,4
2025-08-30T13:07:04.501000+00:00,9916,27,1267,112.4,4
2025-08-30T13:07:14.532000+00:00,9916,5,1267,,1
2025-08-30T13:07:33.329000+00:00,9916,10,1267,162.5,4
2025-08-30T13:07:41.782000+00:00,9916,43,1267,163.0,4
2025-08-30T13:07:50.954000+00:00,9916,22,1267,187.1,4
2025-08-30T13:08:01.423000+00:00,9916,16,1267,152.6,4
2025-08-30T13:08:26.034000+00:00,9916,44,1267,158.1,4
2025-08-30T13:13:19.756000+00:00,9916,4,1267,186.3,4
2025-08-30T13:13:25.153000+00:00,9916,81,1267,177.4,4
2025-08-30T13:13:30.308000+00:00,9916,63,1267,209.0,4
2025-08-30T13:13:33.992000+00:00,9916,1,1267,333.5,4
2025-08-30T13:13:36.648000+00:00,9916,12,1267,196.3,4
2025-08-30T13:13:44.184000+00:00,9916,6,1267,173.9,4
2025-08-30T13:14:09.164000+00:00,9916,87,1267,157.9,7
2025-08-30T13:14:15.355000+00:00,9916,55,1267,191.8,4
2025-08-30T13:14:20.229000+00:00,9916,23,1267,184.2,4
2025-08-30T13:14:30.047000+00:00,9916,10,1267,143.6,7
2025-08-30T13:14:55.417000+00:00,9916,44,1267,208.1,6
2025-08-30T13:14:58.301000+00:00,9916,16,1267,147.9,7
2025-08-30T13:15:04.123000+00:00,9916,5,1267,197.6,4
2025-08-30T13:15:17.277000+00:00,9916,30,1267,258.2,4
2025-08-30T13:15:22.355000+00:00,9916,31,1267,232.6,7
2025-08-30T13:15:29.339000+00:00,9916,43,1267,199.2,7
2025-08-30T13:15:35.246000+00:00,9916,22,1267,194.3,7
2025-08-30T13:15:48.167000+00:00,9916,14,1267,306.5,4
2025-08-30T13:16:16.277000+00:00,9916,27,1267,279.1,7
2025-08-30T13:25:08.177000+00:00,9916,16,1267,328.7,10
2025-08-30T13:25:15.388000+00:00,9916,44,1267,339.8,9
2025-08-30T13:28:08.213000+00:00,9916,63,1267,609.3,7
2025-08-30T13:28:13.932000+00:00,9916,1,1267,608.6,7
2025-08-30T13:28:16.776000+00:00,9916,12,1267,591.9,7
2025-08-30T13:28:20.557000+00:00,9916,22,1267,480.7,10
2025-08-30T13:28:24.556000+00:00,9916,30,1267,504.2,7
2025-08-30T13:28:28.278000+00:00,9916,10,1267,552.5,10
2025-08-30T13:28:39.017000+00:00,9916,55,1267,594.4,7
2025-08-30T13:29:06.083000+00:00,9916,23,1267,602.8,7
2025-08-30T13:29:17.524000+00:00,9916,4,1267,708.0,7
2025-08-30T13:29:21.274000+00:00,9916,5,1267,573.7,7
2025-08-30T13:29:34.036000+00:00,9916,6,1267,656.0,7
2025-08-30T13:29:47.224000+00:00,9916,14,1267,628.6,6
2025-08-30T13:30:05.193000+00:00,9916,81,1267,735.7,7
2025-08-30T13:30:26.503000+00:00,9916,16,1267,67.8,13
2025-08-30T13:30:38.178000+00:00,9916,44,1267,55.5,12
2025-08-30T13:35:48.741000+00:00,9916,4,1267,121.6,10
2025-08-30T13:35:55.483000+00:00,9916,63,1267,215.3,10
2025-08-30T13:35:56.781000+00:00,9916,12,1267,185.7,10
2025-08-30T13:35:59.922000+00:00,9916,22,1267,186.6,13
2025-08-30T13:36:04.367000+00:00,9916,1,1267,208.9,10
2025-08-30T13:36:14.173000+00:00,9916,10,1267,173.1,13
2025-08-30T13:36:44.600000+00:00,9916,55,1267,193.8,10
2025-08-30T13:36:49.397000+00:00,9916,6,1267,159.7,10
2025-08-30T13:37:09.157000+00:00,9916,23,1267,215.1,10
2025-08-30T13:37:27.453000+00:00,9916,81,1267,167.8,10
2025-08-30T13:37:31.898000+00:00,9916,5,1267,212.4,10
2025-08-30T13:37:34.681000+00:00,9916,16,1267,170.5,16
2025-08-30T13:37:40.241000+00:00,9916,30,1267,270.9,10
2025-08-30T13:37:54.923000+00:00,9916,14,1267,207.7,9
2025-08-30T13:38:16.447000+00:00,9916,44,1267,180.3,15
2025-08-30T13:48:05.534000+00:00,9916,81,1267,372.0,13
2025-08-30T13:48:14.759000+00:00,9916,4,1267,487.1,13
2025-08-30T13:48:19.742000+00:00,9916,63,1267,478.5,13
2025-08-30T13:48:23.015000+00:00,9916,55,1267,427.0,13
2025-08-30T13:48:41.947000+00:00,9916,14,1267,361.0,12
2025-08-30T13:48:46.416000+00:00,9916,6,1267,433.3,13
2025-08-30T13:48:56.979000+00:00,9916,16,1267,565.3,17
2025-08-30T13:49:07.760000+00:00,9916,44,1267,541.0,16
2025-08-30T13:49:21.104000+00:00,9916,30,1267,409.8,13
2025-08-30T13:50:23.278000+00:00,9916,1,1267,567.0,13
2025-08-30T13:56:27.063000+00:00,9916,4,1267,243.0,16
2025-08-30T13:56:29.648000+00:00,9916,81,1267,253.6,16
2025-08-30T13:56:32.437000+00:00,9916,55,1267,216.7,16
2025-08-30T13:56:37.246000+00:00,9916,16,1267,191.5,20
2025-08-30T13:57:07.886000+00:00,9916,44,1267,201.3,19
2025-08-30T13:57:17.824000+00:00,9916,30,1267,198.6,16
2025-08-30T13:57:25.449000+00:00,9916,14,1267,261.9,15
2025-08-30T13:57:50.611000+00:00,9916,63,1267,302.5,16
2025-08-30T13:58:01.777000+00:00,9916,6,1267,281.5,16
2025-08-30T13:58:22.121000+00:00,9916,1,1267,240.0,16
2025-08-03T13:10:42.523000+00:00,9928,27,1266,21.5,5
2025-08-03T13:22:01.414000+00:00,9928,43,1266,30.2,13
2025-08-03T13:23:14.799000+00:00,9928,23,1266,21.3,14
2025-08-03T13:23:15.143000+00:00,9928,31,1266,22.4,14
2025-08-03T13:24:35.579000+00:00,9928,55,1266,21.6,15
2025-08-03T13:27:14.938000+00:00,9928,1,1266,21.4,17
2025-08-03T13:28:14.741000+00:00,9928,81,1266,21.1,18
2025-08-03T13:29:34.492000+00:00,9928,16,1266,21.1,19
2025-08-03T13:29:41.501000+00:00,9928,63,1266,21.7,19
2025-08-03T13:31:41.726000+00:00,9928,22,1266,21.2,20
2025-08-03T13:32:58.761000+00:00,9928,12,1266,22.3,21
2025-08-03T13:45:32.129000+00:00,9928,87,1266,21.7,30
2025-08-03T13:46:07.521000+00:00,9928,4,1266,20.9,31
2025-08-03T13:48:23.579000+00:00,9928,10,1266,21.6,32
2025-08-03T13:49:42.725000+00:00,9928,6,1266,21.0,33
2025-08-03T13:52:42.991000+00:00,9928,43,1266,26.2,35
2025-08-03T13:53:38.455000+00:00,9928,18,1266,21.4,36
2025-08-03T13:55:26.296000+00:00,9928,22,1266,21.5,37
2025-08-03T13:56:46.756000+00:00,9928,23,1266,22.7,38
2025-08-03T13:57:35.927000+00:00,9928,14,1266,22.2,39
2025-08-03T13:58:22.582000+00:00,9928,16,1266,21.1,40
2025-08-03T13:59:03.530000+00:00,9928,5,1266,21.7,40
2025-08-03T13:59:09.827000+00:00,9928,30,1266,22.1,40
2025-08-03T14:00:56.554000+00:00,9928,27,1266,28.7,41
2025-08-03T14:02:07.096000+00:00,9928,44,1266,21.1,42
2025-08-03T14:02:38.260000+00:00,9928,63,1266,21.4,43
2025-08-03T14:05:10.901000+00:00,9928,81,1266,20.9,45
2025-08-03T14:10:05.385000+00:00,9928,1,1266,21.2,48
2025-08-03T14:14:40.780000+00:00,9928,55,1266,21.4,51
2025-09-05T15:00:04.735000+00:00,9906,81,1268,,1
2025-09-05T15:00:08.299000+00:00,9906,63,1268,,1
2025-09-05T15:00:17.939000+00:00,9906,5,1268,,1
2025-09-05T15:00:21.174000+00:00,9906,43,1268,,1
2025-09-05T15:00:28.825000+00:00,9906,27,1268,,1
2025-09-05T15:00:31.219000+00:00,9906,31,1268,,1
2025-09-05T15:00:41.234000+00:00,9906,87,1268,,1
2025-09-05T15:00:47.803000+00:00,9906,23,1268,,1
2025-09-05T15:00:56.282000+00:00,9906,55,1268,,1
2025-09-05T15:01:02.862000+00:00,9906,18,1268,,1
2025-09-05T15:01:07.074000+00:00,9906,14,1268,,1
2025-09-05T15:01:16.919000+00:00,9906,10,1268,,1
2025-09-05T15:01:40.579000+00:00,9906,6,1268,,1
2025-09-05T15:01:48.176000+00:00,9906,4,1268,,1
2025-09-05T15:01:55.303000+00:00,9906,22,1268,,1
2025-09-05T15:02:01.937000+00:00,9906,30,1268,,1
2025-09-05T15:02:09.019000+00:00,9906,16,1268,,1
2025-09-05T15:02:22.890000+00:00,9906,44,1268,,1
2025-09-05T15:02:31.730000+00:00,9906,12,1268,,1
2025-09-05T15:02:52.159000+00:00,9906,1,1268,,1
2025-09-05T15:06:14.647000+00:00,9906,5,1268,18.9,4
2025-09-05T15:06:42.912000+00:00,9906,23,1268,18.8,4
2025-09-05T15:06:50.764000+00:00,9906,55,1268,18.9,4
2025-09-05T15:07:58.775000+00:00,9906,30,1268,33.9,4
2025-09-05T15:15:03.722000+00:00,9906,81,1268,348.5,6
2025-09-05T15:15:07.722000+00:00,9906,30,1268,462.7,5
2025-09-05T15:15:15.927000+00:00,9906,6,1268,503.5,4
2025-09-05T15:15:18.955000+00:00,9906,5,1268,563.2,6
2025-09-05T15:15:23.992000+00:00,9906,31,1268,,7
2025-09-05T15:15:34.704000+00:00,9906,87,1268,,7
2025-09-05T15:15:42.476000+00:00,9906,27,1268,,6
2025-09-05T15:15:45.249000+00:00,9906,55,1268,553.2,6
2025-09-05T15:15:50.948000+00:00,9906,16,1268,,6
2025-09-05T15:15:55.588000+00:00,9906,14,1268,,6
2025-09-05T15:16:10.363000+00:00,9906,1,1268,,5
2025-09-05T15:16:15.991000+00:00,9906,18,1268,,6
2025-09-05T15:16:25.616000+00:00,9906,22,1268,,5
2025-09-05T15:16:29.386000+00:00,9906,63,1268,,6
2025-09-05T15:16:38.332000+00:00,9906,44,1268,,5
2025-09-05T15:16:48.023000+00:00,9906,23,1268,623.9,6
2025-09-05T15:17:30.716000+00:00,9906,43,1268,,6
2025-09-05T15:20:01.461000+00:00,9906,10,1268,,6
2025-09-05T15:20:10.704000+00:00,9906,63,1268,31.9,8
2025-09-05T15:21:01.965000+00:00,9906,4,1268,,6
2025-09-05T15:21:57.997000+00:00,9906,1,1268,18.8,8
2025-09-05T15:22:14.308000+00:00,9906,22,1268,27.2,8
2025-09-05T15:22:23.807000+00:00,9906,6,1268,319.0,5
2025-09-05T15:23:06.297000+00:00,9906,43,1268,26.8,9
2025-09-05T15:24:24.478000+00:00,9906,4,1268,27.7,8
2025-09-05T15:25:19.608000+00:00,9906,10,1268,28.3,9
2025-09-05T15:26:23.208000+00:00,9906,55,1268,25.9,12
2025-09-05T15:26:29.026000+00:00,9906,27,1268,376.0,9
2025-09-05T15:27:45.995000+00:00,9906,23,1268,29.1,12
2025-09-05T15:27:48.949000+00:00,9906,5,1268,560.7,8
2025-09-05T15:27:55.155000+00:00,9906,87,1268,463.2,10
2025-09-05T15:28:01.118000+00:00,9906,31,1268,380.5,11
2025-09-05T15:28:34.541000+00:00,9906,16,1268,266.3,11
2025-09-05T15:28:48.750000+00:00,9906,30,1268,518.1,8
2025-09-05T15:28:53.682000+00:00,9906,43,1268,26.7,12
2025-09-05T15:29:04.206000+00:00,9906,44,1268,322.2,9
2025-09-05T15:29:33.879000+00:00,9906,63,1268,255.4,11
2025-09-05T15:29:43.441000+00:00,9906,81,1268,255.7,12
2025-09-05T15:29:59.433000+00:00,9906,1,1268,277.1,10
2025-09-05T15:31:47.345000+00:00,9906,6,1268,260.4,8
2025-09-05T15:31:53.048000+00:00,9906,4,1268,30.5,12
2025-09-05T15:31:57.333000+00:00,9906,18,1268,229.0,13
2025-09-05T15:32:02.280000+00:00,9906,14,1268,441.4,11
2025-09-05T15:32:13.809000+00:00,9906,22,1268,188.5,12
2025-09-05T15:33:02.788000+00:00,9906,27,1268,77.6,12
2025-09-05T15:33:47.251000+00:00,9906,31,1268,28.4,14
2025-09-05T15:34:07.491000+00:00,9906,16,1268,28.5,14
2025-09-05T15:34:21.052000+00:00,9906,5,1268,67.7,11
2025-09-05T15:34:32.209000+00:00,9906,30,1268,20.1,11
2025-09-05T15:35:26.138000+00:00,9906,81,1268,27.5,15
2025-09-05T15:35:29.880000+00:00,9906,44,1268,32.7,12
2025-09-05T15:37:37.197000+00:00,9906,6,1268,18.9,11
2025-09-05T15:39:49.618000+00:00,9906,43,1268,336.0,15
2025-09-05T15:41:05.446000+00:00,9906,10,1268,311.1,15
2025-09-05T15:43:26.043000+00:00,9906,4,1268,392.1,15
2025-09-05T15:43:46.327000+00:00,9906,87,1268,320.0,16
2025-09-05T15:43:50.271000+00:00,9906,55,1268,437.5,18
2025-09-05T15:44:03.459000+00:00,9906,31,1268,332.7,17
2025-09-05T15:44:49.128000+00:00,9906,27,1268,422.1,15
2025-09-05T15:45:01.365000+00:00,9906,5,1268,353.4,14
2025-09-05T15:45:06.673000+00:00,9906,63,1268,313.6,17
2025-09-05T15:45:17.414000+00:00,9906,1,1268,379.2,15
2025-09-05T15:45:32.046000+00:00,9906,23,1268,533.6,17
2025-09-05T15:45:40.982000+00:00,9906,30,1268,362.9,14
2025-09-05T15:45:58.034000+00:00,9906,81,1268,334.4,18
2025-09-05T15:46:36.711000+00:00,9906,44,1268,361.9,15
2025-09-05T15:46:59.209000+00:00,9906,5,1268,20.0,15
2025-09-05T15:47:32.811000+00:00,9906,6,1268,309.3,14
2025-09-05T15:47:43.247000+00:00,9906,22,1268,266.2,18
2025-09-05T15:47:57.627000+00:00,9906,16,1268,341.0,19
2025-09-05T15:50:12.159000+00:00,9906,14,1268,301.8,18
2025-09-05T15:50:15.301000+00:00,9906,18,1268,352.9,20
2025-09-05T15:58:37.960000+00:00,9906,55,1268,24.4,28
2025-09-05T15:58:52.885000+00:00,9906,31,1268,28.2,27
2025-09-05T15:58:55.731000+00:00,9906,23,1268,26.6,26
2025-09-05T15:58:58.470000+00:00,9906,5,1268,32.8,23
2025-09-05T15:59:29.530000+00:00,9906,27,1268,26.4,25
2025-08-31T13:14:08.902000+00:00,9920,18,1267,17.5,8
2025-08-31T13:26:54.106000+00:00,9920,14,1267,17.4,18
2025-08-31T13:28:11.385000+00:00,9920,22,1267,18.3,19
2025-08-31T13:28:14.989000+00:00,9920,43,1267,17.9,19
2025-08-31T13:28:15.583000+00:00,9920,27,1267,17.6,19
2025-08-31T13:31:42.348000+00:00,9920,16,1267,17.0,22
2025-08-31T13:32:12.030000+00:00,9920,5,1267,17.9,22
2025-08-31T13:32:42.693000+00:00,9920,81,1267,17.3,23
2025-08-31T13:32:50.571000+00:00,9920,4,1267,20.0,23
2025-08-31T13:33:08.588000+00:00,9920,1,1267,18.7,23
2025-08-31T13:33:10.743000+00:00,9920,6,1267,17.4,23
2025-08-31T13:33:15.400000+00:00,9920,63,1267,18.8,23
2025-08-31T13:33:26.426000+00:00,9920,30,1267,17.5,23
2025-08-31T13:33:27.973000+00:00,9920,55,1267,17.6,23
2025-08-31T13:33:36.841000+00:00,9920,23,1267,19.6,23
2025-08-31T13:33:38.078000+00:00,9920,12,1267,17.4,23
2025-08-31T13:33:46.302000+00:00,9920,10,1267,19.2,23
2025-08-31T13:41:04.107000+00:00,9920,30,1267,22.2,27
2025-08-31T13:41:10.549000+00:00,9920,55,1267,29.4,27
2025-08-31T13:57:13.731000+00:00,9920,14,1267,17.9,40
2025-08-31T14:10:41.425000+00:00,9920,12,1267,17.3,51
2025-08-31T14:11:54.453000+00:00,9920,16,1267,17.0,52
2025-08-31T14:12:27.454000+00:00,9920,55,1267,30.3,51
2025-08-31T14:12:28.587000+00:00,9920,18,1267,17.5,52
2025-08-31T14:12:31.402000+00:00,9920,31,1267,18.2,52
2025-08-31T14:12:57.746000+00:00,9920,81,1267,18.5,53
2025-08-31T14:13:05.704000+00:00,9920,4,1267,22.6,53
2025-08-31T14:13:14.515000+00:00,9920,1,1267,18.2,53
2025-08-31T14:13:18.893000+00:00,9920,6,1267,18.5,53
2025-08-31T14:13:36.854000+00:00,9920,63,1267,17.3,53
2025-08-31T14:13:40.876000+00:00,9920,23,1267,17.8,53
2025-08-31T14:13:57.375000+00:00,9920,30,1267,18.5,52
2025-08-31T14:13:59.140000+00:00,9920,12,1267,21.3,53
2025-08-31T14:14:13.278000+00:00,9920,87,1267,18.6,53
2025-08-31T14:14:13.825000+00:00,9920,22,1267,18.1,53
2025-08-31T14:14:22.767000+00:00,9920,43,1267,17.5,53
2025-08-31T14:14:23.517000+00:00,9920,27,1267,17.9,53
2025-08-31T14:25:15.119000+00:00,9920,5,1267,17.4,60
2025-08-31T14:31:49.134000+00:00,9920,43,1267,18.0,65
2025-08-31T14:32:08.359000+00:00,9920,55,1267,18.0,65
2025-09-06T10:30:29.321000+00:00,9907,27,1268,,1
2025-09-06T10:31:37.336000+00:00,9907,18,1268,,1
2025-09-06T10:31:49.657000+00:00,9907,14,1268,,1
2025-09-06T10:32:04.073000+00:00,9907,6,1268,,1
2025-09-06T10:34:03.712000+00:00,9907,18,1268,,2
2025-09-06T10:34:21.404000+00:00,9907,14,1268,,2
2025-09-06T10:35:01.754000+00:00,9907,10,1268,,1
2025-09-06T10:35:06.106000+00:00,9907,43,1268,,1
2025-09-06T10:35:23.604000+00:00,9907,22,1268,,1
2025-09-06T10:39:39.005000+00:00,9907,81,1268,,1
2025-09-06T10:39:48.708000+00:00,9907,44,1268,,1
2025-09-06T10:39:55.668000+00:00,9907,16,1268,,1
2025-09-06T10:40:01.001000+00:00,9907,31,1268,,1
2025-09-06T10:40:10.753000+00:00,9907,87,1268,,1
2025-09-06T10:40:20.849000+00:00,9907,55,1268,,1
2025-09-06T10:40:36.015000+00:00,9907,4,1268,,1
2025-09-06T10:40:43.139000+00:00,9907,23,1268,,1
2025-09-06T10:41:10.841000+00:00,9907,6,1268,,2
2025-09-06T10:41:28.557000+00:00,9907,12,1268,,1
2025-09-06T10:42:21.274000+00:00,9907,27,1268,,2
2025-09-06T10:43:33.771000+00:00,9907,30,1268,,1
2025-09-06T10:43:45.378000+00:00,9907,5,1268,,1
2025-09-06T10:44:50.032000+00:00,9907,18,1268,,3
2025-09-06T10:45:37.236000+00:00,9907,14,1268,552.0,3
2025-09-06T10:45:56.560000+00:00,9907,1,1268,,1
2025-09-06T10:47:30.523000+00:00,9907,12,1268,20.9,4
2025-09-06T10:49:26.515000+00:00,9907,63,1268,,1
2025-09-06T10:49:28.741000+00:00,9907,5,1268,19.0,4
2025-09-06T10:49:57.882000+00:00,9907,31,1268,304.2,4
2025-09-06T10:50:19.874000+00:00,9907,23,1268,,6
2025-09-06T10:51:29.287000+00:00,9907,30,1268,,5
2025-09-06T10:51:40.645000+00:00,9907,27,1268,,7
2025-09-06T10:51:46.440000+00:00,9907,55,1268,,7
2025-09-06T10:52:08.202000+00:00,9907,1,1268,,4
2025-09-06T10:54:43.285000+00:00,9907,22,1268,,9
2025-09-06T10:55:39.157000+00:00,9907,5,1268,389.4,7
2025-09-06T10:56:10.293000+00:00,9907,63,1268,,4
2025-09-06T10:56:29.967000+00:00,9907,87,1268,,7
2025-09-06T10:57:03.073000+00:00,9907,6,1268,,8
2025-09-06T10:59:07.921000+00:00,9907,12,1268,718.2,7
2025-09-06T11:00:38.782000+00:00,9907,43,1268,,10
2025-09-06T11:01:33.300000+00:00,9907,30,1268,,8
2025-09-06T11:01:52.257000+00:00,9907,16,1268,,10
2025-09-06T11:02:05.771000+00:00,9907,44,1268,,10
2025-09-06T11:02:13.276000+00:00,9907,63,1268,,7
2025-09-06T11:04:30.202000+00:00,9907,55,1268,,11
2025-09-06T11:06:48.527000+00:00,9907,23,1268,313.2,12
2025-09-06T11:07:28.025000+00:00,9907,44,1268,,13
2025-09-06T11:07:47.407000+00:00,9907,10,1268,,11
2025-09-06T11:09:00.103000+00:00,9907,16,1268,,14
2025-09-06T11:10:21.477000+00:00,9907,4,1268,,13
2025-09-06T11:10:32.432000+00:00,9907,81,1268,,14
2025-09-06T11:10:37.108000+00:00,9907,30,1268,,12
2025-09-06T11:10:40.319000+00:00,9907,18,1268,,12
2025-09-06T11:10:45.268000+00:00,9907,14,1268,2060.0,11
2025-09-06T11:10:50.211000+00:00,9907,27,1268,,10
2025-09-06T11:10:56.331000+00:00,9907,5,1268,1306.5,10
2025-09-06T11:11:24.433000+00:00,9907,6,1268,,11
2025-09-06T11:11:27.433000+00:00,9907,1,1268,,10
2025-09-06T11:11:32.120000+00:00,9907,31,1268,1598.5,10
2025-09-06T11:11:37.579000+00:00,9907,87,1268,,12
2025-09-06T11:12:07.598000+00:00,9907,63,1268,,10
2025-09-06T11:14:15.450000+00:00,9907,22,1268,,18
2025-09-06T11:17:09.242000+00:00,9907,6,1268,,14
2025-09-06T11:17:30.466000+00:00,9907,1,1268,,12
2025-09-06T11:17:56.019000+00:00,9907,87,1268,,15
2025-09-06T11:19:10.459000+00:00,9907,4,1268,,16
2025-09-06T11:19:15.784000+00:00,9907,10,1268,,16
2025-09-06T11:19:18.779000+00:00,9907,23,1268,1063.4,15
2025-09-06T11:19:21.993000+00:00,9907,27,1268,,13
2025-09-06T11:19:26.370000+00:00,9907,5,1268,1816.4,13
2025-09-06T11:19:34.945000+00:00,9907,55,1268,,16
2025-09-06T11:19:40.128000+00:00,9907,18,1268,,15
2025-09-06T11:19:52.292000+00:00,9907,81,1268,,17
2025-09-06T11:20:06.939000+00:00,9907,43,1268,,15
2025-09-06T11:20:15.088000+00:00,9907,14,1268,2629.9,14
2025-09-06T11:20:19.486000+00:00,9907,31,1268,2125.8,13
2025-09-06T11:20:26.782000+00:00,9907,12,1268,1996.9,17
2025-09-06T11:20:41.860000+00:00,9907,63,1268,,13
2025-09-06T11:21:22.372000+00:00,9907,44,1268,,17
2025-09-06T11:21:26.726000+00:00,9907,16,1268,,18
2025-09-06T11:24:40.352000+00:00,9907,87,1268,87.9,18
2025-09-06T11:25:31.430000+00:00,9907,6,1268,225.3,17
2025-09-06T11:26:04.584000+00:00,9907,31,1268,32.5,16
2025-09-06T11:26:13.088000+00:00,9907,63,1268,33.6,16
2025-09-06T11:26:25.138000+00:00,9907,12,1268,31.0,20
2025-09-06T11:26:29.512000+00:00,9907,18,1268,65.9,18
2025-09-06T11:26:31.222000+00:00,9907,14,1268,53.7,17
2025-09-06T11:27:07.747000+00:00,9907,22,1268,,21
2025-09-06T11:27:14.326000+00:00,9907,1,1268,295.8,15
2025-09-06T11:27:38.204000+00:00,9907,6,1268,23.5,18
2025-09-06T11:27:40.033000+00:00,9907,16,1268,30.6,21
2025-09-06T11:28:07.456000+00:00,9907,44,1268,27.9,20
2025-09-06T11:28:51.936000+00:00,9907,63,1268,192.9,17
2025-09-06T11:28:58.393000+00:00,9907,5,1268,287.1,16
2025-09-06T11:29:14.048000+00:00,9907,4,1268,308.3,19
2025-09-06T11:29:18.067000+00:00,9907,27,1268,299.1,16
2025-09-06T11:29:38.998000+00:00,9907,81,1268,284.6,20
2025-09-06T11:29:59.030000+00:00,9907,23,1268,1703.7,21
2025-09-06T14:00:04.843000+00:00,9908,12,1268,,1
2025-09-06T14:00:10.454000+00:00,9908,31,1268,,1
2025-09-06T14:00:22.286000+00:00,9908,87,1268,,1
2025-09-06T14:00:26.580000+00:00,9908,18,1268,,1
2025-09-06T14:00:32.345000+00:00,9908,10,1268,,1
2025-09-06T14:00:37.323000+00:00,9908,5,1268,,1
2025-09-06T14:00:43.049000+00:00,9908,14,1268,,1
2025-09-06T14:00:46.587000+00:00,9908,43,1268,,1
2025-09-06T14:00:48.579000+00:00,9908,27,1268,,1
2025-09-06T14:01:01.744000+00:00,9908,63,1268,,1
2025-09-06T14:01:04.145000+00:00,9908,55,1268,,1
2025-09-06T14:01:12.584000+00:00,9908,16,1268,,1
2025-09-06T14:01:27.997000+00:00,9908,44,1268,,1
2025-09-06T14:03:12.175000+00:00,9908,22,1268,,1
2025-09-06T14:03:22.508000+00:00,9908,1,1268,,1
2025-09-06T14:04:02.879000+00:00,9908,4,1268,,1
2025-09-06T14:04:09.265000+00:00,9908,81,1268,,1
2025-09-06T14:04:19.703000+00:00,9908,6,1268,,1
2025-09-06T14:04:28.952000+00:00,9908,30,1268,,1
2025-09-06T14:04:36.956000+00:00,9908,23,1268,,1
2025-09-06T14:05:53.618000+00:00,9908,10,1268,46.8,4
2025-09-06T14:06:00.318000+00:00,9908,43,1268,39.0,4
2025-09-06T14:06:34.066000+00:00,9908,31,1268,106.8,4
2025-09-06T14:06:40.323000+00:00,9908,16,1268,26.0,4
2025-09-06T14:06:43.846000+00:00,9908,18,1268,102.6,4
2025-09-06T14:06:47.532000+00:00,9908,14,1268,89.4,4
2025-09-06T14:06:55.202000+00:00,9908,87,1268,125.0,4
2025-09-06T14:07:05.599000+00:00,9908,44,1268,44.2,4
2025-09-06T14:07:12.643000+00:00,9908,63,1268,77.1,4
2025-09-06T14:07:15.795000+00:00,9908,27,1268,110.1,4
2025-09-06T14:07:23.328000+00:00,9908,5,1268,126.5,4
2025-09-06T14:07:36.244000+00:00,9908,55,1268,87.4,4
2025-09-06T14:13:29.849000+00:00,9908,31,1268,135.2,7
2025-09-06T14:13:34.605000+00:00,9908,87,1268,121.9,7
2025-09-06T14:13:42.421000+00:00,9908,22,1268,339.4,4
2025-09-06T14:13:53.520000+00:00,9908,1,1268,343.2,4
2025-09-06T14:13:59.779000+00:00,9908,12,1268,122.2,8
2025-09-06T14:14:08.495000+00:00,9908,30,1268,294.9,4
2025-09-06T14:14:17.683000+00:00,9908,81,1268,321.5,4
2025-09-06T14:14:27.504000+00:00,9908,4,1268,340.8,4
2025-09-06T14:14:32.712000+00:00,9908,6,1268,331.5,4
2025-09-06T14:14:34.837000+00:00,9908,55,1268,131.6,7
2025-09-06T14:14:43.675000+00:00,9908,10,1268,215.1,7
2025-09-06T14:14:46.667000+00:00,9908,43,1268,215.3,7
2025-09-06T14:14:48.979000+00:00,9908,23,1268,216.5,5
2025-09-06T14:14:52.833000+00:00,9908,18,1268,202.3,7
2025-09-06T14:15:00.343000+00:00,9908,16,1268,212.8,7
2025-09-06T14:15:10.257000+00:00,9908,44,1268,198.5,7
2025-09-06T14:15:16.486000+00:00,9908,5,1268,187.7,7
2025-09-06T14:15:19.098000+00:00,9908,27,1268,198.4,7
2025-09-06T14:15:26.931000+00:00,9908,14,1268,228.5,7
2025-09-06T14:27:04.936000+00:00,9908,55,1268,374.8,11
2025-09-06T14:27:08.191000+00:00,9908,23,1268,453.0,8
2025-09-06T14:29:23.451000+00:00,9908,1,1268,641.4,7
2025-09-06T14:29:27.380000+00:00,9908,31,1268,669.1,10
2025-09-06T14:29:31.251000+00:00,9908,87,1268,671.7,10
2025-09-06T14:29:41.274000+00:00,9908,63,1268,1046.9,7
2025-09-06T14:29:44.155000+00:00,9908,12,1268,640.4,11
2025-09-06T14:29:54.760000+00:00,9908,22,1268,681.3,7
2025-09-06T14:30:00.735000+00:00,9908,14,1268,659.7,9
2025-09-06T14:30:04.586000+00:00,9908,16,1268,708.7,9
2025-09-06T14:30:09.901000+00:00,9908,44,1268,702.8,9
2025-09-06T14:30:15.063000+00:00,9908,5,1268,607.6,10
2025-09-06T14:30:19.948000+00:00,9908,27,1268,611.5,10
2025-09-06T14:30:34.091000+00:00,9908,4,1268,585.0,8
2025-09-06T14:30:44.183000+00:00,9908,81,1268,606.6,8
2025-09-06T14:32:09.144000+00:00,9908,23,1268,25.3,11
2025-09-06T14:32:44.090000+00:00,9908,55,1268,55.6,14
2025-09-06T14:35:15.648000+00:00,9908,4,1268,93.7,10
2025-09-06T14:37:36.439000+00:00,9908,1,1268,209.3,10
2025-09-06T14:37:39.654000+00:00,9908,22,1268,182.4,10
2025-09-06T14:37:41.886000+00:00,9908,31,1268,221.1,13
2025-09-06T14:37:46.623000+00:00,9908,87,1268,224.5,13
2025-09-06T14:37:49.093000+00:00,9908,12,1268,201.5,14
2025-09-06T14:37:52.729000+00:00,9908,14,1268,193.3,12
2025-09-06T14:37:56.512000+00:00,9908,16,1268,189.6,12
2025-09-06T14:38:00.646000+00:00,9908,5,1268,178.7,13
2025-09-06T14:38:14.625000+00:00,9908,63,1268,228.8,10
2025-09-06T14:38:22.961000+00:00,9908,81,1268,177.1,11
2025-09-06T14:38:39.441000+00:00,9908,44,1268,226.6,12
2025-09-06T14:38:45.602000+00:00,9908,27,1268,231.5,13
2025-09-06T14:38:50.626000+00:00,9908,55,1268,79.3,17
2025-09-06T14:39:31.495000+00:00,9908,23,1268,177.7,14
2025-09-06T14:51:08.929000+00:00,9908,4,1268,378.2,16
2025-09-06T14:51:11.918000+00:00,9908,12,1268,495.8,17
2025-09-06T14:51:15.782000+00:00,9908,81,1268,474.2,14
2025-09-06T14:51:24.849000+00:00,9908,63,1268,488.6,13
2025-09-06T14:51:29.978000+00:00,9908,16,1268,501.9,15
2025-09-06T14:51:39.635000+00:00,9908,14,1268,518.2,15
2025-09-06T14:51:48.877000+00:00,9908,44,1268,497.6,15
2025-09-06T14:51:55.883000+00:00,9908,22,1268,560.1,13
2025-09-06T14:52:15.809000+00:00,9908,1,1268,583.3,13
2025-09-06T14:52:18.872000+00:00,9908,5,1268,549.4,16
2025-09-06T14:58:44.037000+00:00,9908,22,1268,125.4,16
2025-09-06T14:58:49.916000+00:00,9908,16,1268,148.6,18
2025-09-06T14:58:53.331000+00:00,9908,44,1268,137.9,18
2025-09-06T14:58:58.835000+00:00,9908,81,1268,177.1,17
2025-09-06T14:59:05.820000+00:00,9908,4,1268,196.4,19
2025-09-06T14:59:22.605000+00:00,9908,1,1268,157.9,16
2025-09-06T14:59:24.660000+00:00,9908,14,1268,182.3,18
2025-09-06T14:59:27.941000+00:00,9908,5,1268,159.5,19
2025-09-06T14:59:33.887000+00:00,9908,12,1268,219.3,20
2025-09-06T14:59:42.951000+00:00,9908,63,1268,211.3,16
2025-09-19T08:30:06.585000+00:00,9897,43,1269,,1
2025-09-19T08:30:40.406000+00:00,9897,27,1269,,1
2025-09-19T08:31:14.343000+00:00,9897,30,1269,,1
2025-09-19T08:31:17.578000+00:00,9897,87,1269,,1
2025-09-19T08:31:20.984000+00:00,9897,31,1269,,1
2025-09-19T08:31:32.968000+00:00,9897,5,1269,,1
2025-09-19T08:31:38.703000+00:00,9897,1,1269,,1
2025-09-19T08:31:48.015000+00:00,9897,22,1269,,1
2025-09-19T08:31:54.297000+00:00,9897,6,1269,,1
2025-09-19T08:31:55.750000+00:00,9897,10,1269,,1
2025-09-19T08:32:00.359000+00:00,9897,12,1269,,1
2025-09-19T08:32:14.422000+00:00,9897,4,1269,,1
2025-09-19T08:32:17.640000+00:00,9897,81,1269,,1
2025-09-19T08:32:21.515000+00:00,9897,44,1269,,1
2025-09-19T08:32:34.109000+00:00,9897,16,1269,,1
2025-09-19T08:32:42.609000+00:00,9897,55,1269,,1
2025-09-19T08:32:49.906000+00:00,9897,23,1269,,1
2025-09-19T08:33:30.984000+00:00,9897,63,1269,,1
2025-09-19T08:35:00.131000+00:00,9897,4,1269,30.9,2
2025-09-19T08:35:06.384000+00:00,9897,18,1269,,1
2025-09-19T08:35:27.333000+00:00,9897,14,1269,,1
2025-09-19T08:41:29.335000+00:00,9897,12,1269,15.8,5
2025-09-19T08:42:11.776000+00:00,9897,43,1269,590.8,2
2025-09-19T09:09:03.073000+00:00,9897,55,1269,,6
2025-09-19T09:09:07.463000+00:00,9897,6,1269,,7
2025-09-19T09:09:12.057000+00:00,9897,23,1269,,6
2025-09-19T09:09:16.104000+00:00,9897,5,1269,,7
2025-09-19T09:09:19.870000+00:00,9897,30,1269,,7
2025-09-19T09:09:23.776000+00:00,9897,4,1269,2094.6,7
2025-09-19T09:09:25.667000+00:00,9897,63,1269,,6
2025-09-19T09:09:31.182000+00:00,9897,10,1269,,6
2025-09-19T09:09:34.776000+00:00,9897,27,1269,,7
2025-09-19T09:09:40.729000+00:00,9897,14,1269,,5
2025-09-19T09:09:51.292000+00:00,9897,18,1269,,5
2025-09-19T09:09:57.792000+00:00,9897,12,1269,1723.9,6
2025-09-19T09:10:02.964000+00:00,9897,81,1269,1957.4,3
2025-09-19T09:10:07.479000+00:00,9897,43,1269,2266.4,3
2025-09-19T09:10:13.167000+00:00,9897,44,1269,,6
2025-09-19T09:10:20.604000+00:00,9897,87,1269,,7
2025-09-19T09:10:24.667000+00:00,9897,1,1269,,7
2025-09-19T09:10:27.886000+00:00,9897,31,1269,,7
2025-09-19T09:10:33.682000+00:00,9897,16,1269,,6
2025-09-19T09:10:39.108000+00:00,9897,22,1269,,7
2025-09-19T09:14:22.762000+00:00,9897,4,1269,24.4,9
2025-09-19T09:16:05.667000+00:00,9897,27,1269,23.6,10
2025-09-19T09:16:43.335000+00:00,9897,12,1269,28.8,9
2025-09-19T09:17:11.140000+00:00,9897,16,1269,25.2,9
2025-09-19T09:17:16.437000+00:00,9897,6,1269,133.0,10
2025-09-19T09:17:19.515000+00:00,9897,87,1269,49.8,10
2025-09-19T09:17:35.141000+00:00,9897,30,1269,137.0,10
2025-09-19T09:17:39.109000+00:00,9897,31,1269,28.9,10
2025-09-19T09:17:41.078000+00:00,9897,63,1269,131.0,9
2025-09-19T09:17:43.812000+00:00,9897,23,1269,35.4,10
2025-09-19T09:18:10.854000+00:00,9897,10,1269,29.3,10
2025-09-19T09:19:10.300000+00:00,9897,43,1269,23.2,7
2025-09-19T09:19:28.090000+00:00,9897,5,1269,22.4,12
2025-09-19T09:21:23.522000+00:00,9897,22,1269,258.0,10
2025-09-19T09:21:56.882000+00:00,9897,14,1269,128.4,10
2025-09-19T09:22:01.241000+00:00,9897,18,1269,109.5,10
2025-09-19T09:22:10.257000+00:00,9897,55,1269,27.6,12
2025-09-19T09:22:28.944000+00:00,9897,1,1269,340.8,10
2025-09-19T09:23:14.934000+00:00,9897,81,1269,25.3,9
2025-09-19T09:24:13.508000+00:00,9897,44,1269,210.6,10
2025-09-19T09:24:58.380000+00:00,9897,63,1269,27.2,12
2025-09-19T09:26:32.429000+00:00,9897,5,1269,15.5,15
2025-09-07T13:16:53.514000+00:00,9912,30,1268,24.1,9
2025-09-07T13:29:32.892000+00:00,9912,87,1268,25.3,18
2025-09-07T13:30:55.643000+00:00,9912,22,1268,24.3,19
2025-09-07T13:32:17.703000+00:00,9912,14,1268,25.1,20
2025-09-07T13:32:18.133000+00:00,9912,5,1268,26.1,20
2025-09-07T13:41:53.352000+00:00,9912,63,1268,25.0,27
2025-09-07T13:43:27.984000+00:00,9912,12,1268,24.9,28
2025-09-07T13:46:19.995000+00:00,9912,55,1268,24.6,30
2025-09-07T13:49:09.830000+00:00,9912,6,1268,24.3,32
2025-09-07T13:50:04.888000+00:00,9912,16,1268,24.2,33
2025-09-07T13:50:45.883000+00:00,9912,43,1268,24.9,33
2025-09-07T13:55:17.647000+00:00,9912,1,1268,24.5,37
2025-09-07T13:57:08.320000+00:00,9912,44,1268,23.9,38
2025-09-07T14:01:27.096000+00:00,9912,23,1268,24.7,41
2025-09-07T14:06:26.941000+00:00,9912,81,1268,23.6,45
2025-09-07T14:07:50.629000+00:00,9912,4,1268,27.4,46
2025-09-07T14:12:58.481000+00:00,9912,10,1268,25.0,49
2025-09-07T14:13:01.946000+00:00,9912,18,1268,38.4,49
2025-09-07T14:15:37.870000+00:00,9912,31,1268,30.7,51
2025-09-19T12:01:34.482000+00:00,9898,27,1269,,1
2025-09-19T12:01:37.217000+00:00,9898,5,1269,,1
2025-09-19T12:01:59.295000+00:00,9898,31,1269,,1
2025-09-19T12:02:08.279000+00:00,9898,30,1269,,1
2025-09-19T12:02:12.014000+00:00,9898,81,1269,,1
2025-09-19T12:02:18.420000+00:00,9898,14,1269,,1
2025-09-19T12:02:20.779000+00:00,9898,87,1269,,1
2025-09-19T12:02:24.795000+00:00,9898,12,1269,,1
2025-09-19T12:02:29.748000+00:00,9898,22,1269,,1
2025-09-19T12:02:41.889000+00:00,9898,6,1269,,1
2025-09-19T12:02:50.826000+00:00,9898,23,1269,,1
2025-09-19T12:03:02.030000+00:00,9898,1,1269,,1
2025-09-19T12:03:15.074000+00:00,9898,44,1269,,1
2025-09-19T12:03:30.090000+00:00,9898,18,1269,,1
2025-09-19T12:03:43.871000+00:00,9898,16,1269,,1
2025-09-19T12:03:56.309000+00:00,9898,10,1269,,1
2025-09-19T12:04:17.152000+00:00,9898,43,1269,,1
2025-09-19T12:04:31.990000+00:00,9898,55,1269,,1
2025-09-19T12:05:44.497000+00:00,9898,63,1269,,1
2025-09-19T12:06:17.403000+00:00,9898,4,1269,,1
2025-09-19T12:09:14.008000+00:00,9898,81,1269,24.1,4
2025-09-19T12:09:33.194000+00:00,9898,30,1269,31.2,4
2025-09-19T12:15:45.615000+00:00,9898,18,1269,80.7,6
2025-09-19T12:15:55.019000+00:00,9898,81,1269,24.0,7
2025-09-19T12:26:46.868000+00:00,9898,43,1269,521.3,7
2025-09-19T12:27:41.634000+00:00,9898,4,1269,615.6,6
2025-09-19T12:27:46.875000+00:00,9898,18,1269,373.4,9
2025-09-19T12:27:51.134000+00:00,9898,30,1269,742.9,7
2025-09-19T12:27:53.811000+00:00,9898,23,1269,423.4,9
2025-09-19T12:27:58.412000+00:00,9898,55,1269,512.7,8
2025-09-19T12:28:06.535000+00:00,9898,6,1269,598.2,8
2025-09-19T12:28:16.306000+00:00,9898,87,1269,642.0,8
2025-09-19T12:28:23.462000+00:00,9898,31,1269,687.2,8
2025-09-19T12:28:35.853000+00:00,9898,22,1269,615.5,8
2025-09-19T12:28:46.650000+00:00,9898,12,1269,635.6,8
2025-09-19T12:28:57.041000+00:00,9898,27,1269,774.0,8
2025-09-19T12:29:01.353000+00:00,9898,1,1269,638.9,8
2025-09-19T12:29:08.525000+00:00,9898,10,1269,588.5,8
2025-09-19T12:29:19.056000+00:00,9898,81,1269,544.3,9
2025-09-19T12:29:34.953000+00:00,9898,14,1269,495.4,10
2025-09-19T12:29:40.952000+00:00,9898,16,1269,403.0,10
2025-09-19T12:29:46.781000+00:00,9898,5,1269,672.3,9
2025-09-19T12:32:29.340000+00:00,9898,44,1269,626.8,9
2025-09-19T12:32:34.445000+00:00,9898,63,1269,814.0,7
2025-09-19T12:34:27.770000+00:00,9898,18,1269,29.1,12
2025-09-19T12:36:34.511000+00:00,9898,81,1269,40.4,12
2025-09-19T12:39:07.633000+00:00,9898,12,1269,26.6,12
2025-09-19T12:39:20.570000+00:00,9898,63,1269,16.4,10
2025-09-19T12:41:09.934000+00:00,9898,16,1269,25.6,15
2025-09-19T12:42:36.546000+00:00,9898,44,1269,24.0,13
2025-09-19T12:43:39.453000+00:00,9898,55,1269,284.0,13
2025-09-19T12:43:50.227000+00:00,9898,23,1269,323.0,14
2025-09-19T12:44:22.149000+00:00,9898,43,1269,407.6,12
2025-09-19T12:44:27.258000+00:00,9898,30,1269,353.2,12
2025-09-19T12:44:30.352000+00:00,9898,27,1269,430.7,12
2025-09-19T12:45:28.517000+00:00,9898,31,1269,257.1,14
2025-09-19T12:45:42.314000+00:00,9898,87,1269,272.5,14
2025-09-19T12:46:05.376000+00:00,9898,6,1269,284.9,14
2025-09-19T12:46:45.673000+00:00,9898,18,1269,379.0,15
2025-09-19T12:47:05.673000+00:00,9898,5,1269,305.9,14
2025-09-19T12:47:38.138000+00:00,9898,1,1269,350.5,14
2025-09-19T12:47:58.708000+00:00,9898,22,1269,400.1,14
2025-09-19T12:48:50.512000+00:00,9898,14,1269,363.2,16
2025-09-19T12:49:36.396000+00:00,9898,81,1269,281.5,16
2025-09-19T12:50:00.709000+00:00,9898,63,1269,353.3,12
2025-09-19T12:50:32.600000+00:00,9898,12,1269,297.2,15
2025-09-19T12:50:59.675000+00:00,9898,16,1269,343.5,17
2025-09-19T12:53:34.519000+00:00,9898,10,1269,249.8,17
2025-09-19T12:54:11.441000+00:00,9898,44,1269,309.4,16
2025-09-20T08:35:40.328000+00:00,9899,30,1269,,1
2025-09-20T08:36:10.552000+00:00,9899,87,1269,,1
2025-09-20T08:36:49.707000+00:00,9899,6,1269,,1
2025-09-20T08:42:56.189000+00:00,9899,4,1269,,1
2025-09-20T08:43:58.286000+00:00,9899,30,1269,356.9,2
2025-09-20T08:44:56.074000+00:00,9899,31,1269,,1
2025-09-20T08:45:04.763000+00:00,9899,81,1269,,1
2025-09-20T08:45:08.315000+00:00,9899,27,1269,,1
2025-09-20T08:46:20.318000+00:00,9899,44,1269,,1
2025-09-20T08:46:28.943000+00:00,9899,10,1269,,1
2025-09-20T08:46:37.473000+00:00,9899,16,1269,,1
2025-09-20T08:46:43.687000+00:00,9899,43,1269,,1
2025-09-20T08:46:46.636000+00:00,9899,18,1269,,1
2025-09-20T08:46:54.263000+00:00,9899,14,1269,,1
2025-09-20T08:46:59.743000+00:00,9899,5,1269,,1
2025-09-20T08:47:04.606000+00:00,9899,6,1269,479.9,2
2025-09-20T08:47:17.988000+00:00,9899,31,1269,14.9,2
2025-09-20T08:47:25.346000+00:00,9899,22,1269,,1
2025-09-20T08:47:35.907000+00:00,9899,55,1269,,1
2025-09-20T08:47:43.376000+00:00,9899,23,1269,,1
2025-09-20T08:49:49.594000+00:00,9899,12,1269,,1
2025-09-20T08:52:30.575000+00:00,9899,63,1269,,1
2025-09-20T08:52:40.585000+00:00,9899,1,1269,,1
2025-09-20T08:53:55.364000+00:00,9899,5,1269,15.3,4
2025-09-20T08:57:03.572000+00:00,9899,12,1269,15.1,4
2025-09-20T08:57:54.445000+00:00,9899,87,1269,306.9,9
2025-09-20T08:58:05.974000+00:00,9899,16,1269,20.8,6
2025-09-20T09:02:49.256000+00:00,9899,44,1269,24.2,8
2025-09-20T09:04:31.410000+00:00,9899,30,1269,247.1,10
2025-09-20T09:07:14.058000+00:00,9899,16,1269,174.5,9
2025-09-20T09:09:35.771000+00:00,9899,14,1269,330.1,9
2025-09-20T09:09:59.721000+00:00,9899,44,1269,304.3,9
2025-09-20T09:10:30.404000+00:00,9899,18,1269,513.6,8
2025-09-20T09:12:29.377000+00:00,9899,22,1269,477.6,9
2025-09-20T09:13:44.198000+00:00,9899,23,1269,385.7,10
2025-09-20T09:14:00.960000+00:00,9899,63,1269,378.0,8
2025-09-20T09:14:13.870000+00:00,9899,10,1269,298.0,12
2025-09-20T09:14:20.244000+00:00,9899,12,1269,367.9,9
2025-09-20T09:14:34.701000+00:00,9899,6,1269,293.8,13
2025-09-20T09:14:40.512000+00:00,9899,4,1269,597.4,12
2025-09-20T09:14:54.974000+00:00,9899,27,1269,628.7,10
2025-09-20T09:15:05.189000+00:00,9899,87,1269,437.1,14
2025-09-20T09:16:37.695000+00:00,9899,81,1269,475.9,13
2025-09-20T09:17:07.261000+00:00,9899,43,1269,451.4,11
2025-09-20T09:17:12.065000+00:00,9899,5,1269,714.7,9
2025-09-20T09:17:20.326000+00:00,9899,1,1269,224.1,11
2025-09-20T09:17:42.970000+00:00,9899,55,1269,626.2,10
2025-09-20T09:18:05.694000+00:00,9899,18,1269,117.4,11
2025-09-20T09:18:15.056000+00:00,9899,16,1269,309.1,12
2025-09-20T09:18:19.161000+00:00,9899,30,1269,351.1,14
2025-09-20T09:18:25.713000+00:00,9899,31,1269,557.9,13
2025-09-20T09:18:47.719000+00:00,9899,14,1269,193.9,12
2025-09-20T09:19:07.622000+00:00,9899,44,1269,191.2,12
2025-09-20T09:20:24.419000+00:00,9899,22,1269,136.9,12
2025-09-20T09:20:48.978000+00:00,9899,63,1269,16.3,11
2025-09-20T09:21:32.881000+00:00,9899,12,1269,15.4,12
2025-09-20T09:24:06.798000+00:00,9899,5,1269,26.3,12
2025-09-20T09:27:18.364000+00:00,9899,18,1269,60.4,15
2025-09-20T09:28:33.587000+00:00,9899,27,1269,194.2,15
2025-09-20T09:29:34.878000+00:00,9899,4,1269,250.6,17
2025-09-20T12:00:03.602000+00:00,9900,23,1269,,1
2025-09-20T12:00:08.420000+00:00,9900,27,1269,,1
2025-09-20T12:00:13.229000+00:00,9900,5,1269,,1
2025-09-20T12:00:20.924000+00:00,9900,87,1269,,1
2025-09-20T12:00:25.339000+00:00,9900,31,1269,,1
2025-09-20T12:00:31.437000+00:00,9900,43,1269,,1
2025-09-20T12:00:39.599000+00:00,9900,55,1269,,1
2025-09-20T12:00:46.458000+00:00,9900,6,1269,,1
2025-09-20T12:00:56.187000+00:00,9900,10,1269,,1
2025-09-20T12:01:00.544000+00:00,9900,30,1269,,1
2025-09-20T12:01:14.969000+00:00,9900,14,1269,,1
2025-09-20T12:01:23.503000+00:00,9900,18,1269,,1
2025-09-20T12:01:34.674000+00:00,9900,22,1269,,1
2025-09-20T12:01:44.326000+00:00,9900,16,1269,,1
2025-09-20T12:01:49.696000+00:00,9900,44,1269,,1
2025-09-20T12:02:00.439000+00:00,9900,4,1269,,1
2025-09-20T12:02:09.603000+00:00,9900,63,1269,,1
2025-09-20T12:02:15.125000+00:00,9900,12,1269,,1
2025-09-20T12:02:34.094000+00:00,9900,1,1269,,1
2025-09-20T12:02:54.004000+00:00,9900,81,1269,,1
2025-09-20T12:15:06.106000+00:00,9900,10,1269,,4
2025-09-20T12:15:11.998000+00:00,9900,14,1269,,4
2025-09-20T12:15:23.317000+00:00,9900,18,1269,,4
2025-09-20T12:15:30.706000+00:00,9900,63,1269,,4
2025-09-20T12:15:37.285000+00:00,9900,12,1269,,3
2025-09-20T12:15:49.067000+00:00,9900,22,1269,,4
2025-09-20T12:15:57.316000+00:00,9900,16,1269,,4
2025-09-20T12:16:03.686000+00:00,9900,44,1269,,4
2025-09-20T12:16:09.690000+00:00,9900,43,1269,590.8,4
2025-09-20T12:16:17.596000+00:00,9900,81,1269,,3
2025-09-20T12:16:30.327000+00:00,9900,4,1269,,4
2025-09-20T12:16:40.230000+00:00,9900,1,1269,,4
2025-09-20T12:16:44.998000+00:00,9900,55,1269,,4
2025-09-20T12:16:49.918000+00:00,9900,6,1269,,4
2025-09-20T12:17:05.507000+00:00,9900,27,1269,674.5,4
2025-09-20T12:17:12.148000+00:00,9900,5,1269,667.5,4
2025-09-20T12:17:19.508000+00:00,9900,30,1269,,4
2025-09-20T12:18:44.739000+00:00,9900,87,1269,,5
2025-09-20T12:18:47.353000+00:00,9900,31,1269,,5
2025-09-20T12:28:04.854000+00:00,9900,55,1269,,6
2025-09-20T12:28:09.370000+00:00,9900,87,1269,,6
2025-09-20T12:28:13.710000+00:00,9900,31,1269,,6
2025-09-20T12:28:18.966000+00:00,9900,30,1269,,6
2025-09-20T12:28:23.989000+00:00,9900,6,1269,,6
2025-09-20T12:28:28.951000+00:00,9900,5,1269,1344.0,6
2025-09-20T12:28:35.510000+00:00,9900,18,1269,,7
2025-09-20T12:28:43.670000+00:00,9900,14,1269,,7
2025-09-20T12:28:53.113000+00:00,9900,63,1269,,7
2025-09-20T12:28:59.106000+00:00,9900,12,1269,,6
2025-09-20T12:29:08.610000+00:00,9900,16,1269,,7
2025-09-20T12:29:20.017000+00:00,9900,4,1269,,6
2025-09-20T12:29:32.328000+00:00,9900,1,1269,,6
2025-09-20T12:29:39.632000+00:00,9900,44,1269,,7
2025-09-20T12:29:48.027000+00:00,9900,22,1269,,7
2025-09-20T12:29:57.520000+00:00,9900,81,1269,,6
2025-09-20T12:30:05.736000+00:00,9900,27,1269,1455.1,6
2025-09-20T12:31:41.644000+00:00,9900,10,1269,,7
2025-09-20T12:31:45.395000+00:00,9900,43,1269,1526.6,7
2025-09-20T12:48:02.781000+00:00,9900,55,1269,,10
2025-09-20T12:48:06.405000+00:00,9900,87,1269,,10
2025-09-20T12:48:10.449000+00:00,9900,6,1269,,10
2025-09-20T12:48:15.691000+00:00,9900,30,1269,,10
2025-09-20T12:48:20.807000+00:00,9900,14,1269,,11
2025-09-20T12:48:29.135000+00:00,9900,16,1269,,10
2025-09-20T12:48:37.250000+00:00,9900,44,1269,,10
2025-09-20T12:48:50.633000+00:00,9900,1,1269,,9
2025-09-20T12:48:58.208000+00:00,9900,22,1269,,10
2025-09-20T12:49:04.881000+00:00,9900,81,1269,891.3,8
2025-09-20T12:49:22.984000+00:00,9900,4,1269,,9
2025-09-20T12:49:29.636000+00:00,9900,5,1269,2605.0,10
2025-09-20T12:49:34.624000+00:00,9900,18,1269,,11
2025-09-20T12:58:02.973000+00:00,9900,16,1269,,12
2025-09-20T12:58:05.403000+00:00,9900,44,1269,,12
2025-09-20T12:58:09.384000+00:00,9900,5,1269,3124.7,11
2025-09-20T12:58:16.209000+00:00,9900,55,1269,,12
2025-09-20T12:58:19.217000+00:00,9900,6,1269,,12
2025-09-20T12:58:25.179000+00:00,9900,30,1269,,12
2025-09-20T12:58:31.901000+00:00,9900,18,1269,,12
2025-09-20T12:58:40.319000+00:00,9900,14,1269,,13
2025-09-20T12:58:51.360000+00:00,9900,4,1269,,10
2025-09-20T12:59:00.437000+00:00,9900,81,1269,1487.1,9
2025-09-20T12:59:21.365000+00:00,9900,63,1269,,10
2025-09-20T12:59:23.960000+00:00,9900,12,1269,,9
2025-09-20T13:00:55.757000+00:00,9900,22,1269,,12
2025-09-20T13:01:10.128000+00:00,9900,1,1269,,11
2025-09-20T13:04:33.654000+00:00,9900,30,1269,25.8,15
2025-09-20T13:04:46.611000+00:00,9900,16,1269,21.9,15
2025-09-20T13:05:11.867000+00:00,9900,4,1269,22.4,13
2025-09-20T13:05:25.331000+00:00,9900,81,1269,15.6,12
2025-09-20T13:05:40.399000+00:00,9900,63,1269,25.1,13
2025-09-20T13:05:46.298000+00:00,9900,12,1269,18.4,12
2025-09-20T13:05:54.003000+00:00,9900,6,1269,110.7,15
2025-09-20T13:05:56.471000+00:00,9900,5,1269,122.2,14
2025-09-20T13:06:03.239000+00:00,9900,18,1269,105.9,15
2025-09-20T13:06:06.127000+00:00,9900,55,1269,117.2,15
2025-09-20T13:18:37.445000+00:00,9900,30,1269,364.1,19
2025-09-20T13:18:39.337000+00:00,9900,55,1269,494.7,17
2025-09-20T13:18:42.846000+00:00,9900,6,1269,391.8,18
2025-09-20T13:18:48.488000+00:00,9900,63,1269,425.1,16
2025-09-20T13:18:58.856000+00:00,9900,4,1269,596.9,15
2025-09-20T13:19:04.236000+00:00,9900,12,1269,433.6,15
2025-09-20T13:19:17.299000+00:00,9900,81,1269,469.6,15
2025-09-20T13:19:29.757000+00:00,9900,16,1269,529.2,18
2025-09-20T13:19:42.071000+00:00,9900,22,1269,400.6,18
2025-09-20T13:20:54.447000+00:00,9900,1,1269,464.1,17
2025-09-20T13:37:03.066000+00:00,9900,1,1269,1432.7,19
2025-09-20T13:37:06.412000+00:00,9900,55,1269,1601.8,20
2025-09-20T13:37:11.728000+00:00,9900,30,1269,1478.4,22
2025-09-20T13:37:17.338000+00:00,9900,6,1269,1506.2,21
2025-09-20T13:37:29.066000+00:00,9900,4,1269,1707.4,17
2025-09-20T13:37:30.458000+00:00,9900,63,1269,1547.1,18
2025-09-20T13:37:39.916000+00:00,9900,12,1269,1549.3,17
2025-09-20T13:37:46.441000+00:00,9900,81,1269,1579.0,17
2025-09-20T13:39:34.890000+00:00,9900,22,1269,1593.4,20
2025-09-20T13:54:05.449000+00:00,9900,4,1269,2703.8,19
2025-09-20T13:54:07.930000+00:00,9900,55,1269,892.7,21
2025-09-20T13:54:09.133000+00:00,9900,63,1269,2545.7,20
2025-09-20T13:54:13.876000+00:00,9900,30,1269,2500.6,24
2025-09-20T13:54:21.385000+00:00,9900,12,1269,2551.0,19
2025-09-20T13:54:27.243000+00:00,9900,6,1269,2536.1,23
2025-09-20T13:54:39.787000+00:00,9900,1,1269,2489.5,21
2025-09-20T13:54:42.422000+00:00,9900,22,1269,2501.1,21
2025-09-21T11:06:46.423000+00:00,9904,31,1269,20.6,1
2025-09-21T11:06:49.884000+00:00,9904,23,1269,20.7,1
2025-09-21T11:09:33.338000+00:00,9904,31,1269,20.7,2
2025-09-21T11:35:01.462000+00:00,9904,23,1269,20.4,15
2025-09-21T11:36:47.573000+00:00,9904,43,1269,21.0,16
2025-09-21T11:39:57.929000+00:00,9904,12,1269,20.6,18
2025-09-21T11:41:48.078000+00:00,9904,16,1269,20.5,19
2025-09-21T11:43:29.987000+00:00,9904,30,1269,20.2,20
2025-09-21T11:45:39.568000+00:00,9904,14,1269,25.7,21
2025-09-21T11:54:26.716000+00:00,9904,5,1269,20.8,26
2025-09-21T11:55:46.106000+00:00,9904,55,1269,20.5,27
2025-09-21T11:58:15.816000+00:00,9904,87,1269,21.1,28
2025-09-21T11:59:39.951000+00:00,9904,6,1269,20.2,29
2025-09-21T12:10:52.496000+00:00,9904,10,1269,21.5,35
2025-09-21T12:11:50.527000+00:00,9904,44,1269,20.0,36
2025-09-21T12:12:31.321000+00:00,9904,27,1269,19.9,36
2025-09-21T12:13:29.850000+00:00,9904,4,1269,21.9,37
2025-09-21T12:14:16.991000+00:00,9904,18,1269,21.8,37
2025-09-21T12:15:11.792000+00:00,9904,22,1269,20.3,38
2025-09-21T12:16:46.908000+00:00,9904,63,1269,19.8,39
2025-09-21T12:18:18.936000+00:00,9904,1,1269,20.2,40
2025-10-03T13:01:50.156000+00:00,9890,27,1270,,1
2025-10-03T13:02:11.939000+00:00,9890,81,1270,,1
2025-10-03T13:02:17.114000+00:00,9890,4,1270,,1
2025-10-03T13:02:20.045000+00:00,9890,30,1270,,1
2025-10-03T13:02:22.576000+00:00,9890,43,1270,,1
2025-10-03T13:02:24.256000+00:00,9890,10,1270,,1
2025-10-03T13:02:26.637000+00:00,9890,1,1270,,1
2025-10-03T13:02:30.473000+00:00,9890,5,1270,,1
2025-10-03T13:02:32.122000+00:00,9890,55,1270,,1
2025-10-03T13:02:36.140000+00:00,9890,6,1270,,1
2025-10-03T13:02:37.045000+00:00,9890,87,1270,,1
2025-10-03T13:02:42.288000+00:00,9890,31,1270,,1
2025-10-03T13:02:43.706000+00:00,9890,12,1270,,1
2025-10-03T13:02:46.937000+00:00,9890,44,1270,,1
2025-10-03T13:02:50.469000+00:00,9890,22,1270,,1
2025-10-03T13:02:59.257000+00:00,9890,18,1270,,1
2025-10-03T13:03:14.741000+00:00,9890,23,1270,,1
2025-10-03T13:04:01.928000+00:00,9890,14,1270,,1
2025-10-03T13:04:22.629000+00:00,9890,16,1270,,1
2025-10-03T13:05:36.968000+00:00,9890,63,1270,,1
2025-10-03T13:08:53.457000+00:00,9890,43,1270,26.6,4
2025-10-03T13:09:00.447000+00:00,9890,10,1270,18.2,4
2025-10-03T13:12:02.266000+00:00,9890,12,1270,35.6,5
2025-10-03T13:12:22.816000+00:00,9890,44,1270,27.4,5
2025-10-03T13:14:21.548000+00:00,9890,22,1270,27.2,6
2025-10-03T13:14:58.614000+00:00,9890,87,1270,44.8,6
2025-10-03T13:15:06.770000+00:00,9890,10,1270,18.2,7
2025-10-03T13:16:57.491000+00:00,9890,16,1270,30.2,7
2025-10-03T13:17:27.262000+00:00,9890,43,1270,26.7,8
2025-10-03T13:18:04.831000+00:00,9890,5,1270,44.2,8
2025-10-03T13:29:02.150000+00:00,9890,16,1270,754.8,8
2025-10-03T13:29:05.707000+00:00,9890,44,1270,1030.3,8
2025-10-03T13:29:09.738000+00:00,9890,87,1270,895.9,8
2025-10-03T13:29:13.358000+00:00,9890,31,1270,,9
2025-10-03T13:29:18.931000+00:00,9890,10,1270,870.1,9
2025-10-03T13:29:29.271000+00:00,9890,27,1270,843.7,8
2025-10-03T13:29:43.577000+00:00,9890,55,1270,,9
2025-10-03T13:29:45.767000+00:00,9890,23,1270,,9
2025-10-03T13:29:56.692000+00:00,9890,30,1270,717.2,9
2025-10-03T13:30:11.158000+00:00,9890,14,1270,775.1,8
2025-10-03T13:30:25.171000+00:00,9890,43,1270,804.4,9
2025-10-03T13:30:32.022000+00:00,9890,12,1270,728.4,8
2025-10-03T13:30:45.022000+00:00,9890,6,1270,,9
2025-10-03T13:31:04.952000+00:00,9890,4,1270,751.8,9
2025-10-03T13:31:10.933000+00:00,9890,5,1270,830.4,9
2025-10-03T13:31:20.562000+00:00,9890,81,1270,789.2,9
2025-10-03T13:31:38.969000+00:00,9890,1,1270,791.5,9
2025-10-03T13:31:49.253000+00:00,9890,18,1270,,9
2025-10-03T13:31:53.694000+00:00,9890,22,1270,1079.4,9
2025-10-03T13:47:04.968000+00:00,9890,6,1270,,11
2025-10-03T13:47:09.257000+00:00,9890,43,1270,1808.7,12
2025-10-03T13:47:16.920000+00:00,9890,10,1270,1948.3,12
2025-10-03T13:47:20.571000+00:00,9890,87,1270,1986.5,11
2025-10-03T13:47:39.105000+00:00,9890,27,1270,1933.7,11
2025-10-03T13:47:42.475000+00:00,9890,5,1270,1821.9,11
2025-10-03T13:47:46.303000+00:00,9890,55,1270,,12
2025-10-03T13:47:49.915000+00:00,9890,23,1270,,12
2025-10-03T13:48:06.201000+00:00,9890,14,1270,1850.1,11
2025-10-03T13:48:08.910000+00:00,9890,12,1270,1785.5,10
2025-10-03T13:48:15.811000+00:00,9890,1,1270,1788.1,11
2025-10-03T13:48:23.641000+00:00,9890,31,1270,,12
2025-10-03T13:48:35.046000+00:00,9890,18,1270,,11
2025-10-03T13:48:42.934000+00:00,9890,16,1270,1935.4,11
2025-10-03T13:49:03.251000+00:00,9890,81,1270,1851.7,11
2025-10-03T13:49:16.541000+00:00,9890,22,1270,2121.9,11
2025-10-03T13:49:32.247000+00:00,9890,44,1270,2256.8,11
2025-10-03T13:49:38.628000+00:00,9890,4,1270,1865.4,11
2025-10-03T13:51:48.744000+00:00,9890,5,1270,18.3,13
2025-10-03T13:53:36.536000+00:00,9890,10,1270,18.2,15
2025-10-03T13:53:42.711000+00:00,9890,43,1270,32.4,15
2025-10-03T13:53:58.139000+00:00,9890,44,1270,31.4,13
2025-10-03T13:55:21.286000+00:00,9890,16,1270,20.9,14
2025-10-03T13:57:08.603000+00:00,9890,22,1270,25.7,15
2025-10-03T13:58:15.322000+00:00,9890,87,1270,40.5,16
2025-10-04T09:30:03.386000+00:00,9891,87,1270,,1
2025-10-04T09:30:14.655000+00:00,9891,31,1270,,1
2025-10-04T09:30:23.805000+00:00,9891,22,1270,,1
2025-10-04T09:30:31.425000+00:00,9891,43,1270,,1
2025-10-04T09:31:16.559000+00:00,9891,30,1270,,1
2025-10-04T09:31:33.127000+00:00,9891,5,1270,,1
2025-10-04T09:32:45.946000+00:00,9891,4,1270,,1
2025-10-04T09:32:52.680000+00:00,9891,81,1270,,1
2025-10-04T09:33:07.192000+00:00,9891,6,1270,,1
2025-10-04T09:33:35.024000+00:00,9891,10,1270,,1
2025-10-04T09:34:02.529000+00:00,9891,14,1270,,1
2025-10-04T09:34:06.048000+00:00,9891,18,1270,,1
2025-10-04T09:35:35.766000+00:00,9891,44,1270,,1
2025-10-04T09:35:54.222000+00:00,9891,27,1270,,1
2025-10-04T09:36:29.666000+00:00,9891,14,1270,26.8,2
2025-10-04T09:36:42.061000+00:00,9891,18,1270,26.5,2
2025-10-04T09:36:52.450000+00:00,9891,55,1270,,1
2025-10-04T09:36:56.352000+00:00,9891,23,1270,,1
2025-10-04T09:37:06.346000+00:00,9891,43,1270,18.2,4
2025-10-04T09:37:43.063000+00:00,9891,5,1270,18.9,4
2025-10-04T09:37:50.765000+00:00,9891,16,1270,,1
2025-10-04T09:39:29.329000+00:00,9891,6,1270,30.1,4
2025-10-04T09:39:59.394000+00:00,9891,10,1270,28.9,4
2025-10-04T09:40:59.487000+00:00,9891,31,1270,24.3,6
2025-10-04T09:41:17.570000+00:00,9891,81,1270,18.3,5
2025-10-04T09:41:25.776000+00:00,9891,18,1270,149.9,3
2025-10-04T09:41:34.864000+00:00,9891,30,1270,32.1,6
2025-10-04T09:42:00.320000+00:00,9891,14,1270,207.2,3
2025-10-04T09:42:14.026000+00:00,9891,12,1270,,1
2025-10-04T09:43:45.317000+00:00,9891,63,1270,,1
2025-10-04T09:44:24.060000+00:00,9891,5,1270,26.1,7
2025-10-04T09:44:35.100000+00:00,9891,1,1270,,1
2025-10-04T09:54:03.067000+00:00,9891,6,1270,903.5,7
2025-10-04T09:54:09.650000+00:00,9891,5,1270,611.8,8
2025-10-04T09:54:11.648000+00:00,9891,63,1270,,2
2025-10-04T09:54:14.941000+00:00,9891,14,1270,941.9,5
2025-10-04T09:54:16.922000+00:00,9891,27,1270,,6
2025-10-04T09:54:22.901000+00:00,9891,18,1270,927.0,5
2025-10-04T09:54:37.982000+00:00,9891,12,1270,,3
2025-10-04T09:54:40.388000+00:00,9891,22,1270,599.2,8
2025-10-04T09:54:42.974000+00:00,9891,23,1270,,5
2025-10-04T09:54:49.208000+00:00,9891,4,1270,,7
2025-10-04T09:54:49.577000+00:00,9891,81,1270,830.0,7
2025-10-04T09:54:52.187000+00:00,9891,55,1270,,6
2025-10-04T09:54:54.878000+00:00,9891,16,1270,,5
2025-10-04T09:55:02.060000+00:00,9891,44,1270,,6
2025-10-04T09:55:22.364000+00:00,9891,43,1270,1114.2,9
2025-10-04T09:55:28.720000+00:00,9891,87,1270,,9
2025-10-04T09:56:07.093000+00:00,9891,1,1270,,2
2025-10-04T09:56:32.903000+00:00,9891,10,1270,1022.4,7
2025-10-04T09:59:08.718000+00:00,9891,31,1270,1113.5,9
2025-10-04T09:59:11.077000+00:00,9891,16,1270,20.5,7
2025-10-04T10:00:10.023000+00:00,9891,6,1270,18.6,10
2025-10-04T10:00:30.238000+00:00,9891,63,1270,27.4,5
2025-10-04T10:01:05.451000+00:00,9891,12,1270,29.8,6
2025-10-04T10:02:20.007000+00:00,9891,43,1270,19.6,12
2025-10-04T10:02:50.445000+00:00,9891,10,1270,18.2,10
2025-10-04T10:05:10.928000+00:00,9891,31,1270,19.0,12
2025-10-04T10:08:20.959000+00:00,9891,12,1270,62.7,9
2025-10-04T10:09:41.233000+00:00,9891,81,1270,18.2,16
2025-10-04T10:09:56.216000+00:00,9891,4,1270,18.3,16
2025-10-04T10:10:28.540000+00:00,9891,55,1270,18.1,15
2025-10-04T10:10:52.192000+00:00,9891,14,1270,291.9,12
2025-10-04T10:12:49.693000+00:00,9891,16,1270,218.5,13
2025-10-04T10:14:31.249000+00:00,9891,6,1270,246.4,16
2025-10-04T10:14:57.243000+00:00,9891,4,1270,204.1,17
2025-10-04T10:15:04.400000+00:00,9891,81,1270,228.0,17
2025-10-04T10:15:12.426000+00:00,9891,44,1270,260.5,15
2025-10-04T10:15:15.547000+00:00,9891,87,1270,498.5,16
2025-10-04T10:15:18.765000+00:00,9891,31,1270,265.2,15
2025-10-04T10:15:24.569000+00:00,9891,43,1270,448.0,15
2025-10-04T10:15:53.791000+00:00,9891,1,1270,231.3,10
2025-10-04T10:15:57.474000+00:00,9891,55,1270,228.9,16
2025-10-04T10:16:02.005000+00:00,9891,23,1270,262.3,15
2025-10-04T10:16:07.282000+00:00,9891,63,1270,231.5,11
2025-10-04T10:16:11.637000+00:00,9891,12,1270,252.2,11
2025-10-04T10:16:28.912000+00:00,9891,18,1270,123.6,16
2025-10-04T10:16:33.419000+00:00,9891,27,1270,427.7,15
2025-10-04T10:16:45.560000+00:00,9891,5,1270,371.0,18
2025-10-04T10:18:43.656000+00:00,9891,10,1270,351.3,16
2025-10-04T10:19:06.983000+00:00,9891,22,1270,478.1,18
2025-10-04T10:19:15.365000+00:00,9891,16,1270,29.5,16
2025-10-04T10:19:45.111000+00:00,9891,14,1270,111.9,16
2025-10-04T10:20:58.682000+00:00,9891,81,1270,18.3,20
2025-10-04T10:22:18.493000+00:00,9891,44,1270,29.0,18
2025-10-04T10:22:30.800000+00:00,9891,43,1270,30.7,18
2025-10-04T10:23:32.406000+00:00,9891,12,1270,59.0,14
2025-10-04T10:23:46.899000+00:00,9891,27,1270,89.6,18
2025-10-04T10:24:31.386000+00:00,9891,5,1270,92.6,21
2025-10-04T10:25:20.194000+00:00,9891,10,1270,18.2,19
2025-10-04T10:26:06.008000+00:00,9891,22,1270,27.4,21
2025-10-04T10:26:29.136000+00:00,9891,55,1270,267.4,19
2025-10-04T10:26:35.750000+00:00,9891,23,1270,29.2,20
2025-10-04T10:26:38.344000+00:00,9891,14,1270,78.9,19
2025-10-04T10:26:43.769000+00:00,9891,1,1270,311.9,13
2025-10-04T10:28:51.035000+00:00,9891,44,1270,28.1,21
2025-10-04T10:29:30.494000+00:00,9891,63,1270,178.5,16
2025-10-03T09:30:35.793000+00:00,9889,30,1270,,1
2025-10-03T09:30:39.822000+00:00,9889,27,1270,,1
2025-10-03T09:30:51.522000+00:00,9889,87,1270,,1
2025-10-03T09:30:54.869000+00:00,9889,31,1270,,1
2025-10-03T09:31:00.007000+00:00,9889,5,1270,,1
2025-10-03T09:31:01.001000+00:00,9889,6,1270,,1
2025-10-03T09:31:05.623000+00:00,9889,81,1270,,1
2025-10-03T09:31:17.992000+00:00,9889,55,1270,,1
2025-10-03T09:31:26.952000+00:00,9889,1,1270,,1
2025-10-03T09:31:34.910000+00:00,9889,44,1270,,1
2025-10-03T09:31:41.413000+00:00,9889,23,1270,,1
2025-10-03T09:31:49.780000+00:00,9889,22,1270,,1
2025-10-03T09:32:00.837000+00:00,9889,12,1270,,1
2025-10-03T09:32:11.543000+00:00,9889,16,1270,,1
2025-10-03T09:32:14.738000+00:00,9889,10,1270,,1
2025-10-03T09:32:19.398000+00:00,9889,43,1270,,1
2025-10-03T09:32:26.655000+00:00,9889,63,1270,,1
2025-10-03T09:32:32.177000+00:00,9889,4,1270,,1
2025-10-03T09:32:40.529000+00:00,9889,18,1270,,1
2025-10-03T09:32:46.229000+00:00,9889,14,1270,,1
2025-10-03T09:41:50.176000+00:00,9889,1,1270,34.8,6
2025-10-03T09:43:10.135000+00:00,9889,10,1270,30.0,6
2025-10-03T09:43:18.341000+00:00,9889,63,1270,31.4,6
2025-10-03T09:43:23.444000+00:00,9889,5,1270,27.1,7
2025-10-03T09:45:02.888000+00:00,9889,30,1270,33.2,8
2025-10-03T09:45:23.001000+00:00,9889,6,1270,32.4,8
2025-10-03T09:46:54.142000+00:00,9889,22,1270,27.2,8
2025-10-03T09:52:19.467000+00:00,9889,14,1270,365.1,8
2025-10-03T09:53:24.696000+00:00,9889,10,1270,27.3,11
2025-10-03T09:57:37.516000+00:00,9889,55,1270,395.4,11
2025-10-03T09:58:44.404000+00:00,9889,12,1270,532.3,10
2025-10-03T10:01:22.641000+00:00,9889,18,1270,941.1,8
2025-10-03T10:02:59.719000+00:00,9889,16,1270,513.5,12
2025-10-03T10:03:08.970000+00:00,9889,43,1270,717.4,10
2025-10-03T10:03:14.434000+00:00,9889,4,1270,770.8,10
2025-10-03T10:03:19.519000+00:00,9889,87,1270,635.2,12
2025-10-03T10:03:21.928000+00:00,9889,6,1270,394.9,14
2025-10-03T10:03:23.553000+00:00,9889,1,1270,720.1,11
2025-10-03T10:03:25.343000+00:00,9889,22,1270,432.2,13
2025-10-03T10:03:32.034000+00:00,9889,63,1270,641.8,11
2025-10-03T10:03:41.221000+00:00,9889,81,1270,882.9,10
2025-10-03T10:03:52.148000+00:00,9889,44,1270,553.0,12
2025-10-03T10:04:55.897000+00:00,9889,30,1270,376.7,15
2025-10-03T10:04:59.477000+00:00,9889,27,1270,661.0,14
2025-10-03T10:05:21.320000+00:00,9889,12,1270,29.3,13
2025-10-03T10:07:08.536000+00:00,9889,31,1270,854.3,12
2025-10-03T10:08:10.906000+00:00,9889,5,1270,746.1,14
2025-10-03T10:08:13.489000+00:00,9889,22,1270,27.5,15
2025-10-03T10:09:11.257000+00:00,9889,30,1270,32.3,17
2025-10-03T10:09:34.214000+00:00,9889,16,1270,31.2,15
2025-10-03T10:09:55.255000+00:00,9889,6,1270,31.6,17
2025-10-03T10:10:06.782000+00:00,9889,43,1270,34.8,13
2025-10-03T10:10:30.974000+00:00,9889,4,1270,38.2,13
2025-10-03T10:10:33.290000+00:00,9889,14,1270,528.8,13
2025-10-03T10:10:43.523000+00:00,9889,81,1270,30.0,13
2025-10-03T10:10:46.836000+00:00,9889,10,1270,716.1,14
2025-10-03T10:11:20.175000+00:00,9889,27,1270,26.8,17
2025-10-03T10:12:49.964000+00:00,9889,63,1270,27.9,15
2025-10-03T10:13:22.275000+00:00,9889,12,1270,100.3,16
2025-10-03T10:13:30.561000+00:00,9889,31,1270,36.3,15
2025-10-03T10:14:17.716000+00:00,9889,5,1270,26.3,17
2025-10-03T10:16:29.730000+00:00,9889,44,1270,27.9,17
2025-10-03T10:16:33.241000+00:00,9889,43,1270,30.5,16
2025-10-03T10:17:24.719000+00:00,9889,55,1270,373.6,18
2025-10-03T10:17:54.979000+00:00,9889,18,1270,215.8,14
2025-10-03T10:18:56.947000+00:00,9889,10,1270,27.3,18
2025-10-03T10:19:24.990000+00:00,9889,81,1270,42.5,17
2025-10-03T10:19:45.656000+00:00,9889,30,1270,305.1,20
2025-10-03T10:19:51.826000+00:00,9889,6,1270,270.5,20
2025-10-03T10:20:35.570000+00:00,9889,5,1270,26.0,20
2025-10-03T10:20:43.618000+00:00,9889,1,1270,316.8,17
2025-10-03T10:21:03.077000+00:00,9889,16,1270,344.6,18
2025-10-03T10:22:44.831000+00:00,9889,87,1270,252.2,19
2025-10-03T10:22:45.629000+00:00,9889,4,1270,248.1,17
2025-10-03T10:23:09.895000+00:00,9889,31,1270,254.1,18
2025-10-03T10:23:59.766000+00:00,9889,12,1270,315.5,19
2025-10-03T10:24:35.071000+00:00,9889,63,1270,377.2,18
2025-10-03T10:24:36.924000+00:00,9889,10,1270,25.8,21
2025-10-03T10:26:02.233000+00:00,9889,22,1270,355.2,21
2025-10-03T10:26:43.646000+00:00,9889,14,1270,185.6,20
2025-10-03T10:26:46.299000+00:00,9889,81,1270,55.1,21
2025-10-03T10:26:56.514000+00:00,9889,44,1270,284.2,20
2025-10-04T13:00:04.609000+00:00,9892,43,1270,,1
2025-10-04T13:00:12.785000+00:00,9892,10,1270,,1
2025-10-04T13:00:17.868000+00:00,9892,27,1270,,1
2025-10-04T13:00:27.412000+00:00,9892,18,1270,,1
2025-10-04T13:00:33.554000+00:00,9892,23,1270,,1
2025-10-04T13:00:37.697000+00:00,9892,55,1270,,1
2025-10-04T13:00:49.055000+00:00,9892,44,1270,,1
2025-10-04T13:00:55.478000+00:00,9892,16,1270,,1
2025-10-04T13:01:10.968000+00:00,9892,6,1270,,1
2025-10-04T13:01:25.069000+00:00,9892,5,1270,,1
2025-10-04T13:01:34.118000+00:00,9892,30,1270,,1
2025-10-04T13:02:02.869000+00:00,9892,4,1270,,1
2025-10-04T13:02:08.830000+00:00,9892,81,1270,,1
2025-10-04T13:02:26.207000+00:00,9892,1,1270,,1
2025-10-04T13:02:36.369000+00:00,9892,22,1270,,1
2025-10-04T13:04:29.928000+00:00,9892,87,1270,,1
2025-10-04T13:04:31.827000+00:00,9892,31,1270,,1
2025-10-04T13:05:03.269000+00:00,9892,63,1270,,1
2025-10-04T13:05:07.035000+00:00,9892,12,1270,,1
2025-10-04T13:05:56.915000+00:00,9892,43,1270,27.9,4
2025-10-04T13:06:26.959000+00:00,9892,14,1270,,1
2025-10-04T13:06:35.156000+00:00,9892,10,1270,31.9,4
2025-10-04T13:06:52.421000+00:00,9892,23,1270,27.2,4
2025-10-04T13:07:03.844000+00:00,9892,55,1270,30.2,4
2025-10-04T13:07:06.894000+00:00,9892,27,1270,69.0,4
2025-10-04T13:08:12.106000+00:00,9892,81,1270,112.3,3
2025-10-04T13:09:06.329000+00:00,9892,30,1270,130.0,4
2025-10-04T13:09:37.304000+00:00,9892,4,1270,124.2,4
2025-10-04T13:11:20.194000+00:00,9892,12,1270,121.7,3
2025-10-04T13:13:26.321000+00:00,9892,44,1270,83.7,7
2025-10-04T13:13:31.776000+00:00,9892,18,1270,106.1,7
2025-10-04T13:13:37.903000+00:00,9892,1,1270,330.4,4
2025-10-04T13:13:48.594000+00:00,9892,14,1270,131.0,4
2025-10-04T13:13:54.544000+00:00,9892,16,1270,90.6,7
2025-10-04T13:14:07.204000+00:00,9892,43,1270,171.2,7
2025-10-04T13:14:21.947000+00:00,9892,10,1270,144.6,7
2025-10-04T13:14:32.103000+00:00,9892,63,1270,239.3,4
2025-10-04T13:14:40.388000+00:00,9892,22,1270,384.3,4
2025-10-04T13:15:01.627000+00:00,9892,6,1270,142.9,7
2025-10-04T13:15:22.896000+00:00,9892,27,1270,154.3,7
2025-10-04T13:15:26.623000+00:00,9892,5,1270,261.5,6
2025-10-04T13:15:33.871000+00:00,9892,87,1270,338.1,4
2025-10-04T13:15:39.195000+00:00,9892,31,1270,337.1,4
2025-10-04T13:15:46.456000+00:00,9892,23,1270,217.0,7
2025-10-04T13:15:53.137000+00:00,9892,55,1270,197.0,7
2025-10-04T13:16:08.639000+00:00,9892,30,1270,118.6,7
2025-10-04T13:32:03.703000+00:00,9892,1,1270,777.0,7
2025-10-04T13:32:07.577000+00:00,9892,87,1270,746.0,6
2025-10-04T13:32:13.228000+00:00,9892,6,1270,788.0,9
2025-10-04T13:32:15.311000+00:00,9892,23,1270,743.6,9
2025-10-04T13:32:19.036000+00:00,9892,55,1270,740.0,9
2025-10-04T13:32:31.174000+00:00,9892,14,1270,761.5,7
2025-10-04T13:32:50.240000+00:00,9892,22,1270,732.0,7
2025-10-04T13:33:00.970000+00:00,9892,30,1270,774.9,9
2025-10-04T13:33:16.702000+00:00,9892,44,1270,863.2,10
2025-10-04T13:33:24.780000+00:00,9892,16,1270,809.6,10
2025-10-04T13:33:48.270000+00:00,9892,63,1270,799.6,7
2025-10-04T13:33:56.969000+00:00,9892,12,1270,1036.2,6
2025-10-04T13:34:20.511000+00:00,9892,4,1270,929.5,9
2025-10-04T13:34:27.146000+00:00,9892,27,1270,802.2,10
2025-10-04T13:34:45.404000+00:00,9892,81,1270,902.0,9
2025-10-04T13:40:57.430000+00:00,9892,12,1270,84.9,9
2025-10-04T13:41:24.400000+00:00,9892,63,1270,130.0,10
2025-10-04T13:41:34.783000+00:00,9892,22,1270,187.4,10
2025-10-04T13:41:43.824000+00:00,9892,1,1270,261.8,10
2025-10-04T13:41:46.079000+00:00,9892,23,1270,245.9,12
2025-10-04T13:41:50.526000+00:00,9892,55,1270,224.5,12
2025-10-04T13:41:55.456000+00:00,9892,6,1270,260.6,12
2025-10-04T13:42:03.258000+00:00,9892,87,1270,274.3,9
2025-10-04T13:42:30.229000+00:00,9892,30,1270,241.2,12
2025-10-04T13:42:51.820000+00:00,9892,4,1270,186.7,12
2025-10-04T13:42:59.962000+00:00,9892,14,1270,277.6,10
2025-10-04T13:43:19.115000+00:00,9892,81,1270,187.4,12
2025-10-04T13:43:38.153000+00:00,9892,27,1270,219.4,13
2025-10-04T13:43:41.855000+00:00,9892,16,1270,161.0,14
2025-10-04T13:43:57.682000+00:00,9892,44,1270,195.6,14
2025-10-04T13:55:02.561000+00:00,9892,87,1270,419.1,12
2025-10-04T13:55:10.909000+00:00,9892,63,1270,504.7,13
2025-10-04T13:55:21.689000+00:00,9892,12,1270,542.5,12
2025-10-04T13:55:33.770000+00:00,9892,14,1270,407.3,13
2025-10-04T13:55:54.336000+00:00,9892,6,1270,487.4,15
2025-10-04T13:56:05.079000+00:00,9892,4,1270,468.4,15
2025-10-04T13:56:15.894000+00:00,9892,16,1270,422.0,17
2025-10-04T13:56:28.544000+00:00,9892,44,1270,620.9,15
2025-10-04T13:56:38.964000+00:00,9892,81,1270,464.9,15
2025-10-04T13:56:45.574000+00:00,9892,1,1270,575.4,13
2025-10-04T14:02:45.376000+00:00,9892,87,1270,157.1,15
2025-10-04T14:02:54.366000+00:00,9892,4,1270,99.8,18
2025-10-04T14:02:58.429000+00:00,9892,6,1270,115.8,18
2025-10-04T14:03:03.481000+00:00,9892,16,1270,91.1,20
2025-10-04T14:03:18.061000+00:00,9892,63,1270,174.5,16
2025-10-04T14:03:34.787000+00:00,9892,12,1270,175.1,15
2025-10-04T14:03:47.223000+00:00,9892,14,1270,171.0,16
2025-10-04T14:04:08.443000+00:00,9892,44,1270,133.0,18
2025-10-04T14:04:21.826000+00:00,9892,81,1270,139.5,18
2025-10-04T14:04:30.676000+00:00,9892,1,1270,144.6,16
2025-10-17T17:30:04.998000+00:00,9878,1,1271,,1
2025-10-17T17:30:09.795000+00:00,9878,30,1271,,1
2025-10-17T17:30:12.031000+00:00,9878,87,1271,,1
2025-10-17T17:30:15.436000+00:00,9878,31,1271,,1
2025-10-17T17:30:17.287000+00:00,9878,22,1271,,1
2025-10-17T17:30:19.208000+00:00,9878,10,1271,,1
2025-10-17T17:30:22.955000+00:00,9878,43,1271,,1
2025-10-17T17:30:27.577000+00:00,9878,55,1271,,1
2025-10-17T17:30:49.905000+00:00,9878,44,1271,,1
2025-10-17T17:30:55.045000+00:00,9878,12,1271,,1
2025-10-17T17:30:58.271000+00:00,9878,16,1271,,1
2025-10-17T17:31:02.667000+00:00,9878,14,1271,,1
2025-10-17T17:31:08.348000+00:00,9878,18,1271,,1
2025-10-17T17:31:10.270000+00:00,9878,63,1271,,1
2025-10-17T17:31:11.973000+00:00,9878,23,1271,,1
2025-10-17T17:31:15.411000+00:00,9878,27,1271,,1
2025-10-17T17:31:22.645000+00:00,9878,81,1271,,1
2025-10-17T17:31:27.317000+00:00,9878,5,1271,,1
2025-10-17T17:31:33.629000+00:00,9878,6,1271,,1
2025-10-17T17:31:48.051000+00:00,9878,4,1271,,1
2025-10-17T17:33:46.455000+00:00,9878,14,1271,27.8,2
2025-10-17T17:33:53.468000+00:00,9878,18,1271,30.6,2
2025-10-17T17:35:47.452000+00:00,9878,16,1271,36.0,3
2025-10-17T17:41:34.169000+00:00,9878,63,1271,27.7,6
2025-10-17T17:42:26.142000+00:00,9878,30,1271,35.3,7
2025-10-17T17:55:03.704000+00:00,9878,23,1271,,10
2025-10-17T17:55:06.291000+00:00,9878,87,1271,,11
2025-10-17T17:55:10.038000+00:00,9878,63,1271,456.4,9
2025-10-17T17:55:22.366000+00:00,9878,6,1271,,10
2025-10-17T17:55:47.147000+00:00,9878,14,1271,474.8,9
2025-10-17T17:55:51.230000+00:00,9878,12,1271,362.2,10
2025-10-17T17:55:55.939000+00:00,9878,1,1271,435.9,10
2025-10-17T17:56:10.538000+00:00,9878,22,1271,371.4,10
2025-10-17T17:56:29.295000+00:00,9878,30,1271,878.4,11
2025-10-17T17:57:14.550000+00:00,9878,10,1271,428.7,10
2025-10-17T17:57:16.643000+00:00,9878,4,1271,663.9,8
2025-10-17T17:57:35.128000+00:00,9878,31,1271,,11
2025-10-17T17:58:12.977000+00:00,9878,18,1271,1490.1,10
2025-10-17T17:58:18.071000+00:00,9878,81,1271,,10
2025-10-17T17:58:51.487000+00:00,9878,5,1271,602.4,9
2025-10-17T17:59:03.371000+00:00,9878,27,1271,699.4,9
2025-10-17T17:59:13.927000+00:00,9878,44,1271,,11
2025-10-17T18:00:36.159000+00:00,9878,16,1271,1524.7,10
2025-10-17T18:00:57.588000+00:00,9878,43,1271,,11
2025-10-17T18:07:26.825000+00:00,9878,87,1271,414.0,14
2025-10-17T18:09:33.142000+00:00,9878,31,1271,346.5,14
2025-10-17T18:17:43.089000+00:00,9878,63,1271,250.9,20
2025-10-17T18:17:51.948000+00:00,9878,6,1271,538.5,18
2025-10-17T18:18:01.558000+00:00,9878,30,1271,490.6,19
2025-10-17T18:18:19.167000+00:00,9878,22,1271,521.5,18
2025-10-17T18:18:25.495000+00:00,9878,23,1271,357.5,20
2025-10-17T18:18:49.737000+00:00,9878,1,1271,366.0,20
2025-10-17T18:18:53.456000+00:00,9878,12,1271,265.4,21
2025-10-17T18:19:08.338000+00:00,9878,10,1271,481.6,18
2025-10-17T18:19:13.135000+00:00,9878,16,1271,272.0,18
2025-10-17T18:19:20.776000+00:00,9878,14,1271,457.3,18
2025-10-17T18:19:30.541000+00:00,9878,44,1271,356.8,19
2025-10-17T18:19:32.604000+00:00,9878,81,1271,365.3,19
2025-10-17T18:20:07.804000+00:00,9878,18,1271,471.0,18
2025-10-17T18:20:11.648000+00:00,9878,5,1271,265.1,18
2025-10-17T18:20:21.679000+00:00,9878,43,1271,338.3,19
2025-10-17T18:20:41.914000+00:00,9878,87,1271,105.3,21
2025-10-17T18:21:02.836000+00:00,9878,27,1271,389.6,18
2025-10-17T18:21:33.884000+00:00,9878,31,1271,127.3,20
2025-10-17T18:21:37.124000+00:00,9878,4,1271,378.9,18
2025-10-17T18:24:01.184000+00:00,9878,12,1271,54.3,23
2025-10-17T18:26:08.439000+00:00,9878,10,1271,18.6,21
2025-10-17T18:26:19.310000+00:00,9878,6,1271,19.1,22
2025-10-17T18:26:44.916000+00:00,9878,30,1271,171.2,22
2025-10-17T18:27:09.905000+00:00,9878,18,1271,28.4,21
2025-10-17T18:27:16.687000+00:00,9878,27,1271,18.7,21
2025-10-17T18:28:54.220000+00:00,9878,14,1271,210.8,21
2025-10-18T17:06:48.160000+00:00,9883,18,1271,33.8,1
2025-10-18T17:06:48.285000+00:00,9883,27,1271,31.2,1
2025-10-18T17:07:32.910000+00:00,9883,43,1271,29.4,1
2025-10-05T12:25:46.277000+00:00,9896,22,1270,24.6,13
2025-10-05T12:25:51.721000+00:00,9896,5,1270,32.8,13
2025-10-05T12:27:18.400000+00:00,9896,43,1270,24.0,14
2025-10-05T12:34:57.199000+00:00,9896,1,1270,24.0,19
2025-10-05T12:37:03.329000+00:00,9896,6,1270,23.8,20
2025-10-05T12:38:22.641000+00:00,9896,16,1270,23.6,21
2025-10-05T12:41:57.960000+00:00,9896,87,1270,23.9,23
2025-10-05T12:43:21.163000+00:00,9896,44,1270,24.7,24
2025-10-05T12:43:56.502000+00:00,9896,10,1270,25.5,24
2025-10-05T12:44:30.970000+00:00,9896,63,1270,23.9,25
2025-10-05T12:44:51.800000+00:00,9896,12,1270,23.8,25
2025-10-05T12:45:19.688000+00:00,9896,27,1270,24.1,25
2025-10-05T12:46:15.810000+00:00,9896,4,1270,23.3,26
2025-10-05T12:48:00.511000+00:00,9896,81,1270,26.6,27
2025-10-05T12:48:33.356000+00:00,9896,14,1270,30.7,27
2025-10-05T12:53:39.933000+00:00,9896,31,1270,25.0,30
2025-10-05T13:06:50.853000+00:00,9896,18,1270,24.0,38
2025-10-05T13:13:32.820000+00:00,9896,23,1270,25.7,42
2025-10-05T13:17:22.947000+00:00,9896,27,1270,31.8,44
2025-10-05T13:19:00.893000+00:00,9896,44,1270,23.3,46
2025-10-05T13:23:18.239000+00:00,9896,30,1270,24.0,48
2025-10-05T13:26:35.223000+00:00,9896,55,1270,24.0,50
2025-10-05T13:28:40.212000+00:00,9896,10,1270,25.1,51
2025-10-18T21:00:04.842000+00:00,9884,31,1271,,1
2025-10-18T21:00:11.901000+00:00,9884,10,1271,,1
2025-10-18T21:00:21.855000+00:00,9884,43,1271,,1
2025-10-18T21:00:32.144000+00:00,9884,6,1271,,1
2025-10-18T21:00:41.405000+00:00,9884,30,1271,,1
2025-10-18T21:00:54.355000+00:00,9884,27,1271,,1
2025-10-18T21:00:56.582000+00:00,9884,63,1271,,1
2025-10-18T21:01:06.748000+00:00,9884,87,1271,,1
2025-10-18T21:01:12.248000+00:00,9884,5,1271,,1
2025-10-18T21:01:16.162000+00:00,9884,22,1271,,1
2025-10-18T21:01:17.110000+00:00,9884,14,1271,,1
2025-10-18T21:01:20.868000+00:00,9884,18,1271,,1
2025-10-18T21:01:21.904000+00:00,9884,23,1271,,1
2025-10-18T21:01:22.789000+00:00,9884,55,1271,,1
2025-10-18T21:01:30.083000+00:00,9884,44,1271,,1
2025-10-18T21:01:34.781000+00:00,9884,16,1271,,1
2025-10-18T21:01:53.631000+00:00,9884,4,1271,,1
2025-10-18T21:02:04.731000+00:00,9884,81,1271,,1
2025-10-18T21:14:04.356000+00:00,9884,27,1271,,3
2025-10-18T21:14:10.596000+00:00,9884,5,1271,,3
2025-10-18T21:14:17.913000+00:00,9884,23,1271,,2
2025-10-18T21:14:27.446000+00:00,9884,55,1271,,2
2025-10-18T21:14:42.097000+00:00,9884,87,1271,,3
2025-10-18T21:14:49.407000+00:00,9884,31,1271,,3
2025-10-18T21:14:58.713000+00:00,9884,30,1271,,3
2025-10-18T21:15:09.783000+00:00,9884,14,1271,,3
2025-10-18T21:15:24.613000+00:00,9884,43,1271,,3
2025-10-18T21:15:31.864000+00:00,9884,18,1271,,2
2025-10-18T21:15:47.138000+00:00,9884,63,1271,785.5,2
2025-10-18T21:16:00.784000+00:00,9884,12,1271,,1
2025-10-18T21:16:12.319000+00:00,9884,1,1271,,1
2025-10-18T21:16:20.501000+00:00,9884,16,1271,,2
2025-10-18T21:16:31.426000+00:00,9884,10,1271,,3
2025-10-18T21:16:44.302000+00:00,9884,22,1271,,2
2025-10-18T21:17:01.686000+00:00,9884,4,1271,,2
2025-10-18T21:17:10.673000+00:00,9884,44,1271,,2
2025-10-18T21:17:19.624000+00:00,9884,81,1271,,2
2025-10-18T21:18:15.318000+00:00,9884,23,1271,27.3,4
2025-10-18T21:18:53.339000+00:00,9884,55,1271,56.6,4
2025-10-18T21:19:08.044000+00:00,9884,4,1271,26.7,3
2025-10-18T21:22:25.834000+00:00,9884,63,1271,80.5,5
2025-10-18T21:22:36.861000+00:00,9884,22,1271,30.6,5
2025-10-18T21:22:51.739000+00:00,9884,12,1271,86.7,4
2025-10-18T21:24:04.114000+00:00,9884,1,1271,158.2,4
2025-10-18T21:24:06.657000+00:00,9884,87,1271,239.7,6
2025-10-18T21:24:21.310000+00:00,9884,27,1271,288.0,6
2025-10-18T21:24:31.774000+00:00,9884,5,1271,291.9,6
2025-10-18T21:24:37.569000+00:00,9884,18,1271,209.1,5
2025-10-18T21:24:48.509000+00:00,9884,31,1271,262.9,6
2025-10-18T21:25:02.612000+00:00,9884,30,1271,274.4,6
2025-10-18T21:25:13.193000+00:00,9884,10,1271,193.3,6
2025-10-18T21:25:27.046000+00:00,9884,43,1271,264.9,6
2025-10-18T21:25:38.048000+00:00,9884,16,1271,226.3,5
2025-10-18T21:25:46.999000+00:00,9884,44,1271,185.5,5
2025-10-18T21:25:49.635000+00:00,9884,55,1271,102.4,7
2025-10-18T21:25:58.249000+00:00,9884,23,1271,131.6,7
2025-10-18T21:26:31.529000+00:00,9884,14,1271,330.7,6
2025-10-18T21:36:05.029000+00:00,9884,87,1271,367.1,9
2025-10-18T21:36:12.506000+00:00,9884,63,1271,487.0,8
2025-10-18T21:36:17.962000+00:00,9884,12,1271,457.7,7
2025-10-18T21:36:36.003000+00:00,9884,30,1271,348.1,9
2025-10-18T21:36:47.187000+00:00,9884,43,1271,340.9,9
2025-10-18T21:37:05.748000+00:00,9884,10,1271,367.5,9
2025-10-18T21:37:09.301000+00:00,9884,55,1271,425.8,9
2025-10-18T21:37:26.948000+00:00,9884,14,1271,520.3,7
2025-10-18T21:37:49.501000+00:00,9884,27,1271,470.5,9
2025-10-18T21:38:04.301000+00:00,9884,4,1271,454.8,9
2025-10-18T21:38:17.820000+00:00,9884,1,1271,525.0,7
2025-10-18T21:38:25.889000+00:00,9884,22,1271,600.6,8
2025-10-18T21:38:37.129000+00:00,9884,81,1271,443.8,9
2025-10-18T21:38:47.302000+00:00,9884,16,1271,435.8,8
2025-10-18T21:38:54.860000+00:00,9884,44,1271,437.1,8
2025-10-18T21:44:39.195000+00:00,9884,63,1271,158.1,11
2025-10-18T21:46:14.580000+00:00,9884,22,1271,135.6,11
2025-10-18T21:46:27.590000+00:00,9884,27,1271,180.9,12
2025-10-18T21:46:40.977000+00:00,9884,12,1271,287.7,10
2025-10-18T21:46:52.077000+00:00,9884,87,1271,303.0,12
2025-10-18T21:47:01.351000+00:00,9884,30,1271,285.4,12
2025-10-18T21:47:17.003000+00:00,9884,14,1271,238.0,10
2025-10-18T21:47:25.484000+00:00,9884,55,1271,269.2,12
2025-10-18T21:47:34.553000+00:00,9884,43,1271,302.2,12
2025-10-18T21:47:49.940000+00:00,9884,10,1271,305.8,12
2025-10-18T21:48:15.028000+00:00,9884,4,1271,280.1,12
2025-10-18T21:48:25.665000+00:00,9884,16,1271,230.4,11
2025-10-18T21:48:36.082000+00:00,9884,44,1271,228.7,11
2025-10-18T21:48:46.177000+00:00,9884,81,1271,274.3,12
2025-10-18T21:59:06.480000+00:00,9884,87,1271,480.2,14
2025-10-18T21:59:10.694000+00:00,9884,81,1271,368.8,14
2025-10-18T21:59:24.592000+00:00,9884,63,1271,556.5,14
2025-10-18T21:59:44.063000+00:00,9884,12,1271,450.6,13
2025-10-18T21:59:50.363000+00:00,9884,16,1271,554.2,12
2025-10-18T21:59:56.552000+00:00,9884,55,1271,408.4,15
2025-10-18T22:00:07.566000+00:00,9884,44,1271,458.7,13
2025-10-18T22:00:36.668000+00:00,9884,4,1271,401.2,15
2025-10-18T22:00:46.491000+00:00,9884,14,1271,451.1,13
2025-10-18T22:01:01.142000+00:00,9884,1,1271,1031.0,10
2025-10-18T22:07:19.358000+00:00,9884,16,1271,117.2,15
2025-10-18T22:07:28.182000+00:00,9884,44,1271,103.1,16
2025-10-18T22:07:47.977000+00:00,9884,87,1271,197.5,17
2025-10-18T22:07:59.739000+00:00,9884,63,1271,182.0,17
2025-10-18T22:08:08.897000+00:00,9884,55,1271,155.7,18
2025-10-18T22:08:30.309000+00:00,9884,4,1271,158.8,18
2025-10-18T22:08:35.656000+00:00,9884,81,1271,223.1,17
2025-10-18T22:08:55.167000+00:00,9884,12,1271,224.5,16
2025-10-18T22:08:56.504000+00:00,9884,14,1271,169.3,16
2025-10-18T22:09:10.782000+00:00,9884,1,1271,173.1,13
2025-10-17T21:30:06.846000+00:00,9879,6,1271,,1
2025-10-17T21:30:10.068000+00:00,9879,22,1271,,1
2025-10-17T21:30:20.991000+00:00,9879,27,1271,,1
2025-10-17T21:30:28.772000+00:00,9879,43,1271,,1
2025-10-17T21:30:40.721000+00:00,9879,87,1271,,1
2025-10-17T21:30:49.349000+00:00,9879,5,1271,,1
2025-10-17T21:30:57.717000+00:00,9879,31,1271,,1
2025-10-17T21:31:08.122000+00:00,9879,30,1271,,1
2025-10-17T21:31:13.554000+00:00,9879,23,1271,,1
2025-10-17T21:31:24.506000+00:00,9879,55,1271,,1
2025-10-17T21:31:47.314000+00:00,9879,14,1271,,1
2025-10-17T21:31:54.365000+00:00,9879,18,1271,,1
2025-10-17T21:32:08.721000+00:00,9879,16,1271,,1
2025-10-17T21:32:14.206000+00:00,9879,44,1271,,1
2025-10-17T21:32:33.433000+00:00,9879,81,1271,,1
2025-10-17T21:32:52.402000+00:00,9879,4,1271,,1
2025-10-17T21:33:06.606000+00:00,9879,1,1271,,1
2025-10-17T21:33:13.240000+00:00,9879,10,1271,,1
2025-10-17T21:33:27.756000+00:00,9879,63,1271,,1
2025-10-17T21:33:37.297000+00:00,9879,12,1271,,1
2025-10-17T21:38:26.632000+00:00,9879,23,1271,76.3,4
2025-10-17T21:38:38.134000+00:00,9879,55,1271,71.6,4
2025-10-17T21:38:49.796000+00:00,9879,43,1271,143.9,4
2025-10-17T21:39:14.284000+00:00,9879,6,1271,196.5,4
2025-10-17T21:39:39.805000+00:00,9879,27,1271,209.0,4
2025-10-17T21:39:43.490000+00:00,9879,18,1271,115.2,4
2025-10-17T21:39:50.478000+00:00,9879,44,1271,91.6,4
2025-10-17T21:39:59.326000+00:00,9879,87,1271,210.5,4
2025-10-17T21:40:02.449000+00:00,9879,5,1271,203.9,4
2025-10-17T21:40:06.422000+00:00,9879,31,1271,197.3,4
2025-10-17T21:40:08.180000+00:00,9879,14,1271,142.8,4
2025-10-17T21:40:12.897000+00:00,9879,30,1271,199.7,4
2025-10-17T21:40:13.843000+00:00,9879,22,1271,233.9,4
2025-10-17T21:49:05.589000+00:00,9879,1,1271,258.6,7
2025-10-17T21:49:11.829000+00:00,9879,18,1271,305.8,6
2025-10-17T21:49:26.942000+00:00,9879,14,1271,434.4,5
2025-10-17T21:49:40.761000+00:00,9879,63,1271,367.8,6
2025-10-17T21:49:57.156000+00:00,9879,12,1271,358.0,6
2025-10-17T21:50:07.325000+00:00,9879,23,1271,348.0,7
2025-10-17T21:50:19.891000+00:00,9879,55,1271,342.7,7
2025-10-17T21:50:33.299000+00:00,9879,81,1271,366.0,7
2025-10-17T21:50:48.567000+00:00,9879,4,1271,362.7,7
2025-10-17T21:50:53.067000+00:00,9879,16,1271,398.8,7
2025-10-17T21:51:04.391000+00:00,9879,44,1271,406.7,6
2025-10-17T21:55:05.871000+00:00,9879,30,1271,649.7,6
2025-10-17T21:55:18.499000+00:00,9879,6,1271,594.7,7
2025-10-17T21:55:32.866000+00:00,9879,27,1271,597.8,7
2025-10-17T21:55:49.992000+00:00,9879,10,1271,635.3,7
2025-10-17T21:57:05.893000+00:00,9879,23,1271,81.6,10
2025-10-17T21:57:16.791000+00:00,9879,55,1271,87.3,10
2025-10-17T22:06:11.024000+00:00,9879,63,1271,380.9,11
2025-10-17T22:06:42.657000+00:00,9879,23,1271,333.6,12
2025-10-17T22:07:00.755000+00:00,9879,55,1271,352.9,12
2025-10-17T22:09:49.074000+00:00,9879,27,1271,502.6,10
2025-10-17T22:09:55.070000+00:00,9879,16,1271,455.4,13
2025-10-17T22:10:07.479000+00:00,9879,44,1271,462.6,12
2025-10-17T22:10:29.381000+00:00,9879,4,1271,837.3,10
2025-10-17T22:10:45.057000+00:00,9879,14,1271,666.4,10
2025-10-17T22:10:58.779000+00:00,9879,81,1271,739.7,11
2025-10-17T22:11:15.174000+00:00,9879,1,1271,988.1,10
2025-10-24T18:30:03.862000+00:00,9870,72,1272,,1
2025-10-24T18:30:11.143000+00:00,9870,12,1272,,1
2025-10-24T18:30:13.096000+00:00,9870,38,1272,,1
2025-10-24T18:30:15.909000+00:00,9870,6,1272,,1
2025-10-24T18:30:21.170000+00:00,9870,31,1272,,1
2025-10-24T18:30:30.578000+00:00,9870,43,1272,,1
2025-10-24T18:30:37.190000+00:00,9870,40,1272,,1
2025-10-24T18:30:47.236000+00:00,9870,23,1272,,1
2025-10-24T18:30:47.236000+00:00,9870,89,1272,,1
2025-10-24T18:31:03.705000+00:00,9870,46,1272,,1
2025-10-24T18:31:09.721000+00:00,9870,81,1272,,1
2025-10-24T18:31:17.236000+00:00,9870,36,1272,,1
2025-10-24T18:31:26.268000+00:00,9870,22,1272,,1
2025-10-24T18:31:32.346000+00:00,9870,50,1272,,1
2025-10-24T18:31:45.221000+00:00,9870,61,1272,,1
2025-10-24T18:31:57.690000+00:00,9870,16,1272,,1
2025-10-24T18:32:05.557000+00:00,9870,5,1272,,1
2025-10-24T18:32:44.879000+00:00,9870,35,1272,,1
2025-10-24T18:32:48.691000+00:00,9870,27,1272,,1
2025-10-24T18:36:06.300000+00:00,9870,14,1272,,1
2025-10-24T18:40:10.771000+00:00,9870,43,1272,26.2,6
2025-10-24T18:40:53.115000+00:00,9870,6,1272,42.9,7
2025-10-24T18:42:31.350000+00:00,9870,12,1272,17.3,8
2025-10-24T18:42:36.428000+00:00,9870,72,1272,41.6,8
2025-10-24T18:44:18.207000+00:00,9870,61,1272,17.1,8
2025-10-24T18:44:42.173000+00:00,9870,40,1272,32.7,9
2025-10-24T18:46:03.427000+00:00,9870,43,1272,27.5,9
2025-10-24T18:47:53.771000+00:00,9870,5,1272,25.3,10
2025-10-24T18:48:00.474000+00:00,9870,81,1272,529.6,6
2025-10-24T18:50:04.915000+00:00,9870,61,1272,25.5,11
2025-10-24T18:53:27.506000+00:00,9870,81,1272,38.9,9
2025-10-24T18:53:45.006000+00:00,9870,38,1272,538.0,10
2025-10-24T18:54:33.930000+00:00,9870,89,1272,605.9,10
2025-10-24T18:55:27.853000+00:00,9870,43,1272,48.1,14
2025-10-24T18:57:12.277000+00:00,9870,46,1272,393.0,13
2025-10-24T18:57:31.703000+00:00,9870,23,1272,265.9,15
2025-10-24T18:57:43.225000+00:00,9870,40,1272,281.9,14
2025-10-24T18:58:05.324000+00:00,9870,35,1272,460.0,12
2025-10-24T18:58:11.836000+00:00,9870,72,1272,412.3,13
2025-10-24T18:58:21.065000+00:00,9870,16,1272,655.4,10
2025-10-24T18:58:31.394000+00:00,9870,12,1272,291.0,15
2025-10-24T18:59:24.598000+00:00,9870,50,1272,801.5,10
2025-10-24T18:59:32.839000+00:00,9870,27,1272,723.5,10
2025-10-24T18:59:46.924000+00:00,9870,6,1272,247.3,16
2025-10-24T19:00:34.960000+00:00,9870,14,1272,601.9,10
2025-10-24T19:01:41.583000+00:00,9870,22,1272,447.6,14
2025-10-24T19:01:53.321000+00:00,9870,61,1272,409.6,14
2025-10-24T19:01:56.752000+00:00,9870,36,1272,595.2,13
2025-10-24T19:03:39.957000+00:00,9870,31,1272,807.9,13
2025-10-24T19:04:52.300000+00:00,9870,27,1272,17.1,13
2025-10-24T19:05:31.902000+00:00,9870,6,1272,58.5,19
2025-10-24T19:05:38.605000+00:00,9870,43,1272,525.0,15
2025-10-24T19:07:34.171000+00:00,9870,61,1272,17.2,17
2025-10-24T19:07:50.064000+00:00,9870,22,1272,35.5,17
2025-10-24T19:08:32.696000+00:00,9870,12,1272,301.5,18
2025-10-24T19:09:35.931000+00:00,9870,81,1272,373.6,15
2025-10-24T19:10:46.526000+00:00,9870,5,1272,898.1,15
2025-10-24T19:11:59.513000+00:00,9870,43,1272,39.4,18
2025-10-24T19:12:13.683000+00:00,9870,89,1272,541.0,16
2025-10-24T19:12:46.292000+00:00,9870,6,1272,100.6,22
2025-10-24T19:13:03.542000+00:00,9870,72,1272,295.5,19
2025-10-24T19:13:35.242000+00:00,9870,61,1272,17.1,20
2025-10-24T19:13:44.336000+00:00,9870,16,1272,326.2,16
2025-10-24T19:14:06.086000+00:00,9870,31,1272,33.6,19
2025-10-24T19:14:59.499000+00:00,9870,38,1272,388.6,19
2025-10-24T19:15:37.257000+00:00,9870,50,1272,388.6,16
2025-10-24T19:15:54.680000+00:00,9870,40,1272,491.6,20
2025-10-24T19:15:57.145000+00:00,9870,27,1272,389.8,16
2025-10-24T19:16:27.979000+00:00,9870,36,1272,328.1,18
2025-10-24T19:18:04.931000+00:00,9870,5,1272,25.0,19
2025-10-24T19:18:40.754000+00:00,9870,46,1272,410.0,22
2025-10-24T19:19:00.034000+00:00,9870,23,1272,372.6,24
2025-10-24T19:19:11.441000+00:00,9870,22,1272,365.8,20
2025-10-24T19:19:57.373000+00:00,9870,35,1272,382.9,21
2025-10-24T19:20:27.294000+00:00,9870,14,1272,390.3,18
2025-10-24T19:21:14.571000+00:00,9870,16,1272,22.6,21
2025-10-24T19:21:41.961000+00:00,9870,40,1272,33.8,23
2025-10-24T19:21:54.587000+00:00,9870,43,1272,288.4,21
2025-10-24T19:22:07.415000+00:00,9870,6,1272,285.6,25
2025-10-24T19:22:27.025000+00:00,9870,31,1272,227.1,22
2025-10-24T19:23:32.511000+00:00,9870,61,1272,289.0,23
2025-10-24T19:24:15.756000+00:00,9870,12,1272,22.6,29
2025-10-24T19:25:22.932000+00:00,9870,38,1272,20.3,25
2025-10-24T19:25:34.015000+00:00,9870,81,1272,23.1,26
2025-10-24T19:27:02.958000+00:00,9870,40,1272,25.9,26
2025-10-24T19:28:57.362000+00:00,9870,27,1272,23.8,25
2025-10-24T22:00:03.764000+00:00,9871,30,1272,,1
2025-10-24T22:00:05.171000+00:00,9871,87,1272,,1
2025-10-24T22:00:09.405000+00:00,9871,63,1272,,1
2025-10-24T22:00:11.124000+00:00,9871,55,1272,,1
2025-10-24T22:00:13.483000+00:00,9871,18,1272,,1
2025-10-24T22:00:14.468000+00:00,9871,31,1272,,1
2025-10-24T22:00:19.999000+00:00,9871,6,1272,,1
2025-10-24T22:00:23.671000+00:00,9871,12,1272,,1
2025-10-24T22:00:25.640000+00:00,9871,1,1272,,1
2025-10-24T22:00:27.796000+00:00,9871,14,1272,,1
2025-10-24T22:00:31.686000+00:00,9871,10,1272,,1
2025-10-24T22:00:35.015000+00:00,9871,43,1272,,1
2025-10-24T22:00:37.390000+00:00,9871,22,1272,,1
2025-10-24T22:01:07.937000+00:00,9871,4,1272,,1
2025-10-24T22:01:08.593000+00:00,9871,44,1272,,1
2025-10-24T22:01:13.343000+00:00,9871,16,1272,,1
2025-10-24T22:01:17.671000+00:00,9871,5,1272,,1
2025-10-24T22:01:28.249000+00:00,9871,81,1272,,1
2025-10-24T22:01:31.171000+00:00,9871,27,1272,,1
2025-10-24T22:02:16.247000+00:00,9871,23,1272,,1
2025-10-24T22:02:39.716000+00:00,9871,14,1272,25.2,2
2025-10-24T22:06:06.103000+00:00,9871,1,1272,26.4,4
2025-10-24T22:06:29.322000+00:00,9871,43,1272,17.0,4
2025-10-24T22:08:26.823000+00:00,9871,5,1272,24.0,5
2025-10-24T22:09:19.982000+00:00,9871,6,1272,28.0,6
2025-10-24T22:09:20.935000+00:00,9871,14,1272,302.0,3
2025-10-24T22:09:39.608000+00:00,9871,10,1272,435.4,2
2025-10-24T22:10:25.789000+00:00,9871,16,1272,18.8,6
2025-10-24T22:10:26.306000+00:00,9871,22,1272,29.9,6
2025-10-24T22:10:51.980000+00:00,9871,30,1272,32.1,7
2025-10-24T22:11:39.470000+00:00,9871,27,1272,29.2,7
2025-10-24T22:12:21.292000+00:00,9871,63,1272,19.7,8
2025-10-24T22:12:27.136000+00:00,9871,43,1272,28.1,7
2025-10-24T22:12:30.136000+00:00,9871,55,1272,24.5,8
2025-10-24T22:13:58.384000+00:00,9871,5,1272,17.1,8
2025-10-24T22:14:49.384000+00:00,9871,10,1272,17.0,5
2025-10-24T22:16:33.280000+00:00,9871,30,1272,32.8,10
2025-10-24T22:18:42.725000+00:00,9871,18,1272,364.5,8
2025-10-24T22:19:15.216000+00:00,9871,23,1272,173.9,9
2025-10-24T22:19:45.172000+00:00,9871,12,1272,730.1,5
2025-10-24T22:20:16.063000+00:00,9871,10,1272,17.0,8
2025-10-24T22:21:32.913000+00:00,9871,1,1272,330.3,10
2025-10-24T22:24:39.430000+00:00,9871,16,1272,367.5,11
2025-10-24T22:24:51.896000+00:00,9871,43,1272,443.7,10
2025-10-24T22:24:56.849000+00:00,9871,23,1272,37.7,12
2025-10-24T22:25:03.302000+00:00,9871,81,1272,466.1,10
2025-10-24T22:25:20.880000+00:00,9871,4,1272,542.8,10
2025-10-24T22:25:25.552000+00:00,9871,55,1272,290.0,13
2025-10-24T22:25:29.349000+00:00,9871,63,1272,270.9,13
2025-10-24T22:25:58.427000+00:00,9871,27,1272,592.5,10
2025-10-24T22:26:05.755000+00:00,9871,6,1272,400.0,12
2025-10-24T22:26:15.365000+00:00,9871,22,1272,322.5,12
2025-10-24T22:26:24.755000+00:00,9871,44,1272,465.9,11
2025-10-24T22:26:34.202000+00:00,9871,1,1272,43.9,13
2025-10-24T22:27:14.312000+00:00,9871,10,1272,224.9,10
2025-10-24T22:27:16.515000+00:00,9871,5,1272,609.0,10
2025-10-24T22:28:47.084000+00:00,9871,14,1272,351.4,11
2025-10-24T22:29:22.069000+00:00,9871,31,1272,659.8,12
2025-10-24T22:29:34.382000+00:00,9871,87,1272,345.1,15
2025-10-24T22:29:51.835000+00:00,9871,16,1272,26.1,14
2025-10-24T22:29:54.053000+00:00,9871,18,1272,195.2,13
2025-10-24T22:30:22.022000+00:00,9871,43,1272,17.1,13
2025-10-24T22:31:01.944000+00:00,9871,55,1272,25.0,16
2025-10-24T22:32:09.273000+00:00,9871,63,1272,80.6,16
2025-10-24T22:32:15.960000+00:00,9871,12,1272,283.1,10
2025-10-24T22:32:20.210000+00:00,9871,44,1272,29.9,14
2025-10-24T22:32:46.210000+00:00,9871,10,1272,17.0,13
2025-10-24T22:33:05.429000+00:00,9871,30,1272,302.3,17
2025-10-24T22:34:11.898000+00:00,9871,14,1272,17.1,14
2025-10-24T22:34:50.070000+00:00,9871,6,1272,230.9,15
2025-10-24T22:35:36.477000+00:00,9871,18,1272,26.0,16
2025-10-24T22:35:54.086000+00:00,9871,5,1272,17.1,15
2025-10-24T22:36:11.274000+00:00,9871,1,1272,307.7,16
2025-10-24T22:38:24.502000+00:00,9871,30,1272,31.7,20
2025-10-24T22:39:38.893000+00:00,9871,23,1272,475.4,16
2025-10-24T22:40:15.455000+00:00,9871,16,1272,336.7,17
2025-10-24T22:40:55.206000+00:00,9871,43,1272,308.3,16
2025-10-24T22:41:00.612000+00:00,9871,81,1272,363.3,16
2025-10-24T22:41:14.034000+00:00,9871,55,1272,326.5,19
2025-10-24T22:41:32.003000+00:00,9871,4,1272,385.0,16
2025-10-24T22:41:34.690000+00:00,9871,12,1272,285.3,13
2025-10-24T22:42:04.191000+00:00,9871,10,1272,264.8,16
2025-10-24T22:42:12.128000+00:00,9871,22,1272,336.7,18
2025-10-24T22:42:37.316000+00:00,9871,63,1272,345.8,19
2025-10-24T22:43:02.394000+00:00,9871,27,1272,442.3,16
2025-10-24T22:43:08.519000+00:00,9871,55,1272,22.4,20
2025-10-24T22:43:26.660000+00:00,9871,31,1272,273.4,18
2025-10-24T22:43:43.744000+00:00,9871,87,1272,254.5,21
2025-10-24T22:44:13.463000+00:00,9871,6,1272,279.8,18
2025-10-24T22:45:23.054000+00:00,9871,5,1272,287.2,18
2025-10-24T22:46:21.813000+00:00,9871,18,1272,347.9,19
2025-10-24T22:46:51.673000+00:00,9871,14,1272,371.2,18
2025-10-24T22:47:24.798000+00:00,9871,44,1272,327.6,20
2025-10-24T22:49:00.017000+00:00,9871,27,1272,22.6,20
2025-10-24T22:49:58.971000+00:00,9871,30,1272,307.7,24
2025-10-24T22:53:14.466000+00:00,9871,23,1272,51.7,25
2025-10-24T22:53:26.128000+00:00,9871,1,1272,23.3,28
2025-10-24T22:56:55.962000+00:00,9871,4,1272,22.0,27
2025-10-24T22:57:13.779000+00:00,9871,63,1272,22.5,29
2025-10-24T22:57:24.372000+00:00,9871,6,1272,22.4,27
2025-10-24T22:57:55.185000+00:00,9871,81,1272,22.1,28
2025-10-24T22:59:18.576000+00:00,9871,31,1272,22.9,29
2025-10-25T17:30:53.664000+00:00,9872,18,1272,,1
2025-10-25T17:31:05.519000+00:00,9872,14,1272,,1
2025-10-25T17:32:59.488000+00:00,9872,18,1272,23.8,2
2025-10-25T17:33:14.363000+00:00,9872,14,1272,27.0,2
2025-10-25T17:33:48.316000+00:00,9872,1,1272,,1
2025-10-25T17:35:02.020000+00:00,9872,44,1272,,1
2025-10-25T17:35:04.317000+00:00,9872,18,1272,26.7,3
2025-10-25T17:35:21.254000+00:00,9872,14,1272,28.9,3
2025-10-25T17:35:30.395000+00:00,9872,43,1272,,1
2025-10-25T17:36:05.279000+00:00,9872,10,1272,,1
2025-10-25T17:37:05.786000+00:00,9872,18,1272,23.2,4
2025-10-25T17:37:25.024000+00:00,9872,14,1272,26.4,4
2025-10-25T17:37:52.539000+00:00,9872,27,1272,,1
2025-10-25T17:38:00.633000+00:00,9872,43,1272,25.6,2
2025-10-25T17:38:07.164000+00:00,9872,5,1272,,1
2025-10-25T17:38:38.227000+00:00,9872,10,1272,25.0,2
2025-10-25T17:39:00.555000+00:00,9872,16,1272,,1
2025-10-25T17:39:02.024000+00:00,9872,18,1272,23.4,5
2025-10-25T17:39:04.430000+00:00,9872,87,1272,,1
2025-10-25T17:39:25.209000+00:00,9872,14,1272,24.6,5
2025-10-25T17:39:58.607000+00:00,9872,31,1272,,1
2025-10-25T17:40:19.862000+00:00,9872,55,1272,,1
2025-10-25T17:42:10.797000+00:00,9872,22,1272,,1
2025-10-25T17:42:16.146000+00:00,9872,30,1272,,1
2025-10-25T17:43:00.062000+00:00,9872,27,1272,17.1,4
2025-10-25T17:43:05.218000+00:00,9872,5,1272,17.1,4
2025-10-25T17:43:57.158000+00:00,9872,43,1272,30.3,5
2025-10-25T17:44:11.971000+00:00,9872,4,1272,,1
2025-10-25T17:44:12.768000+00:00,9872,10,1272,29.0,5
2025-10-25T17:44:27.408000+00:00,9872,44,1272,30.3,6
2025-10-25T17:44:39.877000+00:00,9872,16,1272,36.2,4
2025-10-25T17:44:56.316000+00:00,9872,14,1272,229.6,6
2025-10-25T17:45:03.409000+00:00,9872,6,1272,,1
2025-10-25T17:45:07.300000+00:00,9872,81,1272,,1
2025-10-25T17:47:00.963000+00:00,9872,18,1272,369.6,6
2025-10-25T17:47:55.282000+00:00,9872,30,1272,31.7,4
2025-10-25T17:48:56.814000+00:00,9872,87,1272,46.0,6
2025-10-25T17:49:32.114000+00:00,9872,23,1272,,1
2025-10-25T17:49:45.335000+00:00,9872,43,1272,18.2,8
2025-10-25T17:50:00.194000+00:00,9872,10,1272,17.1,8
2025-10-25T17:50:17.616000+00:00,9872,12,1272,,1
2025-10-25T17:50:28.475000+00:00,9872,6,1272,31.5,4
2025-10-25T17:50:42.663000+00:00,9872,63,1272,,1
2025-10-25T17:52:03.064000+00:00,9872,44,1272,28.1,10
2025-10-25T17:52:28.689000+00:00,9872,55,1272,23.9,8
2025-10-25T17:53:31.747000+00:00,9872,31,1272,18.3,9
2025-10-25T17:54:18.499000+00:00,9872,1,1272,333.0,10
2025-10-25T17:55:05.487000+00:00,9872,27,1272,422.1,7
2025-10-25T17:55:56.577000+00:00,9872,12,1272,29.3,4
2025-10-25T17:56:29.953000+00:00,9872,63,1272,19.5,4
2025-10-25T17:56:53.254000+00:00,9872,22,1272,26.1,9
2025-10-25T17:58:51.421000+00:00,9872,5,1272,637.2,7
2025-10-25T17:59:34.525000+00:00,9872,16,1272,254.1,10
2025-10-25T18:00:18.784000+00:00,9872,30,1272,347.8,8
2025-10-25T18:00:27.466000+00:00,9872,6,1272,291.0,7
2025-10-25T18:00:42.299000+00:00,9872,55,1272,212.8,11
2025-10-25T18:02:07.727000+00:00,9872,63,1272,17.9,7
2025-10-25T18:02:40.387000+00:00,9872,44,1272,351.4,13
2025-10-25T18:03:09.573000+00:00,9872,12,1272,41.1,8
2025-10-25T18:03:18.776000+00:00,9872,5,1272,83.4,9
2025-10-25T18:05:23.683000+00:00,9872,10,1272,617.3,11
2025-10-25T18:05:33.308000+00:00,9872,30,1272,22.3,11
2025-10-25T18:05:58.011000+00:00,9872,6,1272,41.9,10
2025-10-25T18:06:10.477000+00:00,9872,43,1272,668.0,11
2025-10-25T18:09:20.262000+00:00,9872,23,1272,245.0,10
2025-10-25T18:10:54.122000+00:00,9872,10,1272,17.0,14
2025-10-25T18:12:19.457000+00:00,9872,6,1272,294.6,11
2025-10-25T18:12:36.738000+00:00,9872,23,1272,17.0,12
2025-10-25T18:12:43.363000+00:00,9872,18,1272,686.1,14
2025-10-25T18:12:53.176000+00:00,9872,4,1272,682.3,12
2025-10-25T18:13:16.123000+00:00,9872,22,1272,387.6,15
2025-10-25T18:13:19.513000+00:00,9872,30,1272,361.4,12
2025-10-25T18:13:30.185000+00:00,9872,81,1272,418.8,15
2025-10-25T18:13:35.217000+00:00,9872,63,1272,279.7,11
2025-10-25T18:14:27.978000+00:00,9872,16,1272,286.8,17
2025-10-25T18:14:38.072000+00:00,9872,12,1272,415.5,11
2025-10-25T18:15:56.689000+00:00,9872,1,1272,453.8,20
2025-10-25T18:16:11.877000+00:00,9872,55,1272,341.8,18
2025-10-25T18:16:29.442000+00:00,9872,44,1272,223.4,20
2025-10-25T18:16:32.833000+00:00,9872,31,1272,514.9,18
2025-10-25T18:16:51.255000+00:00,9872,87,1272,765.8,15
2025-10-25T18:17:28.167000+00:00,9872,4,1272,27.4,15
2025-10-25T18:18:32.514000+00:00,9872,27,1272,364.5,19
2025-10-25T18:19:11.324000+00:00,9872,5,1272,201.6,18
2025-10-25T18:20:37.302000+00:00,9872,63,1272,118.7,14
2025-10-25T18:20:48.646000+00:00,9872,10,1272,325.9,17
2025-10-25T18:21:03.286000+00:00,9872,12,1272,90.6,14
2025-10-25T18:21:13.349000+00:00,9872,43,1272,469.2,16
2025-10-25T18:21:23.786000+00:00,9872,18,1272,219.3,17
2025-10-25T18:22:16.307000+00:00,9872,16,1272,197.6,20
2025-10-25T18:23:14.401000+00:00,9872,30,1272,311.3,15
2025-10-25T18:23:21.588000+00:00,9872,6,1272,359.8,14
2025-10-25T18:23:27.135000+00:00,9872,22,1272,320.5,18
2025-10-25T18:24:25.703000+00:00,9872,23,1272,374.8,15
2025-10-25T18:26:11.910000+00:00,9872,10,1272,17.0,20
2025-10-25T18:26:57.647000+00:00,9872,43,1272,18.6,19
2025-10-25T18:27:19.960000+00:00,9872,18,1272,27.1,20
2025-10-25T18:27:23.132000+00:00,9872,27,1272,251.6,22
2025-10-25T18:27:25.538000+00:00,9872,5,1272,204.2,21
2025-10-25T18:28:30.532000+00:00,9872,6,1272,22.5,17
2025-10-25T18:28:48.857000+00:00,9872,81,1272,352.2,21
2025-10-25T18:28:52.732000+00:00,9872,87,1272,118.7,21
2025-10-25T18:29:08.733000+00:00,9872,55,1272,393.4,22
2025-10-25T18:29:12.873000+00:00,9872,31,1272,196.7,24
2025-10-25T18:29:32.514000+00:00,9872,63,1272,254.5,17
2025-10-25T18:29:40.092000+00:00,9872,4,1272,236.9,20
2025-10-25T18:29:42.280000+00:00,9872,12,1272,244.3,17
2025-10-25T18:29:58.467000+00:00,9872,23,1272,40.2,18
2025-10-25T21:00:07.277000+00:00,9873,18,1272,,1
2025-10-25T21:00:13.245000+00:00,9873,14,1272,,1
2025-10-25T21:00:18.777000+00:00,9873,10,1272,,1
2025-10-25T21:00:22.355000+00:00,9873,43,1272,,1
2025-10-25T21:00:27.644000+00:00,9873,31,1272,,1
2025-10-25T21:00:51.117000+00:00,9873,87,1272,,1
2025-10-25T21:01:00.206000+00:00,9873,5,1272,,1
2025-10-25T21:01:15.484000+00:00,9873,27,1272,,1
2025-10-25T21:02:18.488000+00:00,9873,4,1272,,1
2025-10-25T21:02:20.890000+00:00,9873,81,1272,,1
2025-10-25T21:02:22.899000+00:00,9873,44,1272,,1
2025-10-25T21:02:26.836000+00:00,9873,23,1272,,1
2025-10-25T21:02:36.539000+00:00,9873,16,1272,,1
2025-10-25T21:03:12.115000+00:00,9873,6,1272,,1
2025-10-25T21:03:23.365000+00:00,9873,30,1272,,1
2025-10-25T21:04:10.943000+00:00,9873,22,1272,,1
2025-10-25T21:05:18.310000+00:00,9873,1,1272,,1
2025-10-25T21:05:23.200000+00:00,9873,55,1272,,1
2025-10-25T21:05:33.810000+00:00,9873,12,1272,,1
2025-10-25T21:05:44.841000+00:00,9873,63,1272,,1
2025-10-25T21:06:31.716000+00:00,9873,18,1272,114.9,4
2025-10-25T21:06:37.716000+00:00,9873,87,1272,87.0,4
2025-10-25T21:06:40.373000+00:00,9873,31,1272,90.7,4
2025-10-25T21:06:52.654000+00:00,9873,14,1272,130.6,4
2025-10-25T21:07:02.310000+00:00,9873,10,1272,122.6,4
2025-10-25T21:07:08.388000+00:00,9873,43,1272,120.3,4
2025-10-25T21:07:31.467000+00:00,9873,5,1272,112.3,4
2025-10-25T21:07:38.763000+00:00,9873,27,1272,109.8,4
2025-10-25T21:10:21.676000+00:00,9873,23,1272,180.5,4
2025-10-25T21:11:22.047000+00:00,9873,6,1272,222.3,4
2025-10-25T21:11:31.416000+00:00,9873,30,1272,221.7,4
2025-10-25T21:12:34.917000+00:00,9873,1,1272,167.2,4
2025-10-25T21:12:46.527000+00:00,9873,22,1272,229.2,4
2025-10-25T21:13:47.058000+00:00,9873,4,1272,118.5,7
2025-10-25T21:13:51.762000+00:00,9873,18,1272,171.0,7
2025-10-25T21:13:54.950000+00:00,9873,12,1272,232.8,4
2025-10-25T21:14:03.406000+00:00,9873,55,1272,253.0,4
2025-10-25T21:14:11.671000+00:00,9873,10,1272,149.0,7
2025-10-25T21:14:25.256000+00:00,9873,43,1272,149.6,7
2025-10-25T21:14:38.351000+00:00,9873,5,1272,145.2,7
2025-10-25T21:14:47.921000+00:00,9873,27,1272,153.3,7
2025-10-25T21:14:51.870000+00:00,9873,31,1272,224.6,7
2025-10-25T21:15:01.268000+00:00,9873,87,1272,238.1,7
2025-10-25T21:15:09.237000+00:00,9873,63,1272,283.2,4
2025-10-25T21:15:19.675000+00:00,9873,44,1272,190.3,7
2025-10-25T21:15:32.737000+00:00,9873,14,1272,242.3,7
2025-10-25T21:15:38.003000+00:00,9873,81,1272,216.6,7
2025-10-25T21:15:42.222000+00:00,9873,16,1272,200.6,7
2025-10-25T21:15:58.300000+00:00,9873,23,1272,88.4,7
2025-10-25T21:26:00.412000+00:00,9873,6,1272,617.7,7
2025-10-25T21:26:07.202000+00:00,9873,30,1272,602.9,7
2025-10-25T21:26:39.824000+00:00,9873,27,1272,434.2,10
2025-10-25T21:26:49.673000+00:00,9873,14,1272,394.6,10
2025-10-25T21:26:58.767000+00:00,9873,44,1272,420.9,10
2025-10-25T21:27:07.720000+00:00,9873,1,1272,591.0,7
2025-10-25T21:27:12.877000+00:00,9873,16,1272,489.5,9
2025-10-25T21:27:24.173000+00:00,9873,22,1272,583.5,7
2025-10-25T21:27:29.262000+00:00,9873,31,1272,484.7,10
2025-10-25T21:27:50.210000+00:00,9873,87,1272,494.8,10
2025-10-25T21:27:58.292000+00:00,9873,55,1272,531.4,7
2025-10-25T21:28:09.186000+00:00,9873,4,1272,587.1,10
2025-10-25T21:28:18.311000+00:00,9873,81,1272,552.2,9
2025-10-25T21:28:26.654000+00:00,9873,12,1272,580.0,7
2025-10-25T21:28:39.264000+00:00,9873,63,1272,539.0,7
2025-10-25T21:32:24.614000+00:00,9873,6,1272,120.4,10
2025-10-25T21:32:34.739000+00:00,9873,30,1272,204.9,9
2025-10-25T21:35:15.364000+00:00,9873,27,1272,249.4,13
2025-10-25T21:35:20.895000+00:00,9873,1,1272,223.0,10
2025-10-25T21:35:23.989000+00:00,9873,31,1272,193.1,13
2025-10-25T21:35:36.880000+00:00,9873,87,1272,201.0,13
2025-10-25T21:35:46.286000+00:00,9873,44,1272,262.0,13
2025-10-25T21:35:55.067000+00:00,9873,12,1272,176.6,10
2025-10-25T21:36:06.271000+00:00,9873,63,1272,185.1,10
2025-10-25T21:36:10.489000+00:00,9873,55,1272,222.5,10
2025-10-25T21:36:22.942000+00:00,9873,4,1272,216.4,13
2025-10-25T21:36:31.224000+00:00,9873,16,1272,278.9,12
2025-10-25T21:36:43.568000+00:00,9873,22,1272,278.8,10
2025-10-25T21:37:01.255000+00:00,9873,14,1272,343.3,13
2025-10-25T21:37:08.560000+00:00,9873,81,1272,254.7,12
2025-10-25T21:37:23.427000+00:00,9873,30,1272,115.6,11
2025-10-25T21:48:59.280000+00:00,9873,1,1272,545.6,13
2025-10-25T21:49:02.842000+00:00,9873,87,1272,531.0,16
2025-10-25T21:49:07.819000+00:00,9873,4,1272,493.0,16
2025-10-25T21:49:13.710000+00:00,9873,81,1272,447.1,15
2025-10-25T21:49:33.710000+00:00,9873,55,1272,531.1,13
2025-10-25T21:49:45.663000+00:00,9873,6,1272,783.0,13
2025-10-25T21:49:54.507000+00:00,9873,44,1272,576.5,16
2025-10-25T21:49:59.554000+00:00,9873,16,1272,534.0,15
2025-10-25T21:50:08.646000+00:00,9873,12,1272,579.8,13
2025-10-25T21:50:26.005000+00:00,9873,63,1272,590.7,13
2025-10-25T21:56:43.828000+00:00,9873,87,1272,190.5,19
2025-10-25T21:56:46.506000+00:00,9873,81,1272,175.5,18
2025-10-25T21:56:53.082000+00:00,9873,1,1272,206.3,16
2025-10-25T21:57:06.800000+00:00,9873,55,1272,184.8,16
2025-10-25T21:57:17.315000+00:00,9873,6,1272,190.8,16
2025-10-25T21:57:24.128000+00:00,9873,4,1272,225.5,19
2025-10-25T21:57:33.660000+00:00,9873,44,1272,194.4,19
2025-10-25T21:57:39.144000+00:00,9873,16,1272,191.3,18
2025-10-25T21:57:54.345000+00:00,9873,12,1272,198.9,16
2025-10-25T21:58:10.160000+00:00,9873,63,1272,207.6,16
2025-11-07T14:35:03.179000+00:00,9859,12,1273,,1
2025-11-07T14:35:04.723000+00:00,9859,63,1273,,1
2025-11-07T14:35:10.266000+00:00,9859,30,1273,,1
2025-11-07T14:35:12.576000+00:00,9859,4,1273,,1
2025-11-07T14:35:17.935000+00:00,9859,23,1273,,1
2025-11-07T14:35:23.781000+00:00,9859,87,1273,,1
2025-11-07T14:35:27.520000+00:00,9859,31,1273,,1
2025-11-07T14:35:32.746000+00:00,9859,55,1273,,1
2025-11-07T14:35:40.320000+00:00,9859,14,1273,,1
2025-11-07T14:35:44.961000+00:00,9859,18,1273,,1
2025-11-07T14:35:49.485000+00:00,9859,22,1273,,1
2025-11-07T14:35:54.759000+00:00,9859,16,1273,,1
2025-11-07T14:36:00.149000+00:00,9859,44,1273,,1
2025-11-07T14:36:07.872000+00:00,9859,81,1273,,1
2025-11-07T14:36:11.209000+00:00,9859,10,1273,,1
2025-11-07T14:36:27.758000+00:00,9859,43,1273,,1
2025-11-07T14:36:30.875000+00:00,9859,6,1273,,1
2025-11-07T14:36:33.626000+00:00,9859,27,1273,,1
2025-11-07T14:36:37.049000+00:00,9859,5,1273,,1
2025-11-07T14:37:51.880000+00:00,9859,1,1273,,1
2025-11-07T14:44:27.006000+00:00,9859,30,1273,34.0,7
2025-11-07T14:46:51.369000+00:00,9859,6,1273,32.1,7
2025-11-07T14:49:32.638000+00:00,9859,27,1273,27.3,9
2025-11-07T14:50:33.969000+00:00,9859,87,1273,28.2,10
2025-11-07T14:51:01.922000+00:00,9859,43,1273,29.3,9
2025-11-07T14:52:41.209000+00:00,9859,30,1273,31.9,12
2025-11-07T14:55:42.108000+00:00,9859,14,1273,529.8,8
2025-11-07T14:56:19.107000+00:00,9859,18,1273,360.6,10
2025-11-07T14:56:42.743000+00:00,9859,1,1273,291.1,10
2025-11-07T14:57:39.903000+00:00,9859,12,1273,302.1,13
2025-11-07T14:57:50.655000+00:00,9859,63,1273,435.8,11
2025-11-07T15:00:25.422000+00:00,9859,81,1273,435.9,12
2025-11-07T15:00:31.827000+00:00,9859,6,1273,286.3,13
2025-11-07T15:01:03.141000+00:00,9859,4,1273,609.0,12
2025-11-07T15:01:13.922000+00:00,9859,55,1273,186.7,15
2025-11-07T15:01:39.655000+00:00,9859,23,1273,367.0,14
2025-11-07T15:02:17.049000+00:00,9859,30,1273,318.3,15
2025-11-07T15:02:35.644000+00:00,9859,5,1273,483.8,12
2025-11-07T15:03:07.485000+00:00,9859,16,1273,450.6,13
2025-11-07T15:03:14.978000+00:00,9859,27,1273,630.6,11
2025-11-07T15:03:51.077000+00:00,9859,10,1273,489.7,13
2025-11-07T15:04:24.771000+00:00,9859,87,1273,499.9,14
2025-11-07T15:05:41.272000+00:00,9859,44,1273,320.9,15
2025-11-07T15:05:57.215000+00:00,9859,43,1273,631.5,12
2025-11-07T15:06:02.946000+00:00,9859,31,1273,775.3,12
2025-11-07T15:09:42.100000+00:00,9859,22,1273,1602.9,5
2025-11-07T15:13:19.263000+00:00,9859,55,1273,18.0,24
2025-11-07T15:18:57.509000+00:00,9859,18,1273,546.5,20
2025-11-07T15:19:26.933000+00:00,9859,23,1273,311.8,24
2025-11-07T15:19:41.934000+00:00,9859,12,1273,315.6,26
2025-11-07T15:19:46.107000+00:00,9859,6,1273,523.2,21
2025-11-07T15:20:12.187000+00:00,9859,63,1273,254.5,25
2025-11-07T15:20:18.111000+00:00,9859,55,1273,342.0,25
2025-11-07T15:20:21.570000+00:00,9859,87,1273,256.2,23
2025-11-07T15:20:35.346000+00:00,9859,30,1273,311.6,25
2025-11-07T15:20:38.643000+00:00,9859,31,1273,257.7,20
2025-11-07T15:21:34.735000+00:00,9859,10,1273,304.3,23
2025-11-07T15:21:39.287000+00:00,9859,43,1273,321.2,20
2025-11-07T15:22:12.345000+00:00,9859,14,1273,722.0,18
2025-11-07T15:22:20.005000+00:00,9859,81,1273,345.0,24
2025-11-07T15:22:29.046000+00:00,9859,5,1273,305.3,23
2025-11-07T15:22:34.793000+00:00,9859,4,1273,509.8,22
2025-11-07T15:23:23.695000+00:00,9859,27,1273,238.0,23
2025-11-07T15:24:08.577000+00:00,9859,18,1273,19.7,23
2025-11-07T15:24:39.415000+00:00,9859,12,1273,18.7,29
2025-11-07T15:24:58.915000+00:00,9859,16,1273,582.2,22
2025-11-07T15:25:04.897000+00:00,9859,44,1273,545.5,23
2025-11-07T15:25:21.791000+00:00,9859,63,1273,29.9,28
2025-11-07T15:25:49.268000+00:00,9859,87,1273,50.4,26
2025-11-07T15:26:28.749000+00:00,9859,31,1273,73.0,23
2025-11-07T15:27:06.348000+00:00,9859,14,1273,27.6,21
2025-11-07T15:27:33.988000+00:00,9859,81,1273,25.0,27
2025-11-07T15:27:36.501000+00:00,9859,5,1273,29.3,26
2025-11-07T15:28:04.164000+00:00,9859,4,1273,44.2,25
2025-11-07T15:28:48.929000+00:00,9859,22,1273,227.2,14
2025-11-07T15:29:44.137000+00:00,9859,1,1273,678.2,27
2025-11-07T15:30:15.437000+00:00,9859,30,1273,20.5,31
2025-11-07T15:31:10.316000+00:00,9859,27,1273,18.3,28
2025-11-07T15:31:22.980000+00:00,9859,12,1273,18.5,33
2025-11-07T15:31:39.879000+00:00,9859,6,1273,137.5,27
2025-11-07T15:31:45.117000+00:00,9859,87,1273,77.2,29
2025-11-07T15:32:35.787000+00:00,9859,5,1273,18.1,29
2025-11-07T15:32:46.298000+00:00,9859,31,1273,97.7,26
2025-11-07T15:32:54.286000+00:00,9859,1,1273,25.1,29
2025-11-07T15:33:55.795000+00:00,9859,14,1273,134.1,24
2025-10-19T19:16:40.229000+00:00,9888,23,1271,23.7,7
2025-10-19T19:28:52.890000+00:00,9888,5,1271,25.5,14
2025-10-19T19:41:52.595000+00:00,9888,16,1271,23.7,22
2025-10-19T19:45:54.418000+00:00,9888,31,1271,25.0,24
2025-10-19T19:50:53.659000+00:00,9888,10,1271,26.6,27
2025-10-19T19:52:29.254000+00:00,9888,18,1271,24.1,28
2025-10-19T19:52:41.407000+00:00,9888,6,1271,23.8,28
2025-10-19T19:53:50.754000+00:00,9888,22,1271,24.5,29
2025-10-19T19:55:20.165000+00:00,9888,81,1271,23.4,30
2025-10-19T19:55:32.526000+00:00,9888,87,1271,24.1,30
2025-10-19T19:55:43.927000+00:00,9888,14,1271,24.0,30
2025-10-19T19:55:46.292000+00:00,9888,30,1271,23.6,30
2025-10-19T19:56:56.549000+00:00,9888,44,1271,23.9,31
2025-10-19T19:57:34.602000+00:00,9888,12,1271,23.9,31
2025-10-19T19:58:29.191000+00:00,9888,4,1271,24.5,32
2025-10-19T19:59:24.531000+00:00,9888,43,1271,24.0,32
2025-10-19T19:59:59.008000+00:00,9888,1,1271,23.9,33
2025-10-19T20:00:24.102000+00:00,9888,63,1271,23.5,33
2025-10-19T20:00:34.340000+00:00,9888,27,1271,23.7,33
2025-10-19T20:06:00.054000+00:00,9888,23,1271,24.5,36
2025-10-19T20:06:12.142000+00:00,9888,5,1271,24.0,36
2025-10-26T20:06:52.631000+00:00,9877,30,1272,34.2,2
2025-10-26T20:27:37.255000+00:00,9877,55,1272,22.5,17
2025-10-26T20:31:56.534000+00:00,9877,14,1272,26.8,20
2025-10-26T20:34:19.665000+00:00,9877,12,1272,22.4,22
2025-10-26T20:35:48.975000+00:00,9877,44,1272,33.3,23
2025-10-26T20:37:02.582000+00:00,9877,87,1272,22.6,24
2025-10-26T20:37:09.921000+00:00,9877,81,1272,23.2,24
2025-10-26T20:38:30.984000+00:00,9877,63,1272,22.3,25
2025-10-26T20:40:14.291000+00:00,9877,18,1272,22.0,26
2025-10-26T20:41:30.810000+00:00,9877,31,1272,23.2,27
2025-10-26T20:46:37.358000+00:00,9877,16,1272,22.2,31
2025-10-26T20:50:26.015000+00:00,9877,10,1272,22.8,33
2025-10-26T20:50:29.021000+00:00,9877,4,1272,22.5,34
2025-10-26T20:51:23.002000+00:00,9877,6,1272,22.1,34
2025-10-26T20:54:14.394000+00:00,9877,22,1272,31.6,36
2025-10-26T20:55:10.654000+00:00,9877,1,1272,22.7,37
2025-10-26T20:55:36.348000+00:00,9877,5,1272,22.4,37
2025-10-26T21:01:19.008000+00:00,9877,23,1272,22.0,41
2025-10-26T21:04:01.158000+00:00,9877,18,1272,23.7,43
2025-10-26T21:08:05.554000+00:00,9877,55,1272,30.5,46
2025-10-26T21:09:05.289000+00:00,9877,81,1272,22.1,47
2025-10-26T21:09:06.973000+00:00,9877,12,1272,24.5,47
2025-10-26T21:09:09.698000+00:00,9877,44,1272,23.3,47
2025-10-26T21:10:22.169000+00:00,9877,87,1272,22.1,48
2025-10-26T21:10:24.916000+00:00,9877,63,1272,22.4,48
2025-10-26T21:11:28.773000+00:00,9877,43,1272,22.7,48
2025-10-26T21:21:53.849000+00:00,9877,55,1272,17.9,56
2025-11-08T14:33:05.308000+00:00,9864,27,1273,1245.3,6
2025-11-08T14:35:11.554000+00:00,9864,4,1273,1329.1,7
2025-11-08T14:35:13.499000+00:00,9864,12,1273,1329.0,7
2025-11-08T14:35:17.698000+00:00,9864,63,1273,1330.6,7
2025-11-08T14:35:20.407000+00:00,9864,1,1273,1331.4,7
2025-11-08T14:35:24.771000+00:00,9864,14,1273,1326.9,7
2025-11-08T14:35:29.507000+00:00,9864,16,1273,1329.1,7
2025-11-08T14:35:33.051000+00:00,9864,44,1273,1329.5,7
2025-11-08T14:35:36.848000+00:00,9864,18,1273,1331.4,7
2025-11-08T14:35:38.457000+00:00,9864,10,1273,1329.9,7
2025-11-08T14:35:41.191000+00:00,9864,23,1273,1331.1,7
2025-11-08T14:35:45.949000+00:00,9864,6,1273,1332.7,7
2025-11-08T14:35:49.223000+00:00,9864,5,1273,1333.4,7
2025-11-08T14:35:54.157000+00:00,9864,30,1273,1334.4,7
2025-11-08T14:35:58.571000+00:00,9864,31,1273,1335.7,7
2025-11-08T14:36:00.785000+00:00,9864,87,1273,1335.9,7
2025-11-08T14:36:04.884000+00:00,9864,22,1273,1337.1,7
2025-11-08T14:36:10.994000+00:00,9864,55,1273,1342.0,7
2025-11-08T14:36:14.400000+00:00,9864,27,1273,103.0,7
2025-11-08T18:05:03.263000+00:00,9865,55,1273,,1
2025-11-08T18:05:06.145000+00:00,9865,23,1273,,1
2025-11-08T18:05:13.642000+00:00,9865,27,1273,,1
2025-11-08T18:05:18.644000+00:00,9865,87,1273,,1
2025-11-08T18:05:23.206000+00:00,9865,31,1273,,1
2025-11-08T18:05:29.644000+00:00,9865,43,1273,,1
2025-11-08T18:05:36.231000+00:00,9865,10,1273,,1
2025-11-08T18:05:41.858000+00:00,9865,30,1273,,1
2025-11-08T18:05:46.064000+00:00,9865,81,1273,,1
2025-11-08T18:05:57.047000+00:00,9865,14,1273,,1
2025-11-08T18:06:04.953000+00:00,9865,44,1273,,1
2025-11-08T18:06:11.736000+00:00,9865,6,1273,,1
2025-11-08T18:06:18.761000+00:00,9865,22,1273,,1
2025-11-08T18:06:23.726000+00:00,9865,18,1273,,1
2025-11-08T18:06:35.067000+00:00,9865,16,1273,,1
2025-11-08T18:06:48.117000+00:00,9865,4,1273,,1
2025-11-08T18:06:53.268000+00:00,9865,23,1273,28.7,2
2025-11-08T18:07:03.034000+00:00,9865,55,1273,33.1,2
2025-11-08T18:07:19.640000+00:00,9865,1,1273,,1
2025-11-08T18:08:23.145000+00:00,9865,27,1273,35.4,3
2025-11-08T18:10:03.504000+00:00,9865,31,1273,26.7,4
2025-11-08T18:10:29.915000+00:00,9865,30,1273,30.6,4
2025-11-08T18:10:37.392000+00:00,9865,63,1273,,1
2025-11-08T18:10:40.892000+00:00,9865,12,1273,,1
2025-11-08T18:10:45.058000+00:00,9865,87,1273,75.4,4
2025-11-08T18:11:26.167000+00:00,9865,18,1273,29.6,4
2025-11-08T18:11:40.660000+00:00,9865,14,1273,78.3,4
2025-11-08T18:11:47.249000+00:00,9865,43,1273,135.0,4
2025-11-08T18:11:51.559000+00:00,9865,10,1273,116.3,4
2025-11-08T18:11:55.150000+00:00,9865,55,1273,33.4,5
2025-11-08T18:12:18.687000+00:00,9865,81,1273,128.2,4
2025-11-08T18:12:24.687000+00:00,9865,23,1273,69.1,5
2025-11-08T18:12:51.444000+00:00,9865,27,1273,18.4,6
2025-11-08T18:14:24.263000+00:00,9865,44,1273,115.4,5
2025-11-08T18:15:07.845000+00:00,9865,1,1273,225.2,4
2025-11-08T18:18:35.922000+00:00,9865,4,1273,146.2,7
2025-11-08T18:18:40.313000+00:00,9865,63,1273,237.5,4
2025-11-08T18:18:44.126000+00:00,9865,30,1273,249.4,7
2025-11-08T18:18:49.420000+00:00,9865,18,1273,176.6,7
2025-11-08T18:18:52.783000+00:00,9865,6,1273,212.8,7
2025-11-08T18:18:56.708000+00:00,9865,16,1273,201.9,7
2025-11-08T18:18:58.856000+00:00,9865,31,1273,296.3,7
2025-11-08T18:19:06.251000+00:00,9865,14,1273,180.9,7
2025-11-08T18:19:10.870000+00:00,9865,22,1273,221.0,7
2025-11-08T18:19:13.824000+00:00,9865,55,1273,172.9,8
2025-11-08T18:19:18.427000+00:00,9865,10,1273,178.5,7
2025-11-08T18:19:22.872000+00:00,9865,43,1273,196.3,7
2025-11-08T18:19:26.042000+00:00,9865,44,1273,122.3,7
2025-11-08T18:19:31.589000+00:00,9865,81,1273,174.6,7
2025-11-08T18:19:34.401000+00:00,9865,23,1273,180.7,8
2025-11-08T18:19:38.427000+00:00,9865,87,1273,277.8,7
2025-11-08T18:19:55.273000+00:00,9865,27,1273,168.0,9
2025-11-08T18:20:58.561000+00:00,9865,12,1273,362.3,4
2025-11-08T18:30:12.405000+00:00,9865,23,1273,393.1,10
2025-11-08T18:30:15.368000+00:00,9865,55,1273,370.9,11
2025-11-08T18:32:49.997000+00:00,9865,16,1273,555.3,10
2025-11-08T18:32:52.106000+00:00,9865,81,1273,549.6,9
2025-11-08T18:32:54.184000+00:00,9865,44,1273,505.8,10
2025-11-08T18:32:56.153000+00:00,9865,87,1273,569.3,9
2025-11-08T18:33:00.368000+00:00,9865,6,1273,572.2,10
2025-11-08T18:33:10.043000+00:00,9865,14,1273,558.8,10
2025-11-08T18:33:16.539000+00:00,9865,30,1273,616.4,10
2025-11-08T18:33:20.416000+00:00,9865,18,1273,602.5,10
2025-11-08T18:33:32.453000+00:00,9865,27,1273,506.9,12
2025-11-08T18:33:36.993000+00:00,9865,10,1273,561.1,10
2025-11-08T18:33:42.728000+00:00,9865,4,1273,656.5,10
2025-11-08T18:33:49.982000+00:00,9865,55,1273,50.2,13
2025-11-08T18:34:31.443000+00:00,9865,23,1273,26.8,13
2025-11-08T18:34:37.435000+00:00,9865,63,1273,701.3,7
2025-11-08T18:34:43.073000+00:00,9865,12,1273,646.1,6
2025-11-08T18:39:56.673000+00:00,9865,14,1273,127.5,13
2025-11-08T18:40:17.425000+00:00,9865,27,1273,123.3,15
2025-11-08T18:40:20.698000+00:00,9865,18,1273,137.8,13
2025-11-08T18:40:30.854000+00:00,9865,16,1273,138.1,14
2025-11-08T18:40:36.945000+00:00,9865,44,1273,200.5,13
2025-11-08T18:40:41.792000+00:00,9865,10,1273,150.1,13
2025-11-08T18:40:45.587000+00:00,9865,55,1273,124.3,16
2025-11-08T18:40:47.567000+00:00,9865,6,1273,187.7,13
2025-11-08T18:40:53.343000+00:00,9865,30,1273,180.6,13
2025-11-08T18:40:59.512000+00:00,9865,23,1273,133.2,16
2025-11-08T18:41:10.532000+00:00,9865,4,1273,159.4,13
2025-11-08T18:41:38.325000+00:00,9865,87,1273,253.2,12
2025-11-08T18:41:41.497000+00:00,9865,81,1273,271.1,12
2025-11-08T18:43:33.040000+00:00,9865,63,1273,276.3,10
2025-11-08T18:43:36.640000+00:00,9865,12,1273,271.1,9
2025-11-08T18:53:17.561000+00:00,9865,87,1273,517.1,14
2025-11-08T18:53:21.706000+00:00,9865,27,1273,541.0,18
2025-11-08T18:53:52.019000+00:00,9865,10,1273,527.7,16
2025-11-08T18:53:54.886000+00:00,9865,16,1273,544.1,17
2025-11-08T18:53:59.209000+00:00,9865,4,1273,494.0,16
2025-11-08T18:54:04.588000+00:00,9865,30,1273,518.3,16
2025-11-08T18:54:07.949000+00:00,9865,6,1273,529.8,16
2025-11-08T18:54:12.677000+00:00,9865,81,1273,569.4,14
2025-11-08T18:55:06.082000+00:00,9865,63,1273,608.7,11
2025-11-08T18:55:12.182000+00:00,9865,12,1273,538.9,11
2025-11-08T19:00:56.057000+00:00,9865,27,1273,204.0,21
2025-11-08T19:01:01.905000+00:00,9865,87,1273,216.5,17
2025-11-08T19:01:07.958000+00:00,9865,16,1273,181.4,20
2025-11-08T19:01:18.941000+00:00,9865,4,1273,188.0,19
2025-11-08T19:02:04.793000+00:00,9865,30,1273,221.3,19
2025-11-08T19:02:07.236000+00:00,9865,81,1273,205.0,17
2025-11-08T19:02:11.703000+00:00,9865,6,1273,223.3,19
2025-11-08T19:02:18.255000+00:00,9865,10,1273,253.1,19
2025-11-08T19:03:08.457000+00:00,9865,63,1273,247.7,14
2025-11-08T19:03:16.054000+00:00,9865,12,1273,242.5,14
2025-11-21T04:05:22.854000+00:00,9852,10,1274,,1
2025-11-21T04:05:34.461000+00:00,9852,63,1274,,1
2025-11-21T04:05:42.321000+00:00,9852,43,1274,,1
2025-11-21T04:05:56.084000+00:00,9852,31,1274,,1
2025-11-21T04:06:01.718000+00:00,9852,30,1274,,1
2025-11-21T04:06:05.621000+00:00,9852,87,1274,,1
2025-11-21T04:06:08.031000+00:00,9852,6,1274,,1
2025-11-21T04:06:54.937000+00:00,9852,44,1274,,1
2025-11-21T04:07:19.592000+00:00,9852,12,1274,,1
2025-11-21T04:07:34.887000+00:00,9852,23,1274,,1
2025-11-21T04:07:59.638000+00:00,9852,1,1274,,1
2025-11-21T04:08:13.531000+00:00,9852,22,1274,,1
2025-11-21T04:08:42.337000+00:00,9852,16,1274,,1
2025-11-21T04:11:35.992000+00:00,9852,5,1274,,1
2025-11-21T04:11:47.638000+00:00,9852,81,1274,,1
2025-11-21T04:11:51.444000+00:00,9852,14,1274,,1
2025-11-21T04:11:56.446000+00:00,9852,55,1274,,1
2025-11-21T04:12:02.241000+00:00,9852,27,1274,,1
2025-11-21T04:12:11.256000+00:00,9852,18,1274,,1
2025-11-21T04:14:11.053000+00:00,9852,4,1274,,1
2025-11-21T04:26:34.079000+00:00,9852,30,1274,261.2,10
2025-11-21T04:27:09.041000+00:00,9852,6,1274,284.7,10
2025-11-21T04:29:30.188000+00:00,9852,23,1274,227.1,11
2025-11-21T04:30:09.797000+00:00,9852,18,1274,174.2,9
2025-11-21T04:30:15.101000+00:00,9852,81,1274,294.8,8
2025-11-21T04:30:37.202000+00:00,9852,87,1274,321.5,11
2025-11-21T04:30:57.859000+00:00,9852,55,1274,22.5,11
2025-11-21T04:31:30.032000+00:00,9852,63,1274,250.5,13
2025-11-21T04:31:51.315000+00:00,9852,16,1274,225.5,12
2025-11-21T04:31:55.760000+00:00,9852,43,1274,198.5,13
2025-11-21T04:32:03.592000+00:00,9852,10,1274,285.7,13
2025-11-21T04:32:10.527000+00:00,9852,22,1274,320.8,11
2025-11-21T04:32:14.637000+00:00,9852,14,1274,376.2,9
2025-11-21T04:32:18.170000+00:00,9852,5,1274,250.6,10
2025-11-21T04:32:21.244000+00:00,9852,30,1274,34.9,13
2025-11-21T04:32:30.614000+00:00,9852,44,1274,353.6,12
2025-11-21T04:32:41.070000+00:00,9852,1,1274,411.9,11
2025-11-21T04:33:25.437000+00:00,9852,12,1274,126.5,14
2025-11-21T04:33:34.705000+00:00,9852,4,1274,249.2,9
2025-11-21T04:33:44.481000+00:00,9852,27,1274,323.3,10
2025-11-21T04:34:33.660000+00:00,9852,31,1274,326.1,14
2025-11-21T04:54:02.964000+00:00,9852,27,1274,1541.7,13
2025-11-21T04:54:04.975000+00:00,9852,5,1274,1557.3,14
2025-11-21T04:54:07.296000+00:00,9852,23,1274,1704.2,16
2025-11-21T04:54:09.095000+00:00,9852,55,1274,1413.7,15
2025-11-21T04:54:13.620000+00:00,9852,30,1274,1065.4,15
2025-11-21T04:54:16.280000+00:00,9852,10,1274,1618.4,17
2025-11-21T04:54:20.204000+00:00,9852,6,1274,1062.1,15
2025-11-21T04:54:25.590000+00:00,9852,43,1274,1548.3,17
2025-11-21T04:54:32.465000+00:00,9852,14,1274,1713.8,13
2025-11-21T04:54:37.322000+00:00,9852,18,1274,1641.7,14
2025-11-21T04:54:43.624000+00:00,9852,1,1274,1734.5,15
2025-11-21T04:54:46.549000+00:00,9852,16,1274,1600.9,16
2025-11-21T04:54:49.602000+00:00,9852,22,1274,1680.0,15
2025-11-21T04:54:55.992000+00:00,9852,4,1274,1530.4,12
2025-11-21T04:55:00.270000+00:00,9852,44,1274,1703.2,16
2025-11-21T04:55:02.841000+00:00,9852,63,1274,1663.2,17
2025-11-21T04:55:06.693000+00:00,9852,12,1274,1427.7,17
2025-11-21T04:55:10.095000+00:00,9852,31,1274,1562.4,17
2025-11-21T04:55:26.804000+00:00,9852,87,1274,1811.1,16
2025-11-21T04:55:43.048000+00:00,9852,81,1274,1822.8,12
2025-11-21T00:30:15.427000+00:00,9851,6,1274,,1
2025-11-21T00:30:31.190000+00:00,9851,10,1274,,1
2025-11-21T00:30:37.934000+00:00,9851,87,1274,,1
2025-11-21T00:30:41.690000+00:00,9851,31,1274,,1
2025-11-21T00:30:46.464000+00:00,9851,22,1274,,1
2025-11-21T00:30:53.736000+00:00,9851,16,1274,,1
2025-11-21T00:30:58.797000+00:00,9851,43,1274,,1
2025-11-21T00:31:03.322000+00:00,9851,12,1274,,1
2025-11-21T00:31:05.721000+00:00,9851,30,1274,,1
2025-11-21T00:31:12.007000+00:00,9851,55,1274,,1
2025-11-21T00:31:54.105000+00:00,9851,23,1274,,1
2025-11-21T00:32:07.215000+00:00,9851,27,1274,,1
2025-11-21T00:32:13.781000+00:00,9851,5,1274,,1
2025-11-21T00:33:16.180000+00:00,9851,31,1274,28.8,2
2025-11-21T00:34:37.965000+00:00,9851,44,1274,,1
2025-11-21T00:35:11.338000+00:00,9851,18,1274,,1
2025-11-21T00:35:21.254000+00:00,9851,4,1274,,1
2025-11-21T00:35:27.803000+00:00,9851,14,1274,,1
2025-11-21T00:36:43.378000+00:00,9851,1,1274,,1
2025-11-21T00:37:11.775000+00:00,9851,81,1274,,1
2025-11-21T00:37:13.353000+00:00,9851,63,1274,,1
2025-11-21T00:46:59.562000+00:00,9851,23,1274,591.4,4
2025-11-21T00:48:51.113000+00:00,9851,6,1274,30.8,11
2025-11-21T00:51:37.620000+00:00,9851,30,1274,33.2,12
2025-11-21T00:52:18.002000+00:00,9851,4,1274,41.3,10
2025-11-21T00:59:13.641000+00:00,9851,27,1274,642.5,10
2025-11-21T00:59:26.752000+00:00,9851,55,1274,343.2,13
2025-11-21T00:59:36.029000+00:00,9851,16,1274,422.9,13
2025-11-21T00:59:42.066000+00:00,9851,44,1274,428.3,11
2025-11-21T01:00:38.617000+00:00,9851,87,1274,619.7,12
2025-11-21T01:00:41.578000+00:00,9851,18,1274,370.2,11
2025-11-21T01:00:58.400000+00:00,9851,6,1274,292.9,15
2025-11-21T01:01:04.690000+00:00,9851,43,1274,464.8,13
2025-11-21T01:01:08.815000+00:00,9851,31,1274,395.9,14
2025-11-21T01:01:45.007000+00:00,9851,14,1274,474.8,11
2025-11-21T01:01:58.679000+00:00,9851,63,1274,276.5,12
2025-11-21T01:02:47.437000+00:00,9851,10,1274,486.4,14
2025-11-21T01:03:11.461000+00:00,9851,30,1274,376.5,15
2025-11-21T01:04:09.956000+00:00,9851,12,1274,326.7,16
2025-11-21T01:06:53.515000+00:00,9851,5,1274,709.1,13
2025-11-21T01:07:02.862000+00:00,9851,1,1274,606.1,12
2025-11-21T01:09:01.766000+00:00,9851,22,1274,512.3,17
2025-11-21T01:12:56.979000+00:00,9851,4,1274,751.1,15
2025-11-21T01:15:13.976000+00:00,9851,55,1274,36.9,22
2025-11-21T01:15:22.964000+00:00,9851,23,1274,570.0,14
2025-11-21T01:16:33.207000+00:00,9851,6,1274,330.7,21
2025-11-21T01:17:02.127000+00:00,9851,81,1274,622.2,18
2025-11-21T01:18:59.749000+00:00,9851,12,1274,246.6,22
2025-11-21T01:19:07.949000+00:00,9851,1,1274,300.2,16
2025-11-21T01:19:11.902000+00:00,9851,30,1274,346.2,21
2025-11-21T01:19:30.904000+00:00,9851,31,1274,233.1,22
2025-11-21T01:19:37.492000+00:00,9851,14,1274,540.2,16
2025-11-21T01:19:49.996000+00:00,9851,87,1274,256.4,20
2025-11-21T01:19:57.978000+00:00,9851,63,1274,544.4,17
2025-11-21T01:20:31.845000+00:00,9851,27,1274,416.5,18
2025-11-21T01:21:09.555000+00:00,9851,43,1274,301.3,21
2025-11-21T01:21:48.819000+00:00,9851,18,1274,314.1,19
2025-11-21T01:23:18.650000+00:00,9851,16,1274,342.0,23
2025-11-21T01:23:53.962000+00:00,9851,10,1274,479.4,21
2025-11-21T01:23:55.822000+00:00,9851,5,1274,227.3,20
2025-11-21T01:25:42.224000+00:00,9851,44,1274,352.4,22
2025-11-21T01:28:50.978000+00:00,9851,22,1274,293.9,25
2025-11-09T17:06:59.690000+00:00,9869,22,1273,22.9,2
2025-11-09T17:07:24.392000+00:00,9869,44,1273,40.0,2
2025-11-09T17:15:31.922000+00:00,9869,1,1273,23.1,7
2025-11-09T17:17:13.579000+00:00,9869,31,1273,24.2,8
2025-11-09T17:24:47.649000+00:00,9869,44,1273,23.4,14
2025-11-09T17:28:28.118000+00:00,9869,87,1273,23.7,17
2025-11-09T17:28:34.078000+00:00,9869,55,1273,26.0,17
2025-11-09T17:29:42.766000+00:00,9869,6,1273,23.7,18
2025-11-09T17:29:45.608000+00:00,9869,10,1273,23.6,18
2025-11-09T17:31:00.310000+00:00,9869,30,1273,22.8,19
2025-11-09T17:33:20.864000+00:00,9869,12,1273,23.3,21
2025-11-09T17:37:36.926000+00:00,9869,22,1273,34.1,24
2025-11-09T17:42:30.689000+00:00,9869,14,1273,23.9,28
2025-11-09T17:43:48.573000+00:00,9869,43,1273,23.7,29
2025-11-09T17:43:49.284000+00:00,9869,18,1273,23.7,29
2025-11-09T17:44:26.540000+00:00,9869,4,1273,23.4,30
2025-11-09T17:47:56.309000+00:00,9869,44,1273,30.7,32
2025-11-09T17:49:42.676000+00:00,9869,63,1273,23.3,34
2025-11-09T17:49:48.880000+00:00,9869,1,1273,23.0,34
2025-11-09T17:51:17.754000+00:00,9869,23,1273,23.0,35
2025-11-09T17:52:30.227000+00:00,9869,27,1273,23.0,36
2025-11-09T17:53:50.979000+00:00,9869,6,1273,23.4,37
2025-11-09T17:59:59.574000+00:00,9869,87,1273,24.6,42
2025-11-09T18:01:41.632000+00:00,9869,43,1273,26.1,43
2025-11-09T18:05:21.283000+00:00,9869,14,1273,23.5,46
2025-11-09T18:06:00.862000+00:00,9869,12,1273,23.4,47
2025-11-09T18:06:32.412000+00:00,9869,31,1273,24.1,47
2025-11-09T18:06:55.159000+00:00,9869,22,1273,33.8,47
2025-11-09T18:07:18.271000+00:00,9869,63,1273,23.1,48
2025-11-09T18:09:35.078000+00:00,9869,4,1273,23.2,50
2025-11-09T18:11:07.220000+00:00,9869,81,1273,23.1,51
2025-11-09T18:14:45.242000+00:00,9869,1,1273,23.3,54
2025-11-09T18:15:22.836000+00:00,9869,18,1273,22.9,54
2025-11-09T18:16:32.405000+00:00,9869,23,1273,23.1,55
2025-11-22T00:31:00.308000+00:00,9853,81,1274,,1
2025-11-22T00:31:13.012000+00:00,9853,44,1274,,1
2025-11-22T00:31:26.378000+00:00,9853,87,1274,,1
2025-11-22T00:33:41.254000+00:00,9853,31,1274,,1
2025-11-22T00:34:57.572000+00:00,9853,4,1274,,1
2025-11-22T00:35:40.867000+00:00,9853,1,1274,,1
2025-11-22T00:35:45.470000+00:00,9853,14,1274,,1
2025-11-22T00:35:52.216000+00:00,9853,22,1274,,1
2025-11-22T00:37:46.388000+00:00,9853,30,1274,,1
2025-11-22T00:37:56.533000+00:00,9853,6,1274,,1
2025-11-22T00:38:05.007000+00:00,9853,55,1274,,1
2025-11-22T00:38:26.323000+00:00,9853,23,1274,,1
2025-11-22T00:40:20.069000+00:00,9853,16,1274,,1
2025-11-22T00:42:59.640000+00:00,9853,12,1274,,1
2025-11-22T00:43:41.199000+00:00,9853,63,1274,,1
2025-11-22T00:50:53.730000+00:00,9853,87,1274,1038.4,2
2025-11-22T00:53:47.733000+00:00,9853,18,1274,,1
2025-11-22T00:57:57.934000+00:00,9853,4,1274,256.7,10
2025-11-22T01:01:51.045000+00:00,9853,43,1274,,1
2025-11-22T01:02:06.242000+00:00,9853,81,1274,497.6,12
2025-11-22T01:02:11.057000+00:00,9853,44,1274,353.7,14
2025-11-22T01:02:31.420000+00:00,9853,22,1274,748.8,8
2025-11-22T01:02:51.217000+00:00,9853,16,1274,177.7,11
2025-11-22T01:03:16.364000+00:00,9853,5,1274,,1
2025-11-22T01:03:30.039000+00:00,9853,6,1274,410.9,10
2025-11-22T01:03:37.137000+00:00,9853,30,1274,491.5,10
2025-11-22T01:03:50.774000+00:00,9853,1,1274,294.9,13
2025-11-22T01:06:06.255000+00:00,9853,43,1274,32.9,3
2025-11-22T01:06:33.174000+00:00,9853,87,1274,581.9,5
2025-11-22T01:07:48.656000+00:00,9853,31,1274,908.8,11
2025-11-22T01:08:39.291000+00:00,9853,55,1274,830.9,9
2025-11-22T01:08:41.346000+00:00,9853,63,1274,619.9,8
2025-11-22T01:08:49.897000+00:00,9853,12,1274,440.2,10
2025-11-22T01:09:01.209000+00:00,9853,23,1274,998.0,8
2025-11-22T01:11:36.547000+00:00,9853,4,1274,487.3,13
2025-11-22T01:11:46.284000+00:00,9853,10,1274,,1
2025-11-22T01:12:15.785000+00:00,9853,27,1274,,1
2025-11-22T01:12:51.977000+00:00,9853,18,1274,1026.5,2
2025-11-22T01:14:21.769000+00:00,9853,14,1274,2082.6,3
2025-11-22T01:15:49.123000+00:00,9853,81,1274,337.3,16
2025-11-22T01:16:49.677000+00:00,9853,5,1274,119.0,7
2025-11-22T01:20:23.543000+00:00,9853,30,1274,129.0,18
2025-11-22T01:20:40.822000+00:00,9853,43,1274,140.7,10
2025-11-22T01:21:27.199000+00:00,9853,6,1274,96.2,19
2025-11-22T01:21:47.679000+00:00,9853,23,1274,24.3,15
2025-11-22T01:21:58.388000+00:00,9853,87,1274,164.1,12
2025-11-22T01:22:00.327000+00:00,9853,55,1274,26.8,16
2025-11-22T01:22:01.798000+00:00,9853,44,1274,236.5,23
2025-11-22T01:22:22.431000+00:00,9853,1,1274,169.5,22
2025-11-22T01:22:54.025000+00:00,9853,16,1274,136.7,21
2025-11-22T01:23:08.184000+00:00,9853,63,1274,22.8,16
2025-11-22T01:23:54.779000+00:00,9853,31,1274,122.3,19
2025-11-22T01:24:01.158000+00:00,9853,12,1274,23.2,18
2025-11-22T01:24:15.285000+00:00,9853,18,1274,22.6,8
2025-11-22T01:24:29.898000+00:00,9853,22,1274,150.8,19
2025-11-22T01:27:19.048000+00:00,9853,27,1274,159.0,8
2025-11-22T04:00:03.826000+00:00,9854,14,1274,,1
2025-11-22T04:00:07.435000+00:00,9854,18,1274,,1
2025-11-22T04:00:10.273000+00:00,9854,10,1274,,1
2025-11-22T04:00:12.516000+00:00,9854,87,1274,,1
2025-11-22T04:00:17.439000+00:00,9854,31,1274,,1
2025-11-22T04:00:24.429000+00:00,9854,43,1274,,1
2025-11-22T04:00:29.196000+00:00,9854,44,1274,,1
2025-11-22T04:00:31.085000+00:00,9854,23,1274,,1
2025-11-22T04:00:37.053000+00:00,9854,16,1274,,1
2025-11-22T04:00:40.971000+00:00,9854,6,1274,,1
2025-11-22T04:00:48.126000+00:00,9854,30,1274,,1
2025-11-22T04:00:56.047000+00:00,9854,4,1274,,1
2025-11-22T04:01:02.110000+00:00,9854,22,1274,,1
2025-11-22T04:01:03.974000+00:00,9854,5,1274,,1
2025-11-22T04:01:14.255000+00:00,9854,55,1274,,1
2025-11-22T04:01:16.157000+00:00,9854,27,1274,,1
2025-11-22T04:01:22.908000+00:00,9854,63,1274,,1
2025-11-22T04:01:24.759000+00:00,9854,12,1274,,1
2025-11-22T04:01:27.671000+00:00,9854,1,1274,,1
2025-11-22T04:02:14.953000+00:00,9854,81,1274,,1
2025-11-22T04:03:10.036000+00:00,9854,87,1274,26.9,2
2025-11-22T04:03:14.874000+00:00,9854,10,1274,38.4,2
2025-11-22T04:03:18.447000+00:00,9854,31,1274,31.5,2
2025-11-22T04:03:25.253000+00:00,9854,43,1274,30.3,2
2025-11-22T04:03:47.877000+00:00,9854,30,1274,26.4,2
2025-11-22T04:03:56.673000+00:00,9854,6,1274,25.5,2
2025-11-22T04:04:00.771000+00:00,9854,4,1274,27.3,2
2025-11-22T04:04:10.109000+00:00,9854,22,1274,32.2,2
2025-11-22T04:04:18.738000+00:00,9854,63,1274,31.0,2
2025-11-22T04:04:23.738000+00:00,9854,12,1274,28.8,2
2025-11-22T04:04:25.139000+00:00,9854,1,1274,25.3,2
2025-11-22T04:05:41.120000+00:00,9854,44,1274,23.4,3
2025-11-22T04:05:44.802000+00:00,9854,23,1274,25.2,3
2025-11-22T04:06:00.542000+00:00,9854,16,1274,27.2,3
2025-11-22T04:06:20.603000+00:00,9854,55,1274,23.0,3
2025-11-22T04:31:03.254000+00:00,9854,4,1274,771.5,9
2025-11-22T04:31:07.209000+00:00,9854,18,1274,594.8,11
2025-11-22T04:31:13.288000+00:00,9854,63,1274,619.3,10
2025-11-22T04:31:17.282000+00:00,9854,6,1274,629.0,10
2025-11-22T04:31:25.876000+00:00,9854,43,1274,690.0,10
2025-11-22T04:31:32.409000+00:00,9854,30,1274,702.2,10
2025-11-22T04:31:40.273000+00:00,9854,10,1274,596.0,11
2025-11-22T04:31:49.184000+00:00,9854,1,1274,638.8,10
2025-11-22T04:31:58.333000+00:00,9854,14,1274,667.8,11
2025-11-22T04:32:03.755000+00:00,9854,16,1274,671.5,10
2025-11-22T04:32:11.866000+00:00,9854,55,1274,668.9,10
2025-11-22T04:32:18.723000+00:00,9854,87,1274,701.6,10
2025-11-22T04:32:21.694000+00:00,9854,31,1274,775.6,10
2025-11-22T04:32:39.683000+00:00,9854,81,1274,818.7,9
2025-11-22T04:32:46.555000+00:00,9854,27,1274,658.1,11
2025-11-22T04:39:56.164000+00:00,9854,18,1274,33.3,15
2025-11-22T04:54:02.651000+00:00,9854,16,1274,346.1,18
2025-11-22T04:54:06.892000+00:00,9854,4,1274,304.7,18
2025-11-22T04:54:12.495000+00:00,9854,81,1274,319.2,17
2025-11-22T04:54:17.700000+00:00,9854,6,1274,290.3,19
2025-11-22T04:54:24.160000+00:00,9854,30,1274,277.6,19
2025-11-22T04:54:29.467000+00:00,9854,55,1274,314.0,18
2025-11-22T04:54:37.774000+00:00,9854,14,1274,393.8,19
2025-11-22T04:54:51.318000+00:00,9854,1,1274,417.3,18
2025-11-22T04:55:01.068000+00:00,9854,10,1274,305.6,20
2025-11-22T04:55:43.683000+00:00,9854,63,1274,408.2,19
2025-11-23T04:06:24.938000+00:00,9858,22,1274,21.3,1
2025-11-23T04:06:49.609000+00:00,9858,5,1274,33.2,1
2025-11-23T04:08:21.532000+00:00,9858,12,1274,21.9,2
2025-11-23T04:08:33.857000+00:00,9858,10,1274,23.9,2
2025-11-23T04:08:42.280000+00:00,9858,30,1274,32.7,2
2025-11-23T04:26:53.267000+00:00,9858,23,1274,23.3,13
2025-11-23T04:29:02.509000+00:00,9858,23,1274,30.0,14
2025-11-23T04:32:00.099000+00:00,9858,14,1274,21.0,16
2025-11-23T04:33:13.966000+00:00,9858,63,1274,20.9,17
2025-11-23T04:33:38.004000+00:00,9858,87,1274,21.4,17
2025-11-23T04:38:22.903000+00:00,9858,6,1274,21.3,20
2025-11-23T04:39:54.483000+00:00,9858,81,1274,21.3,21
2025-11-23T04:41:15.387000+00:00,9858,4,1274,21.0,22
2025-11-23T04:41:30.072000+00:00,9858,55,1274,21.1,22
2025-11-23T04:44:43.963000+00:00,9858,16,1274,21.3,24
2025-11-23T04:45:59.342000+00:00,9858,1,1274,21.7,25
2025-11-23T04:46:56.693000+00:00,9858,43,1274,22.8,25
2025-11-23T04:49:49.460000+00:00,9858,31,1274,22.3,27
2025-11-23T04:50:08.739000+00:00,9858,22,1274,20.6,27
2025-11-23T04:51:50.715000+00:00,9858,30,1274,21.2,28
2025-11-23T04:52:53.254000+00:00,9858,44,1274,21.6,29
2025-11-23T04:54:29.901000+00:00,9858,27,1274,22.3,30
2025-11-23T05:01:52.169000+00:00,9858,23,1274,29.3,34
2025-11-28T17:30:02.971000+00:00,9841,1,1275,,1
2025-11-28T17:30:07.690000+00:00,9841,10,1275,,1
2025-11-28T17:30:13.955000+00:00,9841,22,1275,,1
2025-11-28T17:30:17.565000+00:00,9841,16,1275,,1
2025-11-28T17:30:32.430000+00:00,9841,44,1275,,1
2025-11-28T17:30:38.165000+00:00,9841,55,1275,,1
2025-11-28T17:30:45.884000+00:00,9841,31,1275,,1
2025-11-28T17:30:56.732000+00:00,9841,87,1275,,1
2025-11-28T17:30:58.572000+00:00,9841,43,1275,,1
2025-11-28T17:31:09.271000+00:00,9841,6,1275,,1
2025-11-28T17:31:17.384000+00:00,9841,23,1275,,1
2025-11-28T17:31:26.430000+00:00,9841,4,1275,,1
2025-11-28T17:31:33.861000+00:00,9841,81,1275,,1
2025-11-28T17:31:45.530000+00:00,9841,27,1275,,1
2025-11-28T17:31:51.849000+00:00,9841,5,1275,,1
2025-11-28T17:31:57.446000+00:00,9841,18,1275,,1
2025-11-28T17:32:09.781000+00:00,9841,14,1275,,1
2025-11-28T17:32:57.461000+00:00,9841,30,1275,,1
2025-11-28T17:34:32.990000+00:00,9841,12,1275,,1
2025-11-28T17:34:39.725000+00:00,9841,63,1275,,1
2025-11-28T17:38:50.795000+00:00,9841,30,1275,70.3,4
2025-11-28T17:49:02.730000+00:00,9841,63,1275,241.6,7
2025-11-28T17:49:11.918000+00:00,9841,1,1275,328.3,9
2025-11-28T17:49:19.199000+00:00,9841,22,1275,315.8,9
2025-11-28T17:49:28.574000+00:00,9841,27,1275,282.1,9
2025-11-28T17:49:36.402000+00:00,9841,5,1275,349.3,8
2025-11-28T17:49:42.824000+00:00,9841,16,1275,341.2,9
2025-11-28T17:50:01.147000+00:00,9841,31,1275,330.7,9
2025-11-28T17:50:08.988000+00:00,9841,87,1275,336.8,9
2025-11-28T17:50:16.121000+00:00,9841,4,1275,391.6,8
2025-11-28T17:50:21.433000+00:00,9841,81,1275,399.0,8
2025-11-28T17:50:29.222000+00:00,9841,55,1275,366.6,9
2025-11-28T17:50:41.389000+00:00,9841,23,1275,336.4,9
2025-11-28T17:50:51.035000+00:00,9841,6,1275,370.4,9
2025-11-28T17:50:59.787000+00:00,9841,14,1275,531.1,7
2025-11-28T17:51:15.881000+00:00,9841,12,1275,419.0,7
2025-11-28T17:55:16.592000+00:00,9841,16,1275,40.4,12
2025-11-28T17:55:34.405000+00:00,9841,22,1275,75.1,12
2025-11-28T17:55:41.936000+00:00,9841,27,1275,77.2,12
2025-11-28T17:55:54.389000+00:00,9841,31,1275,63.3,12
2025-11-28T17:56:02.436000+00:00,9841,87,1275,54.3,12
2025-11-28T17:56:17.117000+00:00,9841,5,1275,107.9,11
2025-11-28T18:06:02.985000+00:00,9841,12,1275,269.1,13
2025-11-28T18:06:08.782000+00:00,9841,63,1275,282.2,14
2025-11-28T18:06:21.501000+00:00,9841,1,1275,406.6,15
2025-11-28T18:06:29.110000+00:00,9841,22,1275,363.8,15
2025-11-28T18:06:36.923000+00:00,9841,55,1275,341.8,15
2025-11-28T18:06:46.032000+00:00,9841,14,1275,369.7,13
2025-11-28T18:06:52.392000+00:00,9841,16,1275,389.1,15
2025-11-28T18:06:57.737000+00:00,9841,81,1275,471.4,13
2025-11-28T18:07:13.016000+00:00,9841,23,1275,362.5,15
2025-11-28T18:07:22.333000+00:00,9841,4,1275,492.6,13
2025-11-28T18:11:31.291000+00:00,9841,12,1275,22.7,16
2025-11-28T18:11:56.861000+00:00,9841,63,1275,46.8,17
2025-11-28T13:30:03.555000+00:00,9840,63,1275,,1
2025-11-28T13:30:05.018000+00:00,9840,27,1275,,1
2025-11-28T13:30:10.233000+00:00,9840,30,1275,,1
2025-11-28T13:30:17.278000+00:00,9840,6,1275,,1
2025-11-28T13:30:26.378000+00:00,9840,31,1275,,1
2025-11-28T13:30:37.719000+00:00,9840,1,1275,,1
2025-11-28T13:30:48.076000+00:00,9840,87,1275,,1
2025-11-28T13:30:54.482000+00:00,9840,12,1275,,1
2025-11-28T13:31:02.888000+00:00,9840,22,1275,,1
2025-11-28T13:31:09.155000+00:00,9840,43,1275,,1
2025-11-28T13:31:11.770000+00:00,9840,55,1275,,1
2025-11-28T13:31:16.656000+00:00,9840,10,1275,,1
2025-11-28T13:31:27.618000+00:00,9840,44,1275,,1
2025-11-28T13:31:31.832000+00:00,9840,16,1275,,1
2025-11-28T13:31:35.866000+00:00,9840,81,1275,,1
2025-11-28T13:31:42.232000+00:00,9840,5,1275,,1
2025-11-28T13:31:42.592000+00:00,9840,23,1275,,1
2025-11-28T13:31:57.618000+00:00,9840,4,1275,,1
2025-11-28T13:33:06.272000+00:00,9840,18,1275,,1
2025-11-28T13:33:46.431000+00:00,9840,14,1275,,1
2025-11-28T13:36:44.625000+00:00,9840,44,1275,33.6,4
2025-11-28T13:37:16.041000+00:00,9840,30,1275,38.5,5
2025-11-28T13:37:37.151000+00:00,9840,6,1275,35.3,5
2025-11-28T13:40:43.050000+00:00,9840,5,1275,30.6,6
2025-11-28T13:44:37.016000+00:00,9840,23,1275,31.3,8
2025-11-28T13:46:49.402000+00:00,9840,30,1275,38.1,10
2025-11-28T13:47:22.926000+00:00,9840,55,1275,28.9,10
2025-11-28T13:50:00.024000+00:00,9840,16,1275,33.2,11
2025-11-28T13:50:47.443000+00:00,9840,4,1275,525.1,7
2025-11-28T13:52:25.816000+00:00,9840,81,1275,512.3,8
2025-11-28T13:53:29.937000+00:00,9840,87,1275,415.1,10
2025-11-28T13:54:19.125000+00:00,9840,6,1275,284.4,12
2025-11-28T13:54:34.447000+00:00,9840,27,1275,668.7,9
2025-11-28T13:54:40.025000+00:00,9840,12,1275,371.0,11
2025-11-28T13:54:52.871000+00:00,9840,63,1275,299.1,12
2025-11-28T13:55:07.114000+00:00,9840,31,1275,446.6,11
2025-11-28T13:56:35.284000+00:00,9840,1,1275,456.8,11
2025-11-28T13:57:25.075000+00:00,9840,30,1275,351.2,13
2025-11-28T13:57:49.984000+00:00,9840,5,1275,372.1,12
2025-11-28T13:58:06.545000+00:00,9840,14,1275,535.8,10
2025-11-28T13:59:46.261000+00:00,9840,10,1275,508.4,12
2025-11-28T13:59:53.021000+00:00,9840,22,1275,371.5,13
2025-11-28T14:00:12.451000+00:00,9840,44,1275,572.6,12
2025-11-28T14:01:21.157000+00:00,9840,18,1275,608.5,11
2025-11-28T14:02:13.402000+00:00,9840,43,1275,618.7,12
2025-11-28T14:03:01.511000+00:00,9840,16,1275,294.9,16
2025-11-28T14:03:18.730000+00:00,9840,10,1275,34.7,14
2025-11-28T14:03:22.824000+00:00,9840,23,1275,468.9,14
2025-11-28T14:10:52.103000+00:00,9840,44,1275,258.2,16
2025-11-28T14:12:07.053000+00:00,9840,27,1275,400.9,16
2025-11-28T14:15:36.475000+00:00,9840,31,1275,369.6,21
2025-11-28T14:15:43.714000+00:00,9840,87,1275,724.6,17
2025-11-28T14:15:57.620000+00:00,9840,55,1275,1307.4,14
2025-11-28T14:15:59.526000+00:00,9840,18,1275,334.0,17
2025-11-28T14:16:12.687000+00:00,9840,6,1275,448.1,22
2025-11-28T14:16:24.543000+00:00,9840,30,1275,265.7,23
2025-11-28T14:18:03.765000+00:00,9840,55,1275,39.1,15
2025-11-28T14:18:09.405000+00:00,9840,14,1275,480.4,18
2025-11-28T14:18:36.911000+00:00,9840,10,1275,569.6,18
2025-11-28T14:18:45.802000+00:00,9840,23,1275,233.9,22
2025-11-28T14:18:54.927000+00:00,9840,43,1275,458.2,18
2025-11-28T14:19:30.083000+00:00,9840,4,1275,515.1,20
2025-11-28T14:19:35.239000+00:00,9840,81,1275,466.5,21
2025-11-28T14:20:03.708000+00:00,9840,1,1275,456.4,22
2025-11-28T14:20:12.880000+00:00,9840,63,1275,311.9,26
2025-11-28T14:20:29.052000+00:00,9840,12,1275,310.3,25
2025-11-28T14:20:53.912000+00:00,9840,16,1275,328.9,24
2025-11-28T14:21:32.720000+00:00,9840,31,1275,53.4,24
2025-11-28T14:21:45.690000+00:00,9840,87,1275,51.1,20
2025-11-28T14:21:48.503000+00:00,9840,27,1275,323.0,19
2025-11-28T14:21:53.847000+00:00,9840,30,1275,38.2,26
2025-11-28T14:21:58.799000+00:00,9840,5,1275,415.8,23
2025-11-28T14:22:08.567000+00:00,9840,44,1275,167.2,22
2025-11-28T14:22:17.128000+00:00,9840,22,1275,555.8,22
2025-11-28T14:22:22.190000+00:00,9840,6,1275,46.4,25
2025-11-28T14:23:47.869000+00:00,9840,55,1275,32.3,18
2025-11-28T14:26:42.614000+00:00,9840,12,1275,22.7,28
2025-11-28T14:27:29.926000+00:00,9840,5,1275,29.2,26
2025-11-28T14:28:17.942000+00:00,9840,1,1275,168.9,25
2025-11-28T14:28:32.489000+00:00,9840,10,1275,54.8,23
2025-11-28T14:28:37.583000+00:00,9840,23,1275,48.5,27
2025-11-28T14:29:21.377000+00:00,9840,14,1275,29.1,24
2025-11-28T14:29:32.423000+00:00,9840,30,1275,252.8,28
2025-11-28T14:29:40.330000+00:00,9840,6,1275,101.3,28
2025-11-28T14:29:53.180000+00:00,9840,43,1275,29.2,24
2025-11-29T14:23:01.279000+00:00,9845,18,1275,30.8,13
2025-11-29T14:28:46.841000+00:00,9845,10,1275,28.8,17
2025-11-29T14:28:55.454000+00:00,9845,43,1275,31.2,17
2025-11-29T18:00:04.075000+00:00,9846,55,1275,,1
2025-11-29T18:00:09.965000+00:00,9846,27,1275,,1
2025-11-29T18:00:17.343000+00:00,9846,23,1275,,1
2025-11-29T18:00:25.143000+00:00,9846,5,1275,,1
2025-11-29T18:00:32.346000+00:00,9846,31,1275,,1
2025-11-29T18:00:39.768000+00:00,9846,87,1275,,1
2025-11-29T18:00:47.924000+00:00,9846,30,1275,,1
2025-11-29T18:00:58.955000+00:00,9846,6,1275,,1
2025-11-29T18:01:03.877000+00:00,9846,12,1275,,1
2025-11-29T18:01:06.565000+00:00,9846,63,1275,,1
2025-11-29T18:01:15.940000+00:00,9846,18,1275,,1
2025-11-29T18:01:22.596000+00:00,9846,16,1275,,1
2025-11-29T18:01:29.158000+00:00,9846,14,1275,,1
2025-11-29T18:01:39.103000+00:00,9846,44,1275,,1
2025-11-29T18:01:47.790000+00:00,9846,10,1275,,1
2025-11-29T18:01:53.993000+00:00,9846,43,1275,,1
2025-11-29T18:02:06.227000+00:00,9846,1,1275,,1
2025-11-29T18:02:16.321000+00:00,9846,22,1275,,1
2025-11-29T18:02:25.977000+00:00,9846,4,1275,,1
2025-11-29T18:02:43.806000+00:00,9846,81,1275,,1
2025-11-29T18:06:00.231000+00:00,9846,30,1275,31.2,4
2025-11-29T18:06:23.710000+00:00,9846,16,1275,31.1,4
2025-11-29T18:06:38.795000+00:00,9846,6,1275,64.8,4
2025-11-29T18:07:06.685000+00:00,9846,10,1275,31.6,4
2025-11-29T18:07:21.938000+00:00,9846,44,1275,57.1,4
2025-11-29T18:07:32.031000+00:00,9846,43,1275,43.4,4
2025-11-29T18:08:47.985000+00:00,9846,1,1275,131.9,4
2025-11-29T18:08:53.907000+00:00,9846,22,1275,125.9,4
2025-11-29T18:08:59.266000+00:00,9846,63,1275,107.6,5
2025-11-29T18:09:08.719000+00:00,9846,23,1275,48.3,6
2025-11-29T18:09:13.548000+00:00,9846,55,1275,70.9,6
2025-11-29T18:09:23.095000+00:00,9846,4,1275,142.7,4
2025-11-29T18:09:39.220000+00:00,9846,27,1275,95.5,6
2025-11-29T18:09:44.991000+00:00,9846,81,1275,134.1,4
2025-11-29T18:09:51.695000+00:00,9846,12,1275,161.4,5
2025-11-29T18:09:59.242000+00:00,9846,5,1275,79.0,6
2025-11-29T18:10:03.664000+00:00,9846,31,1275,92.8,6
2025-11-29T18:10:13.493000+00:00,9846,87,1275,101.6,6
2025-11-29T18:11:41.388000+00:00,9846,18,1275,153.6,6
2025-11-29T18:12:17.607000+00:00,9846,14,1275,176.2,6
2025-11-29T18:13:36.424000+00:00,9846,16,1275,154.0,7
2025-11-29T18:13:45.877000+00:00,9846,44,1275,110.6,7
2025-11-29T18:14:10.565000+00:00,9846,6,1275,183.4,7
2025-11-29T18:14:16.487000+00:00,9846,30,1275,223.2,7
2025-11-29T18:14:48.938000+00:00,9846,27,1275,22.7,9
2025-11-29T18:15:07.223000+00:00,9846,43,1275,181.0,7
2025-11-29T18:15:17.033000+00:00,9846,10,1275,208.5,7
2025-11-29T18:15:27.542000+00:00,9846,5,1275,29.8,9
2025-11-29T18:26:05.505000+00:00,9846,23,1275,399.0,12
2025-11-29T18:26:12.568000+00:00,9846,55,1275,390.5,12
2025-11-29T18:26:21.552000+00:00,9846,1,1275,442.4,10
2025-11-29T18:26:29.801000+00:00,9846,27,1275,414.8,12
2025-11-29T18:26:36.373000+00:00,9846,87,1275,369.5,12
2025-11-29T18:26:43.904000+00:00,9846,5,1275,379.2,12
2025-11-29T18:26:47.201000+00:00,9846,16,1275,499.4,10
2025-11-29T18:29:32.225000+00:00,9846,30,1275,610.1,10
2025-11-29T18:29:39.365000+00:00,9846,23,1275,40.6,14
2025-11-29T18:29:45.209000+00:00,9846,81,1275,909.9,7
2025-11-29T18:29:54.771000+00:00,9846,6,1275,646.0,10
2025-11-29T18:30:01.897000+00:00,9846,4,1275,941.6,7
2025-11-29T18:30:17.537000+00:00,9846,14,1275,674.0,10
2025-11-29T18:30:23.068000+00:00,9846,55,1275,75.2,14
2025-11-29T18:30:31.803000+00:00,9846,10,1275,628.8,10
2025-11-29T18:30:54.649000+00:00,9846,63,1275,610.5,12
2025-11-29T18:31:45.988000+00:00,9846,16,1275,31.7,13
2025-11-29T18:31:55.956000+00:00,9846,12,1275,707.9,11
2025-11-29T18:32:31.922000+00:00,9846,87,1275,90.2,15
2025-11-29T18:32:42.407000+00:00,9846,5,1275,77.2,15
2025-11-29T18:32:51.516000+00:00,9846,27,1275,116.9,15
2025-11-29T18:36:41.182000+00:00,9846,4,1275,123.5,10
2025-11-29T18:36:53.807000+00:00,9846,81,1275,145.6,10
2025-11-29T18:37:28.351000+00:00,9846,55,1275,144.7,17
2025-11-29T18:37:43.074000+00:00,9846,23,1275,203.4,17
2025-11-29T18:37:53.351000+00:00,9846,14,1275,180.8,13
2025-11-29T18:37:57.687000+00:00,9846,6,1275,204.1,13
2025-11-29T18:38:05.516000+00:00,9846,10,1275,171.1,13
2025-11-29T18:38:10.785000+00:00,9846,12,1275,74.6,14
2025-11-29T18:38:22.297000+00:00,9846,30,1275,250.5,13
2025-11-29T18:38:28.380000+00:00,9846,16,1275,123.2,16
2025-11-29T18:38:42.817000+00:00,9846,27,1275,62.7,18
2025-11-29T18:38:50.239000+00:00,9846,5,1275,64.3,18
2025-11-29T18:49:02.704000+00:00,9846,1,1275,663.0,17
2025-11-29T18:49:08.844000+00:00,9846,4,1275,467.1,13
2025-11-29T18:49:15.110000+00:00,9846,16,1275,351.1,19
2025-11-29T18:49:17.548000+00:00,9846,63,1275,376.1,19
2025-11-29T18:49:26.188000+00:00,9846,6,1275,406.1,16
2025-11-29T18:49:32.469000+00:00,9846,81,1275,473.3,13
2025-11-29T18:49:53.579000+00:00,9846,10,1275,421.0,16
2025-11-29T18:50:21.532000+00:00,9846,55,1275,482.9,20
2025-11-29T18:51:06.079000+00:00,9846,12,1275,491.8,17
2025-11-29T18:51:19.423000+00:00,9846,14,1275,521.7,16
2025-11-29T19:01:49.735000+00:00,9846,63,1275,389.0,23
2025-11-29T19:02:04.032000+00:00,9846,4,1275,498.0,16
2025-11-29T19:02:11.157000+00:00,9846,16,1275,581.2,21
2025-11-29T19:02:22.750000+00:00,9846,14,1275,1185.1,19
2025-11-29T19:02:29.500000+00:00,9846,6,1275,512.6,19
2025-11-29T19:02:41.472000+00:00,9846,81,1275,500.9,16
2025-11-29T19:02:55.602000+00:00,9846,10,1275,502.9,19
2025-11-29T19:03:04.738000+00:00,9846,1,1275,480.7,21
2025-11-29T19:03:17.863000+00:00,9846,12,1275,1223.6,20
2025-11-29T19:03:31.629000+00:00,9846,55,1275,511.0,23
2025-12-05T09:30:02.808000+00:00,9832,6,1276,,1
2025-12-05T09:30:09.547000+00:00,9832,40,1276,,1
2025-12-05T09:30:13.610000+00:00,9832,89,1276,,1
2025-12-05T09:30:23.023000+00:00,9832,36,1276,,1
2025-12-05T09:30:25.876000+00:00,9832,39,1276,,1
2025-12-05T09:30:27.344000+00:00,9832,12,1276,,1
2025-12-05T09:30:33.708000+00:00,9832,55,1276,,1
2025-12-05T09:30:38.773000+00:00,9832,35,1276,,1
2025-12-05T09:30:47.259000+00:00,9832,43,1276,,1
2025-12-05T09:30:52.979000+00:00,9832,61,1276,,1
2025-12-05T09:30:53.741000+00:00,9832,4,1276,,1
2025-12-05T09:30:57.576000+00:00,9832,34,1276,,1
2025-12-05T09:31:00.433000+00:00,9832,46,1276,,1
2025-12-05T09:31:03.671000+00:00,9832,1,1276,,1
2025-12-05T09:31:07.717000+00:00,9832,50,1276,,1
2025-12-05T09:31:17.248000+00:00,9832,27,1276,,1
2025-12-05T09:31:23.261000+00:00,9832,16,1276,,1
2025-12-05T09:31:42.829000+00:00,9832,87,1276,,1
2025-12-05T09:32:05.352000+00:00,9832,5,1276,,1
2025-12-05T09:32:24.501000+00:00,9832,63,1276,,1
2025-12-05T09:41:02.048000+00:00,9832,27,1276,24.5,6
2025-12-05T09:41:11.717000+00:00,9832,4,1276,27.4,6
2025-12-05T09:41:22.030000+00:00,9832,43,1276,30.0,6
2025-12-05T09:41:36.005000+00:00,9832,6,1276,31.5,7
2025-12-05T09:41:39.956000+00:00,9832,1,1276,25.3,6
2025-12-05T09:43:15.975000+00:00,9832,5,1276,24.2,7
2025-12-05T09:44:08.885000+00:00,9832,55,1276,23.6,8
2025-12-05T09:45:48.741000+00:00,9832,16,1276,25.7,8
2025-12-05T09:47:15.940000+00:00,9832,12,1276,27.3,9
2025-12-05T09:48:48.536000+00:00,9832,46,1276,906.1,2
2025-12-05T09:49:03.257000+00:00,9832,50,1276,29.3,10
2025-12-05T09:51:33.743000+00:00,9832,35,1276,447.2,8
2025-12-05T09:52:26.522000+00:00,9832,61,1276,28.6,12
2025-12-05T09:53:13.491000+00:00,9832,1,1276,368.9,9
2025-12-05T09:54:20.186000+00:00,9832,89,1276,502.6,10
2025-12-05T09:54:26.751000+00:00,9832,63,1276,280.9,10
2025-12-05T09:54:39.460000+00:00,9832,39,1276,462.4,10
2025-12-05T09:55:38.775000+00:00,9832,40,1276,297.2,12
2025-12-05T09:56:27.746000+00:00,9832,6,1276,232.2,13
2025-12-05T09:56:40.832000+00:00,9832,34,1276,631.4,9
2025-12-05T09:57:01.369000+00:00,9832,27,1276,426.3,11
2025-12-05T09:57:07.834000+00:00,9832,4,1276,476.5,11
2025-12-05T09:57:25.461000+00:00,9832,12,1276,305.5,12
2025-12-05T09:59:34.110000+00:00,9832,36,1276,566.2,11
2025-12-05T09:59:38.917000+00:00,9832,16,1276,390.7,12
2025-12-05T09:59:55.695000+00:00,9832,89,1276,23.1,13
2025-12-05T10:00:36.517000+00:00,9832,43,1276,489.9,12
2025-12-05T10:00:40.859000+00:00,9832,5,1276,514.6,12
2025-12-05T10:01:56.341000+00:00,9832,40,1276,31.5,15
2025-12-05T10:02:39.679000+00:00,9832,87,1276,787.7,9
2025-12-05T10:02:48.491000+00:00,9832,50,1276,510.9,13
2025-12-05T10:02:53.879000+00:00,9832,6,1276,34.6,16
2025-12-05T10:02:58.719000+00:00,9832,55,1276,581.9,13
2025-12-05T10:04:03.367000+00:00,9832,12,1276,42.8,15
2025-12-05T10:05:12.388000+00:00,9832,4,1276,26.7,15
2025-12-05T10:06:00.159000+00:00,9832,61,1276,494.7,15
2025-12-05T10:06:45.986000+00:00,9832,5,1276,23.5,15
2025-12-05T10:07:54.434000+00:00,9832,87,1276,25.1,12
2025-12-05T10:08:53.728000+00:00,9832,50,1276,27.4,16
2025-12-05T10:09:24.403000+00:00,9832,55,1276,23.5,16
2025-12-05T10:10:27.139000+00:00,9832,1,1276,335.0,15
2025-12-05T10:12:17.096000+00:00,9832,61,1276,24.0,18
2025-12-05T10:12:37.626000+00:00,9832,63,1276,386.5,16
2025-12-05T10:13:25.835000+00:00,9832,40,1276,360.6,18
2025-12-05T10:13:47.105000+00:00,9832,46,1276,279.4,13
2025-12-05T10:14:15.921000+00:00,9832,27,1276,387.6,17
2025-12-05T10:14:37.932000+00:00,9832,35,1276,685.7,15
2025-12-05T10:14:40.489000+00:00,9832,12,1276,306.4,18
2025-12-05T10:14:45.197000+00:00,9832,6,1276,264.6,20
2025-12-05T10:15:34.516000+00:00,9832,39,1276,445.5,18
2025-12-05T10:16:05.793000+00:00,9832,5,1276,269.1,18
2025-12-05T10:16:14.513000+00:00,9832,16,1276,320.4,18
2025-12-05T10:16:37.191000+00:00,9832,36,1276,331.7,17
2025-12-05T10:17:08.209000+00:00,9832,89,1276,396.5,19
2025-12-05T10:17:12.650000+00:00,9832,43,1276,285.0,18
2025-12-05T10:18:19.912000+00:00,9832,50,1276,229.3,19
2025-12-05T10:19:57.079000+00:00,9832,4,1276,408.3,20
2025-12-05T10:20:02.698000+00:00,9832,55,1276,322.2,19
2025-12-05T10:20:14.220000+00:00,9832,34,1276,595.8,17
2025-12-05T10:22:05.453000+00:00,9832,63,1276,24.7,22
2025-12-05T10:23:39.108000+00:00,9832,61,1276,359.5,21
2025-12-05T10:24:44.772000+00:00,9832,16,1276,21.6,23
2025-12-05T10:28:14.062000+00:00,9832,27,1276,23.8,26
2025-12-05T10:28:17.034000+00:00,9832,89,1276,22.5,26
2025-11-30T16:14:20.672000+00:00,9850,1,1275,29.9,7
2025-11-30T16:14:27.141000+00:00,9850,55,1275,28.5,7
2025-11-30T16:14:28.078000+00:00,9850,12,1275,32.0,7
2025-11-30T16:14:29.406000+00:00,9850,14,1275,28.2,7
2025-11-30T16:14:32.828000+00:00,9850,6,1275,28.8,7
2025-11-30T16:14:35.063000+00:00,9850,63,1275,33.2,7
2025-11-30T16:14:38.547000+00:00,9850,16,1275,30.3,7
2025-11-30T16:14:39.016000+00:00,9850,87,1275,28.8,7
2025-11-30T16:14:40.610000+00:00,9850,30,1275,28.9,7
2025-11-30T16:14:42.782000+00:00,9850,22,1275,29.1,7
2025-11-30T16:14:43.625000+00:00,9850,23,1275,28.8,7
2025-11-30T16:14:44.469000+00:00,9850,44,1275,32.1,7
2025-11-30T16:14:45.563000+00:00,9850,5,1275,28.4,7
2025-11-30T16:14:45.719000+00:00,9850,18,1275,28.1,7
2025-11-30T16:14:47.719000+00:00,9850,43,1275,29.5,7
2025-11-30T16:15:12.668000+00:00,9850,10,1275,31.3,7
2025-11-30T16:16:50.755000+00:00,9850,31,1275,34.0,8
2025-11-30T16:19:32.020000+00:00,9850,31,1275,34.5,9
2025-11-30T16:41:27.912000+00:00,9850,81,1275,29.0,24
2025-11-30T16:42:05.819000+00:00,9850,18,1275,28.0,24
2025-11-30T16:42:56.209000+00:00,9850,4,1275,27.9,25
2025-11-30T16:52:57.981000+00:00,9850,1,1275,28.1,32
2025-11-30T16:53:16.503000+00:00,9850,55,1275,28.1,32
2025-11-30T16:53:20.950000+00:00,9850,12,1275,28.5,32
2025-11-30T16:53:27.419000+00:00,9850,14,1275,28.9,32
2025-11-30T16:53:29.968000+00:00,9850,6,1275,27.9,32
2025-11-30T16:53:33.469000+00:00,9850,63,1275,29.0,32
2025-11-30T16:53:36.294000+00:00,9850,16,1275,28.9,32
2025-11-30T16:53:38.332000+00:00,9850,30,1275,28.0,32
2025-11-30T16:53:39.921000+00:00,9850,22,1275,28.3,32
2025-11-30T16:53:42.508000+00:00,9850,23,1275,29.4,32
2025-11-30T16:53:42.997000+00:00,9850,44,1275,28.5,32
2025-11-30T16:53:45.535000+00:00,9850,5,1275,28.2,32
2025-11-30T16:53:47.468000+00:00,9850,43,1275,28.9,32
2025-11-30T16:53:53.810000+00:00,9850,87,1275,45.2,32
2025-11-30T16:53:54.435000+00:00,9850,10,1275,30.5,32
2025-11-30T16:56:44.641000+00:00,9850,31,1275,30.4,34
2025-11-30T17:05:53.726000+00:00,9850,87,1275,37.5,40
2025-11-30T17:07:22.421000+00:00,9850,81,1275,27.8,42
2025-11-30T17:10:20.433000+00:00,9850,4,1275,28.2,44
2025-11-30T17:18:27.396000+00:00,9850,18,1275,35.6,49
2025-12-05T13:00:04.196000+00:00,9833,30,1276,,1
2025-12-05T13:00:06.348000+00:00,9833,10,1276,,1
2025-12-05T13:00:09.707000+00:00,9833,23,1276,,1
2025-12-05T13:00:21.279000+00:00,9833,43,1276,,1
2025-12-05T13:00:24.779000+00:00,9833,18,1276,,1
2025-12-05T13:00:28.779000+00:00,9833,22,1276,,1
2025-12-05T13:00:35.437000+00:00,9833,44,1276,,1
2025-12-05T13:00:43.253000+00:00,9833,12,1276,,1
2025-12-05T13:00:54.110000+00:00,9833,55,1276,,1
2025-12-05T13:01:02.598000+00:00,9833,16,1276,,1
2025-12-05T13:01:10.382000+00:00,9833,14,1276,,1
2025-12-05T13:01:20.286000+00:00,9833,4,1276,,1
2025-12-05T13:01:27.096000+00:00,9833,87,1276,,1
2025-12-05T13:01:31.809000+00:00,9833,1,1276,,1
2025-12-05T13:01:35.394000+00:00,9833,5,1276,,1
2025-12-05T13:01:56.708000+00:00,9833,27,1276,,1
2025-12-05T13:02:01.986000+00:00,9833,31,1276,,1
2025-12-05T13:02:21.056000+00:00,9833,63,1276,,1
2025-12-05T13:04:11.418000+00:00,9833,81,1276,,1
2025-12-05T13:04:27.946000+00:00,9833,6,1276,,1
2025-12-05T13:08:38.367000+00:00,9833,87,1276,32.2,4
2025-12-05T13:10:00.030000+00:00,9833,30,1276,31.2,6
2025-12-05T13:11:07.317000+00:00,9833,14,1276,31.4,6
2025-12-05T13:11:11.011000+00:00,9833,22,1276,24.2,6
2025-12-05T13:14:37.253000+00:00,9833,12,1276,96.6,7
2025-12-05T13:14:59.750000+00:00,9833,31,1276,54.6,7
2025-12-05T13:15:07.965000+00:00,9833,16,1276,26.4,8
2025-12-05T13:15:38.446000+00:00,9833,18,1276,87.9,8
2025-12-05T13:19:44.475000+00:00,9833,22,1276,24.3,10
2025-12-05T13:21:57.789000+00:00,9833,1,1276,303.1,9
2025-12-05T13:22:38.482000+00:00,9833,6,1276,273.3,8
2025-12-05T13:23:15.580000+00:00,9833,55,1276,161.4,11
2025-12-05T13:23:22.330000+00:00,9833,27,1276,514.8,8
2025-12-05T13:24:51.339000+00:00,9833,30,1276,229.9,12
2025-12-05T13:25:33.468000+00:00,9833,63,1276,348.5,10
2025-12-05T13:25:39.083000+00:00,9833,12,1276,343.5,10
2025-12-05T13:25:43.759000+00:00,9833,23,1276,170.6,13
2025-12-05T13:25:55.784000+00:00,9833,4,1276,471.5,10
2025-12-05T13:26:05.615000+00:00,9833,87,1276,342.5,10
2025-12-05T13:26:07.134000+00:00,9833,5,1276,409.5,10
2025-12-05T13:26:57.015000+00:00,9833,16,1276,158.6,13
2025-12-05T13:27:56.275000+00:00,9833,81,1276,320.5,11
2025-12-05T13:28:01.737000+00:00,9833,43,1276,612.9,10
2025-12-05T13:28:20.004000+00:00,9833,10,1276,458.8,12
2025-12-05T13:29:02.438000+00:00,9833,18,1276,275.1,13
2025-12-05T13:29:22.565000+00:00,9833,22,1276,280.7,13
2025-12-05T13:29:34.985000+00:00,9833,27,1276,59.1,11
2025-12-05T13:29:56.234000+00:00,9833,14,1276,458.8,12
2025-12-05T13:30:06.298000+00:00,9833,44,1276,271.6,13
2025-12-05T13:30:51.799000+00:00,9833,6,1276,185.4,11
2025-12-05T13:31:50.753000+00:00,9833,23,1276,26.6,16
2025-12-05T13:31:57.078000+00:00,9833,4,1276,24.1,13
2025-12-05T13:32:01.091000+00:00,9833,1,1276,287.9,12
2025-12-05T13:32:27.307000+00:00,9833,5,1276,16.3,13
2025-12-05T13:32:40.616000+00:00,9833,12,1276,68.5,13
2025-12-05T13:32:47.017000+00:00,9833,87,1276,28.9,13
2025-12-05T13:33:07.823000+00:00,9833,16,1276,26.3,16
2025-12-05T13:33:53.149000+00:00,9833,81,1276,25.4,14
2025-12-05T13:34:08.124000+00:00,9833,31,1276,470.6,13
2025-12-05T13:35:46.791000+00:00,9833,18,1276,64.5,16
2025-12-05T13:36:46.394000+00:00,9833,44,1276,24.7,16
2025-12-05T13:40:09.367000+00:00,9833,55,1276,322.9,17
2025-12-05T13:40:47.321000+00:00,9833,63,1276,348.9,15
2025-12-05T13:40:56.343000+00:00,9833,27,1276,379.9,14
2025-12-05T13:41:17.648000+00:00,9833,30,1276,337.9,18
2025-12-05T13:42:03.094000+00:00,9833,16,1276,332.3,18
2025-12-05T13:42:48.553000+00:00,9833,31,1276,55.5,17
2025-12-05T13:42:56.348000+00:00,9833,23,1276,361.6,19
2025-12-05T13:43:02.293000+00:00,9833,12,1276,297.3,16
2025-12-05T13:43:34.679000+00:00,9833,5,1276,374.9,16
2025-12-05T13:43:38.212000+00:00,9833,4,1276,399.0,16
2025-12-05T13:43:45.486000+00:00,9833,87,1276,299.0,16
2025-12-05T13:44:02.509000+00:00,9833,81,1276,290.1,17
2025-12-05T13:44:09.417000+00:00,9833,43,1276,283.4,16
2025-12-05T13:44:49.285000+00:00,9833,10,1276,324.8,18
2025-12-05T13:45:43.061000+00:00,9833,22,1276,394.9,18
2025-12-05T13:47:09.085000+00:00,9833,44,1276,315.3,19
2025-12-05T13:48:59.297000+00:00,9833,14,1276,329.3,19
2025-12-05T13:49:54.023000+00:00,9833,18,1276,301.8,21
2025-12-05T13:51:50.415000+00:00,9833,31,1276,249.5,20
2025-12-05T13:52:40.129000+00:00,9833,55,1276,21.9,25
2025-12-05T13:53:42.616000+00:00,9833,6,1276,306.0,23
2025-12-05T13:54:47.394000+00:00,9833,27,1276,21.4,23
2025-12-05T13:57:58.656000+00:00,9833,1,1276,22.6,29
2025-12-05T13:58:14.162000+00:00,9833,81,1276,21.4,26
2025-12-05T13:58:56.800000+00:00,9833,4,1276,24.1,26
2025-12-05T13:59:05.170000+00:00,9833,5,1276,22.0,26
2025-12-06T10:31:24.607000+00:00,9834,18,1276,,1
2025-12-06T10:31:33.832000+00:00,9834,14,1276,,1
2025-12-06T10:33:41.735000+00:00,9834,18,1276,22.9,2
2025-12-06T10:34:05.465000+00:00,9834,14,1276,25.5,2
2025-12-06T10:36:38.921000+00:00,9834,43,1276,,1
2025-12-06T10:37:10.830000+00:00,9834,10,1276,,1
2025-12-06T10:41:48.897000+00:00,9834,4,1276,,1
2025-12-06T10:42:21.446000+00:00,9834,16,1276,,1
2025-12-06T10:43:56.625000+00:00,9834,31,1276,,1
2025-12-06T10:44:42.312000+00:00,9834,44,1276,,1
2025-12-06T10:45:52.794000+00:00,9834,27,1276,,1
2025-12-06T10:45:55.036000+00:00,9834,5,1276,,1
2025-12-06T10:45:59.239000+00:00,9834,18,1276,613.8,3
2025-12-06T10:46:38.821000+00:00,9834,22,1276,,1
2025-12-06T10:47:03.772000+00:00,9834,81,1276,,1
2025-12-06T10:48:07.233000+00:00,9834,14,1276,711.3,3
2025-12-06T10:48:14.472000+00:00,9834,23,1276,,1
2025-12-06T10:48:40.385000+00:00,9834,16,1276,25.3,4
2025-12-06T10:49:00.980000+00:00,9834,87,1276,,1
2025-12-06T10:49:27.170000+00:00,9834,55,1276,,1
2025-12-06T10:49:38.353000+00:00,9834,30,1276,,1
2025-12-06T10:49:44.285000+00:00,9834,6,1276,,1
2025-12-06T10:50:23.689000+00:00,9834,31,1276,50.7,4
2025-12-06T10:51:14.300000+00:00,9834,44,1276,24.5,4
2025-12-06T10:51:32.822000+00:00,9834,27,1276,16.2,4
2025-12-06T10:51:45.582000+00:00,9834,5,1276,16.2,4
2025-12-06T10:51:52.860000+00:00,9834,12,1276,,1
2025-12-06T10:52:01.590000+00:00,9834,1,1276,,1
2025-12-06T10:52:55.973000+00:00,9834,81,1276,16.1,4
2025-12-06T10:54:08.517000+00:00,9834,63,1276,,1
2025-12-06T10:54:57.331000+00:00,9834,16,1276,24.8,7
2025-12-06T10:55:00.362000+00:00,9834,55,1276,26.7,4
2025-12-06T10:56:04.017000+00:00,9834,12,1276,16.6,3
2025-12-06T10:56:16.946000+00:00,9834,10,1276,419.8,7
2025-12-06T10:57:01.007000+00:00,9834,43,1276,490.2,7
2025-12-06T10:57:08.974000+00:00,9834,31,1276,51.4,7
2025-12-06T10:57:36.288000+00:00,9834,27,1276,24.6,7
2025-12-06T10:57:46.236000+00:00,9834,44,1276,16.1,7
2025-12-06T10:58:05.227000+00:00,9834,5,1276,24.0,7
2025-12-06T10:59:11.424000+00:00,9834,18,1276,47.9,9
2025-12-06T11:13:04.060000+00:00,9834,30,1276,731.3,7
2025-12-06T11:13:07.243000+00:00,9834,6,1276,,7
2025-12-06T11:13:10.035000+00:00,9834,55,1276,1116.4,8
2025-12-06T11:13:12.416000+00:00,9834,23,1276,,8
2025-12-06T11:13:15.548000+00:00,9834,31,1276,1018.0,10
2025-12-06T11:13:27.760000+00:00,9834,87,1276,,7
2025-12-06T11:13:37.729000+00:00,9834,10,1276,1460.3,10
2025-12-06T11:13:50.409000+00:00,9834,43,1276,1499.6,10
2025-12-06T11:13:54.304000+00:00,9834,63,1276,,5
2025-12-06T11:14:00.043000+00:00,9834,12,1276,1092.6,6
2025-12-06T11:14:07.486000+00:00,9834,1,1276,,6
2025-12-06T11:14:19.472000+00:00,9834,22,1276,,8
2025-12-06T11:14:24.085000+00:00,9834,16,1276,856.6,10
2025-12-06T11:14:35.673000+00:00,9834,4,1276,866.5,12
2025-12-06T11:14:42.528000+00:00,9834,18,1276,979.0,10
2025-12-06T11:14:47.766000+00:00,9834,81,1276,1327.8,10
2025-12-06T11:17:38.880000+00:00,9834,27,1276,1227.2,9
2025-12-06T11:17:51.811000+00:00,9834,30,1276,94.3,9
2025-12-06T11:19:24.904000+00:00,9834,5,1276,1303.3,9
2025-12-06T11:19:44.552000+00:00,9834,14,1276,2608.6,10
2025-12-06T11:19:56.809000+00:00,9834,6,1276,113.5,10
2025-12-06T11:20:27.230000+00:00,9834,87,1276,121.3,10
2025-12-06T11:20:30.581000+00:00,9834,31,1276,127.2,13
2025-12-06T11:20:37.232000+00:00,9834,16,1276,154.8,12
2025-12-06T11:20:42.362000+00:00,9834,10,1276,118.7,13
2025-12-06T11:20:50.456000+00:00,9834,43,1276,211.6,12
2025-12-06T11:21:02.083000+00:00,9834,55,1276,39.4,12
2025-12-06T11:21:05.576000+00:00,9834,12,1276,119.2,9
2025-12-06T11:21:09.281000+00:00,9834,22,1276,203.7,10
2025-12-06T11:21:12.323000+00:00,9834,63,1276,128.2,8
2025-12-06T11:21:15.398000+00:00,9834,23,1276,42.9,12
2025-12-06T11:21:25.248000+00:00,9834,1,1276,135.9,9
2025-12-06T11:21:55.309000+00:00,9834,18,1276,54.2,13
2025-12-06T11:24:03.703000+00:00,9834,27,1276,56.3,12
2025-12-06T11:24:14.773000+00:00,9834,81,1276,213.0,13
2025-12-06T11:25:05.207000+00:00,9834,12,1276,106.0,10
2025-12-06T11:25:21.218000+00:00,9834,30,1276,125.7,12
2025-12-06T11:25:27.821000+00:00,9834,4,1276,207.6,16
2025-12-06T11:26:06.804000+00:00,9834,14,1276,29.1,13
2025-12-06T11:26:32.683000+00:00,9834,5,1276,72.7,12
2025-12-06T11:26:55.232000+00:00,9834,16,1276,32.7,15
2025-12-06T11:27:03.587000+00:00,9834,31,1276,31.8,16
2025-12-06T11:27:15.020000+00:00,9834,87,1276,35.8,13
2025-12-06T11:29:37.293000+00:00,9834,27,1276,22.4,15
2025-12-06T14:00:03.885000+00:00,9835,10,1276,,1
2025-12-06T14:00:10.834000+00:00,9835,43,1276,,1
2025-12-06T14:00:17.879000+00:00,9835,30,1276,,1
2025-12-06T14:00:26.676000+00:00,9835,44,1276,,1
2025-12-06T14:00:32.339000+00:00,9835,18,1276,,1
2025-12-06T14:01:00.435000+00:00,9835,27,1276,,1
2025-12-06T14:01:02.355000+00:00,9835,5,1276,,1
2025-12-06T14:03:21.055000+00:00,9835,1,1276,,1
2025-12-06T14:03:23.144000+00:00,9835,22,1276,,1
2025-12-06T14:03:42.788000+00:00,9835,6,1276,,1
2025-12-06T14:03:46.677000+00:00,9835,16,1276,,1
2025-12-06T14:03:51.119000+00:00,9835,55,1276,,1
2025-12-06T14:03:55.074000+00:00,9835,23,1276,,1
2025-12-06T14:04:07.454000+00:00,9835,14,1276,,1
2025-12-06T14:04:12.573000+00:00,9835,4,1276,,1
2025-12-06T14:04:17.641000+00:00,9835,30,1276,38.3,3
2025-12-06T14:04:21.329000+00:00,9835,31,1276,,1
2025-12-06T14:04:25.100000+00:00,9835,87,1276,,1
2025-12-06T14:04:29.824000+00:00,9835,81,1276,,1
2025-12-06T14:04:42.512000+00:00,9835,12,1276,,1
2025-12-06T14:04:49.663000+00:00,9835,63,1276,,1
2025-12-06T14:05:36.204000+00:00,9835,10,1276,25.0,4
2025-12-06T14:06:03.281000+00:00,9835,44,1276,23.1,4
2025-12-06T14:06:14.564000+00:00,9835,43,1276,60.0,4
2025-12-06T14:07:17.376000+00:00,9835,27,1276,75.9,4
2025-12-06T14:07:21.242000+00:00,9835,5,1276,71.2,4
2025-12-06T14:13:13.644000+00:00,9835,4,1276,214.6,4
2025-12-06T14:13:16.706000+00:00,9835,81,1276,178.3,4
2025-12-06T14:13:20.128000+00:00,9835,23,1276,244.3,4
2025-12-06T14:13:22.274000+00:00,9835,6,1276,276.3,4
2025-12-06T14:13:24.691000+00:00,9835,55,1276,250.8,4
2025-12-06T14:13:28.458000+00:00,9835,12,1276,183.7,4
2025-12-06T14:13:33.104000+00:00,9835,63,1276,174.2,4
2025-12-06T14:13:36.664000+00:00,9835,1,1276,296.3,4
2025-12-06T14:13:42.140000+00:00,9835,16,1276,290.6,4
2025-12-06T14:13:50.152000+00:00,9835,22,1276,307.6,4
2025-12-06T14:14:06.867000+00:00,9835,30,1276,262.3,6
2025-12-06T14:14:21.178000+00:00,9835,10,1276,208.3,7
2025-12-06T14:14:34.699000+00:00,9835,18,1276,201.3,7
2025-12-06T14:14:42.145000+00:00,9835,14,1276,304.2,4
2025-12-06T14:14:48.753000+00:00,9835,43,1276,214.1,7
2025-12-06T14:14:53.137000+00:00,9835,31,1276,301.4,4
2025-12-06T14:14:59.947000+00:00,9835,44,1276,227.7,7
2025-12-06T14:15:07.452000+00:00,9835,87,1276,307.1,4
2025-12-06T14:15:14.577000+00:00,9835,5,1276,164.8,7
2025-12-06T14:15:41.807000+00:00,9835,27,1276,208.0,7
2025-12-06T14:25:02.801000+00:00,9835,1,1276,330.8,7
2025-12-06T14:26:56.602000+00:00,9835,31,1276,369.3,7
2025-12-06T14:27:01.015000+00:00,9835,87,1276,444.7,6
2025-12-06T14:27:05.509000+00:00,9835,30,1276,429.9,9
2025-12-06T14:27:09.246000+00:00,9835,55,1276,484.3,7
2025-12-06T14:27:14.139000+00:00,9835,12,1276,482.8,7
2025-12-06T14:27:19.014000+00:00,9835,6,1276,521.4,7
2025-12-06T14:27:28.197000+00:00,9835,63,1276,491.5,7
2025-12-06T14:27:41.931000+00:00,9835,18,1276,453.1,10
2025-12-06T14:27:47.730000+00:00,9835,16,1276,493.5,7
2025-12-06T14:27:52.511000+00:00,9835,14,1276,445.0,7
2025-12-06T14:27:57.877000+00:00,9835,22,1276,496.1,7
2025-12-06T14:28:04.430000+00:00,9835,5,1276,416.1,10
2025-12-06T14:28:19.043000+00:00,9835,81,1276,579.2,7
2025-12-06T14:29:11.614000+00:00,9835,4,1276,660.7,7
2025-12-06T14:30:04.422000+00:00,9835,1,1276,22.7,10
2025-12-06T14:35:52.905000+00:00,9835,16,1276,162.3,10
2025-12-06T14:35:55.223000+00:00,9835,22,1276,144.8,10
2025-12-06T14:35:56.927000+00:00,9835,12,1276,198.8,10
2025-12-06T14:35:59.484000+00:00,9835,5,1276,141.3,13
2025-12-06T14:36:07.382000+00:00,9835,55,1276,212.9,10
2025-12-06T14:36:14.013000+00:00,9835,30,1276,229.8,12
2025-12-06T14:36:22.980000+00:00,9835,6,1276,220.7,10
2025-12-06T14:36:28.400000+00:00,9835,31,1276,262.3,10
2025-12-06T14:36:36.149000+00:00,9835,63,1276,209.9,10
2025-12-06T14:36:46.988000+00:00,9835,18,1276,217.9,13
2025-12-06T14:36:54.443000+00:00,9835,14,1276,204.7,10
2025-12-06T14:36:58.764000+00:00,9835,87,1276,291.9,9
2025-12-06T14:37:03.671000+00:00,9835,81,1276,185.5,10
2025-12-06T14:37:10.300000+00:00,9835,4,1276,182.8,10
2025-12-06T14:48:03.538000+00:00,9835,22,1276,418.3,13
2025-12-06T14:48:06.065000+00:00,9835,1,1276,796.2,13
2025-12-06T14:48:10.385000+00:00,9835,5,1276,406.3,16
2025-12-06T14:48:13.216000+00:00,9835,31,1276,378.5,13
2025-12-06T14:48:18.667000+00:00,9835,6,1276,392.4,13
2025-12-06T14:48:24.849000+00:00,9835,4,1276,413.6,12
2025-12-06T14:48:32.653000+00:00,9835,14,1276,371.0,13
2025-12-06T14:48:38.396000+00:00,9835,16,1276,455.7,13
2025-12-06T14:49:05.961000+00:00,9835,81,1276,467.8,12
2025-12-06T14:49:31.457000+00:00,9835,63,1276,449.3,13
2025-12-06T14:56:25.488000+00:00,9835,22,1276,299.4,15
2025-12-06T14:56:29.389000+00:00,9835,31,1276,188.7,16
2025-12-06T14:56:33.837000+00:00,9835,5,1276,199.8,19
2025-12-06T14:56:45.488000+00:00,9835,14,1276,175.1,16
2025-12-06T14:56:46.953000+00:00,9835,6,1276,201.9,16
2025-12-06T14:56:55.048000+00:00,9835,16,1276,173.3,16
2025-12-06T14:57:05.353000+00:00,9835,81,1276,178.3,15
2025-12-06T14:57:14.476000+00:00,9835,4,1276,221.5,15
2025-12-06T14:57:37.597000+00:00,9835,1,1276,271.1,16
2025-12-06T14:57:46.950000+00:00,9835,63,1276,197.9,16
2025-12-07T13:14:35.391000+00:00,9839,27,1276,21.6,7
2025-12-07T13:16:02.954000+00:00,9839,44,1276,21.6,8
2025-12-07T13:16:03.932000+00:00,9839,23,1276,21.5,8
2025-12-07T13:23:44.702000+00:00,9839,10,1276,22.5,13
2025-12-07T13:24:56.630000+00:00,9839,63,1276,21.9,14
2025-12-07T13:25:03.707000+00:00,9839,6,1276,21.9,14
2025-12-07T13:25:07.863000+00:00,9839,87,1276,22.2,14
2025-12-07T13:26:30.080000+00:00,9839,5,1276,22.1,15
2025-12-07T13:26:47.579000+00:00,9839,43,1276,21.9,15
2025-12-07T13:27:50.499000+00:00,9839,4,1276,21.3,16
2025-12-07T13:27:53.264000+00:00,9839,16,1276,21.6,16
2025-12-07T13:27:59.375000+00:00,9839,14,1276,23.2,16
2025-12-07T13:31:13.936000+00:00,9839,55,1276,21.7,18
2025-12-07T13:32:39.333000+00:00,9839,31,1276,22.2,19
2025-12-07T13:35:56.206000+00:00,9839,30,1276,28.3,21
2025-12-07T13:38:12.038000+00:00,9839,1,1276,21.7,23
2025-12-07T13:50:48.598000+00:00,9839,44,1276,21.4,31
2025-12-07T13:52:19.788000+00:00,9839,22,1276,27.0,32
2025-12-07T13:52:27.761000+00:00,9839,12,1276,22.1,32
2025-12-07T13:53:58.568000+00:00,9839,23,1276,21.4,33
2025-12-07T14:02:15.352000+00:00,9839,16,1276,20.9,39
2025-12-07T14:03:37.690000+00:00,9839,4,1276,21.4,40
2025-12-07T14:04:37.116000+00:00,9839,10,1276,22.2,40
2025-12-07T14:04:44.285000+00:00,9839,43,1276,22.9,40
2025-12-07T14:05:01.112000+00:00,9839,81,1276,21.5,41
2025-12-07T14:07:18.978000+00:00,9839,18,1276,21.5,42
2025-12-07T14:07:26.254000+00:00,9839,27,1276,21.4,42
