date,session_key,wind_direction,meeting_key,wind_speed,rainfall,track_temperature,air_temperature,humidity,pressure
2025-02-26T06:46:42.313000+00:00,9683,76,1253,1.8,0,23.8,14.3,49.0,1023.8
2025-02-26T06:47:42.314000+00:00,9683,30,1253,0.7,0,24.1,14.4,49.0,1023.8
2025-02-26T06:48:42.317000+00:00,9683,45,1253,1.9,0,24.1,14.4,48.0,1023.8
2025-02-26T06:49:42.317000+00:00,9683,23,1253,2.0,0,24.0,14.4,47.0,1023.8
2025-02-26T06:50:42.315000+00:00,9683,49,1253,2.5,0,23.9,14.4,47.0,1023.8
2025-02-26T06:51:42.316000+00:00,9683,330,1253,1.6,0,23.8,14.4,47.0,1023.7
2025-02-26T06:52:42.318000+00:00,9683,28,1253,2.1,0,23.7,14.5,47.0,1023.8
2025-02-26T06:53:42.319000+00:00,9683,60,1253,2.3,0,23.4,14.5,47.0,1023.7
2025-02-26T06:54:42.319000+00:00,9683,37,1253,2.1,0,23.4,14.5,47.0,1023.6
2025-02-26T06:55:42.330000+00:00,9683,21,1253,2.1,0,23.6,14.5,47.0,1023.6
2025-02-26T06:56:42.320000+00:00,9683,10,1253,1.8,0,23.7,14.6,47.0,1023.6
2025-02-26T06:57:42.320000+00:00,9683,15,1253,1.6,0,23.9,14.5,46.0,1023.6
2025-02-26T06:58:42.323000+00:00,9683,16,1253,2.5,0,24.1,14.6,46.0,1023.6
2025-02-26T06:59:42.323000+00:00,9683,15,1253,1.8,0,24.2,14.6,45.0,1023.6
2025-02-26T07:00:42.322000+00:00,9683,61,1253,1.8,0,24.6,14.6,45.0,1023.7
2025-02-26T07:01:42.323000+00:00,9683,69,1253,2.7,0,24.6,14.6,45.0,1023.5
2025-02-26T07:02:42.324000+00:00,9683,5,1253,3.6,0,24.6,14.5,45.0,1023.6
2025-02-26T07:03:42.325000+00:00,9683,48,1253,2.8,0,24.9,14.5,46.0,1023.6
2025-02-26T07:04:42.323000+00:00,9683,21,1253,1.9,0,25.1,14.5,46.0,1023.6
2025-02-26T07:05:42.326000+00:00,9683,50,1253,1.6,0,25.3,14.7,45.0,1023.6
2025-02-26T07:05:56.184000+00:00,9683,31,1253,2.4,0,25.7,14.7,45.0,1023.5
2025-02-26T07:06:53.825000+00:00,9683,9,1253,2.3,0,25.9,14.8,45.0,1023.6
2025-02-26T07:07:53.827000+00:00,9683,61,1253,2.7,0,25.9,14.7,45.0,1023.7
2025-02-26T07:08:53.827000+00:00,9683,59,1253,2.6,0,25.7,14.7,45.0,1023.6
2025-02-26T07:09:53.831000+00:00,9683,33,1253,3.1,0,25.7,14.6,46.0,1023.5
2025-02-26T07:10:53.828000+00:00,9683,8,1253,2.6,0,26.2,14.6,46.0,1023.5
2025-02-26T07:11:53.829000+00:00,9683,8,1253,2.6,0,26.2,14.6,46.0,1023.5
2025-02-26T07:12:53.829000+00:00,9683,75,1253,1.8,0,26.2,14.7,45.0,1023.4
2025-02-26T07:13:53.830000+00:00,9683,34,1253,2.8,0,26.1,14.8,45.0,1023.4
2025-02-26T07:14:53.846000+00:00,9683,87,1253,2.5,0,25.4,14.7,45.0,1023.4
2025-02-26T07:15:53.831000+00:00,9683,64,1253,2.0,0,25.3,14.6,46.0,1023.3
2025-02-26T07:16:53.832000+00:00,9683,26,1253,1.9,0,25.3,14.6,47.0,1023.3
2025-02-26T07:17:53.833000+00:00,9683,20,1253,2.6,0,25.4,14.6,47.0,1023.3
2025-02-26T07:18:53.833000+00:00,9683,38,1253,2.7,0,25.8,14.6,46.0,1023.2
2025-02-26T07:19:53.836000+00:00,9683,13,1253,1.9,0,25.6,14.7,47.0,1023.3
2025-02-26T07:20:53.835000+00:00,9683,12,1253,3.4,0,25.4,14.7,47.0,1023.2
2025-02-26T07:21:53.836000+00:00,9683,38,1253,2.1,0,25.3,14.7,46.0,1023.2
2025-02-26T07:22:53.837000+00:00,9683,25,1253,2.6,0,25.3,14.7,46.0,1023.4
2025-02-26T07:23:53.839000+00:00,9683,25,1253,1.9,0,25.3,14.7,46.0,1023.3
2025-02-26T07:24:53.839000+00:00,9683,6,1253,2.0,0,25.3,14.7,46.0,1023.3
2025-02-26T07:25:53.838000+00:00,9683,14,1253,2.5,0,25.3,14.7,46.0,1023.2
2025-02-26T07:26:53.855000+00:00,9683,40,1253,2.2,0,25.4,14.8,46.0,1023.3
2025-02-26T07:27:53.871000+00:00,9683,15,1253,2.0,0,25.5,14.8,46.0,1023.2
2025-02-26T07:28:53.874000+00:00,9683,44,1253,3.4,0,25.6,14.8,46.0,1023.1
2025-02-26T07:29:53.873000+00:00,9683,44,1253,2.4,0,25.8,14.8,47.0,1023.3
2025-02-26T07:30:53.889000+00:00,9683,47,1253,2.2,0,26.0,14.7,47.0,1023.2
2025-02-26T07:31:53.892000+00:00,9683,24,1253,1.5,0,26.4,14.8,47.0,1023.1
2025-02-26T07:32:53.890000+00:00,9683,72,1253,2.6,0,27.0,14.9,47.0,1023.1
2025-02-26T07:33:53.892000+00:00,9683,27,1253,3.1,0,27.1,14.9,47.0,1023.1
2025-02-26T07:34:53.894000+00:00,9683,3,1253,1.8,0,27.0,15.0,47.0,1023.0
2025-02-26T07:35:53.893000+00:00,9683,13,1253,2.4,0,27.3,15.0,47.0,1023.0
2025-02-26T07:36:53.909000+00:00,9683,12,1253,2.0,0,27.6,15.0,46.0,1023.0
2025-02-26T07:37:53.924000+00:00,9683,40,1253,2.9,0,27.6,15.1,46.0,1022.9
2025-02-26T07:38:53.946000+00:00,9683,76,1253,2.6,0,27.5,15.1,47.0,1023.1
2025-02-26T07:39:53.941000+00:00,9683,38,1253,2.3,0,27.5,15.2,48.0,1023.0
2025-02-26T07:40:53.945000+00:00,9683,51,1253,3.9,0,27.9,15.4,48.0,1022.8
2025-02-26T07:41:53.943000+00:00,9683,37,1253,3.0,0,27.9,15.4,48.0,1022.8
2025-02-26T07:42:53.945000+00:00,9683,48,1253,3.4,0,27.8,15.3,48.0,1022.8
2025-02-26T07:43:53.960000+00:00,9683,16,1253,2.8,0,27.7,15.2,48.0,1022.9
2025-02-26T07:44:53.979000+00:00,9683,33,1253,2.7,0,27.7,15.3,48.0,1022.9
2025-02-26T07:46:53.982000+00:00,9683,43,1253,1.5,0,27.2,15.3,48.0,1022.8
2025-02-26T07:47:53.982000+00:00,9683,49,1253,3.1,0,27.0,15.4,48.0,1022.7
2025-02-26T07:48:53.983000+00:00,9683,45,1253,2.3,0,26.9,15.3,48.0,1022.7
2025-02-26T07:49:53.986000+00:00,9683,26,1253,2.6,0,26.9,15.3,49.0,1022.8
2025-02-26T07:50:53.989000+00:00,9683,84,1253,2.7,0,26.8,15.3,48.0,1022.8
2025-02-26T07:51:53.985000+00:00,9683,43,1253,1.7,0,26.5,15.4,48.0,1022.8
2025-02-26T07:52:53.991000+00:00,9683,9,1253,1.8,0,26.5,15.3,49.0,1022.7
2025-02-26T07:53:53.992000+00:00,9683,26,1253,1.9,0,26.7,15.3,48.0,1022.8
2025-02-26T07:54:53.990000+00:00,9683,27,1253,2.1,0,26.9,15.3,48.0,1022.8
2025-02-26T07:55:53.983000+00:00,9683,7,1253,2.5,0,27.0,15.3,48.0,1022.8
2025-02-26T07:56:53.994000+00:00,9683,29,1253,2.4,0,27.2,15.3,48.0,1022.7
2025-02-26T07:57:53.994000+00:00,9683,7,1253,2.0,0,27.3,15.4,48.0,1022.8
2025-02-26T07:58:53.984000+00:00,9683,29,1253,2.0,0,27.2,15.4,48.0,1022.8
2025-02-26T07:59:53.994000+00:00,9683,40,1253,1.9,0,27.0,15.4,48.0,1022.8
2025-02-26T08:00:53.992000+00:00,9683,1,1253,2.1,0,26.9,15.3,48.0,1022.8
2025-02-26T08:01:54.003000+00:00,9683,8,1253,1.6,0,27.0,15.3,48.0,1022.8
2025-02-26T08:02:53.999000+00:00,9683,41,1253,2.4,0,27.2,15.3,48.0,1022.7
2025-02-26T08:03:53.994000+00:00,9683,30,1253,2.0,0,27.4,15.3,49.0,1022.9
2025-02-26T08:04:53.993000+00:00,9683,54,1253,2.5,0,27.4,15.2,48.0,1022.7
2025-02-26T08:05:53.993000+00:00,9683,37,1253,1.4,0,27.6,15.2,49.0,1022.7
2025-02-26T08:06:53.993000+00:00,9683,33,1253,2.2,0,27.6,15.1,49.0,1022.6
2025-02-26T08:07:53.997000+00:00,9683,90,1253,1.2,0,27.7,15.3,49.0,1022.7
2025-02-26T08:08:53.984000+00:00,9683,140,1253,1.3,0,27.8,15.3,49.0,1022.5
2025-02-26T08:09:53.993000+00:00,9683,60,1253,1.6,0,27.8,15.4,49.0,1022.6
2025-02-26T08:10:54.019000+00:00,9683,354,1253,1.2,0,27.8,15.3,50.0,1022.5
2025-02-26T08:11:54.024000+00:00,9683,18,1253,1.9,0,27.8,15.3,49.0,1022.5
2025-02-26T08:12:54.025000+00:00,9683,110,1253,2.6,0,27.8,15.3,48.0,1022.5
2025-02-26T08:13:54.042000+00:00,9683,38,1253,1.7,0,27.6,15.4,49.0,1022.5
2025-02-26T08:14:54.042000+00:00,9683,44,1253,1.8,0,27.5,15.4,49.0,1022.5
2025-02-26T08:15:54.044000+00:00,9683,31,1253,1.7,0,27.4,15.4,49.0,1022.6
2025-02-26T08:16:54.046000+00:00,9683,39,1253,1.7,0,27.1,15.4,49.0,1022.5
2025-02-26T08:17:54.046000+00:00,9683,73,1253,2.3,0,27.0,15.3,49.0,1022.6
2025-02-26T08:18:54.053000+00:00,9683,30,1253,2.5,0,27.0,15.1,50.0,1022.6
2025-02-26T08:19:54.055000+00:00,9683,43,1253,2.1,0,27.0,15.1,51.0,1022.6
2025-02-26T08:20:54.048000+00:00,9683,1,1253,1.8,0,27.0,15.2,50.0,1022.6
2025-02-26T08:21:54.069000+00:00,9683,27,1253,2.7,0,27.1,15.3,50.0,1022.7
2025-02-26T08:22:54.064000+00:00,9683,30,1253,2.6,0,27.1,15.3,50.0,1022.6
2025-02-26T08:23:54.081000+00:00,9683,34,1253,1.5,0,27.2,15.3,50.0,1022.6
2025-02-26T08:24:54.096000+00:00,9683,11,1253,2.5,0,27.3,15.3,49.0,1022.4
2025-02-26T08:25:54.097000+00:00,9683,38,1253,2.8,0,27.3,15.3,50.0,1022.4
2025-02-26T08:26:54.098000+00:00,9683,42,1253,4.4,0,27.0,15.2,51.0,1022.4
2025-02-26T08:27:54.099000+00:00,9683,45,1253,1.5,0,27.0,15.1,52.0,1022.4
2025-02-26T08:28:54.101000+00:00,9683,32,1253,1.4,0,27.1,15.1,51.0,1022.4
2025-02-26T08:29:54.100000+00:00,9683,40,1253,2.1,0,27.1,15.2,50.0,1022.4
2025-02-26T08:30:54.106000+00:00,9683,30,1253,2.0,0,26.9,15.2,50.0,1022.3
2025-02-26T08:31:54.100000+00:00,9683,60,1253,2.2,0,26.8,15.2,50.0,1022.3
2025-02-26T08:32:54.109000+00:00,9683,28,1253,1.8,0,26.7,15.2,51.0,1022.3
2025-02-26T08:33:54.105000+00:00,9683,30,1253,3.4,0,26.7,15.1,51.0,1022.3
2025-02-26T08:34:54.104000+00:00,9683,34,1253,3.1,0,26.7,15.1,52.0,1022.3
2025-02-26T08:35:54.105000+00:00,9683,56,1253,1.8,0,26.7,15.2,52.0,1022.2
2025-02-26T08:36:54.105000+00:00,9683,39,1253,2.3,0,26.4,15.1,51.0,1022.2
2025-02-26T08:37:54.105000+00:00,9683,87,1253,2.4,0,26.3,15.1,51.0,1022.0
2025-02-26T08:38:54.107000+00:00,9683,58,1253,1.8,0,26.1,15.1,51.0,1022.0
2025-02-26T08:39:54.119000+00:00,9683,27,1253,1.3,0,26.0,15.1,51.0,1022.0
2025-02-26T08:40:54.114000+00:00,9683,3,1253,1.5,0,26.0,15.2,51.0,1022.0
2025-02-26T08:41:54.109000+00:00,9683,72,1253,2.1,0,26.1,15.2,51.0,1021.9
2025-02-26T08:42:54.133000+00:00,9683,98,1253,1.4,0,26.1,15.4,51.0,1021.9
2025-02-26T08:43:54.142000+00:00,9683,71,1253,1.0,0,26.0,15.3,51.0,1021.9
2025-02-26T08:44:54.145000+00:00,9683,61,1253,2.5,0,25.7,15.3,51.0,1022.1
2025-02-26T08:45:54.173000+00:00,9683,44,1253,1.8,0,25.7,15.2,52.0,1021.8
2025-02-26T08:46:54.173000+00:00,9683,359,1253,1.2,0,25.8,15.2,52.0,1021.9
2025-02-26T08:47:54.191000+00:00,9683,34,1253,2.0,0,25.9,15.2,51.0,1021.8
2025-02-26T08:48:54.205000+00:00,9683,62,1253,1.4,0,25.9,15.2,51.0,1021.8
2025-02-26T08:49:54.222000+00:00,9683,23,1253,1.5,0,25.9,15.2,50.0,1021.8
2025-02-26T08:50:54.230000+00:00,9683,23,1253,1.5,0,25.9,15.3,50.0,1021.8
2025-02-26T08:51:54.240000+00:00,9683,66,1253,2.8,0,25.8,15.1,50.0,1021.8
2025-02-26T08:52:54.256000+00:00,9683,80,1253,2.0,0,25.9,15.2,50.0,1021.8
2025-02-26T08:53:54.270000+00:00,9683,62,1253,2.4,0,25.9,15.2,50.0,1021.8
2025-02-26T08:54:54.286000+00:00,9683,19,1253,1.7,0,25.9,15.2,51.0,1021.7
2025-02-26T08:55:54.310000+00:00,9683,36,1253,1.8,0,25.9,15.3,50.0,1021.8
2025-02-26T08:56:54.273000+00:00,9683,38,1253,2.0,0,25.9,15.3,50.0,1021.7
2025-02-26T08:57:54.273000+00:00,9683,19,1253,2.2,0,25.8,15.4,51.0,1021.7
2025-02-26T08:58:54.275000+00:00,9683,27,1253,2.7,0,25.7,15.4,51.0,1021.7
2025-02-26T08:59:54.276000+00:00,9683,19,1253,3.2,0,25.5,15.4,51.0,1021.6
2025-02-26T09:00:54.278000+00:00,9683,31,1253,2.8,0,25.3,15.4,52.0,1021.6
2025-02-26T09:01:54.276000+00:00,9683,47,1253,2.9,0,25.2,15.4,52.0,1021.5
2025-02-26T09:02:54.276000+00:00,9683,33,1253,1.9,0,25.2,15.3,52.0,1021.5
2025-02-26T09:03:54.280000+00:00,9683,46,1253,2.3,0,25.2,15.3,52.0,1021.5
2025-02-26T09:04:54.279000+00:00,9683,41,1253,1.8,0,25.1,15.1,52.0,1021.5
2025-02-26T09:05:54.280000+00:00,9683,39,1253,2.2,0,25.0,15.1,52.0,1021.5
2025-02-26T09:06:54.285000+00:00,9683,30,1253,2.2,0,25.0,15.2,52.0,1021.4
2025-02-26T09:07:54.282000+00:00,9683,22,1253,1.1,0,25.1,15.2,52.0,1021.6
2025-02-26T09:08:54.282000+00:00,9683,55,1253,2.5,0,25.1,15.2,52.0,1021.4
2025-02-26T09:09:54.283000+00:00,9683,46,1253,3.4,0,25.2,15.2,52.0,1021.4
2025-02-26T09:10:54.283000+00:00,9683,41,1253,2.6,0,25.2,15.2,52.0,1021.6
2025-02-26T09:11:54.284000+00:00,9683,66,1253,2.9,0,25.2,15.3,52.0,1021.3
2025-02-26T09:12:54.284000+00:00,9683,6,1253,2.0,0,25.4,15.3,51.0,1021.4
2025-02-26T09:13:54.284000+00:00,9683,43,1253,3.1,0,25.4,15.4,50.0,1021.3
2025-02-26T09:14:54.285000+00:00,9683,349,1253,2.0,0,25.6,15.4,49.0,1021.4
2025-02-26T09:15:54.287000+00:00,9683,25,1253,1.9,0,25.6,15.5,49.0,1021.5
2025-02-26T09:16:54.286000+00:00,9683,24,1253,2.3,0,25.6,15.6,48.0,1021.6
2025-02-26T09:17:54.290000+00:00,9683,27,1253,2.3,0,25.8,15.6,46.0,1021.6
2025-02-26T09:18:54.294000+00:00,9683,11,1253,3.2,0,25.8,15.6,47.0,1021.6
2025-02-26T09:19:54.291000+00:00,9683,60,1253,2.6,0,25.7,15.6,48.0,1021.6
2025-02-26T09:20:54.290000+00:00,9683,27,1253,2.1,0,25.6,15.6,48.0,1021.6
2025-02-26T09:21:54.290000+00:00,9683,21,1253,1.9,0,25.6,15.6,48.0,1021.5
2025-02-26T09:22:54.295000+00:00,9683,32,1253,2.3,0,25.7,15.6,48.0,1021.5
2025-02-26T09:23:54.292000+00:00,9683,61,1253,3.0,0,25.6,15.6,48.0,1021.3
2025-02-26T09:24:54.299000+00:00,9683,66,1253,2.9,0,25.6,15.4,48.0,1021.3
2025-02-26T09:25:54.298000+00:00,9683,31,1253,2.7,0,25.5,15.4,49.0,1021.3
2025-02-26T09:26:54.296000+00:00,9683,29,1253,3.1,0,25.7,15.4,49.0,1021.5
2025-02-26T09:27:54.296000+00:00,9683,37,1253,3.9,0,25.6,15.4,49.0,1021.4
2025-02-26T09:28:54.296000+00:00,9683,37,1253,3.9,0,25.6,15.4,49.0,1021.4
2025-02-26T09:29:54.299000+00:00,9683,37,1253,3.9,0,25.6,15.4,49.0,1021.4
2025-02-26T09:30:54.319000+00:00,9683,7,1253,2.8,0,25.5,15.4,47.0,1021.2
2025-02-26T09:31:54.297000+00:00,9683,30,1253,1.8,0,25.5,15.4,48.0,1021.1
2025-02-26T09:32:54.304000+00:00,9683,36,1253,3.1,0,25.3,15.4,48.0,1021.0
2025-02-26T09:33:54.298000+00:00,9683,34,1253,2.1,0,25.3,15.3,48.0,1021.1
2025-02-26T09:34:54.300000+00:00,9683,33,1253,2.6,0,25.3,15.3,48.0,1021.1
2025-02-26T09:35:54.299000+00:00,9683,23,1253,2.1,0,25.3,15.2,48.0,1021.2
2025-02-26T09:36:54.300000+00:00,9683,22,1253,2.7,0,25.3,15.2,48.0,1021.0
2025-02-26T09:37:54.303000+00:00,9683,357,1253,2.2,0,25.1,15.2,47.0,1021.0
2025-02-26T09:38:54.301000+00:00,9683,14,1253,2.3,0,25.1,15.2,47.0,1021.1
2025-02-26T09:39:54.297000+00:00,9683,26,1253,2.1,0,24.8,15.3,47.0,1021.0
2025-02-26T09:40:54.304000+00:00,9683,23,1253,2.3,0,24.7,15.3,47.0,1021.1
2025-02-26T09:41:54.304000+00:00,9683,40,1253,1.8,0,24.6,15.3,48.0,1021.1
2025-02-26T09:42:54.304000+00:00,9683,18,1253,1.8,0,24.5,15.2,48.0,1021.1
2025-02-26T09:43:54.305000+00:00,9683,80,1253,2.4,0,24.5,15.2,48.0,1021.1
2025-02-26T09:44:54.307000+00:00,9683,34,1253,2.9,0,24.3,15.1,48.0,1021.0
2025-02-26T09:45:54.307000+00:00,9683,32,1253,2.8,0,24.4,15.1,49.0,1020.9
2025-02-26T09:46:54.307000+00:00,9683,27,1253,2.5,0,24.5,15.1,49.0,1020.9
2025-02-26T09:47:54.307000+00:00,9683,73,1253,2.4,0,24.5,15.1,48.0,1020.9
2025-02-26T09:48:54.309000+00:00,9683,25,1253,2.3,0,24.3,15.1,48.0,1020.9
2025-02-26T09:49:54.312000+00:00,9683,64,1253,2.1,0,24.3,15.1,48.0,1020.8
2025-02-26T09:50:54.310000+00:00,9683,27,1253,1.8,0,24.2,15.1,48.0,1020.9
2025-02-26T09:51:54.365000+00:00,9683,23,1253,2.2,0,24.2,15.1,48.0,1020.9
2025-02-26T09:52:54.310000+00:00,9683,44,1253,2.2,0,24.4,15.1,48.0,1020.7
2025-02-26T09:53:54.311000+00:00,9683,29,1253,1.5,0,24.3,15.1,48.0,1020.8
2025-02-26T09:54:54.312000+00:00,9683,30,1253,2.9,0,24.2,15.1,46.0,1020.7
2025-02-26T09:55:54.318000+00:00,9683,61,1253,2.1,0,24.2,15.1,47.0,1020.8
2025-02-26T09:56:54.313000+00:00,9683,55,1253,2.3,0,24.2,15.1,46.0,1020.7
2025-02-26T09:57:54.314000+00:00,9683,36,1253,3.7,0,24.2,15.1,46.0,1020.8
2025-02-26T09:58:54.325000+00:00,9683,34,1253,3.2,0,24.2,15.1,47.0,1020.6
2025-02-26T09:59:54.317000+00:00,9683,41,1253,3.5,0,24.3,15.2,47.0,1020.6
2025-02-26T10:00:54.316000+00:00,9683,19,1253,2.2,0,24.2,15.1,47.0,1020.7
2025-02-26T10:01:54.317000+00:00,9683,57,1253,2.1,0,24.1,15.1,48.0,1020.7
2025-02-26T10:02:54.318000+00:00,9683,44,1253,2.8,0,24.1,15.1,48.0,1020.7
2025-02-26T10:03:54.319000+00:00,9683,0,1253,2.9,0,24.1,15.0,48.0,1020.7
2025-02-26T10:04:54.320000+00:00,9683,37,1253,2.9,0,24.0,15.0,49.0,1020.8
2025-02-26T10:05:54.320000+00:00,9683,41,1253,2.3,0,24.0,15.1,49.0,1020.8
2025-02-26T10:06:54.320000+00:00,9683,65,1253,1.7,0,24.2,15.1,49.0,1020.7
2025-02-26T10:07:54.322000+00:00,9683,22,1253,2.5,0,24.2,15.1,49.0,1020.7
2025-02-26T10:08:54.322000+00:00,9683,36,1253,2.3,0,24.2,15.1,49.0,1020.7
2025-02-26T10:09:54.322000+00:00,9683,73,1253,1.8,0,24.0,15.1,49.0,1020.8
2025-02-26T10:10:54.324000+00:00,9683,18,1253,2.3,0,24.0,15.1,49.0,1020.7
2025-02-26T10:11:54.324000+00:00,9683,28,1253,2.3,0,24.1,15.2,49.0,1020.8
2025-02-26T10:12:54.361000+00:00,9683,44,1253,1.9,0,24.1,15.2,48.0,1020.9
2025-02-26T10:13:54.325000+00:00,9683,35,1253,2.1,0,24.0,15.2,48.0,1020.7
2025-02-26T10:14:54.325000+00:00,9683,18,1253,3.2,0,23.9,15.2,48.0,1020.7
2025-02-26T10:15:54.326000+00:00,9683,30,1253,3.5,0,23.9,15.1,48.0,1020.7
2025-02-26T10:16:54.330000+00:00,9683,24,1253,2.7,0,24.0,15.1,48.0,1020.6
2025-02-26T10:17:54.328000+00:00,9683,11,1253,2.5,0,24.0,15.1,48.0,1020.6
2025-02-26T10:18:54.340000+00:00,9683,22,1253,2.8,0,23.8,15.1,47.0,1020.6
2025-02-26T10:19:54.330000+00:00,9683,19,1253,3.0,0,23.7,15.1,48.0,1020.6
2025-02-26T10:20:54.337000+00:00,9683,11,1253,2.5,0,23.8,15.1,48.0,1020.5
2025-02-26T10:21:54.330000+00:00,9683,27,1253,4.3,0,23.7,15.1,48.0,1020.6
2025-02-26T10:22:54.331000+00:00,9683,30,1253,4.6,0,23.7,14.9,49.0,1020.6
2025-02-26T10:23:54.331000+00:00,9683,24,1253,3.5,0,23.6,14.9,49.0,1020.6
2025-02-26T10:24:54.331000+00:00,9683,31,1253,2.3,0,23.6,14.9,49.0,1020.4
2025-02-26T10:25:54.324000+00:00,9683,47,1253,3.1,0,23.6,14.9,49.0,1020.4
2025-02-26T10:26:54.333000+00:00,9683,37,1253,4.3,0,23.7,15.0,49.0,1020.3
2025-02-26T10:27:54.333000+00:00,9683,38,1253,3.8,0,23.7,15.0,49.0,1020.2
2025-02-26T10:28:54.336000+00:00,9683,33,1253,3.2,0,23.5,15.0,50.0,1020.3
2025-02-26T10:29:54.336000+00:00,9683,62,1253,1.9,0,23.5,14.9,50.0,1020.3
2025-02-26T10:30:54.336000+00:00,9683,32,1253,3.2,0,23.6,14.9,50.0,1020.2
2025-02-26T10:31:54.337000+00:00,9683,14,1253,3.1,0,23.6,14.9,50.0,1020.3
2025-02-26T10:32:54.338000+00:00,9683,48,1253,1.9,0,23.6,15.0,50.0,1020.2
2025-02-26T10:33:54.339000+00:00,9683,20,1253,2.1,0,23.7,15.1,49.0,1020.3
2025-02-26T10:34:54.376000+00:00,9683,30,1253,2.7,0,23.7,15.1,49.0,1020.1
2025-02-26T10:35:54.386000+00:00,9683,32,1253,3.1,0,23.7,15.2,48.0,1020.2
2025-02-26T10:36:54.341000+00:00,9683,40,1253,2.7,0,23.7,15.1,49.0,1020.2
2025-02-26T10:37:54.341000+00:00,9683,14,1253,2.6,0,23.7,15.1,49.0,1020.3
2025-02-26T10:38:54.342000+00:00,9683,19,1253,1.9,0,23.9,15.1,49.0,1020.2
2025-02-26T10:39:54.343000+00:00,9683,69,1253,1.9,0,24.0,15.2,48.0,1020.1
2025-02-26T10:40:54.352000+00:00,9683,40,1253,3.3,0,23.9,15.1,48.0,1020.2
2025-02-26T10:41:54.344000+00:00,9683,4,1253,2.6,0,23.9,15.2,48.0,1020.1
2025-02-26T10:42:54.343000+00:00,9683,37,1253,2.2,0,24.0,15.3,48.0,1020.1
2025-02-26T10:43:54.345000+00:00,9683,17,1253,2.7,0,24.1,15.3,47.0,1020.1
2025-02-26T10:44:54.347000+00:00,9683,70,1253,1.9,0,23.9,15.3,47.0,1020.1
2025-02-26T10:45:54.346000+00:00,9683,34,1253,1.4,0,23.9,15.3,47.0,1020.0
2025-02-26T10:46:54.350000+00:00,9683,340,1253,1.8,0,24.1,15.2,47.0,1019.9
2025-02-26T10:47:54.348000+00:00,9683,20,1253,2.4,0,24.4,15.1,47.0,1019.7
2025-02-26T10:48:54.349000+00:00,9683,20,1253,2.4,0,24.4,15.1,47.0,1019.7
2025-02-26T10:49:54.350000+00:00,9683,70,1253,3.2,0,24.3,15.3,47.0,1019.9
2025-02-26T10:50:54.351000+00:00,9683,11,1253,2.7,0,24.3,15.3,47.0,1019.8
2025-02-26T10:51:54.352000+00:00,9683,11,1253,2.7,0,24.3,15.3,47.0,1019.8
2025-02-26T10:52:54.352000+00:00,9683,9,1253,2.5,0,24.7,15.3,47.0,1019.9
2025-02-26T10:53:54.358000+00:00,9683,16,1253,3.1,0,24.5,15.4,47.0,1019.8
2025-02-26T10:54:54.354000+00:00,9683,16,1253,3.1,0,24.5,15.4,47.0,1019.8
2025-02-26T10:55:54.363000+00:00,9683,17,1253,2.8,0,24.3,15.4,47.0,1019.8
2025-02-26T10:56:54.358000+00:00,9683,28,1253,3.9,0,24.3,15.3,47.0,1019.8
2025-02-26T10:57:54.355000+00:00,9683,28,1253,3.9,0,24.3,15.2,47.0,1019.8
2025-02-26T10:58:54.356000+00:00,9683,45,1253,2.8,0,24.2,15.2,47.0,1019.7
2025-02-26T10:59:54.356000+00:00,9683,29,1253,3.3,0,24.3,15.2,47.0,1019.7
2025-02-26T11:00:54.358000+00:00,9683,29,1253,3.3,0,24.3,15.3,47.0,1019.7
2025-02-26T11:01:54.358000+00:00,9683,20,1253,3.0,0,24.4,15.3,47.0,1019.9
2025-02-26T11:02:54.359000+00:00,9683,20,1253,3.0,0,24.3,15.2,47.0,1019.7
2025-02-26T11:03:54.359000+00:00,9683,20,1253,3.0,0,24.3,15.3,47.0,1019.7
2025-02-26T11:04:54.360000+00:00,9683,17,1253,2.8,0,24.1,15.2,47.0,1019.9
2025-02-26T11:05:54.362000+00:00,9683,12,1253,2.9,0,24.1,15.2,47.0,1019.7
2025-02-26T11:06:33.271000+00:00,9683,12,1253,2.9,0,24.1,15.1,47.0,1019.7
2025-02-26T11:06:54.361000+00:00,9683,12,1253,2.9,0,24.1,15.1,47.0,1019.7
2025-02-26T11:07:54.363000+00:00,9683,17,1253,3.6,0,24.1,15.1,47.0,1019.8
2025-02-26T11:08:54.371000+00:00,9683,17,1253,3.6,0,24.1,15.1,47.0,1019.8
2025-02-26T11:09:54.366000+00:00,9683,17,1253,3.6,0,24.1,15.1,47.0,1019.8
2025-02-26T11:09:58.362000+00:00,9683,17,1253,3.6,0,24.1,15.1,47.0,1019.8
2025-02-26T11:11:52.447000+00:00,9683,24,1253,2.0,0,23.8,15.1,48.0,1019.9
2025-02-26T11:12:02.579000+00:00,9683,24,1253,2.0,0,23.8,15.1,48.0,1019.9
2025-02-26T11:13:02.585000+00:00,9683,24,1253,2.0,0,23.8,15.1,48.0,1019.9
2025-02-26T11:14:02.586000+00:00,9683,15,1253,2.5,0,23.8,15.1,47.0,1019.9
2025-02-26T11:15:02.578000+00:00,9683,9,1253,3.2,0,23.7,15.1,47.0,1020.0
2025-02-26T11:16:02.585000+00:00,9683,9,1253,3.2,0,23.7,15.2,47.0,1020.0
2025-02-26T11:17:02.597000+00:00,9683,10,1253,2.9,0,23.7,15.1,46.0,1019.9
2025-02-26T11:18:02.620000+00:00,9683,17,1253,2.3,0,23.6,15.2,47.0,1019.9
2025-02-26T11:19:02.627000+00:00,9683,17,1253,2.3,0,23.6,15.2,47.0,1019.9
2025-02-26T11:20:02.627000+00:00,9683,25,1253,2.9,0,23.5,15.3,47.0,1020.0
2025-02-26T11:21:02.654000+00:00,9683,18,1253,2.2,0,23.5,15.2,47.0,1020.0
2025-02-26T11:22:02.669000+00:00,9683,18,1253,2.2,0,23.5,15.2,47.0,1020.0
2025-02-26T11:23:02.672000+00:00,9683,16,1253,3.1,0,23.5,15.3,47.0,1019.9
2025-02-26T11:24:02.660000+00:00,9683,2,1253,2.6,0,23.5,15.2,47.0,1019.9
2025-02-26T11:25:02.674000+00:00,9683,2,1253,2.6,0,23.5,15.3,47.0,1019.9
2025-02-26T11:26:02.667000+00:00,9683,44,1253,3.8,0,23.3,15.2,47.0,1019.8
2025-02-26T11:27:02.688000+00:00,9683,44,1253,2.5,0,23.3,15.1,48.0,1019.9
2025-02-26T11:28:02.689000+00:00,9683,44,1253,2.5,0,23.3,15.1,48.0,1019.9
2025-02-26T11:29:02.690000+00:00,9683,41,1253,2.5,0,23.2,15.0,48.0,1019.9
2025-02-26T11:30:02.690000+00:00,9683,30,1253,2.3,0,23.2,15.0,48.0,1020.0
2025-02-26T11:31:02.698000+00:00,9683,30,1253,2.3,0,23.2,15.0,48.0,1020.0
2025-02-26T11:32:02.694000+00:00,9683,17,1253,2.4,0,23.3,15.0,48.0,1019.8
2025-02-26T11:33:02.697000+00:00,9683,20,1253,3.1,0,23.2,15.1,48.0,1019.8
2025-02-26T11:34:02.692000+00:00,9683,20,1253,3.1,0,23.2,15.1,48.0,1019.8
2025-02-26T11:35:02.701000+00:00,9683,10,1253,3.1,0,23.1,15.1,49.0,1019.6
2025-02-26T11:36:02.711000+00:00,9683,15,1253,2.9,0,23.2,15.1,47.0,1019.6
2025-02-26T11:37:02.728000+00:00,9683,12,1253,3.6,0,23.2,15.1,45.0,1019.6
2025-02-26T11:38:02.730000+00:00,9683,12,1253,3.3,0,23.2,15.1,45.0,1019.5
2025-02-26T11:39:02.728000+00:00,9683,21,1253,3.7,0,23.2,15.1,45.0,1019.5
2025-02-26T11:40:02.729000+00:00,9683,23,1253,3.2,0,23.2,15.0,45.0,1019.4
2025-02-26T11:41:02.732000+00:00,9683,30,1253,3.2,0,23.2,15.0,46.0,1019.5
2025-02-26T11:42:02.734000+00:00,9683,32,1253,3.5,0,23.3,15.0,47.0,1019.4
2025-02-26T11:43:02.745000+00:00,9683,26,1253,2.3,0,23.3,15.1,47.0,1019.5
2025-02-26T11:44:02.750000+00:00,9683,25,1253,3.4,0,23.3,15.1,48.0,1019.5
2025-02-26T11:45:02.767000+00:00,9683,30,1253,3.5,0,23.3,15.1,48.0,1019.5
2025-02-26T11:46:02.767000+00:00,9683,17,1253,3.6,0,23.2,15.0,47.0,1019.6
2025-02-26T11:47:02.764000+00:00,9683,29,1253,3.4,0,23.2,15.1,47.0,1019.6
2025-02-26T11:48:02.764000+00:00,9683,34,1253,3.6,0,23.2,15.1,47.0,1019.6
2025-02-26T11:49:02.765000+00:00,9683,34,1253,3.6,0,23.2,15.1,47.0,1019.6
2025-02-26T11:50:02.766000+00:00,9683,41,1253,3.5,0,23.1,15.1,46.0,1019.5
2025-02-26T11:51:02.767000+00:00,9683,11,1253,3.6,0,23.1,15.1,47.0,1019.4
2025-02-26T11:52:02.767000+00:00,9683,31,1253,2.7,0,23.1,15.1,47.0,1019.5
2025-02-26T11:53:02.770000+00:00,9683,12,1253,2.5,0,23.2,15.0,47.0,1019.3
2025-02-26T11:54:02.770000+00:00,9683,33,1253,3.0,0,23.2,15.1,47.0,1019.3
2025-02-26T11:55:02.772000+00:00,9683,36,1253,3.4,0,23.1,15.1,47.0,1019.2
2025-02-26T11:56:02.771000+00:00,9683,10,1253,2.8,0,23.1,15.1,48.0,1019.3
2025-02-26T11:57:02.786000+00:00,9683,11,1253,2.7,0,23.2,15.1,48.0,1019.3
2025-02-26T11:58:02.788000+00:00,9683,30,1253,2.6,0,23.1,15.1,47.0,1019.3
2025-02-26T11:59:02.787000+00:00,9683,28,1253,2.5,0,23.0,15.2,47.0,1019.4
2025-02-26T12:00:02.788000+00:00,9683,14,1253,2.5,0,23.0,15.1,46.0,1019.3
2025-02-26T12:01:02.805000+00:00,9683,15,1253,2.4,0,23.0,15.1,46.0,1019.4
2025-02-26T12:02:02.821000+00:00,9683,11,1253,1.9,0,23.0,15.1,46.0,1019.3
2025-02-26T12:03:02.821000+00:00,9683,28,1253,2.4,0,22.9,15.1,46.0,1019.4
2025-02-26T12:04:02.839000+00:00,9683,10,1253,2.6,0,22.8,15.2,46.0,1019.4
2025-02-26T12:05:02.839000+00:00,9683,20,1253,3.3,0,22.8,15.2,46.0,1019.3
2025-02-26T12:06:02.828000+00:00,9683,24,1253,3.2,0,22.7,15.2,46.0,1019.4
2025-02-26T12:07:02.857000+00:00,9683,24,1253,3.2,0,22.7,15.1,46.0,1019.4
2025-02-26T12:08:02.873000+00:00,9683,26,1253,3.3,0,22.5,15.1,47.0,1019.3
2025-02-26T12:09:02.873000+00:00,9683,9,1253,3.1,0,22.5,15.0,48.0,1019.4
2025-02-26T12:10:02.876000+00:00,9683,359,1253,2.2,0,22.4,14.9,48.0,1019.3
2025-02-26T12:11:02.875000+00:00,9683,14,1253,2.3,0,22.6,15.0,48.0,1019.4
2025-02-26T12:12:02.877000+00:00,9683,54,1253,2.7,0,22.6,15.0,48.0,1019.4
2025-02-26T12:13:02.876000+00:00,9683,14,1253,2.2,0,22.6,15.0,48.0,1019.3
2025-02-26T12:14:02.876000+00:00,9683,32,1253,2.5,0,22.6,15.0,48.0,1019.4
2025-02-26T12:15:02.893000+00:00,9683,47,1253,3.4,0,22.6,15.1,48.0,1019.4
2025-02-26T12:16:02.908000+00:00,9683,32,1253,2.6,0,22.5,15.1,48.0,1019.3
2025-02-26T12:17:02.912000+00:00,9683,18,1253,2.9,0,22.5,15.0,48.0,1019.5
2025-02-26T12:18:02.911000+00:00,9683,32,1253,2.7,0,22.6,15.0,48.0,1019.5
2025-02-26T12:19:02.912000+00:00,9683,40,1253,3.3,0,22.6,15.0,48.0,1019.4
2025-02-26T12:20:02.912000+00:00,9683,4,1253,3.1,0,22.6,15.0,48.0,1019.5
2025-02-26T12:21:02.938000+00:00,9683,30,1253,2.6,0,22.6,15.0,48.0,1019.5
2025-02-26T12:22:02.949000+00:00,9683,35,1253,2.8,0,22.6,15.1,48.0,1019.5
2025-02-26T12:23:02.961000+00:00,9683,9,1253,3.4,0,22.6,15.1,48.0,1019.4
2025-02-26T12:24:02.978000+00:00,9683,11,1253,3.8,0,22.4,15.1,48.0,1019.4
2025-02-26T12:25:02.996000+00:00,9683,22,1253,2.5,0,22.4,15.1,48.0,1019.5
2025-02-26T12:26:03.013000+00:00,9683,24,1253,2.7,0,22.4,15.1,48.0,1019.4
2025-02-26T12:27:03.013000+00:00,9683,19,1253,3.4,0,22.4,15.1,48.0,1019.5
2025-02-26T12:28:03.010000+00:00,9683,30,1253,2.9,0,22.5,15.1,49.0,1019.4
2025-02-26T12:29:03.018000+00:00,9683,28,1253,2.5,0,22.5,15.0,49.0,1019.5
2025-02-26T12:30:03.042000+00:00,9683,28,1253,2.1,0,22.5,15.1,49.0,1019.3
2025-02-26T12:31:03.043000+00:00,9683,2,1253,2.8,0,22.5,15.1,50.0,1019.3
2025-02-26T12:32:03.046000+00:00,9683,16,1253,2.7,0,22.4,15.0,50.0,1019.5
2025-02-26T12:33:03.045000+00:00,9683,26,1253,3.3,0,22.4,15.0,50.0,1019.4
2025-02-26T12:34:03.046000+00:00,9683,31,1253,2.4,0,22.4,15.1,51.0,1019.4
2025-02-26T12:35:03.046000+00:00,9683,6,1253,1.9,0,22.3,15.1,51.0,1019.4
2025-02-26T12:36:03.047000+00:00,9683,52,1253,2.6,0,22.4,15.1,50.0,1019.3
2025-02-26T12:37:03.047000+00:00,9683,38,1253,2.4,0,22.3,15.1,50.0,1019.4
2025-02-26T12:38:03.048000+00:00,9683,28,1253,3.0,0,22.3,15.1,51.0,1019.4
2025-02-26T12:39:03.052000+00:00,9683,36,1253,2.5,0,22.1,15.0,51.0,1019.6
2025-02-26T12:40:03.052000+00:00,9683,13,1253,2.6,0,22.1,15.0,51.0,1019.5
2025-02-26T12:41:03.055000+00:00,9683,358,1253,2.3,0,22.1,15.0,51.0,1019.5
2025-02-26T12:42:03.054000+00:00,9683,17,1253,2.9,0,22.1,15.0,50.0,1019.5
2025-02-26T12:43:03.055000+00:00,9683,3,1253,2.7,0,22.0,15.0,50.0,1019.5
2025-02-26T12:44:03.057000+00:00,9683,17,1253,2.7,0,21.9,15.0,50.0,1019.6
2025-02-26T12:45:03.055000+00:00,9683,23,1253,3.6,0,21.9,15.0,50.0,1019.6
2025-02-26T12:46:03.057000+00:00,9683,12,1253,3.8,0,21.8,15.0,50.0,1019.5
2025-02-26T12:47:03.057000+00:00,9683,8,1253,2.9,0,21.9,15.0,50.0,1019.5
2025-02-26T12:48:03.056000+00:00,9683,12,1253,2.8,0,21.8,15.0,50.0,1019.6
2025-02-26T12:49:03.056000+00:00,9683,41,1253,2.6,0,21.7,15.0,50.0,1019.6
2025-02-26T12:50:03.063000+00:00,9683,2,1253,2.3,0,21.7,15.0,50.0,1019.6
2025-02-26T12:51:03.059000+00:00,9683,45,1253,2.5,0,21.7,15.0,50.0,1019.6
2025-02-26T12:52:03.235000+00:00,9683,48,1253,3.3,0,21.5,15.0,50.0,1019.5
2025-02-26T12:53:03.232000+00:00,9683,47,1253,2.9,0,21.4,15.0,51.0,1019.6
2025-02-26T12:54:03.232000+00:00,9683,16,1253,2.7,0,21.4,14.9,51.0,1019.6
2025-02-26T12:55:03.234000+00:00,9683,16,1253,3.1,0,21.3,14.9,51.0,1019.5
2025-02-26T12:56:03.235000+00:00,9683,11,1253,2.8,0,21.4,14.9,51.0,1019.5
2025-02-26T12:57:03.241000+00:00,9683,20,1253,2.6,0,21.3,14.9,50.0,1019.4
2025-02-26T12:58:03.235000+00:00,9683,32,1253,3.6,0,21.2,14.9,50.0,1019.5
2025-02-26T12:59:03.236000+00:00,9683,24,1253,3.8,0,21.2,14.9,50.0,1019.4
2025-02-26T13:00:03.251000+00:00,9683,24,1253,3.9,0,21.1,14.9,50.0,1019.4
2025-02-26T13:01:03.270000+00:00,9683,19,1253,3.4,0,21.1,14.9,51.0,1019.4
2025-02-26T13:02:03.284000+00:00,9683,16,1253,3.7,0,21.1,14.8,51.0,1019.3
2025-02-26T13:03:03.286000+00:00,9683,23,1253,3.2,0,21.0,14.8,51.0,1019.4
2025-02-26T13:04:03.285000+00:00,9683,21,1253,2.8,0,21.0,14.8,51.0,1019.5
2025-02-26T13:05:03.288000+00:00,9683,6,1253,3.6,0,20.9,14.8,51.0,1019.5
2025-02-26T13:06:03.288000+00:00,9683,2,1253,3.5,0,20.9,14.8,51.0,1019.5
2025-02-26T13:07:03.290000+00:00,9683,17,1253,2.8,0,20.9,14.8,51.0,1019.5
2025-02-26T13:08:03.305000+00:00,9683,25,1253,2.4,0,20.9,14.8,51.0,1019.6
2025-02-26T13:09:03.329000+00:00,9683,35,1253,2.7,0,20.9,14.8,51.0,1019.5
2025-02-26T13:10:03.321000+00:00,9683,12,1253,3.0,0,21.0,14.8,51.0,1019.5
2025-02-26T13:11:03.322000+00:00,9683,2,1253,2.3,0,20.9,14.8,52.0,1019.6
2025-02-26T13:12:03.323000+00:00,9683,25,1253,2.3,0,20.8,14.8,52.0,1019.6
2025-02-26T13:13:03.323000+00:00,9683,18,1253,2.9,0,20.8,14.8,52.0,1019.6
2025-02-26T13:14:03.323000+00:00,9683,8,1253,2.9,0,20.8,14.8,52.0,1019.6
2025-02-26T13:15:03.326000+00:00,9683,12,1253,2.6,0,20.8,14.8,51.0,1019.7
2025-02-26T13:16:03.326000+00:00,9683,19,1253,3.6,0,20.8,14.8,51.0,1019.6
2025-02-26T13:17:03.325000+00:00,9683,26,1253,3.4,0,20.6,14.8,51.0,1019.5
2025-02-26T13:18:03.327000+00:00,9683,18,1253,3.1,0,20.6,14.8,51.0,1019.5
2025-02-26T13:19:03.325000+00:00,9683,28,1253,3.7,0,20.6,14.7,52.0,1019.5
2025-02-26T13:20:03.328000+00:00,9683,9,1253,3.4,0,20.4,14.7,52.0,1019.5
2025-02-26T13:21:03.332000+00:00,9683,19,1253,3.2,0,20.4,14.7,52.0,1019.5
2025-02-26T13:22:03.329000+00:00,9683,20,1253,3.4,0,20.4,14.7,52.0,1019.5
2025-02-26T13:23:03.331000+00:00,9683,14,1253,3.3,0,20.4,14.7,52.0,1019.5
2025-02-26T13:24:03.332000+00:00,9683,22,1253,2.9,0,20.4,14.7,52.0,1019.5
2025-02-26T13:25:03.338000+00:00,9683,45,1253,3.0,0,20.4,14.6,52.0,1019.5
2025-02-26T13:26:03.332000+00:00,9683,14,1253,2.7,0,20.4,14.6,53.0,1019.5
2025-02-26T13:27:03.331000+00:00,9683,18,1253,2.6,0,20.4,14.6,53.0,1019.5
2025-02-26T13:28:03.335000+00:00,9683,21,1253,3.4,0,20.5,14.7,52.0,1019.5
2025-02-26T13:29:03.334000+00:00,9683,28,1253,3.0,0,20.5,14.8,52.0,1019.5
2025-02-26T13:30:03.334000+00:00,9683,14,1253,2.7,0,20.5,14.7,52.0,1019.6
2025-02-26T13:31:03.335000+00:00,9683,9,1253,2.9,0,20.5,14.7,52.0,1019.6
2025-02-26T13:32:03.340000+00:00,9683,11,1253,2.8,0,20.4,14.8,52.0,1019.5
2025-02-26T13:33:03.327000+00:00,9683,347,1253,3.0,0,20.2,14.8,51.0,1019.5
2025-02-26T13:34:03.336000+00:00,9683,1,1253,3.3,0,20.2,14.8,52.0,1019.6
2025-02-26T13:35:03.336000+00:00,9683,29,1253,3.6,0,20.1,14.8,52.0,1019.6
2025-02-26T13:36:03.340000+00:00,9683,16,1253,2.9,0,20.2,14.8,52.0,1019.5
2025-02-26T13:37:03.339000+00:00,9683,22,1253,3.5,0,20.1,14.7,52.0,1019.6
2025-02-26T13:38:03.342000+00:00,9683,25,1253,3.1,0,20.1,14.7,53.0,1019.5
2025-02-26T13:39:03.342000+00:00,9683,46,1253,3.4,0,20.0,14.7,53.0,1019.5
2025-02-26T13:40:03.341000+00:00,9683,19,1253,2.9,0,20.0,14.7,53.0,1019.6
2025-02-26T13:41:03.341000+00:00,9683,17,1253,2.7,0,20.0,14.7,53.0,1019.5
2025-02-26T13:42:03.342000+00:00,9683,3,1253,2.3,0,20.1,14.6,53.0,1019.6
2025-02-26T13:43:03.343000+00:00,9683,1,1253,2.5,0,20.1,14.6,53.0,1019.6
2025-02-26T13:44:03.344000+00:00,9683,16,1253,2.1,0,20.1,14.6,53.0,1019.5
2025-02-26T13:45:03.355000+00:00,9683,22,1253,2.1,0,20.1,14.6,53.0,1019.4
2025-02-26T13:46:03.345000+00:00,9683,20,1253,1.9,0,20.1,14.6,53.0,1019.5
2025-02-26T13:47:03.366000+00:00,9683,28,1253,2.3,0,20.0,14.6,52.0,1019.6
2025-02-26T13:48:03.361000+00:00,9683,11,1253,2.6,0,20.0,14.6,52.0,1019.5
2025-02-26T13:49:03.362000+00:00,9683,11,1253,2.0,0,20.0,14.6,52.0,1019.6
2025-02-26T13:50:03.378000+00:00,9683,358,1253,1.8,0,19.9,14.6,52.0,1019.6
2025-02-26T13:51:03.395000+00:00,9683,19,1253,2.3,0,19.9,14.6,52.0,1019.6
2025-02-26T13:52:03.395000+00:00,9683,21,1253,3.6,0,19.9,14.6,51.0,1019.5
2025-02-26T13:53:03.397000+00:00,9683,15,1253,2.7,0,19.8,14.6,51.0,1019.6
2025-02-26T13:54:03.412000+00:00,9683,347,1253,2.1,0,19.8,14.6,52.0,1019.6
2025-02-26T13:55:03.429000+00:00,9683,13,1253,2.0,0,19.9,14.6,52.0,1019.6
2025-02-26T13:56:03.445000+00:00,9683,29,1253,2.2,0,19.8,14.6,52.0,1019.7
2025-02-26T13:57:03.446000+00:00,9683,10,1253,2.4,0,19.7,14.6,52.0,1019.7
2025-02-26T13:58:03.450000+00:00,9683,21,1253,1.6,0,19.7,14.6,52.0,1019.7
2025-02-26T13:59:03.448000+00:00,9683,0,1253,1.8,0,19.9,14.6,52.0,1019.7
2025-02-26T14:00:03.450000+00:00,9683,35,1253,1.5,0,19.8,14.6,52.0,1019.8
2025-02-26T14:01:03.465000+00:00,9683,35,1253,1.5,0,19.8,14.6,52.0,1019.8
2025-02-26T14:02:03.470000+00:00,9683,9,1253,1.7,0,19.7,14.6,52.0,1019.8
2025-02-26T14:03:03.481000+00:00,9683,9,1253,1.7,0,19.7,14.6,52.0,1019.8
2025-02-26T14:04:03.481000+00:00,9683,9,1253,1.7,0,19.7,14.6,52.0,1019.8
2025-02-26T14:05:03.485000+00:00,9683,9,1253,1.7,0,19.7,14.6,52.0,1019.8
2025-02-26T14:06:03.483000+00:00,9683,9,1253,1.7,0,19.7,14.5,52.0,1019.8
2025-02-26T14:07:03.483000+00:00,9683,9,1253,1.7,0,19.7,14.5,52.0,1019.8
2025-02-26T14:08:03.492000+00:00,9683,9,1253,1.7,0,19.7,14.5,52.0,1019.8
2025-02-26T14:09:03.485000+00:00,9683,9,1253,1.7,0,19.7,14.5,52.0,1019.8
2025-02-26T14:10:03.485000+00:00,9683,9,1253,1.7,0,19.7,14.5,52.0,1019.8
2025-02-26T14:11:03.503000+00:00,9683,9,1253,1.7,0,19.7,14.4,52.0,1019.8
2025-02-26T14:12:03.518000+00:00,9683,9,1253,1.7,0,19.7,14.4,52.0,1019.8
2025-02-26T14:13:03.542000+00:00,9683,9,1253,1.7,0,19.7,14.5,52.0,1019.8
2025-02-26T14:14:03.537000+00:00,9683,9,1253,1.7,0,19.7,14.5,52.0,1019.8
2025-02-26T14:15:03.551000+00:00,9683,9,1253,1.7,0,19.7,14.5,52.0,1019.8
2025-02-26T14:16:03.569000+00:00,9683,9,1253,1.7,0,19.7,14.4,52.0,1019.8
2025-02-26T14:17:03.584000+00:00,9683,9,1253,1.7,0,19.7,14.4,52.0,1019.8
2025-02-26T14:18:03.601000+00:00,9683,9,1253,1.7,0,19.7,14.4,52.0,1019.8
2025-02-26T14:19:03.616000+00:00,9683,9,1253,1.7,0,19.7,14.4,52.0,1019.8
2025-02-26T14:20:03.619000+00:00,9683,9,1253,1.7,0,19.7,14.4,52.0,1019.8
2025-02-26T14:21:03.618000+00:00,9683,9,1253,1.7,0,19.7,14.4,52.0,1019.8
2025-02-26T14:22:03.620000+00:00,9683,9,1253,1.7,0,19.7,14.4,52.0,1019.8
2025-02-26T14:23:03.620000+00:00,9683,9,1253,1.7,0,19.7,14.4,52.0,1019.8
2025-02-26T14:24:03.622000+00:00,9683,9,1253,1.7,0,19.7,14.4,52.0,1019.8
2025-02-26T14:25:03.623000+00:00,9683,9,1253,1.7,0,19.7,14.4,52.0,1019.8
2025-02-26T14:26:03.623000+00:00,9683,9,1253,1.7,0,19.7,14.4,52.0,1019.8
2025-02-26T14:27:03.623000+00:00,9683,9,1253,1.7,0,19.7,14.4,52.0,1019.8
2025-02-26T14:28:03.630000+00:00,9683,9,1253,1.7,0,19.7,14.3,52.0,1019.8
2025-02-26T14:29:03.632000+00:00,9683,9,1253,1.7,0,19.7,14.4,52.0,1019.8
2025-02-26T14:30:03.626000+00:00,9683,9,1253,1.7,0,19.7,14.4,52.0,1019.8
2025-02-26T14:31:03.626000+00:00,9683,9,1253,1.7,0,19.7,14.4,52.0,1019.8
2025-02-26T14:32:03.643000+00:00,9683,9,1253,1.7,0,19.7,14.4,52.0,1019.8
2025-02-26T14:33:03.644000+00:00,9683,33,1253,2.4,0,19.0,14.4,52.0,1020.0
2025-02-26T14:34:03.659000+00:00,9683,33,1253,2.4,0,19.0,14.4,52.0,1020.0
2025-02-26T14:35:03.676000+00:00,9683,33,1253,2.4,0,19.0,14.4,52.0,1020.0
2025-02-26T14:36:03.677000+00:00,9683,33,1253,2.4,0,19.0,14.3,52.0,1020.0
2025-02-26T14:37:03.676000+00:00,9683,33,1253,2.4,0,19.0,14.3,52.0,1020.0
2025-02-26T14:38:03.676000+00:00,9683,33,1253,2.4,0,19.0,14.3,52.0,1020.0
2025-02-26T14:39:03.684000+00:00,9683,31,1253,2.3,0,18.7,14.3,52.0,1019.9
2025-02-26T14:40:03.693000+00:00,9683,16,1253,2.3,0,18.8,14.4,52.0,1020.0
2025-02-26T14:41:03.713000+00:00,9683,16,1253,2.3,0,18.8,14.4,52.0,1020.0
2025-02-26T14:42:03.724000+00:00,9683,38,1253,2.8,0,18.7,14.4,51.0,1020.0
2025-02-26T14:43:03.741000+00:00,9683,16,1253,2.2,0,18.7,14.4,52.0,1020.1
2025-02-26T14:44:03.741000+00:00,9683,29,1253,2.7,0,18.7,14.4,52.0,1020.1
2025-02-26T14:45:03.758000+00:00,9683,15,1253,2.4,0,18.7,14.4,52.0,1020.1
2025-02-26T14:46:03.784000+00:00,9683,33,1253,2.3,0,18.7,14.4,52.0,1020.1
2025-02-26T14:47:03.778000+00:00,9683,9,1253,2.8,0,18.6,14.4,52.0,1020.1
2025-02-26T14:48:03.792000+00:00,9683,7,1253,2.1,0,18.6,14.4,52.0,1020.3
2025-02-26T14:49:03.811000+00:00,9683,6,1253,2.6,0,18.6,14.4,52.0,1020.3
2025-02-26T14:50:03.809000+00:00,9683,24,1253,2.0,0,18.7,14.4,52.0,1020.2
2025-02-26T14:51:03.811000+00:00,9683,31,1253,2.7,0,18.6,14.4,52.0,1020.3
2025-02-26T14:52:03.853000+00:00,9683,28,1253,2.8,0,18.6,14.4,52.0,1020.4
2025-02-26T14:53:03.828000+00:00,9683,20,1253,2.9,0,18.6,14.4,52.0,1020.5
2025-02-26T14:54:03.830000+00:00,9683,16,1253,2.6,0,18.6,14.4,52.0,1020.5
2025-02-26T14:55:03.830000+00:00,9683,31,1253,2.4,0,18.6,14.4,52.0,1020.4
2025-02-26T14:56:03.848000+00:00,9683,39,1253,2.4,0,18.5,14.4,52.0,1020.5
2025-02-26T14:57:03.865000+00:00,9683,31,1253,2.4,0,18.5,14.4,52.0,1020.6
2025-02-26T14:58:03.868000+00:00,9683,24,1253,2.0,0,18.6,14.4,52.0,1020.6
2025-02-26T14:59:03.884000+00:00,9683,26,1253,2.0,0,18.6,14.4,52.0,1020.5
2025-02-26T15:00:03.896000+00:00,9683,25,1253,1.4,0,18.6,14.4,52.0,1020.4
2025-02-26T15:01:03.898000+00:00,9683,20,1253,2.1,0,18.6,14.4,52.0,1020.4
2025-02-26T15:02:03.897000+00:00,9683,15,1253,2.1,0,18.6,14.5,52.0,1020.4
2025-02-26T15:03:03.903000+00:00,9683,19,1253,2.1,0,18.5,14.5,52.0,1020.2
2025-02-26T15:04:03.897000+00:00,9683,356,1253,3.6,0,18.5,14.5,52.0,1020.0
2025-02-26T15:05:03.898000+00:00,9683,17,1253,3.4,0,18.4,14.4,51.0,1019.9
2025-02-26T15:06:03.899000+00:00,9683,22,1253,3.7,0,18.4,14.4,52.0,1019.8
2025-02-26T15:07:03.899000+00:00,9683,20,1253,2.7,0,18.4,14.4,52.0,1019.8
2025-02-26T15:08:03.900000+00:00,9683,15,1253,2.5,0,18.4,14.4,52.0,1019.8
2025-02-26T15:09:03.901000+00:00,9683,14,1253,3.2,0,18.4,14.4,51.0,1019.8
2025-02-26T15:10:03.901000+00:00,9683,13,1253,2.7,0,18.4,14.4,52.0,1020.1
2025-02-26T15:11:03.903000+00:00,9683,20,1253,2.8,0,18.4,14.4,52.0,1019.9
2025-02-26T15:12:03.904000+00:00,9683,18,1253,3.3,0,18.3,14.4,52.0,1019.9
2025-02-26T15:13:03.904000+00:00,9683,14,1253,2.6,0,18.3,14.4,52.0,1019.9
2025-02-26T15:14:03.904000+00:00,9683,40,1253,3.5,0,18.3,14.4,51.0,1019.9
2025-02-26T15:15:03.905000+00:00,9683,18,1253,3.1,0,18.3,14.4,52.0,1019.8
2025-02-26T15:16:03.905000+00:00,9683,26,1253,2.9,0,18.3,14.4,52.0,1019.8
2025-02-26T15:17:03.906000+00:00,9683,34,1253,2.9,0,18.3,14.5,52.0,1019.8
2025-02-26T15:18:03.907000+00:00,9683,354,1253,1.8,0,18.3,14.4,52.0,1020.0
2025-02-26T15:19:03.907000+00:00,9683,343,1253,1.9,0,18.3,14.4,52.0,1020.1
2025-02-26T15:20:03.909000+00:00,9683,7,1253,1.8,0,18.3,14.5,52.0,1020.1
2025-02-26T15:21:03.909000+00:00,9683,356,1253,1.3,0,18.5,14.5,52.0,1020.2
2025-02-26T15:22:03.911000+00:00,9683,26,1253,1.3,0,18.5,14.5,52.0,1020.3
2025-02-26T15:23:03.911000+00:00,9683,31,1253,1.9,0,18.4,14.5,52.0,1020.2
2025-02-26T15:24:03.917000+00:00,9683,356,1253,2.8,0,18.4,14.5,52.0,1020.2
2025-02-26T15:25:03.912000+00:00,9683,27,1253,3.7,0,18.3,14.5,52.0,1020.2
2025-02-26T15:26:03.913000+00:00,9683,11,1253,2.8,0,18.2,14.5,52.0,1020.1
2025-02-26T15:27:03.915000+00:00,9683,18,1253,2.6,0,18.2,14.5,53.0,1020.1
2025-02-26T15:28:03.914000+00:00,9683,26,1253,2.3,0,18.2,14.5,53.0,1020.1
2025-02-26T15:29:03.915000+00:00,9683,34,1253,1.8,0,18.2,14.5,53.0,1020.1
2025-02-26T15:30:03.915000+00:00,9683,27,1253,2.4,0,18.2,14.5,53.0,1020.0
2025-02-26T15:31:03.916000+00:00,9683,18,1253,2.2,0,18.1,14.5,53.0,1020.0
2025-02-26T15:32:03.917000+00:00,9683,17,1253,2.6,0,18.1,14.5,53.0,1020.0
2025-02-26T15:33:03.921000+00:00,9683,32,1253,2.2,0,18.0,14.5,53.0,1020.0
2025-02-26T15:34:03.928000+00:00,9683,40,1253,1.9,0,18.0,14.4,53.0,1020.0
2025-02-26T15:35:03.919000+00:00,9683,60,1253,1.2,0,18.1,14.4,54.0,1020.1
2025-02-26T15:36:03.919000+00:00,9683,25,1253,1.9,0,18.2,14.4,53.0,1020.1
2025-02-26T15:37:03.920000+00:00,9683,52,1253,2.2,0,18.2,14.4,53.0,1020.2
2025-02-26T15:38:03.921000+00:00,9683,14,1253,2.5,0,18.1,14.4,53.0,1020.1
2025-02-26T15:39:03.921000+00:00,9683,9,1253,2.0,0,18.1,14.4,53.0,1020.1
2025-02-26T15:40:03.922000+00:00,9683,23,1253,2.2,0,18.0,14.4,53.0,1020.0
2025-02-26T15:41:03.923000+00:00,9683,14,1253,1.7,0,18.1,14.4,54.0,1020.1
2025-02-26T15:42:03.924000+00:00,9683,14,1253,1.7,0,18.1,14.4,54.0,1020.1
2025-02-26T15:43:03.924000+00:00,9683,29,1253,3.0,0,18.0,14.4,53.0,1020.0
2025-02-26T15:44:03.926000+00:00,9683,26,1253,3.1,0,18.0,14.4,54.0,1020.1
2025-02-26T15:45:03.926000+00:00,9683,358,1253,2.8,0,17.9,14.4,54.0,1020.0
2025-02-26T15:46:03.927000+00:00,9683,15,1253,2.0,1,18.0,14.4,54.0,1019.9
2025-02-26T15:47:03.926000+00:00,9683,18,1253,2.9,1,18.0,14.4,54.0,1019.9
2025-02-26T15:48:03.928000+00:00,9683,9,1253,2.1,0,17.9,14.4,54.0,1019.9
2025-02-26T15:49:03.928000+00:00,9683,4,1253,2.3,1,17.9,14.4,54.0,1019.9
2025-02-26T15:50:03.929000+00:00,9683,12,1253,2.1,1,17.9,14.4,54.0,1019.9
2025-02-26T15:51:03.930000+00:00,9683,16,1253,1.8,1,17.7,14.4,54.0,1019.9
2025-02-26T15:52:03.942000+00:00,9683,354,1253,2.1,0,17.8,14.4,54.0,1019.9
2025-02-26T15:53:03.953000+00:00,9683,18,1253,2.2,1,17.8,14.4,54.0,1019.8
2025-02-26T15:54:03.951000+00:00,9683,22,1253,2.6,1,17.7,14.4,54.0,1019.9
2025-02-26T15:55:03.947000+00:00,9683,26,1253,2.3,1,17.7,14.4,54.0,1020.0
2025-02-26T15:56:03.949000+00:00,9683,24,1253,1.9,1,17.7,14.4,54.0,1020.0
2025-02-26T15:57:03.964000+00:00,9683,20,1253,2.0,0,17.9,14.4,54.0,1019.9
2025-02-26T15:58:03.981000+00:00,9683,28,1253,2.0,0,17.9,14.4,53.0,1020.1
2025-02-26T15:59:03.981000+00:00,9683,20,1253,2.6,1,17.9,14.4,53.0,1019.9
2025-02-26T16:00:03.988000+00:00,9683,5,1253,2.5,1,17.9,14.4,53.0,1019.9
2025-02-26T16:01:04.009000+00:00,9683,6,1253,2.4,0,17.8,14.4,53.0,1019.9
2025-02-26T16:02:03.998000+00:00,9683,14,1253,1.9,0,17.9,14.4,53.0,1020.1
2025-02-26T16:03:04.016000+00:00,9683,37,1253,2.4,0,17.9,14.4,53.0,1020.1
2025-02-26T16:04:04.032000+00:00,9683,51,1253,2.6,0,17.8,14.4,53.0,1020.0
2025-02-26T16:05:04.033000+00:00,9683,15,1253,2.1,0,17.9,14.4,53.0,1020.1
2025-02-26T16:06:04.051000+00:00,9683,14,1253,2.4,0,17.9,14.4,53.0,1019.9
2025-02-26T16:07:04.066000+00:00,9683,10,1253,2.3,0,17.8,14.4,53.0,1020.0
2025-02-26T16:08:04.066000+00:00,9683,6,1253,2.9,0,17.8,14.4,53.0,1020.1
2025-02-26T16:09:04.068000+00:00,9683,4,1253,2.2,0,17.8,14.4,53.0,1020.0
2025-02-26T16:10:04.072000+00:00,9683,8,1253,2.0,0,17.8,14.4,53.0,1020.0
2025-02-26T16:11:04.072000+00:00,9683,24,1253,2.3,0,17.9,14.4,53.0,1020.1
2025-02-26T16:12:04.076000+00:00,9683,10,1253,1.6,0,17.8,14.4,53.0,1020.2
2025-02-26T16:13:04.070000+00:00,9683,8,1253,1.7,0,17.8,14.4,53.0,1020.2
2025-02-26T16:14:04.072000+00:00,9683,17,1253,2.2,0,17.8,14.4,53.0,1020.1
2025-02-26T16:15:04.070000+00:00,9683,16,1253,2.9,0,17.7,14.4,53.0,1020.2
2025-02-26T16:16:04.073000+00:00,9683,19,1253,2.4,0,17.7,14.4,53.0,1020.3
2025-02-26T16:17:04.072000+00:00,9683,24,1253,2.8,0,17.7,14.4,54.0,1020.4
2025-02-26T16:18:04.073000+00:00,9683,17,1253,2.4,0,17.8,14.4,54.0,1020.3
2025-02-26T16:19:04.073000+00:00,9683,18,1253,1.8,0,17.8,14.4,53.0,1020.4
2025-02-26T16:20:04.081000+00:00,9683,16,1253,2.1,0,17.8,14.4,53.0,1020.4
2025-02-26T16:21:04.076000+00:00,9683,2,1253,1.9,0,17.9,14.4,53.0,1020.5
2025-02-26T16:22:04.077000+00:00,9683,29,1253,1.4,0,17.8,14.4,53.0,1020.5
2025-02-26T16:23:04.077000+00:00,9683,7,1253,2.0,0,17.8,14.5,53.0,1020.5
2025-02-26T16:24:04.077000+00:00,9683,16,1253,2.7,0,17.8,14.5,53.0,1020.6
2025-02-26T16:25:04.079000+00:00,9683,13,1253,1.7,0,17.8,14.5,53.0,1020.7
2025-02-26T16:26:04.079000+00:00,9683,21,1253,2.0,0,17.8,14.5,53.0,1020.6
2025-02-26T16:27:04.078000+00:00,9683,30,1253,1.7,0,17.9,14.5,53.0,1020.5
2025-02-26T16:28:04.078000+00:00,9683,22,1253,1.7,0,17.9,14.5,53.0,1020.6
2025-02-26T16:29:04.078000+00:00,9683,53,1253,2.0,0,17.7,14.5,53.0,1020.5
2025-02-26T16:30:04.078000+00:00,9683,29,1253,2.2,0,17.6,14.5,53.0,1020.6
2025-02-26T16:31:04.082000+00:00,9683,16,1253,1.9,0,17.8,14.5,53.0,1020.5
2025-02-26T16:32:04.080000+00:00,9683,32,1253,2.0,0,17.8,14.5,53.0,1020.6
2025-02-26T16:33:04.081000+00:00,9683,20,1253,2.2,0,17.8,14.5,53.0,1020.5
2025-02-26T16:34:04.081000+00:00,9683,37,1253,1.9,0,17.8,14.5,53.0,1020.6
2025-02-26T16:35:04.085000+00:00,9683,7,1253,1.6,0,17.8,14.5,53.0,1020.6
2025-02-26T16:36:04.083000+00:00,9683,0,1253,1.5,0,17.8,14.5,53.0,1020.5
2025-02-26T16:37:04.089000+00:00,9683,14,1253,1.9,0,17.8,14.5,53.0,1020.7
2025-02-26T16:38:04.085000+00:00,9683,27,1253,2.3,0,17.7,14.5,53.0,1020.7
2025-02-26T16:39:04.085000+00:00,9683,18,1253,2.2,0,17.8,14.6,53.0,1020.8
2025-02-26T16:40:04.086000+00:00,9683,10,1253,1.3,0,17.9,14.5,53.0,1020.8
2025-02-26T16:41:04.088000+00:00,9683,23,1253,1.6,0,17.9,14.5,53.0,1020.8
2025-02-26T16:42:04.089000+00:00,9683,43,1253,2.4,0,17.9,14.6,53.0,1020.9
2025-02-26T16:43:04.090000+00:00,9683,6,1253,2.1,0,17.9,14.5,53.0,1020.9
2025-02-26T16:44:04.091000+00:00,9683,27,1253,2.5,0,17.9,14.6,53.0,1020.8
2025-02-26T16:45:04.101000+00:00,9683,0,1253,2.0,0,17.9,14.6,53.0,1020.8
2025-02-26T16:46:04.090000+00:00,9683,30,1253,1.7,0,17.8,14.6,53.0,1020.8
2025-02-26T16:47:04.093000+00:00,9683,16,1253,1.5,0,17.8,14.6,53.0,1020.8
2025-02-26T16:48:04.095000+00:00,9683,358,1253,1.5,0,17.8,14.6,53.0,1020.8
2025-02-26T16:49:04.093000+00:00,9683,69,1253,1.5,0,17.8,14.6,53.0,1020.9
2025-02-26T16:50:04.097000+00:00,9683,27,1253,1.3,0,17.8,14.6,53.0,1020.9
2025-02-26T16:51:04.094000+00:00,9683,24,1253,2.4,0,17.8,14.6,52.0,1020.7
2025-02-26T16:52:04.096000+00:00,9683,36,1253,1.6,0,17.7,14.6,52.0,1020.7
2025-02-26T16:53:04.096000+00:00,9683,14,1253,1.5,0,17.7,14.6,53.0,1020.6
2025-02-26T16:54:04.097000+00:00,9683,57,1253,2.3,0,17.7,14.6,52.0,1020.6
2025-02-26T16:55:04.118000+00:00,9683,38,1253,1.9,0,17.7,14.6,53.0,1020.7
2025-02-26T16:56:04.098000+00:00,9683,11,1253,1.6,0,17.8,14.6,53.0,1020.8
2025-02-26T16:57:04.099000+00:00,9683,3,1253,1.5,0,17.8,14.6,53.0,1020.8
2025-02-26T16:58:04.100000+00:00,9683,357,1253,1.6,0,17.8,14.6,53.0,1020.7
2025-02-26T16:59:04.100000+00:00,9683,39,1253,2.2,0,17.8,14.6,53.0,1020.7
2025-02-26T17:00:04.104000+00:00,9683,1,1253,2.1,0,17.7,14.6,53.0,1020.7
2025-02-26T17:01:04.105000+00:00,9683,17,1253,1.3,0,17.8,14.6,53.0,1020.7
2025-02-26T17:02:04.108000+00:00,9683,3,1253,1.9,0,17.8,14.6,53.0,1020.7
2025-02-26T17:03:04.103000+00:00,9683,51,1253,2.1,0,17.8,14.6,53.0,1020.8
2025-02-26T17:04:04.103000+00:00,9683,332,1253,1.8,0,17.7,14.6,53.0,1020.8
2025-02-26T17:05:04.106000+00:00,9683,13,1253,1.5,0,17.8,14.6,53.0,1020.9
2025-02-26T17:06:04.154000+00:00,9683,29,1253,2.3,0,17.8,14.6,53.0,1020.9
2025-03-14T01:16:12.694000+00:00,9686,0,1254,0.0,0,39.3,23.8,48.0,1018.4
2025-03-14T01:17:12.684000+00:00,9686,5,1254,0.3,0,39.2,24.0,50.0,1018.4
2025-03-14T01:18:12.709000+00:00,9686,0,1254,0.5,0,39.4,24.0,51.0,1018.3
2025-03-14T01:19:12.698000+00:00,9686,267,1254,0.4,0,40.1,24.0,51.0,1018.3
2025-03-14T01:20:12.707000+00:00,9686,0,1254,1.0,0,40.1,24.1,50.0,1018.4
2025-03-14T01:21:12.710000+00:00,9686,181,1254,0.5,0,40.1,24.1,51.0,1018.3
2025-03-14T01:22:12.709000+00:00,9686,79,1254,0.6,0,40.1,24.2,50.0,1018.3
2025-03-14T01:23:12.709000+00:00,9686,297,1254,0.4,0,40.2,24.3,48.0,1018.2
2025-03-14T01:24:12.701000+00:00,9686,253,1254,0.5,0,39.7,24.3,48.0,1018.2
2025-03-14T01:25:12.711000+00:00,9686,10,1254,1.0,0,39.5,24.2,48.0,1018.1
2025-03-14T01:26:12.727000+00:00,9686,235,1254,0.9,0,39.6,24.2,48.0,1018.2
2025-03-14T01:27:12.747000+00:00,9686,196,1254,1.8,0,40.0,24.2,51.0,1018.2
2025-03-14T01:28:12.735000+00:00,9686,0,1254,0.7,0,40.2,24.1,50.0,1018.2
2025-03-14T01:29:12.755000+00:00,9686,226,1254,0.5,0,40.3,24.3,49.0,1018.2
2025-03-14T01:30:12.790000+00:00,9686,0,1254,0.0,0,40.1,24.4,50.0,1018.2
2025-03-14T01:31:12.774000+00:00,9686,129,1254,0.8,0,40.0,24.5,50.0,1018.2
2025-03-14T01:32:12.776000+00:00,9686,266,1254,1.1,0,40.4,24.5,50.0,1018.2
2025-03-14T01:33:12.777000+00:00,9686,0,1254,1.0,0,40.4,24.6,50.0,1018.2
2025-03-14T01:34:12.800000+00:00,9686,243,1254,0.4,0,40.7,24.7,50.0,1018.2
2025-03-14T01:35:12.828000+00:00,9686,201,1254,0.7,0,41.4,24.6,48.0,1018.2
2025-03-14T01:36:12.801000+00:00,9686,168,1254,0.3,0,41.5,24.5,46.0,1018.3
2025-03-14T01:37:12.779000+00:00,9686,157,1254,0.9,0,41.4,24.5,47.0,1018.3
2025-03-14T01:38:12.803000+00:00,9686,219,1254,1.1,0,41.2,24.5,47.0,1018.4
2025-03-14T01:39:12.794000+00:00,9686,278,1254,0.6,0,41.4,24.5,46.0,1018.2
2025-03-14T01:40:12.793000+00:00,9686,126,1254,0.0,0,41.2,24.7,45.0,1018.2
2025-03-14T01:41:12.792000+00:00,9686,96,1254,0.7,0,41.4,24.8,45.0,1018.3
2025-03-14T01:42:12.821000+00:00,9686,121,1254,1.0,0,41.6,24.8,45.0,1018.0
2025-03-14T01:43:12.855000+00:00,9686,185,1254,0.8,0,41.3,24.8,46.0,1018.2
2025-03-14T01:44:12.834000+00:00,9686,0,1254,1.0,0,41.3,24.8,46.0,1018.3
2025-03-14T01:45:12.856000+00:00,9686,127,1254,0.5,0,41.5,24.8,46.0,1018.3
2025-03-14T01:46:12.851000+00:00,9686,142,1254,1.0,0,41.7,24.8,46.0,1018.3
2025-03-14T01:47:12.868000+00:00,9686,139,1254,1.0,0,41.8,24.8,45.0,1018.3
2025-03-14T01:48:12.874000+00:00,9686,0,1254,0.0,0,41.8,24.8,45.0,1018.3
2025-03-14T01:49:12.885000+00:00,9686,105,1254,1.0,0,42.1,24.8,46.0,1018.4
2025-03-14T01:50:12.886000+00:00,9686,199,1254,0.8,0,42.1,24.7,44.0,1018.4
2025-03-14T01:51:12.906000+00:00,9686,248,1254,0.0,0,42.0,24.6,46.0,1018.4
2025-03-14T01:52:12.901000+00:00,9686,228,1254,0.7,0,41.7,24.6,46.0,1018.4
2025-03-14T01:53:12.887000+00:00,9686,166,1254,0.3,0,41.7,24.5,46.0,1018.4
2025-03-14T01:54:12.926000+00:00,9686,129,1254,0.7,0,41.9,24.3,46.0,1018.3
2025-03-14T01:55:12.926000+00:00,9686,180,1254,1.0,0,42.4,24.3,47.0,1018.3
2025-03-14T01:56:12.927000+00:00,9686,260,1254,1.2,0,42.4,24.3,47.0,1018.3
2025-03-14T01:57:12.943000+00:00,9686,0,1254,0.7,0,42.4,24.3,47.0,1018.3
2025-03-14T01:58:12.971000+00:00,9686,92,1254,0.4,0,42.5,24.4,47.0,1018.3
2025-03-14T01:59:12.967000+00:00,9686,121,1254,1.2,0,42.7,24.4,47.0,1018.2
2025-03-14T02:00:12.992000+00:00,9686,113,1254,1.6,0,42.8,24.3,47.0,1018.2
2025-03-14T02:01:12.976000+00:00,9686,115,1254,1.1,0,42.2,24.1,48.0,1018.2
2025-03-14T02:02:13.013000+00:00,9686,169,1254,1.2,0,42.2,24.2,48.0,1018.1
2025-03-14T02:03:13.023000+00:00,9686,0,1254,2.1,0,42.8,24.2,49.0,1018.1
2025-03-14T02:04:13.033000+00:00,9686,183,1254,0.4,0,43.0,24.2,49.0,1018.1
2025-03-14T02:05:13.027000+00:00,9686,0,1254,0.7,0,42.5,24.3,48.0,1018.2
2025-03-14T02:06:13.061000+00:00,9686,123,1254,0.5,0,42.5,24.4,48.0,1018.2
2025-03-14T02:07:13.075000+00:00,9686,143,1254,0.5,0,43.0,24.5,47.0,1018.2
2025-03-14T02:08:13.069000+00:00,9686,108,1254,0.5,0,43.0,24.5,47.0,1018.2
2025-03-14T02:09:13.071000+00:00,9686,132,1254,1.1,0,43.2,24.5,47.0,1018.0
2025-03-14T02:10:13.092000+00:00,9686,0,1254,0.6,0,43.1,24.5,47.0,1018.0
2025-03-14T02:11:13.077000+00:00,9686,97,1254,0.5,0,42.9,24.5,47.0,1018.0
2025-03-14T02:12:13.053000+00:00,9686,108,1254,0.7,0,42.9,24.5,47.0,1018.0
2025-03-14T02:13:13.072000+00:00,9686,199,1254,1.3,0,42.9,24.5,47.0,1018.0
2025-03-14T02:14:13.083000+00:00,9686,104,1254,2.3,0,42.9,24.4,47.0,1017.9
2025-03-14T02:15:13.114000+00:00,9686,275,1254,0.8,0,42.9,24.2,48.0,1018.0
2025-03-14T02:16:13.130000+00:00,9686,131,1254,2.1,0,43.1,24.0,49.0,1017.9
2025-03-14T02:17:13.165000+00:00,9686,102,1254,1.2,0,43.0,24.0,48.0,1017.9
2025-03-14T02:18:13.182000+00:00,9686,111,1254,0.9,0,43.0,24.0,50.0,1017.9
2025-03-14T02:19:13.140000+00:00,9686,101,1254,1.1,0,43.1,24.0,48.0,1017.8
2025-03-14T02:20:13.140000+00:00,9686,232,1254,1.5,0,43.2,24.0,49.0,1017.9
2025-03-14T02:21:13.144000+00:00,9686,0,1254,1.0,0,43.2,24.0,50.0,1017.9
2025-03-14T02:22:13.141000+00:00,9686,98,1254,1.1,0,43.7,24.2,48.0,1018.0
2025-03-14T02:23:13.168000+00:00,9686,132,1254,0.6,0,44.1,24.3,48.0,1018.1
2025-03-14T02:24:13.189000+00:00,9686,180,1254,1.2,0,44.3,24.5,47.0,1017.9
2025-03-14T02:25:13.198000+00:00,9686,116,1254,1.6,0,44.4,24.5,47.0,1017.8
2025-03-14T02:26:13.207000+00:00,9686,276,1254,1.6,0,44.5,24.6,46.0,1017.9
2025-03-14T02:27:13.206000+00:00,9686,128,1254,0.9,0,44.4,24.6,46.0,1017.9
2025-03-14T02:28:13.205000+00:00,9686,153,1254,1.1,0,44.6,24.6,46.0,1018.0
2025-03-14T02:29:13.207000+00:00,9686,180,1254,0.7,0,44.3,24.5,46.0,1018.0
2025-03-14T02:30:13.233000+00:00,9686,141,1254,0.8,0,44.3,24.5,47.0,1018.0
2025-03-14T02:31:13.223000+00:00,9686,121,1254,0.8,0,44.0,24.6,47.0,1018.0
2025-03-14T02:32:13.247000+00:00,9686,126,1254,1.1,0,43.7,24.6,49.0,1017.9
2025-03-14T02:33:13.268000+00:00,9686,113,1254,1.3,0,44.0,24.6,51.0,1018.0
2025-03-14T02:34:13.255000+00:00,9686,58,1254,1.3,0,44.0,24.6,52.0,1018.0
2025-03-14T02:35:13.292000+00:00,9686,323,1254,1.2,0,43.5,24.5,54.0,1017.8
2025-03-14T02:36:13.295000+00:00,9686,0,1254,0.9,0,43.2,24.3,54.0,1017.9
2025-02-28T06:45:13.153000+00:00,9685,40,1253,1.8,0,23.8,16.1,54.0,1020.8
2025-02-28T06:46:13.143000+00:00,9685,19,1253,2.3,0,24.1,16.3,52.0,1020.7
2025-02-28T06:47:13.151000+00:00,9685,47,1253,2.4,0,24.7,16.4,51.0,1020.7
2025-02-28T06:48:13.153000+00:00,9685,32,1253,1.8,0,24.8,16.5,50.0,1020.7
2025-02-28T06:49:13.153000+00:00,9685,30,1253,2.3,0,24.9,16.5,49.0,1020.6
2025-02-28T06:50:13.155000+00:00,9685,80,1253,2.3,0,24.8,16.5,49.0,1020.7
2025-02-28T06:51:13.158000+00:00,9685,353,1253,2.1,0,24.2,16.5,50.0,1020.7
2025-02-28T06:52:13.156000+00:00,9685,40,1253,1.4,0,23.8,16.5,50.0,1020.7
2025-02-28T06:53:13.156000+00:00,9685,54,1253,2.0,0,23.8,16.6,50.0,1020.8
2025-02-28T06:54:13.157000+00:00,9685,42,1253,1.5,0,24.1,16.6,50.0,1020.7
2025-02-28T06:55:13.159000+00:00,9685,33,1253,1.9,0,24.5,16.6,49.0,1020.6
2025-02-28T06:56:13.158000+00:00,9685,33,1253,1.7,0,24.8,16.7,49.0,1020.6
2025-02-28T06:57:13.158000+00:00,9685,57,1253,3.1,0,24.9,16.7,49.0,1020.7
2025-02-28T06:58:13.163000+00:00,9685,57,1253,2.9,0,25.0,16.7,49.0,1020.6
2025-02-28T06:59:13.161000+00:00,9685,61,1253,2.7,0,25.1,16.6,50.0,1020.5
2025-02-28T07:00:13.161000+00:00,9685,56,1253,2.0,0,25.5,16.8,50.0,1020.6
2025-02-28T07:01:13.161000+00:00,9685,15,1253,2.1,0,25.6,16.8,49.0,1020.6
2025-02-28T07:02:13.163000+00:00,9685,23,1253,2.1,0,25.7,16.8,48.0,1020.4
2025-02-28T07:03:13.162000+00:00,9685,32,1253,2.0,0,25.9,16.8,49.0,1020.5
2025-02-28T07:04:13.165000+00:00,9685,24,1253,2.1,0,25.7,16.8,49.0,1020.6
2025-02-28T07:05:13.164000+00:00,9685,30,1253,1.8,0,25.5,16.8,48.0,1020.4
2025-02-28T07:06:13.166000+00:00,9685,10,1253,1.8,0,25.5,16.8,49.0,1020.6
2025-02-28T07:07:13.167000+00:00,9685,29,1253,1.7,0,25.5,16.8,49.0,1020.6
2025-02-28T07:08:13.167000+00:00,9685,39,1253,1.8,0,25.7,17.0,48.0,1020.6
2025-02-28T07:09:13.168000+00:00,9685,89,1253,1.9,0,26.3,17.1,48.0,1020.5
2025-02-28T07:10:13.168000+00:00,9685,68,1253,1.6,0,26.4,17.2,47.0,1020.5
2025-02-28T07:11:13.167000+00:00,9685,122,1253,1.1,0,26.3,17.3,47.0,1020.6
2025-02-28T07:12:13.168000+00:00,9685,88,1253,1.7,0,26.2,17.2,47.0,1020.5
2025-02-28T07:13:13.169000+00:00,9685,79,1253,1.8,0,26.4,17.3,48.0,1020.4
2025-02-28T07:14:13.168000+00:00,9685,14,1253,1.5,0,26.3,17.2,47.0,1020.5
2025-02-28T07:15:13.174000+00:00,9685,23,1253,1.5,0,26.5,17.3,48.0,1020.4
2025-02-28T07:16:13.172000+00:00,9685,59,1253,2.2,0,26.7,17.2,47.0,1020.4
2025-02-28T07:17:13.173000+00:00,9685,72,1253,2.4,0,26.7,17.2,47.0,1020.5
2025-02-28T07:18:13.174000+00:00,9685,27,1253,1.4,0,26.7,17.2,47.0,1020.5
2025-02-28T07:19:13.171000+00:00,9685,79,1253,1.8,0,27.1,17.3,47.0,1020.5
2025-02-28T07:20:13.173000+00:00,9685,9,1253,1.8,0,27.1,17.2,47.0,1020.6
2025-02-28T07:21:13.173000+00:00,9685,24,1253,2.1,0,27.0,17.2,47.0,1020.6
2025-02-28T07:22:13.176000+00:00,9685,58,1253,1.4,0,26.9,17.2,47.0,1020.5
2025-02-28T07:23:13.180000+00:00,9685,42,1253,1.9,0,27.0,17.3,46.0,1020.5
2025-02-28T07:24:13.175000+00:00,9685,47,1253,3.0,0,27.0,17.4,46.0,1020.4
2025-02-28T07:25:13.176000+00:00,9685,30,1253,2.3,0,27.1,17.3,46.0,1020.4
2025-02-28T07:26:13.177000+00:00,9685,4,1253,2.7,0,27.3,17.3,46.0,1020.3
2025-02-28T07:27:13.179000+00:00,9685,4,1253,1.5,0,27.4,17.3,46.0,1020.3
2025-02-28T07:28:13.179000+00:00,9685,61,1253,2.3,0,27.4,17.4,45.0,1020.3
2025-02-28T07:29:13.182000+00:00,9685,41,1253,2.2,0,27.4,17.3,46.0,1020.4
2025-02-28T07:30:13.180000+00:00,9685,78,1253,2.5,0,27.5,17.4,46.0,1020.5
2025-02-28T07:31:13.188000+00:00,9685,27,1253,2.2,0,28.1,17.3,46.0,1020.3
2025-02-28T07:32:13.189000+00:00,9685,41,1253,2.0,0,28.1,17.3,46.0,1020.3
2025-02-28T07:33:13.175000+00:00,9685,41,1253,2.0,0,28.1,17.4,46.0,1020.3
2025-02-28T07:34:13.187000+00:00,9685,50,1253,2.4,0,28.0,17.2,46.0,1020.3
2025-02-28T07:35:13.187000+00:00,9685,18,1253,2.2,0,28.0,17.1,46.0,1020.2
2025-02-28T07:36:13.187000+00:00,9685,22,1253,2.5,0,28.0,17.1,45.0,1020.2
2025-02-28T07:37:13.187000+00:00,9685,2,1253,1.5,0,28.3,17.1,45.0,1020.2
2025-02-28T07:38:13.186000+00:00,9685,59,1253,2.0,0,28.3,17.2,44.0,1020.2
2025-02-28T07:39:13.187000+00:00,9685,71,1253,2.9,0,28.0,17.3,45.0,1020.1
2025-02-28T07:40:13.186000+00:00,9685,351,1253,2.6,0,28.0,17.3,45.0,1020.2
2025-02-28T07:41:13.189000+00:00,9685,43,1253,2.2,0,28.1,17.3,46.0,1020.1
2025-02-28T07:42:13.190000+00:00,9685,4,1253,2.8,0,28.6,17.4,45.0,1020.2
2025-02-28T07:43:13.189000+00:00,9685,24,1253,2.3,0,28.6,17.5,44.0,1020.1
2025-02-28T07:44:13.194000+00:00,9685,80,1253,1.9,0,28.6,17.5,44.0,1020.1
2025-02-28T07:45:13.191000+00:00,9685,17,1253,2.3,0,28.4,17.4,45.0,1020.0
2025-02-28T07:46:13.182000+00:00,9685,345,1253,3.2,0,28.3,17.4,45.0,1020.2
2025-02-28T07:47:13.192000+00:00,9685,50,1253,2.2,0,28.4,17.4,46.0,1020.2
2025-02-28T07:48:13.193000+00:00,9685,31,1253,2.9,0,28.5,17.3,46.0,1020.1
2025-02-28T07:49:13.193000+00:00,9685,34,1253,2.4,0,28.7,17.3,46.0,1020.1
2025-02-28T07:50:13.194000+00:00,9685,68,1253,1.7,0,28.7,17.3,46.0,1020.2
2025-02-28T07:51:13.200000+00:00,9685,23,1253,2.1,0,28.8,17.3,45.0,1020.1
2025-02-28T07:52:13.195000+00:00,9685,60,1253,2.0,0,28.8,17.3,45.0,1020.2
2025-02-28T07:53:13.197000+00:00,9685,42,1253,2.1,0,29.1,17.2,45.0,1020.2
2025-02-28T07:54:13.213000+00:00,9685,25,1253,2.4,0,29.6,17.3,45.0,1020.1
2025-02-28T07:55:13.220000+00:00,9685,348,1253,2.1,0,29.6,17.4,45.0,1020.1
2025-02-28T07:56:13.215000+00:00,9685,33,1253,1.9,0,29.5,17.5,45.0,1020.0
2025-02-28T07:57:13.215000+00:00,9685,42,1253,2.3,0,29.7,17.5,45.0,1020.1
2025-02-28T07:58:13.234000+00:00,9685,85,1253,2.5,0,29.7,17.5,45.0,1020.0
2025-02-28T07:59:13.250000+00:00,9685,12,1253,2.5,0,29.7,17.6,46.0,1020.1
2025-02-28T08:00:13.248000+00:00,9685,41,1253,2.4,0,30.0,17.6,46.0,1020.1
2025-02-28T08:01:13.249000+00:00,9685,31,1253,2.4,0,30.1,17.6,46.0,1020.1
2025-02-28T08:02:13.251000+00:00,9685,22,1253,3.0,0,30.1,17.5,44.0,1020.0
2025-02-28T08:03:13.268000+00:00,9685,70,1253,2.6,0,29.8,17.6,44.0,1020.1
2025-02-28T08:04:13.284000+00:00,9685,5,1253,3.4,0,29.5,17.5,44.0,1020.0
2025-02-28T08:05:13.299000+00:00,9685,50,1253,1.9,0,29.3,17.5,45.0,1019.9
2025-02-28T08:06:13.301000+00:00,9685,31,1253,2.2,0,29.0,17.4,46.0,1019.9
2025-02-28T08:07:13.300000+00:00,9685,27,1253,2.6,0,29.2,17.3,46.0,1020.0
2025-02-28T08:08:13.308000+00:00,9685,14,1253,2.6,0,29.4,17.3,46.0,1019.9
2025-02-28T08:09:13.316000+00:00,9685,28,1253,2.2,0,29.4,17.4,45.0,1020.0
2025-02-28T08:10:13.318000+00:00,9685,21,1253,2.2,0,29.4,17.4,45.0,1019.9
2025-02-28T08:11:13.335000+00:00,9685,22,1253,2.0,0,29.8,17.4,45.0,1019.9
2025-02-28T08:12:13.338000+00:00,9685,21,1253,3.1,0,29.8,17.5,44.0,1019.9
2025-02-28T08:13:13.336000+00:00,9685,28,1253,2.7,0,30.6,17.6,43.0,1019.9
2025-02-28T08:14:13.337000+00:00,9685,5,1253,3.6,0,30.6,17.6,44.0,1019.8
2025-02-28T08:15:13.338000+00:00,9685,23,1253,2.6,0,30.5,17.7,44.0,1019.9
2025-02-28T08:16:13.340000+00:00,9685,24,1253,2.4,0,30.6,17.7,44.0,1019.9
2025-02-28T08:17:13.339000+00:00,9685,30,1253,2.9,0,30.6,17.8,43.0,1019.9
2025-02-28T08:18:13.348000+00:00,9685,31,1253,3.1,0,29.9,17.9,43.0,1019.8
2025-02-28T08:19:13.343000+00:00,9685,17,1253,2.6,0,29.8,17.8,43.0,1019.9
2025-02-28T08:20:13.342000+00:00,9685,30,1253,2.0,0,29.5,17.8,43.0,1019.8
2025-02-28T08:21:13.344000+00:00,9685,32,1253,2.3,0,29.4,17.8,44.0,1019.9
2025-02-28T08:22:13.347000+00:00,9685,21,1253,2.5,0,29.3,17.7,43.0,1019.8
2025-02-28T08:23:13.344000+00:00,9685,8,1253,2.4,0,29.4,17.7,42.0,1019.9
2025-02-28T08:24:13.344000+00:00,9685,28,1253,2.2,0,29.7,17.8,42.0,1019.8
2025-02-28T08:25:13.344000+00:00,9685,30,1253,3.9,0,30.0,17.9,41.0,1019.7
2025-02-28T08:26:13.347000+00:00,9685,7,1253,2.5,0,30.3,18.0,41.0,1019.8
2025-02-28T08:27:13.348000+00:00,9685,15,1253,3.9,0,30.3,18.0,40.0,1019.7
2025-02-28T08:28:13.347000+00:00,9685,26,1253,3.1,0,30.5,18.1,41.0,1019.9
2025-02-28T08:29:13.351000+00:00,9685,19,1253,3.1,0,30.2,18.0,40.0,1019.6
2025-02-28T08:30:13.350000+00:00,9685,16,1253,3.0,0,30.0,17.9,41.0,1019.6
2025-02-28T08:31:13.350000+00:00,9685,31,1253,3.5,0,29.8,17.9,39.0,1019.5
2025-02-28T08:32:13.352000+00:00,9685,45,1253,3.9,0,29.7,17.9,38.0,1019.6
2025-02-28T08:33:13.352000+00:00,9685,26,1253,3.3,0,29.8,17.9,38.0,1019.5
2025-02-28T08:34:13.353000+00:00,9685,356,1253,3.0,0,29.8,17.9,37.0,1019.6
2025-02-28T08:35:13.362000+00:00,9685,12,1253,3.0,0,29.7,17.9,37.0,1019.6
2025-02-28T08:36:13.353000+00:00,9685,8,1253,3.2,0,29.9,17.9,37.0,1019.5
2025-02-28T08:37:13.354000+00:00,9685,29,1253,3.1,0,30.2,18.0,37.0,1019.5
2025-02-28T08:38:13.354000+00:00,9685,61,1253,4.1,0,30.6,18.0,37.0,1019.3
2025-02-28T08:39:13.355000+00:00,9685,41,1253,2.5,0,30.8,18.0,38.0,1019.4
2025-02-28T08:40:13.358000+00:00,9685,3,1253,2.5,0,30.9,18.0,38.0,1019.3
2025-02-28T08:41:13.348000+00:00,9685,28,1253,3.6,0,31.1,18.0,39.0,1019.4
2025-02-28T08:42:13.358000+00:00,9685,38,1253,4.4,0,31.0,18.1,40.0,1019.4
2025-02-28T08:43:13.356000+00:00,9685,12,1253,4.2,0,30.8,18.1,41.0,1019.4
2025-02-28T08:44:13.359000+00:00,9685,16,1253,4.6,0,30.8,18.1,39.0,1019.3
2025-02-28T08:45:13.358000+00:00,9685,17,1253,3.1,0,30.7,18.0,39.0,1019.3
2025-02-28T08:46:13.358000+00:00,9685,17,1253,3.3,0,30.8,18.0,38.0,1019.3
2025-02-28T08:47:13.360000+00:00,9685,4,1253,3.7,0,30.8,18.0,38.0,1019.3
2025-02-28T08:48:13.358000+00:00,9685,25,1253,3.9,0,30.7,18.0,38.0,1019.4
2025-02-28T08:49:13.360000+00:00,9685,13,1253,3.5,0,30.7,18.0,39.0,1019.4
2025-02-28T08:50:13.362000+00:00,9685,20,1253,3.2,0,31.3,17.9,38.0,1019.3
2025-02-28T08:51:13.364000+00:00,9685,19,1253,3.4,0,31.7,17.9,38.0,1019.2
2025-02-28T08:52:13.365000+00:00,9685,26,1253,2.9,0,31.9,18.0,38.0,1019.3
2025-02-28T08:53:13.370000+00:00,9685,20,1253,3.2,0,32.0,18.0,38.0,1019.3
2025-02-28T08:54:13.365000+00:00,9685,12,1253,3.9,0,32.3,18.1,38.0,1019.4
2025-02-28T08:55:13.365000+00:00,9685,16,1253,4.5,0,32.0,18.2,37.0,1019.3
2025-02-28T08:56:13.365000+00:00,9685,27,1253,4.3,0,31.9,18.3,38.0,1019.3
2025-02-28T08:57:13.366000+00:00,9685,7,1253,4.0,0,31.9,18.1,38.0,1019.2
2025-02-28T08:58:13.366000+00:00,9685,17,1253,3.2,0,31.8,18.2,39.0,1019.1
2025-02-28T08:59:13.389000+00:00,9685,12,1253,3.6,0,31.8,18.2,39.0,1019.2
2025-02-28T09:00:13.385000+00:00,9685,12,1253,4.0,0,31.9,18.1,40.0,1019.2
2025-02-28T09:01:13.386000+00:00,9685,359,1253,4.5,0,31.8,18.0,39.0,1019.0
2025-02-28T09:02:13.386000+00:00,9685,359,1253,4.7,0,31.8,18.1,39.0,1019.1
2025-02-28T09:03:13.387000+00:00,9685,0,1253,4.6,0,31.9,18.2,39.0,1019.1
2025-02-28T09:04:13.387000+00:00,9685,7,1253,4.7,0,32.2,18.3,38.0,1019.2
2025-02-28T09:05:13.386000+00:00,9685,355,1253,4.2,0,32.2,18.4,37.0,1019.1
2025-02-28T09:06:13.406000+00:00,9685,14,1253,5.1,0,32.2,18.3,37.0,1019.1
2025-02-28T09:07:13.422000+00:00,9685,25,1253,3.9,0,32.4,18.3,38.0,1019.0
2025-02-28T09:08:13.436000+00:00,9685,12,1253,2.6,0,32.2,18.3,38.0,1019.0
2025-02-28T09:09:13.439000+00:00,9685,30,1253,2.9,0,32.2,18.4,39.0,1019.1
2025-02-28T09:10:13.455000+00:00,9685,17,1253,2.8,0,32.2,18.4,38.0,1019.0
2025-02-28T09:11:13.473000+00:00,9685,13,1253,2.8,0,32.3,18.3,39.0,1019.0
2025-02-28T09:12:13.472000+00:00,9685,33,1253,3.2,0,32.2,18.4,38.0,1019.2
2025-02-28T09:13:13.488000+00:00,9685,20,1253,3.5,0,32.2,18.4,37.0,1019.0
2025-02-28T09:14:13.489000+00:00,9685,21,1253,2.7,0,32.2,18.4,38.0,1019.1
2025-02-28T09:15:13.488000+00:00,9685,24,1253,3.3,0,32.4,18.4,37.0,1019.1
2025-02-28T09:16:13.505000+00:00,9685,28,1253,3.8,0,32.5,18.4,37.0,1019.0
2025-02-28T09:17:13.504000+00:00,9685,23,1253,4.0,0,32.8,18.4,37.0,1019.1
2025-02-28T09:18:13.505000+00:00,9685,345,1253,3.5,0,32.8,18.3,37.0,1019.1
2025-02-28T09:19:13.508000+00:00,9685,16,1253,3.3,0,32.8,18.3,37.0,1019.0
2025-02-28T09:20:13.507000+00:00,9685,11,1253,5.4,0,32.4,18.2,37.0,1019.0
2025-02-28T09:21:13.516000+00:00,9685,16,1253,4.0,0,32.3,18.2,38.0,1018.9
2025-02-28T09:22:13.501000+00:00,9685,5,1253,3.4,0,32.1,18.1,38.0,1018.8
2025-02-28T09:23:13.510000+00:00,9685,358,1253,2.5,0,32.2,18.0,39.0,1019.0
2025-02-28T09:24:13.512000+00:00,9685,36,1253,3.7,0,32.5,18.1,38.0,1018.8
2025-02-28T09:25:13.513000+00:00,9685,28,1253,3.6,0,32.9,18.2,38.0,1018.9
2025-02-28T09:26:13.517000+00:00,9685,24,1253,2.5,0,33.0,18.4,38.0,1018.8
2025-02-28T09:27:13.514000+00:00,9685,5,1253,3.7,0,32.9,18.5,38.0,1018.9
2025-02-28T09:28:13.515000+00:00,9685,26,1253,3.7,0,32.9,18.4,38.0,1018.8
2025-02-28T09:29:13.518000+00:00,9685,352,1253,3.5,0,32.9,18.4,38.0,1018.8
2025-02-28T09:30:13.515000+00:00,9685,2,1253,3.8,0,33.4,18.4,38.0,1018.8
2025-02-28T09:31:13.517000+00:00,9685,14,1253,4.6,0,33.0,18.3,38.0,1018.8
2025-02-28T09:32:13.517000+00:00,9685,3,1253,3.7,0,33.0,18.2,38.0,1018.8
2025-02-28T09:33:13.518000+00:00,9685,4,1253,3.6,0,33.1,18.2,37.0,1018.6
2025-02-28T09:34:13.520000+00:00,9685,5,1253,4.6,0,33.1,18.2,38.0,1018.6
2025-02-28T09:35:13.520000+00:00,9685,11,1253,4.9,0,32.8,18.3,38.0,1018.6
2025-02-28T09:36:13.519000+00:00,9685,11,1253,4.7,0,32.8,18.3,39.0,1018.6
2025-02-28T09:37:13.522000+00:00,9685,0,1253,4.4,0,32.6,18.2,39.0,1018.6
2025-02-28T09:38:13.522000+00:00,9685,12,1253,4.4,0,32.5,18.3,39.0,1018.6
2025-02-28T09:39:13.522000+00:00,9685,1,1253,4.3,0,32.5,18.3,40.0,1018.6
2025-02-28T09:40:13.522000+00:00,9685,17,1253,3.7,0,32.5,18.2,39.0,1018.5
2025-02-28T09:41:13.524000+00:00,9685,5,1253,5.2,0,32.7,18.2,39.0,1018.6
2025-02-28T09:42:13.533000+00:00,9685,14,1253,3.9,0,32.8,18.3,39.0,1018.6
2025-02-28T09:43:13.524000+00:00,9685,17,1253,3.7,0,33.0,18.2,38.0,1018.6
2025-02-28T09:44:13.525000+00:00,9685,13,1253,3.8,0,33.1,18.3,38.0,1018.6
2025-02-28T09:45:13.531000+00:00,9685,32,1253,4.3,0,33.1,18.3,37.0,1018.4
2025-02-28T09:46:13.528000+00:00,9685,6,1253,3.7,0,32.8,18.3,38.0,1018.5
2025-02-28T09:47:13.527000+00:00,9685,10,1253,2.6,0,32.7,18.3,38.0,1018.4
2025-02-28T09:48:13.527000+00:00,9685,21,1253,3.8,0,33.0,18.4,37.0,1018.3
2025-02-28T09:49:13.531000+00:00,9685,22,1253,3.5,0,33.3,18.4,37.0,1018.5
2025-02-28T09:50:13.531000+00:00,9685,55,1253,3.7,0,33.3,18.4,36.0,1018.5
2025-02-28T09:51:13.530000+00:00,9685,2,1253,2.4,0,33.1,18.4,37.0,1018.5
2025-02-28T09:52:13.533000+00:00,9685,3,1253,2.3,0,33.1,18.3,37.0,1018.5
2025-02-28T09:53:13.527000+00:00,9685,50,1253,2.5,0,33.2,18.2,37.0,1018.6
2025-02-28T09:54:13.533000+00:00,9685,19,1253,2.7,0,33.2,18.3,36.0,1018.5
2025-02-28T09:55:13.534000+00:00,9685,22,1253,3.8,0,33.2,18.3,36.0,1018.4
2025-02-28T09:56:13.535000+00:00,9685,35,1253,3.0,0,33.1,18.1,37.0,1018.5
2025-02-28T09:57:13.537000+00:00,9685,28,1253,2.9,0,33.1,18.1,38.0,1018.3
2025-02-28T09:58:13.537000+00:00,9685,359,1253,2.3,0,33.3,18.1,39.0,1018.4
2025-02-28T09:59:13.536000+00:00,9685,6,1253,3.0,0,33.3,18.1,38.0,1018.4
2025-02-28T10:00:13.540000+00:00,9685,22,1253,2.9,0,33.3,18.1,37.0,1018.3
2025-02-28T10:01:13.540000+00:00,9685,16,1253,4.3,0,33.5,18.2,36.0,1018.2
2025-02-28T10:02:13.539000+00:00,9685,10,1253,5.5,0,33.5,18.2,37.0,1018.3
2025-02-28T10:03:13.557000+00:00,9685,27,1253,4.1,0,32.9,18.2,38.0,1018.4
2025-02-28T10:04:13.573000+00:00,9685,21,1253,2.9,0,33.2,18.1,39.0,1018.3
2025-02-28T10:05:13.574000+00:00,9685,27,1253,3.2,0,33.3,18.3,39.0,1018.2
2025-02-28T10:06:13.590000+00:00,9685,37,1253,2.7,0,33.3,18.4,39.0,1018.3
2025-02-28T10:07:13.590000+00:00,9685,40,1253,2.8,0,33.2,18.2,39.0,1018.2
2025-02-28T10:08:13.591000+00:00,9685,35,1253,3.8,0,33.0,18.1,38.0,1018.1
2025-02-28T10:09:13.608000+00:00,9685,23,1253,3.2,0,33.1,18.1,38.0,1018.3
2025-02-28T10:10:13.615000+00:00,9685,14,1253,3.6,0,33.0,18.0,38.0,1018.2
2025-02-28T10:11:13.608000+00:00,9685,45,1253,2.8,0,33.2,18.1,38.0,1018.2
2025-02-28T10:12:13.610000+00:00,9685,48,1253,3.4,0,33.2,18.1,38.0,1018.2
2025-02-28T10:13:13.615000+00:00,9685,7,1253,4.0,0,33.0,18.2,38.0,1018.3
2025-02-28T10:14:13.617000+00:00,9685,22,1253,3.8,0,33.3,18.2,39.0,1018.1
2025-02-28T10:15:13.612000+00:00,9685,15,1253,2.8,0,33.3,18.3,39.0,1018.2
2025-02-28T10:16:13.627000+00:00,9685,20,1253,2.9,0,33.5,18.3,38.0,1018.2
2025-02-28T10:17:13.635000+00:00,9685,9,1253,3.4,0,33.1,18.3,38.0,1018.2
2025-02-28T10:18:13.645000+00:00,9685,16,1253,2.5,0,33.0,18.2,39.0,1018.3
2025-02-28T10:19:13.645000+00:00,9685,13,1253,2.8,0,32.5,18.2,39.0,1018.3
2025-02-28T10:20:13.644000+00:00,9685,36,1253,3.2,0,32.5,18.2,38.0,1018.2
2025-02-28T10:21:13.663000+00:00,9685,20,1253,2.9,0,32.6,18.1,38.0,1018.1
2025-02-28T10:22:13.666000+00:00,9685,0,1253,3.6,0,32.7,18.0,38.0,1018.1
2025-02-28T10:23:13.680000+00:00,9685,13,1253,4.3,0,32.9,18.0,38.0,1018.1
2025-02-28T10:24:13.681000+00:00,9685,5,1253,4.6,0,32.7,18.0,38.0,1018.1
2025-02-28T10:25:13.681000+00:00,9685,4,1253,3.9,0,32.5,17.9,38.0,1018.0
2025-02-28T10:26:13.681000+00:00,9685,5,1253,4.0,0,32.4,17.9,39.0,1018.0
2025-02-28T10:27:13.681000+00:00,9685,14,1253,3.4,0,32.4,17.8,40.0,1018.1
2025-02-28T10:28:13.683000+00:00,9685,12,1253,2.5,0,33.1,17.8,40.0,1018.0
2025-02-28T10:29:13.684000+00:00,9685,19,1253,3.3,0,33.2,18.0,39.0,1018.0
2025-02-28T10:30:13.686000+00:00,9685,41,1253,3.5,0,33.4,18.1,39.0,1017.9
2025-02-28T10:31:13.685000+00:00,9685,22,1253,4.1,0,33.2,18.1,40.0,1018.0
2025-02-28T10:32:13.695000+00:00,9685,39,1253,2.1,0,33.0,18.0,40.0,1018.0
2025-02-28T10:33:13.685000+00:00,9685,47,1253,2.2,0,32.7,18.1,40.0,1018.0
2025-02-28T10:34:13.688000+00:00,9685,31,1253,1.6,0,32.7,18.0,40.0,1018.0
2025-02-28T10:35:13.688000+00:00,9685,15,1253,2.1,0,32.6,18.1,40.0,1017.9
2025-02-28T10:36:13.690000+00:00,9685,23,1253,2.3,0,32.6,18.3,40.0,1017.9
2025-02-28T10:37:13.698000+00:00,9685,18,1253,2.4,0,32.6,18.3,39.0,1017.9
2025-02-28T10:38:13.690000+00:00,9685,24,1253,2.6,0,32.5,18.4,39.0,1018.0
2025-02-28T10:39:13.690000+00:00,9685,35,1253,2.2,0,32.6,18.3,39.0,1017.8
2025-02-28T10:40:13.692000+00:00,9685,15,1253,2.8,0,32.6,18.2,39.0,1017.9
2025-02-28T10:41:13.692000+00:00,9685,2,1253,3.2,0,32.2,18.1,39.0,1017.9
2025-02-28T10:42:13.697000+00:00,9685,31,1253,3.2,0,32.0,18.1,39.0,1017.9
2025-02-28T10:43:13.693000+00:00,9685,44,1253,3.1,0,32.1,18.0,39.0,1017.8
2025-02-28T10:44:13.703000+00:00,9685,42,1253,2.9,0,32.0,17.8,39.0,1017.8
2025-02-28T10:45:13.695000+00:00,9685,11,1253,3.3,0,32.6,17.9,39.0,1017.8
2025-02-28T10:46:13.695000+00:00,9685,36,1253,3.5,0,32.6,18.0,38.0,1017.8
2025-02-28T10:47:13.695000+00:00,9685,16,1253,3.3,0,32.5,18.0,38.0,1017.8
2025-02-28T10:48:13.697000+00:00,9685,24,1253,3.2,0,32.5,18.0,38.0,1017.7
2025-02-28T10:49:13.696000+00:00,9685,13,1253,2.8,0,32.6,18.0,38.0,1017.8
2025-02-28T10:50:13.698000+00:00,9685,36,1253,3.4,0,32.8,18.0,38.0,1017.7
2025-02-28T10:51:13.699000+00:00,9685,24,1253,2.9,0,32.8,18.1,40.0,1017.8
2025-02-28T10:52:13.697000+00:00,9685,16,1253,2.4,0,32.8,18.0,41.0,1017.8
2025-02-28T10:53:13.700000+00:00,9685,343,1253,2.0,0,33.1,18.0,39.0,1017.8
2025-02-28T10:54:13.700000+00:00,9685,21,1253,2.2,0,33.2,17.9,40.0,1017.7
2025-02-28T10:55:13.699000+00:00,9685,4,1253,2.6,0,33.0,18.1,39.0,1017.8
2025-02-28T10:56:13.693000+00:00,9685,8,1253,2.6,0,32.8,18.1,38.0,1017.7
2025-02-28T10:57:13.703000+00:00,9685,9,1253,3.9,0,32.6,18.1,37.0,1017.5
2025-02-28T10:58:13.703000+00:00,9685,8,1253,5.3,0,32.4,18.0,37.0,1017.6
2025-02-28T10:59:13.703000+00:00,9685,4,1253,4.4,0,32.2,18.0,37.0,1017.6
2025-02-28T11:00:13.704000+00:00,9685,9,1253,5.2,0,32.0,18.0,38.0,1017.5
2025-02-28T11:01:13.705000+00:00,9685,358,1253,4.3,0,32.0,18.0,38.0,1017.5
2025-02-28T11:02:13.715000+00:00,9685,3,1253,4.2,0,32.4,17.9,38.0,1017.4
2025-02-28T11:03:13.711000+00:00,9685,353,1253,4.1,0,32.4,18.0,37.0,1017.5
2025-02-28T11:04:13.721000+00:00,9685,12,1253,4.3,0,32.3,18.0,37.0,1017.5
2025-02-28T11:05:13.726000+00:00,9685,14,1253,3.3,0,32.2,18.0,39.0,1017.4
2025-02-28T11:06:13.739000+00:00,9685,32,1253,2.7,0,32.0,18.0,40.0,1017.4
2025-02-28T11:07:13.755000+00:00,9685,20,1253,3.2,0,32.3,17.9,40.0,1017.5
2025-02-28T11:08:13.756000+00:00,9685,22,1253,3.8,0,32.3,17.8,38.0,1017.6
2025-02-28T11:09:13.750000+00:00,9685,11,1253,3.2,0,32.0,17.9,37.0,1017.5
2025-02-28T11:10:13.756000+00:00,9685,33,1253,3.3,0,31.8,17.8,38.0,1017.5
2025-02-28T11:11:13.774000+00:00,9685,12,1253,2.9,0,31.9,17.9,38.0,1017.5
2025-02-28T11:12:13.774000+00:00,9685,17,1253,3.4,0,32.2,17.9,39.0,1017.6
2025-02-28T11:13:13.774000+00:00,9685,2,1253,3.6,0,32.4,17.9,39.0,1017.5
2025-02-28T11:14:13.775000+00:00,9685,352,1253,2.9,0,32.6,17.9,38.0,1017.5
2025-02-28T11:15:13.789000+00:00,9685,3,1253,4.1,0,32.7,18.0,38.0,1017.4
2025-02-28T11:16:13.813000+00:00,9685,9,1253,3.8,0,32.7,18.1,38.0,1017.5
2025-02-28T11:17:13.814000+00:00,9685,10,1253,4.1,0,32.4,18.0,38.0,1017.4
2025-02-28T11:18:13.811000+00:00,9685,9,1253,4.3,0,32.3,17.9,38.0,1017.5
2025-02-28T11:19:13.811000+00:00,9685,32,1253,2.9,0,32.3,18.0,38.0,1017.4
2025-02-28T11:20:13.810000+00:00,9685,14,1253,4.0,0,32.3,18.0,38.0,1017.5
2025-02-28T11:21:13.830000+00:00,9685,355,1253,3.4,0,32.2,18.0,38.0,1017.4
2025-02-28T11:22:13.828000+00:00,9685,14,1253,4.7,0,32.1,18.0,38.0,1017.4
2025-02-28T11:23:13.845000+00:00,9685,22,1253,3.6,0,32.0,18.0,38.0,1017.5
2025-02-28T11:24:13.848000+00:00,9685,30,1253,3.7,0,32.0,17.9,38.0,1017.5
2025-02-28T11:25:13.841000+00:00,9685,23,1253,2.5,0,31.8,17.9,38.0,1017.5
2025-02-28T11:26:13.848000+00:00,9685,8,1253,4.4,0,31.8,17.8,37.0,1017.5
2025-02-28T11:27:13.848000+00:00,9685,12,1253,2.6,0,31.5,17.9,38.0,1017.4
2025-02-28T11:28:13.848000+00:00,9685,358,1253,3.4,0,31.5,18.0,38.0,1017.5
2025-02-28T11:29:13.846000+00:00,9685,1,1253,3.1,0,31.4,18.0,37.0,1017.6
2025-02-28T11:30:13.851000+00:00,9685,24,1253,3.3,0,31.3,18.0,37.0,1017.6
2025-02-28T11:31:13.852000+00:00,9685,25,1253,4.1,0,31.2,17.9,38.0,1017.5
2025-02-28T11:32:13.853000+00:00,9685,16,1253,3.5,0,31.2,17.8,38.0,1017.6
2025-02-28T11:33:13.851000+00:00,9685,11,1253,3.4,0,31.3,17.8,38.0,1017.4
2025-02-28T11:34:13.847000+00:00,9685,13,1253,4.0,0,31.3,17.8,37.0,1017.5
2025-02-28T11:35:13.852000+00:00,9685,20,1253,3.9,0,31.3,17.8,37.0,1017.4
2025-02-28T11:36:13.864000+00:00,9685,10,1253,3.7,0,31.1,17.9,37.0,1017.4
2025-02-28T11:37:13.864000+00:00,9685,26,1253,4.1,0,31.1,18.0,37.0,1017.4
2025-02-28T11:38:13.856000+00:00,9685,11,1253,3.6,0,31.0,17.9,38.0,1017.3
2025-02-28T11:39:13.852000+00:00,9685,24,1253,3.2,0,31.1,17.8,38.0,1017.3
2025-02-28T11:40:13.857000+00:00,9685,31,1253,3.0,0,31.1,17.7,39.0,1017.4
2025-02-28T11:41:13.858000+00:00,9685,17,1253,3.6,0,31.0,17.7,39.0,1017.3
2025-02-28T11:42:13.859000+00:00,9685,24,1253,4.3,0,30.8,17.7,39.0,1017.2
2025-02-28T11:43:13.857000+00:00,9685,20,1253,3.6,0,31.0,17.6,39.0,1017.2
2025-02-28T11:44:13.854000+00:00,9685,10,1253,3.4,0,31.1,17.5,39.0,1017.3
2025-02-28T11:45:13.862000+00:00,9685,11,1253,4.4,0,31.1,17.7,38.0,1017.1
2025-02-28T11:46:13.860000+00:00,9685,8,1253,3.7,0,30.6,17.8,38.0,1017.2
2025-02-28T11:47:13.861000+00:00,9685,25,1253,3.7,0,30.5,17.8,39.0,1017.2
2025-02-28T11:48:13.863000+00:00,9685,3,1253,3.8,0,30.3,17.7,39.0,1017.1
2025-02-28T11:49:13.863000+00:00,9685,2,1253,4.0,0,30.6,17.6,39.0,1017.1
2025-02-28T11:50:13.864000+00:00,9685,3,1253,3.3,0,30.7,17.6,39.0,1017.1
2025-02-28T11:51:13.864000+00:00,9685,30,1253,3.5,0,30.7,17.5,39.0,1016.9
2025-02-28T11:52:13.867000+00:00,9685,4,1253,2.7,0,30.6,17.6,39.0,1017.2
2025-02-28T11:53:13.856000+00:00,9685,7,1253,5.6,0,30.6,17.6,37.0,1016.9
2025-02-28T11:54:13.866000+00:00,9685,4,1253,4.9,0,30.4,17.7,37.0,1017.0
2025-02-28T11:55:13.867000+00:00,9685,8,1253,4.6,0,30.4,17.7,37.0,1017.0
2025-02-28T11:56:13.864000+00:00,9685,16,1253,3.8,0,30.2,17.6,36.0,1017.2
2025-02-28T11:57:13.877000+00:00,9685,19,1253,4.6,0,30.1,17.6,37.0,1017.1
2025-02-28T11:58:13.871000+00:00,9685,8,1253,3.8,0,30.0,17.7,38.0,1017.2
2025-02-28T11:59:13.870000+00:00,9685,19,1253,4.8,0,30.0,17.6,38.0,1017.1
2025-02-28T12:00:13.880000+00:00,9685,0,1253,5.3,0,29.9,17.7,39.0,1016.9
2025-02-28T12:01:13.871000+00:00,9685,9,1253,4.6,0,29.8,17.7,39.0,1017.1
2025-02-28T12:02:13.874000+00:00,9685,17,1253,4.8,0,29.9,17.7,39.0,1017.1
2025-02-28T12:03:13.873000+00:00,9685,11,1253,3.2,0,30.0,17.7,38.0,1017.1
2025-02-28T12:04:13.873000+00:00,9685,358,1253,3.9,0,30.0,17.7,38.0,1017.0
2025-02-28T12:05:13.889000+00:00,9685,5,1253,4.8,0,30.1,17.8,38.0,1017.0
2025-02-28T12:06:13.874000+00:00,9685,18,1253,4.4,0,29.6,17.7,37.0,1017.2
2025-02-28T12:07:13.876000+00:00,9685,359,1253,5.0,0,29.4,17.7,38.0,1017.0
2025-02-28T12:08:13.877000+00:00,9685,10,1253,4.5,0,29.4,17.7,38.0,1017.0
2025-02-28T12:09:13.877000+00:00,9685,16,1253,4.0,0,29.3,17.6,38.0,1017.1
2025-02-28T12:10:13.880000+00:00,9685,8,1253,3.6,0,29.2,17.6,38.0,1017.1
2025-02-28T12:11:13.878000+00:00,9685,5,1253,3.6,0,29.2,17.5,38.0,1017.1
2025-02-28T12:12:13.882000+00:00,9685,16,1253,4.1,0,29.0,17.6,38.0,1017.2
2025-02-28T12:13:13.885000+00:00,9685,9,1253,4.1,0,28.8,17.5,38.0,1017.2
2025-02-28T12:14:13.883000+00:00,9685,2,1253,3.9,0,28.7,17.5,38.0,1017.2
2025-02-28T12:15:13.882000+00:00,9685,356,1253,3.7,0,28.6,17.5,39.0,1017.2
2025-02-28T12:16:13.883000+00:00,9685,15,1253,3.4,0,28.4,17.5,39.0,1017.1
2025-02-28T12:17:13.890000+00:00,9685,3,1253,4.0,0,28.4,17.4,40.0,1017.1
2025-02-28T12:18:13.884000+00:00,9685,11,1253,3.1,0,28.5,17.4,40.0,1017.1
2025-02-28T12:19:13.883000+00:00,9685,1,1253,3.4,0,28.6,17.4,40.0,1017.1
2025-02-28T12:20:13.886000+00:00,9685,15,1253,4.8,0,28.9,17.4,39.0,1017.1
2025-02-28T12:21:13.884000+00:00,9685,21,1253,4.2,0,28.6,17.5,38.0,1017.1
2025-02-28T12:22:13.885000+00:00,9685,0,1253,3.7,0,28.5,17.6,39.0,1017.1
2025-02-28T12:23:13.886000+00:00,9685,40,1253,2.6,0,28.4,17.6,39.0,1017.2
2025-02-28T12:24:13.888000+00:00,9685,15,1253,2.6,0,28.4,17.6,39.0,1017.3
2025-02-28T12:25:13.890000+00:00,9685,11,1253,3.3,0,28.2,17.6,39.0,1017.2
2025-02-28T12:26:13.887000+00:00,9685,14,1253,3.2,0,28.1,17.5,39.0,1017.1
2025-02-28T12:27:13.889000+00:00,9685,31,1253,2.8,0,28.4,17.4,40.0,1017.2
2025-02-28T12:28:13.892000+00:00,9685,30,1253,3.1,0,28.5,17.5,39.0,1017.2
2025-02-28T12:29:13.890000+00:00,9685,11,1253,3.3,0,28.5,17.4,39.0,1017.2
2025-02-28T12:30:13.892000+00:00,9685,19,1253,2.7,0,28.5,17.5,39.0,1017.2
2025-02-28T12:31:13.891000+00:00,9685,0,1253,4.0,0,28.4,17.4,39.0,1017.3
2025-02-28T12:32:13.892000+00:00,9685,7,1253,4.2,0,28.5,17.5,39.0,1017.2
2025-02-28T12:33:13.908000+00:00,9685,14,1253,3.4,0,28.4,17.4,40.0,1017.4
2025-02-28T12:34:13.910000+00:00,9685,10,1253,3.6,0,28.4,17.4,39.0,1017.4
2025-02-28T12:35:13.928000+00:00,9685,14,1253,3.0,0,28.3,17.4,39.0,1017.2
2025-02-28T12:36:13.946000+00:00,9685,12,1253,2.3,0,28.2,17.4,38.0,1017.1
2025-02-28T12:37:13.959000+00:00,9685,18,1253,3.3,0,28.1,17.5,38.0,1017.2
2025-02-28T12:38:13.960000+00:00,9685,350,1253,3.8,0,27.9,17.4,38.0,1017.2
2025-02-28T12:39:13.976000+00:00,9685,6,1253,4.5,0,27.8,17.4,38.0,1017.2
2025-02-28T12:40:13.992000+00:00,9685,9,1253,4.0,0,27.8,17.4,37.0,1017.3
2025-02-28T12:41:14.007000+00:00,9685,354,1253,3.9,0,27.6,17.3,37.0,1017.2
2025-02-28T12:42:14.028000+00:00,9685,358,1253,3.3,0,27.3,17.3,38.0,1017.2
2025-02-28T12:43:14.026000+00:00,9685,1,1253,2.6,0,27.4,17.2,39.0,1017.2
2025-02-28T12:44:14.026000+00:00,9685,332,1253,3.2,0,27.4,17.3,39.0,1017.2
2025-02-28T12:45:14.026000+00:00,9685,357,1253,2.6,0,27.4,17.3,39.0,1017.2
2025-02-28T12:46:14.028000+00:00,9685,4,1253,3.3,0,27.4,17.3,38.0,1017.2
2025-02-28T12:47:14.028000+00:00,9685,13,1253,4.0,0,27.3,17.3,39.0,1017.2
2025-02-28T12:48:14.029000+00:00,9685,18,1253,2.8,0,27.2,17.3,39.0,1017.2
2025-02-28T12:49:14.045000+00:00,9685,15,1253,3.7,0,27.1,17.3,38.0,1017.1
2025-02-28T12:50:14.063000+00:00,9685,13,1253,3.0,0,27.0,17.3,39.0,1017.1
2025-02-28T12:51:14.077000+00:00,9685,21,1253,2.7,0,27.2,17.2,39.0,1017.2
2025-02-28T12:52:14.077000+00:00,9685,30,1253,3.6,0,26.9,17.3,39.0,1017.3
2025-02-28T12:53:14.085000+00:00,9685,21,1253,3.1,0,26.9,17.3,39.0,1017.1
2025-02-28T12:54:14.079000+00:00,9685,22,1253,2.7,0,27.0,17.2,40.0,1017.2
2025-02-28T12:55:14.080000+00:00,9685,34,1253,2.8,0,26.9,17.2,40.0,1017.1
2025-02-28T12:56:14.080000+00:00,9685,38,1253,2.4,0,26.8,17.2,40.0,1017.2
2025-02-28T12:57:14.087000+00:00,9685,26,1253,2.3,0,26.7,17.2,40.0,1017.2
2025-02-28T12:58:14.087000+00:00,9685,12,1253,2.9,0,26.5,17.2,40.0,1017.2
2025-02-28T12:59:14.084000+00:00,9685,20,1253,2.8,0,26.5,17.2,40.0,1017.2
2025-02-28T13:00:14.084000+00:00,9685,28,1253,2.9,0,26.5,17.1,40.0,1017.2
2025-02-28T13:01:14.100000+00:00,9685,14,1253,2.4,0,26.5,17.1,40.0,1017.2
2025-02-28T13:02:14.117000+00:00,9685,5,1253,3.0,0,26.6,17.2,40.0,1017.1
2025-02-28T13:03:14.124000+00:00,9685,24,1253,2.9,0,26.5,17.1,40.0,1017.3
2025-02-28T13:04:14.133000+00:00,9685,15,1253,2.6,0,26.6,17.1,40.0,1017.1
2025-02-28T13:05:14.134000+00:00,9685,4,1253,2.0,0,26.6,17.1,40.0,1017.2
2025-02-28T13:06:14.134000+00:00,9685,356,1253,1.9,0,26.6,17.1,40.0,1017.2
2025-02-28T13:07:14.143000+00:00,9685,10,1253,2.5,0,26.6,17.1,40.0,1017.2
2025-02-28T13:08:14.140000+00:00,9685,15,1253,3.4,0,26.6,17.2,39.0,1017.2
2025-02-28T13:09:14.138000+00:00,9685,16,1253,3.5,0,26.4,17.1,40.0,1017.2
2025-02-28T13:10:14.138000+00:00,9685,23,1253,2.9,0,26.3,17.1,40.0,1017.3
2025-02-28T13:11:14.138000+00:00,9685,26,1253,2.7,0,26.3,17.2,41.0,1017.2
2025-02-28T13:12:14.139000+00:00,9685,22,1253,3.1,0,26.3,17.2,41.0,1017.1
2025-02-28T13:13:14.157000+00:00,9685,28,1253,2.8,0,26.3,17.2,41.0,1017.3
2025-02-28T13:14:14.157000+00:00,9685,16,1253,2.8,0,26.1,17.2,40.0,1017.2
2025-02-28T13:15:14.173000+00:00,9685,14,1253,2.8,0,26.1,17.2,40.0,1017.3
2025-02-28T13:16:14.174000+00:00,9685,10,1253,3.4,0,26.0,17.1,40.0,1017.3
2025-02-28T13:17:14.175000+00:00,9685,36,1253,3.2,0,25.8,17.1,40.0,1017.3
2025-02-28T13:18:14.173000+00:00,9685,20,1253,2.0,0,25.7,17.0,41.0,1017.3
2025-02-28T13:19:14.174000+00:00,9685,11,1253,2.8,0,25.7,17.0,40.0,1017.2
2025-02-28T13:20:14.176000+00:00,9685,8,1253,2.9,0,25.6,17.0,40.0,1017.2
2025-02-28T13:21:14.180000+00:00,9685,357,1253,3.1,0,25.5,17.1,41.0,1017.2
2025-02-28T13:22:14.179000+00:00,9685,13,1253,2.9,0,25.5,17.0,41.0,1017.2
2025-02-28T13:23:14.178000+00:00,9685,10,1253,3.5,0,25.3,17.0,40.0,1017.1
2025-02-28T13:24:14.179000+00:00,9685,349,1253,3.2,0,25.1,17.0,40.0,1017.1
2025-02-28T13:25:14.183000+00:00,9685,13,1253,2.8,0,25.0,17.0,40.0,1017.1
2025-02-28T13:26:14.186000+00:00,9685,13,1253,2.4,0,25.2,16.9,41.0,1017.2
2025-02-28T13:27:14.180000+00:00,9685,7,1253,3.8,0,25.2,16.9,40.0,1017.1
2025-02-28T13:28:14.182000+00:00,9685,7,1253,3.6,0,25.0,16.9,41.0,1017.1
2025-02-28T13:29:14.183000+00:00,9685,12,1253,3.6,0,25.0,16.9,40.0,1017.1
2025-02-28T13:30:14.182000+00:00,9685,17,1253,3.2,0,24.8,16.9,41.0,1017.0
2025-02-28T13:31:14.183000+00:00,9685,352,1253,3.7,0,24.8,16.9,41.0,1017.1
2025-02-28T13:32:14.183000+00:00,9685,9,1253,2.4,0,24.8,16.9,41.0,1017.1
2025-02-28T13:33:14.184000+00:00,9685,0,1253,2.7,0,24.8,16.9,41.0,1017.0
2025-02-28T13:34:14.186000+00:00,9685,356,1253,2.7,0,24.9,16.9,41.0,1017.1
2025-02-28T13:35:14.191000+00:00,9685,20,1253,2.5,0,24.7,16.9,41.0,1017.1
2025-02-28T13:36:14.188000+00:00,9685,355,1253,1.9,0,24.6,16.9,41.0,1017.1
2025-02-28T13:37:14.187000+00:00,9685,10,1253,1.9,0,24.6,16.9,40.0,1017.2
2025-02-28T13:38:14.190000+00:00,9685,28,1253,3.3,0,24.4,16.9,41.0,1017.1
2025-02-28T13:39:14.189000+00:00,9685,19,1253,2.9,0,24.4,16.9,41.0,1017.2
2025-02-28T13:40:14.191000+00:00,9685,13,1253,2.9,0,24.4,16.8,41.0,1017.1
2025-02-28T13:41:14.190000+00:00,9685,349,1253,2.3,0,24.4,16.8,41.0,1017.2
2025-02-28T13:42:14.191000+00:00,9685,354,1253,2.8,0,24.4,16.8,41.0,1017.1
2025-02-28T13:43:14.191000+00:00,9685,9,1253,3.8,0,24.4,16.8,41.0,1017.1
2025-02-28T13:44:14.194000+00:00,9685,355,1253,3.7,0,24.2,16.8,41.0,1017.1
2025-02-28T13:45:14.192000+00:00,9685,5,1253,3.0,0,24.2,16.8,41.0,1017.2
2025-02-28T13:46:14.194000+00:00,9685,0,1253,3.3,0,24.2,16.8,41.0,1017.2
2025-02-28T13:47:14.196000+00:00,9685,13,1253,2.8,0,24.2,16.9,42.0,1017.3
2025-02-28T13:48:14.196000+00:00,9685,11,1253,2.5,0,24.1,16.9,42.0,1017.3
2025-02-28T13:49:14.194000+00:00,9685,357,1253,2.1,0,24.1,16.8,42.0,1017.2
2025-02-28T13:50:14.198000+00:00,9685,29,1253,1.8,0,24.0,16.8,42.0,1017.2
2025-02-28T13:51:14.197000+00:00,9685,17,1253,1.6,0,23.9,16.8,42.0,1017.3
2025-02-28T13:52:14.203000+00:00,9685,15,1253,2.2,0,23.8,16.7,41.0,1017.3
2025-02-28T13:53:14.199000+00:00,9685,342,1253,1.6,0,23.8,16.8,42.0,1017.4
2025-02-28T13:54:14.199000+00:00,9685,29,1253,2.0,0,23.8,16.8,41.0,1017.4
2025-02-28T13:55:14.199000+00:00,9685,14,1253,2.4,0,23.4,16.8,42.0,1017.3
2025-02-28T13:56:14.201000+00:00,9685,32,1253,2.6,0,23.4,16.7,42.0,1017.3
2025-02-28T13:57:14.205000+00:00,9685,7,1253,2.8,0,23.4,16.6,42.0,1017.4
2025-02-28T13:58:14.207000+00:00,9685,24,1253,2.2,0,23.4,16.6,42.0,1017.3
2025-02-28T13:59:14.224000+00:00,9685,1,1253,2.4,0,23.3,16.6,42.0,1017.3
2025-02-28T14:00:14.241000+00:00,9685,10,1253,2.5,0,23.3,16.6,42.0,1017.4
2025-02-28T14:01:14.255000+00:00,9685,26,1253,3.1,0,23.2,16.6,42.0,1017.4
2025-02-28T14:02:14.251000+00:00,9685,21,1253,3.5,0,23.1,16.6,42.0,1017.4
2025-02-28T14:03:14.253000+00:00,9685,22,1253,2.7,0,23.1,16.6,43.0,1017.4
2025-02-28T14:04:14.268000+00:00,9685,39,1253,2.6,0,23.1,16.5,42.0,1017.4
2025-02-28T14:05:14.284000+00:00,9685,28,1253,2.2,0,23.0,16.5,43.0,1017.4
2025-02-28T14:06:14.301000+00:00,9685,24,1253,2.2,0,23.0,16.5,43.0,1017.4
2025-02-28T14:07:14.302000+00:00,9685,18,1253,2.5,0,22.8,16.5,43.0,1017.4
2025-02-28T14:08:14.309000+00:00,9685,21,1253,2.4,0,22.9,16.5,43.0,1017.4
2025-02-28T14:09:14.303000+00:00,9685,13,1253,2.3,0,22.9,16.5,43.0,1017.4
2025-02-28T14:10:14.323000+00:00,9685,10,1253,1.8,0,22.9,16.5,43.0,1017.5
2025-02-28T14:11:14.336000+00:00,9685,16,1253,1.4,0,22.9,16.5,43.0,1017.6
2025-02-28T14:12:14.338000+00:00,9685,22,1253,2.1,0,22.7,16.5,43.0,1017.6
2025-02-28T14:13:14.338000+00:00,9685,3,1253,2.8,0,22.6,16.5,43.0,1017.6
2025-02-28T14:14:14.338000+00:00,9685,13,1253,2.4,0,22.6,16.4,43.0,1017.7
2025-02-28T14:15:14.337000+00:00,9685,35,1253,2.5,0,22.6,16.4,43.0,1017.7
2025-02-28T14:16:14.342000+00:00,9685,22,1253,2.4,0,22.7,16.5,42.0,1017.6
2025-02-28T14:17:14.348000+00:00,9685,12,1253,2.4,0,22.5,16.5,42.0,1017.7
2025-02-28T14:18:14.341000+00:00,9685,15,1253,2.3,0,22.4,16.5,42.0,1017.6
2025-02-28T14:19:14.341000+00:00,9685,13,1253,2.5,0,22.4,16.5,43.0,1017.7
2025-02-28T14:20:14.347000+00:00,9685,36,1253,2.9,0,22.4,16.5,43.0,1017.7
2025-02-28T14:21:14.359000+00:00,9685,10,1253,3.1,0,22.3,16.4,42.0,1017.6
2025-02-28T14:22:14.376000+00:00,9685,26,1253,2.5,0,22.3,16.4,43.0,1017.6
2025-02-28T14:23:14.375000+00:00,9685,21,1253,3.0,0,22.3,16.5,43.0,1017.6
2025-02-28T14:24:14.376000+00:00,9685,8,1253,2.3,0,22.2,16.4,43.0,1017.6
2025-02-28T14:25:14.379000+00:00,9685,28,1253,2.4,0,22.3,16.4,43.0,1017.5
2025-02-28T14:26:14.393000+00:00,9685,19,1253,2.4,0,22.2,16.4,43.0,1017.5
2025-02-28T14:27:14.399000+00:00,9685,21,1253,2.2,0,22.2,16.4,42.0,1017.5
2025-02-28T14:28:14.395000+00:00,9685,27,1253,2.8,0,22.2,16.4,42.0,1017.5
2025-02-28T14:29:14.386000+00:00,9685,4,1253,3.3,0,22.1,16.4,42.0,1017.3
2025-02-28T14:30:14.397000+00:00,9685,24,1253,2.7,0,22.1,16.4,42.0,1017.3
2025-02-28T14:31:14.396000+00:00,9685,11,1253,3.0,0,22.1,16.4,41.0,1017.2
2025-02-28T14:32:14.412000+00:00,9685,28,1253,3.6,0,22.0,16.4,41.0,1017.3
2025-02-28T14:33:14.398000+00:00,9685,24,1253,3.1,0,21.9,16.4,41.0,1017.2
2025-02-28T14:34:14.400000+00:00,9685,17,1253,2.6,0,21.9,16.3,41.0,1017.2
2025-02-28T14:35:14.399000+00:00,9685,23,1253,2.9,0,21.8,16.4,41.0,1017.3
2025-02-28T14:36:14.400000+00:00,9685,26,1253,1.9,0,21.8,16.4,41.0,1017.4
2025-02-28T14:37:14.419000+00:00,9685,358,1253,1.4,0,21.8,16.4,41.0,1017.3
2025-02-28T14:38:14.417000+00:00,9685,34,1253,1.2,0,21.8,16.4,41.0,1017.4
2025-02-28T14:39:14.419000+00:00,9685,8,1253,1.6,0,21.8,16.4,41.0,1017.4
2025-02-28T14:40:14.439000+00:00,9685,22,1253,1.6,0,21.7,16.4,40.0,1017.4
2025-02-28T14:41:14.428000+00:00,9685,31,1253,1.6,0,21.7,16.4,41.0,1017.3
2025-02-28T14:42:14.453000+00:00,9685,25,1253,1.5,0,21.7,16.4,40.0,1017.2
2025-02-28T14:43:14.468000+00:00,9685,334,1253,2.4,0,21.7,16.4,40.0,1017.3
2025-02-28T14:44:14.470000+00:00,9685,25,1253,2.1,0,21.7,16.3,40.0,1017.3
2025-02-28T14:45:14.487000+00:00,9685,15,1253,2.7,0,21.6,16.4,40.0,1017.3
2025-02-28T14:46:14.485000+00:00,9685,35,1253,3.4,0,21.5,16.3,40.0,1017.2
2025-02-28T14:47:14.491000+00:00,9685,20,1253,2.2,0,21.4,16.3,40.0,1017.2
2025-02-28T14:48:14.489000+00:00,9685,22,1253,2.8,0,21.4,16.3,40.0,1017.2
2025-02-28T14:49:14.488000+00:00,9685,352,1253,2.1,0,21.3,16.3,40.0,1017.3
2025-02-28T14:50:14.488000+00:00,9685,2,1253,1.9,0,21.3,16.3,40.0,1017.2
2025-02-28T14:51:14.489000+00:00,9685,20,1253,1.8,0,21.3,16.3,40.0,1017.3
2025-02-28T14:52:14.490000+00:00,9685,20,1253,2.0,0,21.3,16.3,40.0,1017.3
2025-02-28T14:53:14.490000+00:00,9685,21,1253,2.6,0,21.3,16.2,39.0,1017.2
2025-02-28T14:54:14.492000+00:00,9685,32,1253,2.3,0,21.3,16.2,39.0,1017.3
2025-02-28T14:55:14.493000+00:00,9685,16,1253,2.3,0,21.1,16.3,39.0,1017.3
2025-02-28T14:56:14.493000+00:00,9685,26,1253,2.5,0,21.1,16.2,40.0,1017.3
2025-02-28T14:57:14.494000+00:00,9685,10,1253,2.4,0,21.1,16.2,40.0,1017.4
2025-02-28T14:58:14.495000+00:00,9685,20,1253,2.6,0,21.0,16.2,40.0,1017.2
2025-02-28T14:59:14.495000+00:00,9685,8,1253,2.8,0,21.0,16.2,40.0,1017.2
2025-02-28T15:00:14.499000+00:00,9685,23,1253,3.0,0,21.0,16.2,41.0,1017.2
2025-02-28T15:01:14.497000+00:00,9685,8,1253,2.4,0,21.0,16.2,41.0,1017.2
2025-02-28T15:02:14.501000+00:00,9685,17,1253,2.5,0,21.0,16.2,41.0,1017.1
2025-02-28T15:03:14.501000+00:00,9685,4,1253,2.9,0,20.9,16.1,41.0,1017.2
2025-02-28T15:04:14.498000+00:00,9685,5,1253,2.0,0,20.9,16.1,41.0,1017.2
2025-02-28T15:05:14.500000+00:00,9685,4,1253,1.9,0,20.8,16.1,41.0,1017.3
2025-02-28T15:06:14.502000+00:00,9685,349,1253,1.4,0,20.9,16.1,41.0,1017.3
2025-02-28T15:07:14.501000+00:00,9685,34,1253,2.2,0,20.9,16.1,41.0,1017.3
2025-02-28T15:08:14.501000+00:00,9685,5,1253,1.9,0,20.9,16.2,41.0,1017.3
2025-02-28T15:09:14.503000+00:00,9685,40,1253,2.0,0,20.9,16.1,42.0,1017.3
2025-02-28T15:10:14.502000+00:00,9685,36,1253,1.5,0,20.9,16.2,42.0,1017.3
2025-02-28T15:11:14.503000+00:00,9685,36,1253,0.8,0,20.9,16.2,42.0,1017.5
2025-02-28T15:12:14.504000+00:00,9685,35,1253,1.4,0,20.9,16.2,42.0,1017.5
2025-02-28T15:13:14.505000+00:00,9685,19,1253,1.9,0,20.9,16.2,42.0,1017.4
2025-02-28T15:14:14.504000+00:00,9685,9,1253,0.9,0,20.9,16.2,42.0,1017.5
2025-02-28T15:15:14.506000+00:00,9685,9,1253,0.6,0,20.9,16.2,42.0,1017.5
2025-02-28T15:16:14.507000+00:00,9685,15,1253,1.2,0,20.9,16.2,42.0,1017.4
2025-02-28T15:17:14.509000+00:00,9685,24,1253,1.6,0,20.9,16.2,42.0,1017.3
2025-02-28T15:18:14.508000+00:00,9685,358,1253,2.3,0,20.8,16.2,42.0,1017.4
2025-02-28T15:19:14.508000+00:00,9685,17,1253,2.9,0,20.8,16.2,42.0,1017.3
2025-02-28T15:20:14.509000+00:00,9685,355,1253,1.6,0,20.8,16.2,42.0,1017.3
2025-02-28T15:21:14.509000+00:00,9685,6,1253,2.3,0,20.8,16.1,42.0,1017.3
2025-02-28T15:22:14.509000+00:00,9685,8,1253,2.5,0,20.7,16.2,42.0,1017.3
2025-02-28T15:23:14.512000+00:00,9685,357,1253,2.3,0,20.7,16.1,42.0,1017.4
2025-02-28T15:24:14.518000+00:00,9685,5,1253,3.7,0,20.6,16.1,42.0,1017.4
2025-02-28T15:25:14.512000+00:00,9685,13,1253,3.6,0,20.5,16.1,42.0,1017.2
2025-02-28T15:26:14.512000+00:00,9685,1,1253,2.9,0,20.4,16.1,42.0,1017.3
2025-02-28T15:27:14.514000+00:00,9685,22,1253,2.5,0,20.4,16.1,42.0,1017.2
2025-02-28T15:28:14.529000+00:00,9685,27,1253,3.4,0,20.4,16.1,42.0,1017.3
2025-02-28T15:29:14.515000+00:00,9685,29,1253,3.1,0,20.4,16.1,42.0,1017.3
2025-02-28T15:39:01.273000+00:00,9685,17,1253,1.4,0,20.4,16.1,42.0,1017.3
2025-02-28T15:39:14.527000+00:00,9685,17,1253,1.4,0,20.4,16.1,42.0,1017.3
2025-02-28T15:40:14.525000+00:00,9685,41,1253,1.5,0,20.4,16.1,42.0,1017.3
2025-02-28T15:41:14.527000+00:00,9685,34,1253,1.9,0,20.4,16.1,43.0,1017.3
2025-02-28T15:42:14.525000+00:00,9685,29,1253,1.8,0,20.4,16.1,43.0,1017.3
2025-02-28T15:43:14.529000+00:00,9685,5,1253,1.8,0,20.3,16.1,43.0,1017.3
2025-02-28T15:44:14.537000+00:00,9685,1,1253,2.7,0,20.2,16.1,43.0,1017.2
2025-02-28T15:45:14.528000+00:00,9685,27,1253,2.4,0,20.2,16.0,43.0,1017.2
2025-02-28T15:46:14.532000+00:00,9685,18,1253,2.5,0,20.2,16.0,44.0,1017.2
2025-02-28T15:47:14.531000+00:00,9685,40,1253,2.3,0,20.2,16.0,44.0,1017.3
2025-02-28T15:48:14.536000+00:00,9685,50,1253,2.1,0,20.1,16.0,43.0,1017.2
2025-02-28T15:49:14.533000+00:00,9685,76,1253,1.4,0,20.1,16.0,44.0,1017.3
2025-02-28T15:50:14.534000+00:00,9685,14,1253,1.8,0,20.1,16.0,44.0,1017.3
2025-02-28T15:51:14.533000+00:00,9685,7,1253,3.9,0,20.0,16.0,43.0,1017.4
2025-02-28T15:52:14.542000+00:00,9685,5,1253,2.0,0,20.0,16.0,44.0,1017.4
2025-02-28T15:53:14.565000+00:00,9685,16,1253,2.1,0,20.0,16.0,44.0,1017.4
2025-02-28T15:54:14.536000+00:00,9685,349,1253,2.1,0,20.0,16.0,44.0,1017.4
2025-02-28T15:55:14.536000+00:00,9685,18,1253,2.2,0,20.1,16.0,43.0,1017.5
2025-02-28T15:56:14.536000+00:00,9685,33,1253,1.9,0,20.1,16.0,43.0,1017.4
2025-02-28T15:57:14.540000+00:00,9685,12,1253,1.9,0,20.1,16.0,43.0,1017.5
2025-02-28T15:58:14.538000+00:00,9685,22,1253,2.4,0,20.1,16.0,43.0,1017.4
2025-02-28T15:59:14.540000+00:00,9685,38,1253,2.9,0,20.1,16.1,43.0,1017.5
2025-02-28T16:00:14.540000+00:00,9685,31,1253,2.6,0,20.0,16.0,43.0,1017.4
2025-02-28T16:01:14.546000+00:00,9685,14,1253,2.8,0,20.0,16.0,43.0,1017.4
2025-02-28T16:02:14.540000+00:00,9685,3,1253,2.6,0,20.0,16.0,43.0,1017.3
2025-02-28T16:03:14.541000+00:00,9685,18,1253,2.3,0,19.9,16.0,43.0,1017.4
2025-02-28T16:04:14.542000+00:00,9685,7,1253,2.3,0,19.9,16.0,43.0,1017.4
2025-02-28T16:05:14.543000+00:00,9685,22,1253,2.1,0,19.9,16.0,43.0,1017.4
2025-02-28T16:06:14.543000+00:00,9685,34,1253,2.1,0,19.9,16.0,43.0,1017.4
2025-02-27T06:45:07.660000+00:00,9684,57,1253,1.2,0,14.5,13.0,46.0,1022.1
2025-02-27T06:46:07.660000+00:00,9684,0,1253,1.1,0,14.5,13.0,46.0,1022.1
2025-02-27T06:47:07.663000+00:00,9684,61,1253,0.6,0,14.5,13.0,46.0,1022.1
2025-02-27T06:48:07.662000+00:00,9684,82,1253,1.7,0,14.5,13.1,46.0,1022.0
2025-02-27T06:49:07.663000+00:00,9684,60,1253,0.6,0,14.4,13.1,45.0,1022.0
2025-02-27T06:50:07.679000+00:00,9684,351,1253,0.8,0,14.4,13.1,46.0,1021.9
2025-02-27T06:51:07.697000+00:00,9684,107,1253,0.7,0,14.4,13.1,46.0,1021.9
2025-02-27T06:52:07.714000+00:00,9684,31,1253,0.6,0,14.4,13.1,46.0,1021.9
2025-02-27T06:53:07.713000+00:00,9684,50,1253,1.0,0,14.4,13.1,46.0,1022.0
2025-02-27T06:54:07.712000+00:00,9684,46,1253,1.2,0,14.4,13.1,46.0,1021.9
2025-02-27T06:55:07.714000+00:00,9684,33,1253,1.4,0,14.4,13.1,45.0,1022.0
2025-02-27T06:56:07.714000+00:00,9684,89,1253,1.2,0,14.3,13.1,45.0,1021.9
2025-02-27T06:57:07.737000+00:00,9684,48,1253,0.9,0,14.3,13.1,45.0,1021.9
2025-02-27T06:58:07.747000+00:00,9684,51,1253,1.5,0,14.3,13.1,45.0,1021.8
2025-02-27T06:59:07.763000+00:00,9684,80,1253,0.7,0,14.4,13.1,45.0,1021.9
2025-02-27T07:00:07.754000+00:00,9684,349,1253,0.8,0,14.4,13.1,46.0,1021.9
2025-02-27T07:01:07.764000+00:00,9684,0,1253,0.6,0,14.4,13.1,45.0,1021.8
2025-02-27T07:02:07.765000+00:00,9684,29,1253,0.0,0,14.4,13.1,46.0,1021.9
2025-02-27T07:03:07.766000+00:00,9684,38,1253,1.1,1,14.5,13.1,46.0,1022.0
2025-02-27T07:04:07.768000+00:00,9684,79,1253,1.2,1,14.5,13.1,46.0,1022.0
2025-02-27T07:05:07.768000+00:00,9684,29,1253,1.2,1,14.5,13.1,47.0,1022.0
2025-02-27T07:06:07.783000+00:00,9684,45,1253,1.2,1,14.4,13.1,46.0,1022.0
2025-02-27T07:07:07.802000+00:00,9684,0,1253,1.0,1,14.4,13.1,46.0,1022.2
2025-02-27T07:08:07.801000+00:00,9684,75,1253,0.5,1,14.4,13.1,47.0,1022.2
2025-02-27T07:09:07.805000+00:00,9684,57,1253,1.4,0,14.5,13.1,47.0,1022.2
2025-02-27T07:10:07.809000+00:00,9684,37,1253,1.5,0,14.5,13.1,46.0,1022.3
2025-02-27T07:11:07.820000+00:00,9684,66,1253,1.5,0,14.6,13.1,47.0,1022.4
2025-02-27T07:12:07.834000+00:00,9684,84,1253,1.2,1,14.6,13.1,46.0,1022.4
2025-02-27T07:13:07.852000+00:00,9684,102,1253,1.9,1,14.6,13.2,47.0,1022.3
2025-02-27T07:14:07.851000+00:00,9684,6,1253,0.8,1,14.7,13.2,47.0,1022.5
2025-02-27T07:15:07.852000+00:00,9684,37,1253,1.6,0,14.8,13.2,46.0,1022.3
2025-02-27T07:16:07.853000+00:00,9684,32,1253,1.2,0,14.8,13.2,46.0,1022.2
2025-02-27T07:17:07.854000+00:00,9684,18,1253,1.1,0,14.9,13.3,46.0,1022.1
2025-02-27T07:18:07.853000+00:00,9684,32,1253,1.2,0,14.9,13.3,45.0,1022.1
2025-02-27T07:19:07.854000+00:00,9684,25,1253,1.7,0,14.9,13.3,45.0,1022.1
2025-02-27T07:20:07.855000+00:00,9684,343,1253,1.5,0,15.0,13.3,45.0,1022.1
2025-02-27T07:21:07.856000+00:00,9684,338,1253,0.9,0,15.0,13.3,45.0,1022.1
2025-02-27T07:22:07.857000+00:00,9684,48,1253,0.9,0,15.0,13.3,45.0,1022.0
2025-02-27T07:23:07.858000+00:00,9684,22,1253,1.6,1,15.1,13.3,45.0,1022.0
2025-02-27T07:24:07.874000+00:00,9684,36,1253,1.1,1,15.2,13.3,45.0,1022.0
2025-02-27T07:25:07.874000+00:00,9684,10,1253,1.6,1,15.2,13.3,45.0,1021.9
2025-02-27T07:26:07.891000+00:00,9684,349,1253,1.3,0,15.2,13.3,44.0,1021.8
2025-02-27T07:27:07.910000+00:00,9684,67,1253,1.4,0,15.3,13.3,44.0,1021.8
2025-02-27T07:28:07.923000+00:00,9684,43,1253,1.0,0,15.3,13.4,45.0,1021.8
2025-02-27T07:29:07.939000+00:00,9684,78,1253,1.5,0,15.4,13.4,44.0,1021.7
2025-02-27T07:30:07.940000+00:00,9684,53,1253,2.0,0,15.4,13.4,44.0,1021.7
2025-02-27T07:31:07.941000+00:00,9684,25,1253,1.4,0,15.5,13.4,44.0,1021.8
2025-02-27T07:32:07.941000+00:00,9684,13,1253,1.0,1,15.6,13.4,44.0,1021.8
2025-02-27T07:33:07.942000+00:00,9684,26,1253,1.4,1,15.6,13.3,44.0,1021.7
2025-02-27T07:34:07.948000+00:00,9684,74,1253,1.5,1,15.6,13.4,44.0,1021.7
2025-02-27T07:35:07.944000+00:00,9684,15,1253,1.5,1,15.7,13.4,44.0,1021.7
2025-02-27T07:36:07.945000+00:00,9684,76,1253,1.2,0,15.7,13.4,43.0,1021.7
2025-02-27T07:37:07.946000+00:00,9684,33,1253,1.7,1,15.8,13.4,43.0,1021.8
2025-02-27T07:38:07.952000+00:00,9684,0,1253,1.7,1,15.8,13.4,43.0,1021.7
2025-02-27T07:39:07.950000+00:00,9684,38,1253,1.3,0,15.8,13.4,44.0,1021.6
2025-02-27T07:40:07.947000+00:00,9684,39,1253,1.5,0,16.0,13.4,43.0,1021.7
2025-02-27T07:41:07.949000+00:00,9684,74,1253,1.3,0,16.0,13.4,43.0,1021.7
2025-02-27T07:42:07.954000+00:00,9684,6,1253,1.5,0,16.0,13.4,43.0,1021.8
2025-02-27T07:43:07.951000+00:00,9684,0,1253,2.1,0,16.0,13.4,43.0,1021.8
2025-02-27T07:44:07.951000+00:00,9684,11,1253,1.2,0,16.1,13.4,43.0,1021.7
2025-02-27T07:45:07.951000+00:00,9684,19,1253,1.2,0,16.1,13.4,43.0,1021.8
2025-02-27T07:46:07.951000+00:00,9684,15,1253,1.7,1,16.2,13.5,43.0,1021.9
2025-02-27T07:47:07.952000+00:00,9684,37,1253,1.3,1,16.2,13.5,43.0,1021.8
2025-02-27T07:48:07.957000+00:00,9684,68,1253,1.2,1,16.2,13.5,43.0,1021.8
2025-02-27T07:49:07.954000+00:00,9684,38,1253,1.6,1,16.1,13.5,42.0,1021.7
2025-02-27T07:50:07.955000+00:00,9684,53,1253,1.5,0,16.1,13.4,42.0,1021.8
2025-02-27T07:51:07.954000+00:00,9684,42,1253,1.2,1,16.2,13.4,42.0,1021.8
2025-02-27T07:52:07.956000+00:00,9684,20,1253,1.1,1,16.3,13.4,43.0,1021.7
2025-02-27T07:53:07.959000+00:00,9684,37,1253,1.3,1,16.4,13.5,43.0,1021.8
2025-02-27T07:54:07.957000+00:00,9684,137,1253,1.0,1,16.3,13.5,42.0,1021.7
2025-02-27T07:55:07.963000+00:00,9684,71,1253,1.0,1,16.2,13.5,42.0,1021.8
2025-02-27T07:56:07.958000+00:00,9684,70,1253,1.7,1,16.2,13.5,42.0,1021.8
2025-02-27T07:57:07.958000+00:00,9684,87,1253,2.0,1,16.3,13.5,42.0,1021.8
2025-02-27T07:58:07.961000+00:00,9684,34,1253,1.0,1,16.3,13.4,43.0,1021.8
2025-02-27T07:59:07.964000+00:00,9684,35,1253,1.8,1,16.4,13.4,43.0,1021.8
2025-02-27T08:00:07.954000+00:00,9684,44,1253,1.7,1,16.4,13.5,43.0,1021.7
2025-02-27T08:01:07.966000+00:00,9684,42,1253,2.5,1,16.4,13.5,43.0,1021.7
2025-02-27T08:02:07.962000+00:00,9684,357,1253,1.7,1,16.4,13.5,43.0,1021.6
2025-02-27T08:03:07.962000+00:00,9684,6,1253,1.3,1,16.3,13.5,44.0,1021.5
2025-02-27T08:04:07.967000+00:00,9684,1,1253,0.9,1,16.2,13.5,44.0,1021.6
2025-02-27T08:05:07.966000+00:00,9684,10,1253,1.1,1,16.2,13.5,45.0,1021.6
2025-02-27T08:06:07.966000+00:00,9684,47,1253,1.4,1,16.1,13.5,44.0,1021.6
2025-02-27T08:07:07.965000+00:00,9684,46,1253,1.1,1,16.1,13.4,44.0,1021.5
2025-02-27T08:08:07.966000+00:00,9684,44,1253,1.0,1,16.2,13.4,46.0,1021.5
2025-02-27T08:09:07.968000+00:00,9684,24,1253,1.0,1,16.2,13.5,46.0,1021.4
2025-02-27T08:10:07.968000+00:00,9684,1,1253,1.2,1,16.2,13.5,44.0,1021.4
2025-02-27T08:11:07.968000+00:00,9684,68,1253,1.3,1,16.2,13.6,45.0,1021.4
2025-02-27T08:12:07.967000+00:00,9684,31,1253,1.6,1,16.1,13.6,45.0,1021.4
2025-02-27T08:13:07.971000+00:00,9684,70,1253,1.7,1,16.0,13.5,46.0,1021.5
2025-02-27T08:14:07.971000+00:00,9684,51,1253,1.5,1,15.8,13.5,46.0,1021.5
2025-02-27T08:15:07.970000+00:00,9684,65,1253,1.2,1,15.7,13.5,46.0,1021.6
2025-02-27T08:16:07.971000+00:00,9684,84,1253,1.4,1,15.7,13.5,47.0,1021.7
2025-02-27T08:17:07.978000+00:00,9684,58,1253,1.3,1,15.7,13.5,47.0,1021.6
2025-02-27T08:18:08.004000+00:00,9684,66,1253,1.1,1,15.7,13.4,47.0,1021.7
2025-02-27T08:19:08.021000+00:00,9684,36,1253,1.1,1,15.7,13.4,47.0,1021.6
2025-02-27T08:20:08.036000+00:00,9684,67,1253,1.3,1,15.6,13.4,47.0,1021.6
2025-02-27T08:21:08.057000+00:00,9684,28,1253,1.4,1,15.6,13.4,48.0,1021.5
2025-02-27T08:22:08.054000+00:00,9684,75,1253,1.5,1,15.6,13.4,47.0,1021.5
2025-02-27T08:23:08.070000+00:00,9684,50,1253,0.9,1,15.7,13.4,48.0,1021.4
2025-02-27T08:24:08.086000+00:00,9684,2,1253,1.0,1,15.6,13.4,49.0,1021.5
2025-02-27T08:25:08.102000+00:00,9684,27,1253,1.3,1,15.6,13.4,49.0,1021.5
2025-02-27T08:26:08.095000+00:00,9684,52,1253,1.3,1,15.6,13.4,48.0,1021.5
2025-02-27T08:27:08.105000+00:00,9684,65,1253,1.3,1,15.5,13.4,48.0,1021.5
2025-02-27T08:28:08.104000+00:00,9684,70,1253,1.2,1,15.5,13.4,49.0,1021.5
2025-02-27T08:29:08.105000+00:00,9684,42,1253,1.5,1,15.6,13.4,50.0,1021.4
2025-02-27T08:30:08.108000+00:00,9684,40,1253,1.3,1,15.7,13.4,48.0,1021.6
2025-02-27T08:31:08.106000+00:00,9684,51,1253,1.8,1,15.8,13.4,48.0,1021.5
2025-02-27T08:32:08.106000+00:00,9684,36,1253,1.3,1,15.8,13.4,50.0,1021.5
2025-02-27T08:33:08.100000+00:00,9684,44,1253,2.0,1,15.8,13.4,48.0,1021.4
2025-02-27T08:34:08.108000+00:00,9684,81,1253,1.7,1,15.7,13.4,50.0,1021.4
2025-02-27T08:35:08.108000+00:00,9684,37,1253,1.1,1,15.8,13.4,51.0,1021.4
2025-02-27T08:36:08.110000+00:00,9684,64,1253,1.1,1,15.8,13.4,50.0,1021.4
2025-02-27T08:37:08.111000+00:00,9684,45,1253,0.4,1,15.9,13.4,52.0,1021.3
2025-02-27T08:38:08.105000+00:00,9684,19,1253,1.1,1,16.0,13.3,52.0,1021.3
2025-02-27T08:39:08.113000+00:00,9684,85,1253,1.1,1,16.0,13.4,52.0,1021.3
2025-02-27T08:40:08.112000+00:00,9684,35,1253,1.0,1,16.0,13.4,51.0,1021.3
2025-02-27T08:41:08.113000+00:00,9684,37,1253,1.3,1,16.1,13.4,51.0,1021.3
2025-02-27T08:42:08.113000+00:00,9684,16,1253,0.6,1,16.2,13.4,52.0,1021.3
2025-02-27T08:43:08.114000+00:00,9684,37,1253,1.2,1,16.3,13.4,53.0,1021.3
2025-02-27T08:44:08.107000+00:00,9684,35,1253,1.6,1,16.3,13.4,51.0,1021.3
2025-02-27T08:45:08.117000+00:00,9684,81,1253,1.6,1,16.4,13.4,51.0,1021.1
2025-02-27T08:46:08.120000+00:00,9684,49,1253,1.9,1,16.4,13.4,51.0,1021.1
2025-02-27T08:47:08.118000+00:00,9684,60,1253,1.6,1,16.4,13.4,51.0,1021.1
2025-02-27T08:48:08.119000+00:00,9684,47,1253,1.4,1,16.5,13.4,51.0,1021.0
2025-02-27T08:49:08.119000+00:00,9684,93,1253,0.9,1,16.6,13.5,52.0,1021.0
2025-02-27T08:50:08.121000+00:00,9684,23,1253,1.3,0,16.7,13.5,52.0,1021.0
2025-02-27T08:51:08.113000+00:00,9684,48,1253,1.5,0,16.9,13.6,51.0,1020.9
2025-02-27T08:52:08.120000+00:00,9684,10,1253,1.2,0,17.0,13.6,52.0,1020.9
2025-02-27T08:53:08.132000+00:00,9684,22,1253,0.6,0,17.1,13.6,52.0,1021.0
2025-02-27T08:54:08.121000+00:00,9684,358,1253,1.0,0,17.1,13.6,53.0,1020.9
2025-02-27T08:55:08.123000+00:00,9684,15,1253,1.1,0,17.2,13.7,52.0,1020.9
2025-02-27T08:56:08.140000+00:00,9684,113,1253,0.8,0,17.2,13.8,51.0,1020.9
2025-02-27T08:57:08.155000+00:00,9684,61,1253,1.1,0,17.1,13.8,50.0,1020.9
2025-02-27T08:58:08.161000+00:00,9684,49,1253,1.3,1,17.1,13.8,51.0,1020.9
2025-02-27T08:59:08.176000+00:00,9684,69,1253,1.2,1,17.1,13.9,50.0,1020.8
2025-02-27T09:00:08.176000+00:00,9684,35,1253,1.2,1,17.2,13.9,51.0,1020.7
2025-02-27T09:01:08.178000+00:00,9684,11,1253,1.8,1,17.2,13.9,49.0,1020.8
2025-02-27T09:02:08.175000+00:00,9684,357,1253,1.6,1,17.2,14.0,50.0,1020.7
2025-02-27T09:03:08.176000+00:00,9684,41,1253,1.4,1,17.3,14.0,49.0,1020.8
2025-02-27T09:04:08.180000+00:00,9684,20,1253,1.2,1,17.3,14.1,49.0,1020.9
2025-02-27T09:05:08.178000+00:00,9684,12,1253,1.2,1,17.2,14.1,50.0,1020.8
2025-02-27T09:06:08.177000+00:00,9684,52,1253,1.6,1,17.2,14.1,50.0,1020.9
2025-02-27T09:07:08.178000+00:00,9684,29,1253,1.2,1,17.2,14.1,51.0,1020.7
2025-02-27T09:08:08.197000+00:00,9684,60,1253,1.5,1,17.3,14.1,49.0,1020.7
2025-02-27T09:09:08.210000+00:00,9684,49,1253,1.6,1,17.3,14.1,48.0,1020.7
2025-02-27T09:10:08.227000+00:00,9684,60,1253,1.4,1,17.1,14.1,48.0,1020.6
2025-02-27T09:11:08.227000+00:00,9684,86,1253,2.1,0,16.9,14.1,47.0,1020.6
2025-02-27T09:12:08.244000+00:00,9684,32,1253,1.7,0,16.9,14.1,48.0,1020.5
2025-02-27T09:13:08.246000+00:00,9684,55,1253,1.3,0,16.9,14.1,48.0,1020.5
2025-02-27T09:14:08.246000+00:00,9684,61,1253,1.7,0,16.9,14.1,46.0,1020.4
2025-02-27T09:15:08.265000+00:00,9684,59,1253,0.6,0,16.8,14.2,47.0,1020.4
2025-02-27T09:16:08.263000+00:00,9684,91,1253,1.4,0,16.8,14.2,47.0,1020.4
2025-02-27T09:17:08.264000+00:00,9684,42,1253,1.6,0,16.8,14.2,47.0,1020.5
2025-02-27T09:18:08.265000+00:00,9684,81,1253,1.6,0,16.6,14.2,47.0,1020.4
2025-02-27T09:19:08.266000+00:00,9684,38,1253,1.1,0,16.7,14.2,47.0,1020.3
2025-02-27T09:20:08.276000+00:00,9684,122,1253,1.6,0,16.7,14.2,47.0,1020.3
2025-02-27T09:21:08.266000+00:00,9684,47,1253,1.1,0,16.7,14.3,47.0,1020.2
2025-02-27T09:22:08.268000+00:00,9684,70,1253,1.2,0,16.6,14.3,46.0,1020.1
2025-02-27T09:23:08.269000+00:00,9684,53,1253,1.2,0,16.7,14.3,46.0,1020.0
2025-02-27T09:24:08.268000+00:00,9684,36,1253,1.8,0,16.8,14.3,46.0,1019.8
2025-02-27T09:25:08.275000+00:00,9684,13,1253,1.6,0,16.9,14.3,45.0,1019.8
2025-02-27T09:26:08.269000+00:00,9684,13,1253,1.4,0,17.0,14.4,46.0,1019.6
2025-02-27T09:27:08.276000+00:00,9684,5,1253,1.6,1,17.0,14.3,46.0,1019.5
2025-02-27T09:28:08.271000+00:00,9684,19,1253,1.7,1,16.9,14.4,46.0,1019.5
2025-02-27T09:29:08.271000+00:00,9684,24,1253,2.0,1,16.9,14.4,46.0,1019.5
2025-02-27T09:30:08.273000+00:00,9684,29,1253,1.8,1,16.8,14.4,45.0,1019.3
2025-02-27T09:31:08.272000+00:00,9684,34,1253,1.8,1,16.8,14.4,46.0,1019.1
2025-02-27T09:32:08.274000+00:00,9684,63,1253,1.6,1,16.8,14.4,46.0,1019.1
2025-02-27T09:33:08.276000+00:00,9684,46,1253,1.3,1,16.8,14.4,46.0,1019.1
2025-02-27T09:34:08.279000+00:00,9684,16,1253,0.8,1,16.8,14.4,47.0,1019.1
2025-02-27T09:35:08.278000+00:00,9684,344,1253,0.7,1,16.8,14.4,47.0,1019.1
2025-02-27T09:36:08.275000+00:00,9684,34,1253,1.1,1,16.9,14.4,48.0,1019.1
2025-02-27T09:37:08.278000+00:00,9684,29,1253,1.1,1,16.9,14.4,48.0,1019.2
2025-02-27T09:38:08.278000+00:00,9684,8,1253,0.9,1,17.0,14.4,47.0,1019.2
2025-02-27T09:39:08.277000+00:00,9684,357,1253,0.5,1,17.0,14.4,48.0,1019.2
2025-02-27T09:40:08.280000+00:00,9684,48,1253,0.6,1,17.1,14.4,47.0,1019.2
2025-02-27T09:41:08.282000+00:00,9684,4,1253,0.8,1,17.2,14.5,47.0,1019.2
2025-02-27T09:42:08.282000+00:00,9684,32,1253,0.5,0,17.3,14.5,49.0,1019.3
2025-02-27T09:43:08.283000+00:00,9684,46,1253,1.0,0,17.3,14.6,47.0,1019.4
2025-02-27T09:44:08.285000+00:00,9684,75,1253,1.0,0,17.3,14.6,46.0,1019.3
2025-02-27T09:45:08.282000+00:00,9684,42,1253,0.8,0,17.4,14.6,48.0,1019.3
2025-02-27T09:46:08.282000+00:00,9684,62,1253,0.8,0,17.5,14.6,46.0,1019.2
2025-02-27T09:47:08.283000+00:00,9684,354,1253,1.3,0,17.5,14.7,47.0,1019.2
2025-02-27T09:48:08.284000+00:00,9684,357,1253,0.8,0,17.5,14.7,46.0,1019.2
2025-02-27T09:49:08.285000+00:00,9684,63,1253,0.9,0,17.5,14.7,47.0,1019.1
2025-02-27T09:50:08.289000+00:00,9684,57,1253,1.2,0,17.5,14.8,46.0,1019.3
2025-02-27T09:51:08.285000+00:00,9684,37,1253,1.7,1,17.4,14.8,45.0,1019.3
2025-02-27T09:52:08.287000+00:00,9684,37,1253,1.1,1,17.4,14.8,46.0,1019.3
2025-02-27T09:53:08.289000+00:00,9684,45,1253,0.9,1,17.4,14.8,46.0,1019.4
2025-02-27T09:54:08.288000+00:00,9684,30,1253,1.4,1,17.4,14.8,46.0,1019.2
2025-02-27T09:55:08.288000+00:00,9684,0,1253,1.4,1,17.5,14.7,46.0,1019.4
2025-02-27T09:56:08.290000+00:00,9684,91,1253,0.8,1,17.7,14.7,46.0,1019.4
2025-02-27T09:57:08.291000+00:00,9684,65,1253,1.0,0,17.8,14.7,45.0,1019.4
2025-02-27T09:58:08.295000+00:00,9684,70,1253,1.4,0,18.0,14.8,46.0,1019.4
2025-02-27T09:59:08.291000+00:00,9684,81,1253,0.8,1,18.3,14.8,45.0,1019.3
2025-02-27T10:00:08.295000+00:00,9684,19,1253,0.8,1,18.4,14.9,46.0,1019.3
2025-02-27T10:01:08.293000+00:00,9684,82,1253,1.0,1,18.4,14.9,45.0,1019.2
2025-02-27T10:02:08.310000+00:00,9684,77,1253,0.8,1,18.5,14.9,46.0,1019.3
2025-02-27T10:03:08.315000+00:00,9684,82,1253,0.9,0,18.5,15.0,45.0,1019.2
2025-02-27T10:04:08.327000+00:00,9684,19,1253,1.2,0,18.5,15.0,46.0,1019.2
2025-02-27T10:05:08.347000+00:00,9684,62,1253,1.2,0,18.5,15.0,45.0,1019.3
2025-02-27T10:06:08.343000+00:00,9684,40,1253,0.6,0,18.6,15.0,45.0,1019.3
2025-02-27T10:07:08.343000+00:00,9684,29,1253,1.7,0,18.6,15.1,45.0,1019.2
2025-02-27T10:08:08.347000+00:00,9684,57,1253,1.2,0,18.5,15.0,45.0,1019.2
2025-02-27T10:09:08.359000+00:00,9684,67,1253,0.7,0,18.4,15.0,45.0,1019.3
2025-02-27T10:10:08.346000+00:00,9684,63,1253,0.8,0,18.4,15.0,45.0,1019.2
2025-02-27T10:11:08.372000+00:00,9684,355,1253,1.7,0,18.4,15.1,46.0,1019.3
2025-02-27T10:12:08.381000+00:00,9684,12,1253,1.4,0,18.4,15.0,46.0,1019.2
2025-02-27T10:13:08.379000+00:00,9684,110,1253,0.8,0,18.2,15.0,46.0,1019.3
2025-02-27T10:14:08.396000+00:00,9684,71,1253,0.7,0,18.2,15.0,46.0,1019.3
2025-02-27T10:15:08.396000+00:00,9684,73,1253,1.3,0,18.3,15.0,46.0,1019.3
2025-02-27T10:16:08.413000+00:00,9684,16,1253,1.4,0,18.3,15.0,46.0,1019.3
2025-02-27T10:17:08.419000+00:00,9684,190,1253,1.1,0,18.2,15.1,46.0,1019.4
2025-02-27T10:18:08.429000+00:00,9684,99,1253,0.5,0,18.1,15.0,47.0,1019.3
2025-02-27T10:19:08.430000+00:00,9684,53,1253,1.3,0,18.1,14.9,47.0,1019.2
2025-02-27T10:20:08.429000+00:00,9684,62,1253,1.1,0,18.1,14.9,47.0,1019.2
2025-02-27T10:21:08.448000+00:00,9684,30,1253,1.3,0,18.2,14.9,47.0,1019.1
2025-02-27T10:22:08.464000+00:00,9684,2,1253,1.9,0,18.2,14.9,47.0,1019.1
2025-02-27T10:23:08.469000+00:00,9684,37,1253,1.2,0,18.4,14.9,48.0,1019.1
2025-02-27T10:24:08.470000+00:00,9684,32,1253,1.0,0,18.4,15.0,48.0,1019.2
2025-02-27T10:25:08.480000+00:00,9684,8,1253,1.6,0,18.3,15.0,48.0,1019.2
2025-02-27T10:26:08.482000+00:00,9684,32,1253,1.6,0,18.4,15.0,48.0,1019.2
2025-02-27T10:27:08.482000+00:00,9684,99,1253,1.3,0,18.4,15.0,48.0,1019.2
2025-02-27T10:28:08.482000+00:00,9684,31,1253,1.5,0,18.3,14.9,48.0,1019.2
2025-02-27T10:29:08.484000+00:00,9684,63,1253,1.6,0,18.3,15.0,49.0,1019.2
2025-02-27T10:30:08.486000+00:00,9684,34,1253,1.1,0,18.3,15.0,49.0,1019.2
2025-02-27T10:31:08.484000+00:00,9684,46,1253,1.3,0,18.3,15.0,49.0,1019.3
2025-02-27T10:32:08.485000+00:00,9684,39,1253,2.4,0,18.3,15.0,49.0,1019.3
2025-02-27T10:33:08.487000+00:00,9684,45,1253,1.6,0,18.2,15.0,49.0,1019.3
2025-02-27T10:34:08.487000+00:00,9684,16,1253,1.8,0,18.2,15.0,49.0,1019.3
2025-02-27T10:35:08.490000+00:00,9684,42,1253,1.6,0,18.2,15.0,50.0,1019.2
2025-02-27T10:36:08.488000+00:00,9684,35,1253,1.6,0,18.2,15.0,50.0,1019.3
2025-02-27T10:37:08.504000+00:00,9684,88,1253,1.3,0,18.2,15.0,50.0,1019.3
2025-02-27T10:38:08.512000+00:00,9684,61,1253,1.2,0,18.2,15.0,50.0,1019.3
2025-02-27T10:39:08.538000+00:00,9684,94,1253,0.9,0,18.2,15.0,50.0,1019.3
2025-02-27T10:40:08.538000+00:00,9684,53,1253,1.1,0,18.2,14.9,51.0,1019.3
2025-02-27T10:41:08.539000+00:00,9684,44,1253,1.7,0,18.3,14.9,51.0,1019.2
2025-02-27T10:42:08.556000+00:00,9684,62,1253,1.3,0,18.4,14.9,51.0,1019.2
2025-02-27T10:43:08.572000+00:00,9684,37,1253,1.3,0,18.4,14.9,52.0,1019.3
2025-02-27T10:44:08.575000+00:00,9684,0,1253,1.2,0,18.5,15.0,52.0,1019.3
2025-02-27T10:45:08.575000+00:00,9684,109,1253,1.1,0,18.5,15.1,52.0,1019.3
2025-02-27T10:46:08.580000+00:00,9684,326,1253,1.9,0,18.4,15.1,52.0,1019.2
2025-02-27T10:47:08.574000+00:00,9684,106,1253,0.9,0,18.4,15.1,52.0,1019.4
2025-02-27T10:48:08.575000+00:00,9684,56,1253,1.3,0,18.4,15.1,52.0,1019.3
2025-02-27T10:49:08.574000+00:00,9684,59,1253,1.6,0,18.5,15.1,52.0,1019.4
2025-02-27T10:50:08.573000+00:00,9684,50,1253,1.5,0,18.5,15.1,52.0,1019.4
2025-02-27T10:51:08.575000+00:00,9684,77,1253,1.5,0,18.4,15.1,52.0,1019.5
2025-02-27T10:52:08.576000+00:00,9684,37,1253,2.0,0,18.3,15.1,52.0,1019.5
2025-02-27T10:53:08.579000+00:00,9684,39,1253,2.2,0,18.3,15.1,52.0,1019.5
2025-02-27T10:54:08.581000+00:00,9684,73,1253,2.3,0,18.3,15.2,52.0,1019.5
2025-02-27T10:55:08.578000+00:00,9684,33,1253,1.4,0,18.3,15.1,52.0,1019.4
2025-02-27T10:56:08.580000+00:00,9684,55,1253,1.4,0,18.2,15.1,52.0,1019.4
2025-02-27T10:57:08.579000+00:00,9684,57,1253,2.2,0,18.2,15.1,52.0,1019.2
2025-02-27T10:58:08.581000+00:00,9684,24,1253,2.3,0,18.2,15.1,52.0,1019.2
2025-02-27T10:59:08.581000+00:00,9684,62,1253,1.7,0,18.2,15.1,53.0,1019.1
2025-02-27T11:00:08.584000+00:00,9684,26,1253,1.0,0,18.2,15.1,53.0,1019.2
2025-02-27T11:01:08.582000+00:00,9684,27,1253,1.3,0,18.2,15.1,53.0,1019.1
2025-02-27T11:02:08.584000+00:00,9684,54,1253,1.4,0,18.1,15.2,53.0,1019.0
2025-02-27T11:03:08.584000+00:00,9684,55,1253,1.3,0,18.2,15.1,53.0,1018.9
2025-02-27T11:04:08.585000+00:00,9684,41,1253,1.3,0,18.2,15.1,53.0,1018.9
2025-02-27T11:05:08.585000+00:00,9684,88,1253,1.5,0,18.2,15.1,54.0,1018.9
2025-02-27T11:06:08.586000+00:00,9684,67,1253,0.9,0,18.2,15.1,54.0,1018.9
2025-02-27T11:07:08.586000+00:00,9684,355,1253,1.1,0,18.2,15.2,54.0,1018.9
2025-02-27T11:08:08.605000+00:00,9684,34,1253,1.2,0,18.2,15.2,54.0,1019.0
2025-02-27T11:09:08.604000+00:00,9684,357,1253,1.0,0,18.2,15.2,54.0,1019.1
2025-02-27T11:10:08.604000+00:00,9684,32,1253,1.4,0,18.4,15.2,54.0,1019.2
2025-02-27T11:11:08.597000+00:00,9684,67,1253,2.0,0,18.4,15.2,54.0,1019.3
2025-02-27T11:12:08.614000+00:00,9684,86,1253,1.5,0,18.3,15.3,55.0,1019.4
2025-02-27T11:13:08.628000+00:00,9684,62,1253,1.3,0,18.4,15.3,55.0,1019.3
2025-02-27T11:14:08.640000+00:00,9684,354,1253,1.5,0,18.5,15.3,55.0,1019.2
2025-02-27T11:15:08.642000+00:00,9684,77,1253,0.8,0,18.6,15.3,55.0,1019.3
2025-02-27T11:16:08.657000+00:00,9684,89,1253,1.2,0,18.6,15.3,55.0,1019.4
2025-02-27T11:17:08.663000+00:00,9684,32,1253,1.2,0,18.6,15.3,55.0,1019.4
2025-02-27T11:18:08.690000+00:00,9684,356,1253,1.2,0,18.7,15.4,55.0,1019.5
2025-02-27T11:19:08.706000+00:00,9684,341,1253,1.2,0,18.7,15.4,55.0,1019.8
2025-02-27T11:20:08.704000+00:00,9684,37,1253,1.8,0,18.6,15.4,55.0,1019.8
2025-02-27T11:21:08.700000+00:00,9684,81,1253,2.3,0,18.6,15.4,55.0,1019.9
2025-02-27T11:22:08.715000+00:00,9684,43,1253,1.7,0,18.5,15.4,56.0,1020.0
2025-02-27T11:23:08.725000+00:00,9684,103,1253,2.5,0,18.4,15.4,56.0,1019.9
2025-02-27T11:24:08.725000+00:00,9684,30,1253,1.6,0,18.4,15.4,57.0,1020.0
2025-02-27T11:25:08.726000+00:00,9684,71,1253,2.2,0,18.4,15.4,57.0,1019.9
2025-02-27T11:26:08.718000+00:00,9684,33,1253,1.7,0,18.4,15.4,57.0,1019.9
2025-02-27T11:27:08.719000+00:00,9684,33,1253,1.6,0,18.4,15.4,57.0,1019.8
2025-02-27T11:28:08.725000+00:00,9684,28,1253,1.9,0,18.3,15.4,57.0,1019.7
2025-02-27T11:29:08.727000+00:00,9684,44,1253,2.7,0,18.3,15.4,57.0,1019.7
2025-02-27T11:30:08.730000+00:00,9684,35,1253,2.9,0,18.4,15.4,57.0,1019.6
2025-02-27T11:31:08.721000+00:00,9684,32,1253,1.9,0,18.4,15.4,57.0,1019.5
2025-02-27T11:32:08.733000+00:00,9684,18,1253,1.4,0,18.4,15.4,57.0,1019.5
2025-02-27T11:33:08.739000+00:00,9684,33,1253,1.7,0,18.4,15.4,57.0,1019.4
2025-02-27T11:34:08.730000+00:00,9684,7,1253,1.9,0,18.4,15.4,57.0,1019.3
2025-02-27T11:35:08.740000+00:00,9684,20,1253,1.4,0,18.5,15.4,57.0,1019.4
2025-02-27T11:36:08.748000+00:00,9684,44,1253,1.4,0,18.4,15.4,57.0,1019.5
2025-02-27T11:37:08.752000+00:00,9684,44,1253,1.8,0,18.5,15.4,57.0,1019.4
2025-02-27T11:38:08.764000+00:00,9684,54,1253,1.8,0,18.5,15.5,56.0,1019.4
2025-02-27T11:39:08.757000+00:00,9684,64,1253,2.0,0,18.4,15.5,56.0,1019.3
2025-02-27T11:40:08.787000+00:00,9684,38,1253,1.7,0,18.4,15.5,56.0,1019.3
2025-02-27T11:41:08.781000+00:00,9684,33,1253,2.0,0,18.3,15.4,56.0,1019.3
2025-02-27T11:42:08.783000+00:00,9684,15,1253,2.1,0,18.3,15.5,56.0,1019.3
2025-02-27T11:43:08.793000+00:00,9684,359,1253,1.1,0,18.3,15.5,57.0,1019.4
2025-02-27T11:44:08.815000+00:00,9684,7,1253,1.7,0,18.3,15.5,57.0,1019.3
2025-02-27T11:45:08.831000+00:00,9684,43,1253,2.0,0,18.3,15.5,56.0,1019.3
2025-02-27T11:46:08.821000+00:00,9684,25,1253,1.7,0,18.3,15.5,57.0,1019.3
2025-02-27T11:47:08.832000+00:00,9684,44,1253,2.1,0,18.3,15.5,56.0,1019.2
2025-02-27T11:48:08.848000+00:00,9684,19,1253,2.4,0,18.3,15.5,56.0,1019.2
2025-02-27T11:49:08.851000+00:00,9684,29,1253,2.8,0,18.2,15.5,56.0,1019.3
2025-02-27T11:50:08.851000+00:00,9684,12,1253,2.5,0,18.2,15.5,56.0,1019.2
2025-02-27T11:51:08.842000+00:00,9684,13,1253,2.4,0,18.3,15.5,56.0,1019.1
2025-02-27T11:52:08.851000+00:00,9684,14,1253,2.3,0,18.4,15.5,56.0,1019.2
2025-02-27T11:53:08.867000+00:00,9684,2,1253,2.0,0,18.4,15.5,56.0,1019.1
2025-02-27T11:54:08.867000+00:00,9684,5,1253,1.6,0,18.5,15.5,56.0,1019.1
2025-02-27T11:55:08.870000+00:00,9684,36,1253,1.4,0,18.5,15.6,56.0,1019.1
2025-02-27T11:56:08.885000+00:00,9684,13,1253,2.2,0,18.6,15.6,56.0,1019.1
2025-02-27T11:57:08.901000+00:00,9684,19,1253,2.2,0,18.6,15.6,56.0,1019.0
2025-02-27T11:58:08.918000+00:00,9684,19,1253,0.9,0,18.6,15.6,56.0,1019.1
2025-02-27T11:59:08.920000+00:00,9684,15,1253,1.3,0,18.6,15.6,56.0,1019.0
2025-02-27T12:00:08.918000+00:00,9684,0,1253,1.7,0,18.7,15.6,55.0,1019.0
2025-02-27T12:01:08.921000+00:00,9684,20,1253,1.8,0,18.7,15.6,55.0,1019.1
2025-02-27T12:02:08.938000+00:00,9684,19,1253,1.6,0,18.6,15.6,54.0,1019.1
2025-02-27T12:03:08.954000+00:00,9684,11,1253,2.1,0,18.6,15.6,54.0,1019.1
2025-02-27T12:04:08.954000+00:00,9684,107,1253,1.6,0,18.5,15.6,54.0,1019.3
2025-02-27T12:05:08.971000+00:00,9684,8,1253,1.7,0,18.5,15.6,54.0,1019.1
2025-02-27T12:06:08.987000+00:00,9684,41,1253,2.3,0,18.4,15.6,54.0,1019.2
2025-02-27T12:07:09.004000+00:00,9684,19,1253,2.6,0,18.4,15.6,54.0,1019.2
2025-02-27T12:08:09.004000+00:00,9684,45,1253,2.1,0,18.4,15.6,54.0,1019.3
2025-02-27T12:09:09.006000+00:00,9684,2,1253,1.2,0,18.4,15.6,55.0,1019.4
2025-02-27T12:10:09.005000+00:00,9684,38,1253,1.2,0,18.4,15.6,55.0,1019.5
2025-02-27T12:11:09.006000+00:00,9684,54,1253,2.1,0,18.4,15.6,55.0,1019.5
2025-02-27T12:12:09.008000+00:00,9684,88,1253,1.7,0,18.3,15.6,55.0,1019.5
2025-02-27T12:13:09.008000+00:00,9684,30,1253,2.0,0,18.3,15.6,55.0,1019.4
2025-02-27T12:14:09.008000+00:00,9684,39,1253,1.8,0,18.2,15.6,56.0,1019.3
2025-02-27T12:15:09.010000+00:00,9684,2,1253,1.2,0,18.3,15.5,56.0,1019.3
2025-02-27T12:16:09.009000+00:00,9684,13,1253,1.0,0,18.2,15.5,56.0,1019.2
2025-02-27T12:17:09.013000+00:00,9684,14,1253,1.5,0,18.2,15.5,56.0,1019.2
2025-02-27T12:18:09.011000+00:00,9684,40,1253,1.7,0,18.1,15.6,56.0,1019.3
2025-02-27T12:19:09.016000+00:00,9684,29,1253,1.8,0,18.1,15.5,56.0,1019.3
2025-02-27T12:20:09.015000+00:00,9684,91,1253,1.7,0,18.1,15.5,56.0,1019.2
2025-02-27T12:21:09.016000+00:00,9684,36,1253,1.4,0,18.0,15.5,56.0,1019.3
2025-02-27T12:22:09.016000+00:00,9684,45,1253,2.3,0,17.9,15.5,56.0,1019.2
2025-02-27T12:23:09.017000+00:00,9684,49,1253,2.0,0,18.0,15.5,55.0,1019.2
2025-02-27T12:24:09.015000+00:00,9684,12,1253,1.4,0,18.0,15.5,56.0,1019.2
2025-02-27T12:25:09.024000+00:00,9684,21,1253,2.3,0,18.0,15.5,56.0,1019.2
2025-02-27T12:26:09.018000+00:00,9684,29,1253,1.8,0,18.0,15.5,55.0,1019.2
2025-02-27T12:27:09.016000+00:00,9684,30,1253,2.6,0,18.0,15.6,55.0,1019.3
2025-02-27T12:28:09.018000+00:00,9684,44,1253,2.1,0,18.0,15.6,54.0,1019.3
2025-02-27T12:29:09.019000+00:00,9684,41,1253,1.6,0,17.9,15.5,55.0,1019.2
2025-02-27T12:30:09.020000+00:00,9684,48,1253,2.3,0,17.9,15.6,54.0,1019.3
2025-02-27T12:31:09.022000+00:00,9684,36,1253,2.1,0,17.9,15.6,54.0,1019.2
2025-02-27T12:32:09.021000+00:00,9684,52,1253,2.0,1,18.0,15.5,54.0,1019.2
2025-02-27T12:33:09.026000+00:00,9684,9,1253,2.4,1,18.0,15.6,54.0,1019.4
2025-02-27T12:34:09.017000+00:00,9684,8,1253,2.5,1,17.8,15.6,54.0,1019.5
2025-02-27T12:35:09.022000+00:00,9684,7,1253,2.2,1,17.6,15.6,54.0,1019.6
2025-02-27T12:36:09.027000+00:00,9684,28,1253,1.7,0,17.6,15.6,54.0,1019.5
2025-02-27T12:37:09.025000+00:00,9684,12,1253,2.5,1,17.6,15.5,53.0,1019.4
2025-02-27T12:38:09.025000+00:00,9684,1,1253,2.2,1,17.6,15.5,53.0,1019.2
2025-02-27T12:39:09.024000+00:00,9684,34,1253,2.5,1,17.7,15.5,53.0,1019.3
2025-02-27T12:40:09.027000+00:00,9684,32,1253,1.7,0,17.7,15.5,52.0,1019.4
2025-02-27T12:41:09.026000+00:00,9684,19,1253,2.3,0,17.8,15.5,52.0,1019.2
2025-02-27T12:42:09.032000+00:00,9684,15,1253,2.6,0,17.9,15.5,52.0,1019.1
2025-02-27T12:43:09.027000+00:00,9684,24,1253,2.1,0,17.9,15.5,51.0,1019.0
2025-02-27T12:44:09.029000+00:00,9684,11,1253,2.3,0,18.0,15.5,51.0,1019.1
2025-02-27T12:45:09.028000+00:00,9684,5,1253,1.4,0,18.0,15.5,51.0,1019.1
2025-02-27T12:46:09.030000+00:00,9684,26,1253,1.9,0,18.0,15.5,51.0,1019.0
2025-02-27T12:47:09.029000+00:00,9684,18,1253,1.9,0,18.0,15.5,51.0,1018.9
2025-02-27T12:48:09.025000+00:00,9684,358,1253,1.0,0,18.2,15.6,51.0,1019.1
2025-02-27T12:49:09.033000+00:00,9684,39,1253,2.3,0,18.2,15.6,51.0,1019.1
2025-02-27T12:50:09.032000+00:00,9684,40,1253,2.4,0,18.1,15.6,51.0,1019.3
2025-02-27T12:51:09.034000+00:00,9684,20,1253,2.3,0,18.0,15.6,51.0,1019.5
2025-02-27T12:52:09.034000+00:00,9684,70,1253,1.9,0,18.0,15.6,52.0,1019.6
2025-02-27T12:53:09.034000+00:00,9684,355,1253,1.6,0,18.0,15.6,52.0,1019.5
2025-02-27T12:54:09.036000+00:00,9684,29,1253,1.3,0,18.0,15.6,52.0,1019.5
2025-02-27T12:55:09.036000+00:00,9684,35,1253,1.6,0,17.9,15.5,52.0,1019.6
2025-02-27T12:56:09.038000+00:00,9684,38,1253,1.6,0,17.9,15.5,52.0,1019.6
2025-02-27T12:57:09.037000+00:00,9684,20,1253,1.9,0,17.9,15.6,52.0,1019.6
2025-02-27T12:58:09.038000+00:00,9684,49,1253,1.8,0,17.9,15.5,52.0,1019.7
2025-02-27T12:59:09.039000+00:00,9684,41,1253,1.2,0,17.9,15.6,52.0,1019.6
2025-02-27T13:00:09.040000+00:00,9684,28,1253,1.8,0,18.0,15.5,52.0,1019.6
2025-02-27T13:01:09.041000+00:00,9684,1,1253,1.6,0,17.9,15.5,52.0,1019.7
2025-02-27T13:02:09.041000+00:00,9684,18,1253,1.8,0,17.9,15.5,52.0,1019.6
2025-02-27T13:03:09.041000+00:00,9684,20,1253,2.4,0,17.9,15.5,51.0,1019.5
2025-02-27T13:04:09.041000+00:00,9684,12,1253,2.4,0,17.9,15.5,51.0,1019.5
2025-02-27T13:05:09.047000+00:00,9684,19,1253,2.3,0,17.9,15.5,51.0,1019.4
2025-02-27T13:06:09.043000+00:00,9684,9,1253,2.2,0,17.9,15.5,51.0,1019.4
2025-02-27T13:07:09.047000+00:00,9684,35,1253,3.2,0,17.9,15.4,51.0,1019.3
2025-02-27T13:08:09.046000+00:00,9684,27,1253,1.9,0,17.9,15.4,51.0,1019.4
2025-02-27T13:09:09.046000+00:00,9684,20,1253,1.8,0,17.9,15.4,52.0,1019.4
2025-02-27T13:10:09.045000+00:00,9684,39,1253,2.8,0,17.9,15.4,51.0,1019.3
2025-02-27T13:11:09.046000+00:00,9684,8,1253,2.4,0,17.8,15.4,50.0,1019.3
2025-02-27T13:12:09.047000+00:00,9684,16,1253,1.7,0,17.8,15.4,50.0,1019.3
2025-02-27T13:13:09.050000+00:00,9684,9,1253,2.6,0,17.8,15.4,51.0,1019.3
2025-02-27T13:14:09.050000+00:00,9684,17,1253,2.2,0,17.7,15.4,51.0,1019.4
2025-02-27T13:15:09.051000+00:00,9684,25,1253,1.7,0,17.7,15.4,52.0,1019.5
2025-02-27T13:16:09.053000+00:00,9684,24,1253,2.3,0,17.7,15.4,52.0,1019.4
2025-02-27T13:17:09.051000+00:00,9684,59,1253,1.9,0,17.7,15.4,52.0,1019.5
2025-02-27T13:18:09.051000+00:00,9684,359,1253,2.1,0,17.7,15.4,52.0,1019.4
2025-02-27T13:19:09.060000+00:00,9684,351,1253,1.8,0,17.7,15.4,53.0,1019.5
2025-02-27T13:20:09.055000+00:00,9684,21,1253,1.9,0,17.7,15.3,53.0,1019.4
2025-02-27T13:21:09.053000+00:00,9684,4,1253,2.4,0,17.7,15.3,52.0,1019.5
2025-02-27T13:22:09.054000+00:00,9684,11,1253,2.3,0,17.7,15.3,52.0,1019.4
2025-02-27T13:23:09.061000+00:00,9684,25,1253,2.7,0,17.7,15.3,52.0,1019.3
2025-02-27T13:24:09.058000+00:00,9684,32,1253,2.8,0,17.6,15.3,52.0,1019.3
2025-02-27T13:25:09.058000+00:00,9684,33,1253,2.6,0,17.6,15.2,52.0,1019.3
2025-02-27T13:26:09.062000+00:00,9684,43,1253,2.9,0,17.4,15.2,52.0,1019.3
2025-02-27T13:27:09.059000+00:00,9684,40,1253,2.0,0,17.4,15.1,52.0,1019.3
2025-02-27T13:28:09.065000+00:00,9684,34,1253,1.1,1,17.4,15.1,52.0,1019.3
2025-02-27T13:29:09.062000+00:00,9684,56,1253,2.0,1,17.5,15.1,52.0,1019.4
2025-02-27T13:30:09.064000+00:00,9684,17,1253,1.8,1,17.4,15.1,52.0,1019.5
2025-02-27T13:31:09.066000+00:00,9684,47,1253,1.4,1,17.3,15.1,53.0,1019.5
2025-02-27T13:32:09.066000+00:00,9684,43,1253,2.4,1,17.2,15.1,53.0,1019.6
2025-02-27T13:33:09.063000+00:00,9684,357,1253,1.6,1,17.1,15.1,54.0,1019.6
2025-02-27T13:34:09.066000+00:00,9684,61,1253,1.6,1,17.0,15.1,54.0,1019.6
2025-02-27T13:35:09.066000+00:00,9684,67,1253,1.8,1,17.0,15.0,54.0,1019.6
2025-02-27T13:36:09.068000+00:00,9684,32,1253,1.8,1,16.9,15.0,55.0,1019.7
2025-02-27T13:37:09.068000+00:00,9684,55,1253,1.7,1,16.8,15.0,55.0,1019.8
2025-02-27T13:38:09.069000+00:00,9684,73,1253,2.2,1,16.7,14.9,55.0,1019.9
2025-02-27T13:39:09.071000+00:00,9684,20,1253,2.0,1,16.7,14.9,56.0,1020.0
2025-02-27T13:40:09.069000+00:00,9684,15,1253,1.9,1,16.8,14.9,56.0,1019.9
2025-02-27T13:41:09.068000+00:00,9684,17,1253,2.3,0,16.8,14.9,55.0,1020.1
2025-02-27T13:42:09.068000+00:00,9684,11,1253,2.8,0,16.9,14.9,55.0,1020.0
2025-02-27T13:43:09.070000+00:00,9684,27,1253,2.7,0,16.9,14.9,54.0,1020.0
2025-02-27T13:44:09.075000+00:00,9684,14,1253,2.6,0,16.9,14.9,53.0,1020.0
2025-02-27T13:45:09.072000+00:00,9684,6,1253,2.5,0,16.9,14.9,53.0,1019.9
2025-02-27T13:46:09.071000+00:00,9684,27,1253,2.0,0,16.9,14.8,53.0,1019.8
2025-02-27T13:47:09.071000+00:00,9684,22,1253,2.1,0,16.9,14.8,52.0,1019.7
2025-02-27T13:48:09.071000+00:00,9684,23,1253,3.1,0,16.9,14.8,52.0,1019.7
2025-02-27T13:49:09.074000+00:00,9684,13,1253,2.7,0,16.9,14.8,52.0,1019.7
2025-02-27T13:50:09.072000+00:00,9684,6,1253,2.4,0,17.0,14.7,52.0,1019.6
2025-02-27T13:51:09.075000+00:00,9684,13,1253,2.4,0,16.9,14.8,52.0,1019.7
2025-02-27T13:52:09.075000+00:00,9684,10,1253,2.2,0,16.9,14.8,52.0,1019.6
2025-02-27T13:53:09.075000+00:00,9684,9,1253,2.2,0,16.9,14.8,53.0,1019.7
2025-02-27T13:54:09.078000+00:00,9684,26,1253,2.1,0,16.9,14.7,53.0,1019.7
2025-02-27T13:55:09.076000+00:00,9684,34,1253,2.3,0,17.0,14.7,54.0,1019.8
2025-02-27T13:56:09.099000+00:00,9684,31,1253,3.0,1,17.0,14.7,54.0,1019.7
2025-02-27T13:57:09.083000+00:00,9684,34,1253,2.1,1,16.9,14.7,55.0,1019.9
2025-02-27T13:58:09.080000+00:00,9684,35,1253,2.6,1,16.7,14.7,55.0,1019.8
2025-02-27T13:59:09.078000+00:00,9684,9,1253,2.2,1,16.7,14.7,55.0,1019.9
2025-02-27T14:00:09.080000+00:00,9684,51,1253,1.8,1,16.6,14.7,56.0,1020.0
2025-02-27T14:01:09.080000+00:00,9684,14,1253,2.6,1,16.6,14.6,56.0,1019.9
2025-02-27T14:02:09.091000+00:00,9684,20,1253,1.5,1,16.6,14.6,57.0,1019.9
2025-02-27T14:03:09.082000+00:00,9684,31,1253,1.6,0,16.7,14.6,57.0,1019.8
2025-02-27T14:04:09.096000+00:00,9684,52,1253,1.5,0,16.7,14.6,56.0,1019.8
2025-02-27T14:05:09.083000+00:00,9684,47,1253,2.1,0,16.7,14.6,56.0,1019.7
2025-02-27T14:06:09.092000+00:00,9684,37,1253,1.8,0,16.7,14.6,55.0,1019.7
2025-02-27T14:07:09.087000+00:00,9684,29,1253,1.8,0,16.7,14.6,55.0,1019.9
2025-02-27T14:08:09.085000+00:00,9684,15,1253,2.0,0,16.8,14.6,55.0,1019.8
2025-02-27T14:09:09.085000+00:00,9684,53,1253,2.4,0,16.8,14.6,54.0,1019.8
2025-02-27T14:10:09.088000+00:00,9684,68,1253,1.5,0,16.8,14.6,54.0,1019.9
2025-02-27T14:11:09.089000+00:00,9684,42,1253,2.2,0,16.7,14.6,53.0,1019.8
2025-02-27T14:12:09.088000+00:00,9684,36,1253,2.4,0,16.7,14.6,53.0,1020.0
2025-02-27T14:13:09.090000+00:00,9684,36,1253,1.9,0,16.7,14.6,53.0,1020.1
2025-02-27T14:14:09.091000+00:00,9684,59,1253,2.1,0,16.7,14.6,53.0,1020.2
2025-02-27T14:15:09.090000+00:00,9684,30,1253,2.2,0,16.8,14.6,53.0,1020.2
2025-02-27T14:16:09.091000+00:00,9684,25,1253,1.7,0,16.7,14.6,53.0,1020.0
2025-02-27T14:17:09.092000+00:00,9684,50,1253,2.3,0,16.7,14.6,54.0,1020.0
2025-02-27T14:18:09.092000+00:00,9684,55,1253,1.3,0,16.7,14.7,54.0,1019.9
2025-02-27T14:19:09.094000+00:00,9684,36,1253,1.9,0,16.8,14.7,55.0,1019.8
2025-02-27T14:20:09.095000+00:00,9684,19,1253,1.4,0,16.8,14.6,55.0,1019.9
2025-02-27T14:21:09.101000+00:00,9684,14,1253,1.2,0,16.7,14.6,55.0,1019.8
2025-02-27T14:22:09.100000+00:00,9684,14,1253,1.7,0,16.7,14.6,56.0,1019.9
2025-02-27T14:23:09.100000+00:00,9684,17,1253,1.7,0,16.8,14.6,56.0,1019.7
2025-02-27T14:24:09.096000+00:00,9684,81,1253,1.4,0,16.7,14.6,56.0,1019.7
2025-02-27T14:25:09.101000+00:00,9684,24,1253,1.6,0,16.7,14.6,56.0,1019.6
2025-02-27T14:26:09.100000+00:00,9684,91,1253,2.3,0,16.7,14.6,57.0,1019.7
2025-02-27T14:27:09.099000+00:00,9684,73,1253,0.9,0,16.7,14.6,57.0,1019.6
2025-02-27T14:28:09.100000+00:00,9684,62,1253,1.4,0,16.8,14.6,57.0,1019.6
2025-02-27T14:29:09.106000+00:00,9684,57,1253,1.8,0,16.8,14.6,57.0,1019.6
2025-02-27T14:30:09.105000+00:00,9684,38,1253,1.4,0,16.7,14.6,57.0,1019.5
2025-02-27T14:31:09.109000+00:00,9684,72,1253,1.3,0,16.7,14.6,57.0,1019.5
2025-02-27T14:32:09.102000+00:00,9684,38,1253,0.6,0,16.7,14.6,57.0,1019.5
2025-02-27T14:33:09.110000+00:00,9684,350,1253,1.4,0,16.7,14.6,57.0,1019.5
2025-02-27T14:34:09.103000+00:00,9684,1,1253,1.5,0,16.7,14.6,57.0,1019.5
2025-02-27T14:35:09.105000+00:00,9684,45,1253,1.7,0,16.7,14.6,58.0,1019.7
2025-02-27T14:36:09.106000+00:00,9684,7,1253,1.2,0,16.7,14.6,58.0,1019.7
2025-02-27T14:37:09.113000+00:00,9684,92,1253,1.6,0,16.8,14.6,58.0,1019.6
2025-02-27T14:38:09.106000+00:00,9684,53,1253,1.7,0,16.7,14.6,58.0,1019.6
2025-02-27T14:39:09.111000+00:00,9684,19,1253,2.0,0,16.6,14.6,58.0,1019.5
2025-02-27T14:40:09.112000+00:00,9684,57,1253,1.6,0,16.6,14.6,58.0,1019.7
2025-02-27T14:41:09.112000+00:00,9684,15,1253,2.2,0,16.5,14.6,58.0,1019.6
2025-02-27T14:42:09.109000+00:00,9684,73,1253,1.9,0,16.5,14.6,58.0,1019.7
2025-02-27T14:43:09.112000+00:00,9684,17,1253,1.7,0,16.6,14.6,58.0,1019.6
2025-02-27T14:44:09.110000+00:00,9684,10,1253,1.6,0,16.6,14.6,58.0,1019.7
2025-02-27T14:45:09.111000+00:00,9684,28,1253,1.2,0,16.6,14.5,58.0,1019.7
2025-02-27T14:46:09.111000+00:00,9684,68,1253,1.4,0,16.5,14.6,58.0,1019.8
2025-02-27T14:47:09.112000+00:00,9684,26,1253,1.3,0,16.5,14.6,58.0,1019.8
2025-02-27T14:48:09.113000+00:00,9684,66,1253,0.9,0,16.6,14.5,59.0,1019.9
2025-02-27T14:49:09.115000+00:00,9684,48,1253,1.5,0,16.6,14.6,58.0,1019.8
2025-02-27T14:50:09.113000+00:00,9684,15,1253,1.7,0,16.6,14.6,58.0,1019.8
2025-02-27T14:51:09.115000+00:00,9684,35,1253,1.4,0,16.5,14.6,58.0,1019.7
2025-02-27T14:52:09.117000+00:00,9684,9,1253,1.5,0,16.5,14.6,58.0,1019.6
2025-02-27T14:53:09.118000+00:00,9684,37,1253,1.2,0,16.5,14.5,58.0,1019.6
2025-02-27T14:54:09.117000+00:00,9684,35,1253,1.4,0,16.6,14.5,58.0,1019.7
2025-02-27T14:55:09.118000+00:00,9684,28,1253,1.5,0,16.5,14.5,58.0,1019.7
2025-02-27T14:56:09.118000+00:00,9684,12,1253,0.8,0,16.5,14.5,58.0,1019.9
2025-02-27T14:57:09.118000+00:00,9684,12,1253,1.5,0,16.5,14.5,58.0,1019.9
2025-02-27T14:58:09.120000+00:00,9684,70,1253,1.0,0,16.5,14.6,58.0,1020.0
2025-02-27T14:59:09.120000+00:00,9684,72,1253,1.2,0,16.5,14.6,58.0,1020.0
2025-02-27T15:00:09.121000+00:00,9684,3,1253,1.1,0,16.5,14.6,58.0,1020.0
2025-02-27T15:01:09.170000+00:00,9684,46,1253,1.1,0,16.5,14.6,57.0,1020.0
2025-02-27T15:02:09.171000+00:00,9684,52,1253,1.3,0,16.5,14.6,57.0,1019.9
2025-02-27T15:03:09.170000+00:00,9684,81,1253,1.5,0,16.5,14.6,57.0,1020.0
2025-02-27T15:04:09.170000+00:00,9684,134,1253,1.2,0,16.5,14.6,58.0,1020.0
2025-02-27T15:05:09.173000+00:00,9684,83,1253,0.6,0,16.5,14.6,58.0,1020.0
2025-02-27T15:06:09.175000+00:00,9684,95,1253,0.6,0,16.5,14.6,58.0,1020.1
2025-02-27T15:07:09.172000+00:00,9684,88,1253,1.3,0,16.5,14.6,58.0,1020.0
2025-02-27T15:08:09.174000+00:00,9684,63,1253,1.0,0,16.5,14.6,58.0,1020.2
2025-02-27T15:09:09.182000+00:00,9684,46,1253,1.3,0,16.5,14.6,58.0,1020.2
2025-02-27T15:10:09.175000+00:00,9684,69,1253,1.8,0,16.6,14.6,57.0,1020.3
2025-02-27T15:11:09.180000+00:00,9684,40,1253,2.1,0,16.6,14.6,57.0,1020.3
2025-02-27T15:12:09.179000+00:00,9684,60,1253,1.6,0,16.5,14.6,57.0,1020.4
2025-02-27T15:13:09.178000+00:00,9684,44,1253,1.5,0,16.5,14.6,56.0,1020.3
2025-02-27T15:14:09.179000+00:00,9684,27,1253,2.0,0,16.5,14.6,56.0,1020.3
2025-02-27T15:15:09.178000+00:00,9684,66,1253,2.1,0,16.5,14.7,56.0,1020.3
2025-02-27T15:16:09.199000+00:00,9684,36,1253,1.6,0,16.5,14.7,57.0,1020.2
2025-02-27T15:17:09.213000+00:00,9684,67,1253,3.0,0,16.5,14.7,57.0,1020.1
2025-02-27T15:18:09.212000+00:00,9684,15,1253,1.8,0,16.4,14.7,57.0,1020.2
2025-02-27T15:19:09.228000+00:00,9684,54,1253,1.5,0,16.5,14.6,57.0,1020.3
2025-02-27T15:20:09.229000+00:00,9684,70,1253,1.4,0,16.5,14.6,57.0,1020.4
2025-02-27T15:21:09.229000+00:00,9684,56,1253,2.1,0,16.4,14.6,57.0,1020.4
2025-02-27T15:22:09.231000+00:00,9684,356,1253,2.7,0,16.4,14.6,57.0,1020.5
2025-02-27T15:23:09.231000+00:00,9684,26,1253,2.0,0,16.4,14.6,57.0,1020.5
2025-02-27T15:24:09.232000+00:00,9684,40,1253,2.1,0,16.4,14.6,57.0,1020.5
2025-02-27T15:25:09.253000+00:00,9684,75,1253,1.8,0,16.5,14.6,57.0,1020.5
2025-02-27T15:26:09.248000+00:00,9684,48,1253,1.9,0,16.4,14.6,57.0,1020.3
2025-02-27T15:27:09.248000+00:00,9684,24,1253,1.8,0,16.4,14.6,57.0,1020.4
2025-02-27T15:28:09.266000+00:00,9684,28,1253,1.9,0,16.4,14.6,57.0,1020.3
2025-02-27T15:29:09.269000+00:00,9684,61,1253,1.5,0,16.4,14.6,57.0,1020.2
2025-02-27T15:30:09.267000+00:00,9684,22,1253,1.0,0,16.4,14.5,57.0,1020.3
2025-02-27T15:31:09.268000+00:00,9684,31,1253,1.4,0,16.3,14.5,56.0,1020.3
2025-02-27T15:32:09.267000+00:00,9684,69,1253,0.9,0,16.3,14.5,56.0,1020.2
2025-02-27T15:33:09.269000+00:00,9684,60,1253,1.6,0,16.3,14.5,56.0,1020.3
2025-02-27T15:34:09.270000+00:00,9684,68,1253,1.4,0,16.3,14.5,56.0,1020.5
2025-02-27T15:35:09.271000+00:00,9684,36,1253,1.0,0,16.2,14.4,56.0,1020.5
2025-02-27T15:36:09.271000+00:00,9684,68,1253,2.1,0,16.2,14.4,56.0,1020.5
2025-02-27T15:37:09.273000+00:00,9684,58,1253,1.7,0,16.2,14.4,55.0,1020.4
2025-02-27T15:38:09.273000+00:00,9684,25,1253,1.5,0,16.3,14.4,55.0,1020.2
2025-02-27T15:39:09.264000+00:00,9684,40,1253,2.0,0,16.3,14.4,55.0,1020.0
2025-02-27T15:40:09.276000+00:00,9684,27,1253,1.5,0,16.3,14.4,55.0,1019.8
2025-02-27T15:41:09.274000+00:00,9684,39,1253,2.1,0,16.2,14.4,55.0,1019.8
2025-02-27T15:42:09.275000+00:00,9684,51,1253,1.8,0,16.2,14.4,55.0,1019.9
2025-02-27T15:43:09.277000+00:00,9684,10,1253,1.4,0,16.1,14.4,55.0,1019.9
2025-02-27T15:44:09.281000+00:00,9684,22,1253,1.2,0,16.1,14.4,55.0,1020.0
2025-02-27T15:45:09.277000+00:00,9684,6,1253,1.3,0,16.1,14.4,55.0,1020.1
2025-02-27T15:46:09.278000+00:00,9684,44,1253,1.3,0,16.0,14.4,55.0,1020.0
2025-02-27T15:47:09.278000+00:00,9684,41,1253,1.3,0,16.0,14.3,55.0,1020.1
2025-02-27T15:48:09.281000+00:00,9684,32,1253,1.1,0,16.0,14.3,55.0,1020.1
2025-02-27T15:49:09.282000+00:00,9684,76,1253,1.2,0,15.9,14.3,55.0,1020.2
2025-02-27T15:50:09.284000+00:00,9684,31,1253,1.6,0,15.9,14.3,54.0,1020.2
2025-02-27T15:51:09.281000+00:00,9684,54,1253,1.7,0,15.9,14.3,54.0,1020.2
2025-02-27T15:52:09.284000+00:00,9684,47,1253,1.6,0,15.9,14.3,54.0,1020.0
2025-02-27T15:53:09.284000+00:00,9684,8,1253,1.9,0,15.8,14.3,54.0,1020.1
2025-02-27T15:54:09.285000+00:00,9684,49,1253,0.9,0,15.8,14.3,54.0,1020.1
2025-02-27T15:55:09.285000+00:00,9684,77,1253,1.3,0,15.8,14.3,54.0,1020.2
2025-02-27T15:56:09.285000+00:00,9684,21,1253,0.9,0,15.8,14.3,55.0,1020.1
2025-02-27T15:57:09.286000+00:00,9684,8,1253,0.9,0,15.8,14.3,54.0,1020.1
2025-02-27T15:58:09.285000+00:00,9684,0,1253,1.5,0,15.8,14.3,54.0,1020.0
2025-02-27T15:59:09.287000+00:00,9684,38,1253,0.9,0,15.8,14.3,54.0,1020.1
2025-02-27T16:00:09.287000+00:00,9684,46,1253,1.2,0,15.8,14.2,54.0,1020.1
2025-02-27T16:01:09.288000+00:00,9684,51,1253,1.4,0,15.8,14.2,54.0,1020.2
2025-02-27T16:02:09.291000+00:00,9684,39,1253,1.1,0,15.7,14.2,54.0,1020.1
2025-02-27T16:03:09.296000+00:00,9684,40,1253,1.4,0,15.7,14.1,54.0,1020.0
2025-02-27T16:04:09.291000+00:00,9684,30,1253,1.7,0,15.6,14.2,54.0,1019.9
2025-02-27T16:05:09.292000+00:00,9684,58,1253,1.3,0,15.6,14.1,54.0,1019.9
2025-02-27T16:06:09.296000+00:00,9684,98,1253,1.6,0,15.6,14.1,54.0,1020.0
2025-02-27T16:07:09.293000+00:00,9684,7,1253,1.4,0,15.6,14.1,54.0,1020.1
2025-03-14T04:45:14.108000+00:00,9687,122,1254,0.6,0,43.3,24.3,64.0,1017.3
2025-03-14T04:46:14.110000+00:00,9687,261,1254,0.5,0,43.6,24.3,63.0,1017.3
2025-03-14T04:47:14.094000+00:00,9687,176,1254,0.4,0,43.9,24.5,62.0,1017.3
2025-03-14T04:48:14.112000+00:00,9687,0,1254,0.6,0,44.2,24.7,62.0,1017.2
2025-03-14T04:49:14.099000+00:00,9687,128,1254,0.4,0,44.2,24.7,62.0,1017.2
2025-03-14T04:50:14.120000+00:00,9687,128,1254,1.2,0,43.4,24.8,60.0,1017.2
2025-03-14T04:51:14.139000+00:00,9687,139,1254,1.4,0,43.6,24.9,61.0,1017.2
2025-03-14T04:52:14.149000+00:00,9687,0,1254,0.8,0,43.0,24.8,61.0,1017.1
2025-03-14T04:53:14.135000+00:00,9687,167,1254,0.4,0,43.3,24.9,61.0,1017.1
2025-03-14T04:54:14.143000+00:00,9687,175,1254,0.6,0,43.7,24.9,60.0,1017.2
2025-03-14T04:55:14.148000+00:00,9687,233,1254,0.8,0,43.9,24.9,59.0,1017.1
2025-03-14T04:56:14.127000+00:00,9687,0,1254,0.7,0,43.8,24.9,60.0,1017.1
2025-03-14T04:57:14.149000+00:00,9687,0,1254,0.7,0,43.3,25.0,61.0,1017.0
2025-03-14T04:58:14.190000+00:00,9687,154,1254,1.0,0,42.4,25.0,61.0,1017.0
2025-03-14T04:59:14.186000+00:00,9687,99,1254,1.0,0,42.3,25.1,61.0,1017.0
2025-03-14T05:00:14.186000+00:00,9687,139,1254,1.0,0,42.3,25.2,62.0,1017.1
2025-03-14T05:01:14.203000+00:00,9687,98,1254,1.6,0,42.7,25.2,62.0,1017.1
2025-03-14T05:02:14.204000+00:00,9687,122,1254,1.7,0,42.8,25.0,64.0,1017.2
2025-03-14T05:03:14.187000+00:00,9687,109,1254,1.8,0,42.8,24.9,65.0,1017.1
2025-03-14T05:04:14.188000+00:00,9687,146,1254,1.1,0,42.8,24.8,64.0,1017.1
2025-03-14T05:05:14.203000+00:00,9687,126,1254,0.7,0,42.5,24.6,65.0,1017.1
2025-03-14T05:06:14.206000+00:00,9687,145,1254,1.1,0,42.5,24.5,64.0,1017.0
2025-03-14T05:07:14.208000+00:00,9687,129,1254,1.6,0,42.5,24.5,64.0,1017.1
2025-03-14T05:08:14.229000+00:00,9687,169,1254,1.2,0,41.9,24.4,65.0,1017.0
2025-03-14T05:09:14.225000+00:00,9687,115,1254,2.0,0,41.9,24.4,65.0,1017.1
2025-03-14T05:10:14.221000+00:00,9687,143,1254,1.2,0,41.7,24.3,66.0,1017.2
2025-03-14T05:11:14.206000+00:00,9687,130,1254,1.4,0,42.0,24.1,66.0,1017.1
2025-03-14T05:12:14.242000+00:00,9687,117,1254,1.0,0,42.0,24.1,66.0,1017.1
2025-03-14T05:13:14.241000+00:00,9687,123,1254,1.6,0,42.0,24.0,65.0,1017.1
2025-03-14T05:14:14.269000+00:00,9687,0,1254,1.8,0,41.9,23.8,66.0,1017.0
2025-03-14T05:15:14.295000+00:00,9687,121,1254,0.8,0,41.6,23.6,67.0,1017.1
2025-03-14T05:16:14.269000+00:00,9687,159,1254,1.2,0,41.1,23.4,67.0,1017.1
2025-03-14T05:17:14.294000+00:00,9687,163,1254,0.9,0,41.1,23.5,67.0,1017.0
2025-03-14T05:18:14.315000+00:00,9687,104,1254,1.3,0,40.8,23.4,67.0,1017.1
2025-03-14T05:19:14.341000+00:00,9687,139,1254,1.3,0,41.2,23.4,66.0,1017.1
2025-03-14T05:20:14.331000+00:00,9687,102,1254,1.1,0,40.9,23.4,67.0,1017.1
2025-03-14T05:21:14.349000+00:00,9687,213,1254,1.4,0,40.9,23.4,68.0,1017.1
2025-03-14T05:22:14.374000+00:00,9687,104,1254,0.8,0,41.2,23.4,67.0,1017.1
2025-03-14T05:23:14.375000+00:00,9687,132,1254,2.2,0,41.7,23.5,67.0,1017.1
2025-03-14T05:24:14.372000+00:00,9687,167,1254,1.2,0,41.3,23.4,68.0,1017.1
2025-03-14T05:25:14.384000+00:00,9687,113,1254,1.5,0,41.5,23.3,68.0,1017.0
2025-03-14T05:26:14.401000+00:00,9687,140,1254,1.8,0,41.3,23.3,67.0,1017.0
2025-03-14T05:27:14.424000+00:00,9687,126,1254,1.1,0,41.3,23.2,69.0,1017.0
2025-03-14T05:28:14.426000+00:00,9687,102,1254,0.7,0,41.3,23.2,69.0,1016.9
2025-03-14T05:29:14.426000+00:00,9687,143,1254,1.0,0,42.3,23.1,67.0,1017.0
2025-03-14T05:30:14.430000+00:00,9687,123,1254,1.6,0,41.3,23.1,66.0,1016.9
2025-03-14T05:31:14.426000+00:00,9687,156,1254,1.9,0,40.3,23.1,67.0,1017.1
2025-03-14T05:32:14.422000+00:00,9687,132,1254,1.6,0,40.3,23.0,68.0,1017.0
2025-03-14T05:33:14.428000+00:00,9687,125,1254,1.3,0,40.7,23.0,68.0,1017.1
2025-03-14T05:34:14.415000+00:00,9687,0,1254,1.1,0,40.2,23.0,67.0,1017.1
2025-03-14T05:35:14.428000+00:00,9687,82,1254,0.5,0,40.6,23.0,67.0,1017.0
2025-03-14T05:36:14.404000+00:00,9687,62,1254,1.1,0,41.2,23.1,66.0,1017.0
2025-03-14T05:37:14.432000+00:00,9687,0,1254,0.9,0,40.4,23.1,66.0,1016.9
2025-03-14T05:38:14.437000+00:00,9687,0,1254,0.3,0,40.3,23.1,66.0,1017.0
2025-03-14T05:39:14.419000+00:00,9687,136,1254,0.4,0,40.3,23.1,65.0,1016.9
2025-03-14T05:40:14.430000+00:00,9687,193,1254,1.0,0,40.5,23.1,64.0,1016.9
2025-03-14T05:41:14.435000+00:00,9687,130,1254,0.7,0,40.5,23.2,64.0,1016.7
2025-03-14T05:42:14.425000+00:00,9687,133,1254,1.0,0,40.5,23.2,63.0,1016.8
2025-03-14T05:43:14.435000+00:00,9687,110,1254,1.2,0,40.2,23.4,64.0,1016.8
2025-03-14T05:44:14.427000+00:00,9687,307,1254,1.1,0,40.1,23.4,64.0,1016.7
2025-03-14T05:45:14.411000+00:00,9687,141,1254,0.8,0,40.5,23.4,64.0,1016.8
2025-03-14T05:46:14.439000+00:00,9687,111,1254,1.3,0,40.5,23.4,64.0,1016.8
2025-03-14T05:47:14.427000+00:00,9687,149,1254,0.8,0,40.3,23.5,64.0,1016.9
2025-03-14T05:48:14.441000+00:00,9687,132,1254,2.1,0,39.9,23.4,64.0,1016.9
2025-03-14T05:49:14.443000+00:00,9687,117,1254,1.5,0,39.9,23.4,64.0,1016.9
2025-03-14T05:50:14.443000+00:00,9687,125,1254,1.9,0,39.6,23.4,64.0,1016.9
2025-03-14T05:51:14.452000+00:00,9687,116,1254,2.0,0,39.2,23.3,65.0,1016.9
2025-03-14T05:52:14.479000+00:00,9687,133,1254,1.4,0,39.1,23.3,66.0,1016.9
2025-03-14T05:53:14.489000+00:00,9687,71,1254,1.1,0,39.1,23.3,66.0,1016.8
2025-03-14T05:54:14.497000+00:00,9687,79,1254,1.7,0,38.6,23.3,67.0,1016.9
2025-03-14T05:55:14.496000+00:00,9687,123,1254,1.1,0,38.4,23.2,68.0,1016.9
2025-03-14T05:56:14.500000+00:00,9687,117,1254,1.9,0,38.3,23.1,68.0,1016.7
2025-03-14T05:57:14.503000+00:00,9687,119,1254,2.6,0,38.7,23.1,68.0,1016.9
2025-03-14T05:58:14.510000+00:00,9687,100,1254,1.6,0,38.8,23.2,68.0,1016.7
2025-03-14T05:59:14.518000+00:00,9687,121,1254,1.4,0,39.0,23.2,67.0,1016.7
2025-03-14T06:00:14.528000+00:00,9687,124,1254,1.8,0,38.9,23.2,66.0,1016.9
2025-03-14T06:01:14.544000+00:00,9687,121,1254,3.2,0,38.5,23.2,67.0,1016.8
2025-03-14T06:02:14.532000+00:00,9687,141,1254,1.0,0,37.8,23.1,68.0,1016.7
2025-03-14T06:03:14.546000+00:00,9687,148,1254,1.9,0,37.9,22.9,67.0,1016.8
2025-03-14T06:04:14.546000+00:00,9687,105,1254,1.1,0,37.9,22.9,68.0,1016.9
2025-03-14T06:05:14.544000+00:00,9687,109,1254,1.3,0,37.7,22.9,67.0,1016.8
2025-03-15T01:19:21.607000+00:00,9688,265,1254,0.8,0,36.5,31.5,45.0,1014.0
2025-03-15T01:20:21.606000+00:00,9688,264,1254,1.0,0,37.3,31.6,45.0,1014.0
2025-03-15T01:21:21.632000+00:00,9688,245,1254,1.2,0,38.0,31.6,45.0,1014.0
2025-03-15T01:22:21.638000+00:00,9688,301,1254,1.4,0,38.3,31.6,46.0,1013.9
2025-03-15T01:23:21.638000+00:00,9688,132,1254,0.4,0,38.8,31.5,46.0,1013.8
2025-03-15T01:24:21.653000+00:00,9688,0,1254,1.0,0,38.8,31.4,45.0,1013.9
2025-03-15T01:25:21.638000+00:00,9688,0,1254,0.9,0,39.0,31.5,46.0,1013.9
2025-03-15T01:26:21.643000+00:00,9688,0,1254,0.6,0,39.3,31.5,46.0,1013.9
2025-03-15T01:27:21.659000+00:00,9688,251,1254,0.4,0,39.2,31.5,46.0,1013.9
2025-03-15T01:28:21.658000+00:00,9688,101,1254,1.0,0,39.3,31.5,46.0,1013.8
2025-03-15T01:29:21.657000+00:00,9688,0,1254,0.3,0,39.5,31.5,46.0,1013.8
2025-03-15T01:30:21.658000+00:00,9688,244,1254,1.4,0,39.6,31.4,46.0,1013.8
2025-03-15T01:31:21.658000+00:00,9688,219,1254,1.4,0,39.5,31.4,48.0,1013.8
2025-03-15T01:32:21.745000+00:00,9688,0,1254,0.7,0,39.5,31.3,46.0,1013.7
2025-03-15T01:33:21.701000+00:00,9688,223,1254,0.8,0,41.1,31.3,45.0,1013.6
2025-03-15T01:34:21.702000+00:00,9688,226,1254,0.0,0,41.5,31.2,45.0,1013.8
2025-03-15T01:35:21.718000+00:00,9688,315,1254,0.9,0,41.3,31.1,44.0,1013.8
2025-03-15T01:36:21.697000+00:00,9688,128,1254,0.6,0,41.3,31.1,45.0,1013.7
2025-03-15T01:37:21.713000+00:00,9688,105,1254,1.4,0,42.3,31.0,45.0,1013.7
2025-03-15T01:38:21.717000+00:00,9688,90,1254,0.6,0,42.4,30.8,47.0,1013.7
2025-03-15T01:39:21.720000+00:00,9688,72,1254,0.6,0,42.5,30.7,47.0,1013.6
2025-03-15T01:40:21.707000+00:00,9688,0,1254,0.8,0,42.5,30.6,48.0,1013.5
2025-03-15T01:41:21.727000+00:00,9688,122,1254,0.4,0,42.4,30.5,46.0,1013.5
2025-03-15T01:42:21.753000+00:00,9688,64,1254,1.0,0,41.8,30.4,49.0,1013.6
2025-03-15T01:43:21.748000+00:00,9688,268,1254,0.9,0,41.5,30.3,50.0,1013.6
2025-03-15T01:44:21.758000+00:00,9688,247,1254,0.6,0,41.0,30.1,50.0,1013.6
2025-03-15T01:45:21.748000+00:00,9688,104,1254,1.4,0,41.0,29.9,52.0,1013.6
2025-03-15T01:46:21.768000+00:00,9688,191,1254,1.0,0,40.1,29.7,52.0,1013.5
2025-03-15T01:47:21.765000+00:00,9688,240,1254,0.8,0,40.1,29.5,52.0,1013.6
2025-03-15T01:48:21.770000+00:00,9688,228,1254,1.1,0,40.1,29.4,53.0,1013.5
2025-03-15T01:49:21.767000+00:00,9688,333,1254,0.7,0,39.9,29.1,53.0,1013.5
2025-03-15T01:50:21.771000+00:00,9688,191,1254,0.7,0,39.9,28.8,53.0,1013.5
2025-03-15T01:51:21.782000+00:00,9688,105,1254,0.6,0,40.7,28.6,54.0,1013.4
2025-03-15T01:52:21.768000+00:00,9688,109,1254,1.0,0,40.7,28.5,53.0,1013.4
2025-03-15T01:53:21.784000+00:00,9688,185,1254,0.6,0,41.1,28.5,53.0,1013.4
2025-03-15T01:54:21.800000+00:00,9688,204,1254,0.7,0,41.4,28.4,53.0,1013.4
2025-03-15T01:55:21.801000+00:00,9688,83,1254,0.6,0,41.2,28.5,53.0,1013.4
2025-03-15T01:56:21.807000+00:00,9688,107,1254,0.4,0,41.2,28.6,52.0,1013.4
2025-03-15T01:57:21.801000+00:00,9688,110,1254,1.3,0,42.7,28.8,52.0,1013.4
2025-03-15T01:58:21.804000+00:00,9688,117,1254,1.6,0,42.4,28.9,53.0,1013.4
2025-03-15T01:59:21.807000+00:00,9688,122,1254,0.5,0,42.4,28.8,52.0,1013.4
2025-03-15T02:00:21.803000+00:00,9688,0,1254,1.1,0,42.6,28.8,53.0,1013.3
2025-03-15T02:01:21.807000+00:00,9688,154,1254,0.5,0,42.1,28.8,52.0,1013.4
2025-03-15T02:02:21.792000+00:00,9688,106,1254,0.4,0,42.1,28.9,51.0,1013.2
2025-03-15T02:03:21.792000+00:00,9688,100,1254,1.1,0,42.1,28.9,51.0,1013.2
2025-03-15T02:04:21.810000+00:00,9688,121,1254,1.2,0,42.8,29.0,52.0,1013.3
2025-03-15T02:05:21.806000+00:00,9688,97,1254,1.0,0,42.3,29.1,50.0,1013.3
2025-03-15T02:06:21.811000+00:00,9688,48,1254,0.6,0,42.1,29.2,52.0,1013.3
2025-03-15T02:07:21.794000+00:00,9688,244,1254,0.3,0,42.1,29.2,52.0,1013.2
2025-03-15T02:08:21.799000+00:00,9688,325,1254,0.0,0,42.1,29.1,52.0,1013.3
2025-03-15T02:09:21.812000+00:00,9688,272,1254,0.5,0,41.7,29.1,51.0,1013.2
2025-03-15T02:10:21.798000+00:00,9688,230,1254,0.5,0,42.7,29.1,50.0,1013.3
2025-03-15T02:11:21.813000+00:00,9688,146,1254,0.9,0,42.0,29.0,52.0,1013.2
2025-03-15T02:12:21.812000+00:00,9688,65,1254,0.6,0,41.3,29.0,53.0,1013.2
2025-03-15T02:13:21.834000+00:00,9688,0,1254,0.6,0,41.4,28.8,54.0,1013.2
2025-03-15T02:14:21.850000+00:00,9688,121,1254,0.8,0,41.4,28.8,52.0,1013.3
2025-03-15T02:15:21.858000+00:00,9688,222,1254,1.4,0,40.9,28.7,52.0,1013.2
2025-03-15T02:16:21.847000+00:00,9688,101,1254,0.5,0,40.2,28.6,52.0,1013.2
2025-03-15T02:17:21.863000+00:00,9688,263,1254,0.5,0,39.7,28.5,53.0,1013.1
2025-03-15T02:18:21.862000+00:00,9688,0,1254,1.2,0,40.6,28.4,53.0,1013.2
2025-03-15T02:19:21.882000+00:00,9688,127,1254,0.5,0,40.6,28.2,54.0,1013.1
2025-03-15T02:20:21.923000+00:00,9688,132,1254,0.8,0,40.2,28.2,55.0,1013.1
2025-03-15T02:21:21.898000+00:00,9688,131,1254,1.1,0,39.9,28.1,54.0,1013.0
2025-03-15T02:22:21.901000+00:00,9688,113,1254,1.0,0,39.8,27.9,55.0,1013.1
2025-03-15T02:23:21.926000+00:00,9688,89,1254,0.6,0,39.9,27.9,55.0,1013.0
2025-03-15T02:24:21.945000+00:00,9688,120,1254,1.4,0,40.2,27.8,53.0,1013.0
2025-03-15T02:25:21.922000+00:00,9688,112,1254,1.1,0,40.2,27.8,54.0,1013.0
2025-03-15T02:26:21.928000+00:00,9688,167,1254,0.0,0,41.2,27.9,53.0,1013.0
2025-03-15T02:27:21.944000+00:00,9688,118,1254,0.8,0,41.4,28.0,51.0,1012.9
2025-03-15T02:28:21.929000+00:00,9688,105,1254,1.1,0,41.4,28.1,50.0,1012.9
2025-03-15T02:29:21.947000+00:00,9688,0,1254,0.3,0,41.6,28.3,50.0,1012.9
2025-03-15T02:30:21.956000+00:00,9688,148,1254,0.8,0,41.5,28.4,49.0,1012.8
2025-03-15T02:31:21.949000+00:00,9688,153,1254,0.5,0,40.8,28.4,49.0,1012.8
2025-03-15T02:32:21.952000+00:00,9688,160,1254,0.5,0,40.5,28.4,49.0,1012.8
2025-03-15T02:33:21.944000+00:00,9688,0,1254,0.5,0,40.7,28.5,49.0,1012.7
2025-03-15T02:34:21.949000+00:00,9688,0,1254,0.7,0,40.5,28.5,50.0,1012.7
2025-03-15T02:35:21.958000+00:00,9688,165,1254,0.0,0,40.4,28.5,50.0,1012.7
2025-03-15T02:36:21.943000+00:00,9688,0,1254,0.7,0,40.4,28.6,51.0,1012.7
2025-03-21T03:16:06.682000+00:00,9988,237,1255,2.5,0,32.8,22.1,23.0,1020.8
2025-03-21T03:17:06.709000+00:00,9988,245,1255,2.8,0,32.6,22.1,23.0,1020.7
2025-03-21T03:18:06.709000+00:00,9988,235,1255,2.7,0,33.0,22.1,22.0,1020.9
2025-03-21T03:19:06.726000+00:00,9988,249,1255,1.8,0,33.0,22.1,22.0,1020.8
2025-03-21T03:20:06.751000+00:00,9988,236,1255,1.9,0,33.1,22.2,22.0,1020.8
2025-03-21T03:21:06.748000+00:00,9988,253,1255,3.4,0,33.4,22.2,22.0,1020.8
2025-03-21T03:22:06.755000+00:00,9988,240,1255,4.0,0,33.2,22.3,22.0,1020.8
2025-03-21T03:23:06.760000+00:00,9988,242,1255,4.2,0,33.2,22.2,22.0,1020.9
2025-03-21T03:24:06.770000+00:00,9988,249,1255,3.8,0,32.8,22.3,22.0,1020.9
2025-03-21T03:25:06.777000+00:00,9988,242,1255,4.1,0,33.0,22.3,20.0,1020.8
2025-03-21T03:26:06.760000+00:00,9988,227,1255,3.9,0,33.2,22.3,20.0,1020.8
2025-03-21T03:27:06.770000+00:00,9988,236,1255,5.1,0,33.3,22.4,19.0,1020.7
2025-03-21T03:28:06.780000+00:00,9988,231,1255,3.2,0,33.5,22.4,20.0,1020.7
2025-03-21T03:29:06.817000+00:00,9988,211,1255,4.2,0,33.5,22.3,20.0,1020.7
2025-03-21T03:30:06.800000+00:00,9988,234,1255,2.2,0,33.7,22.3,20.0,1020.7
2025-03-21T03:31:06.806000+00:00,9988,245,1255,3.7,0,33.8,22.4,20.0,1020.6
2025-03-21T03:32:06.892000+00:00,9988,237,1255,2.4,0,33.9,22.4,20.0,1020.7
2025-03-21T03:33:06.807000+00:00,9988,236,1255,3.0,0,34.1,22.5,20.0,1020.6
2025-03-21T03:34:06.810000+00:00,9988,207,1255,3.5,0,34.2,22.5,21.0,1020.6
2025-03-21T03:35:06.817000+00:00,9988,0,1255,1.4,0,34.2,22.5,21.0,1020.6
2025-03-21T03:36:06.818000+00:00,9988,230,1255,1.5,0,34.4,22.5,21.0,1020.6
2025-03-21T03:37:06.824000+00:00,9988,251,1255,2.1,0,34.5,22.8,22.0,1020.6
2025-03-21T03:38:06.849000+00:00,9988,230,1255,2.6,0,34.5,22.8,22.0,1020.5
2025-03-21T03:39:06.835000+00:00,9988,220,1255,2.0,0,34.6,22.8,22.0,1020.6
2025-03-21T03:40:06.853000+00:00,9988,265,1255,1.0,0,34.7,22.8,22.0,1020.4
2025-03-21T03:41:06.861000+00:00,9988,118,1255,1.3,0,35.0,22.7,22.0,1020.6
2025-03-21T03:42:06.875000+00:00,9988,200,1255,1.6,0,35.0,22.5,21.0,1020.5
2025-03-21T03:43:06.876000+00:00,9988,263,1255,1.8,0,35.1,22.6,20.0,1020.5
2025-03-21T03:44:06.890000+00:00,9988,230,1255,1.1,0,35.4,22.7,20.0,1020.5
2025-03-21T03:45:06.895000+00:00,9988,207,1255,1.3,0,35.5,22.8,18.0,1020.4
2025-03-21T03:46:06.896000+00:00,9988,213,1255,1.0,0,35.5,23.0,19.0,1020.5
2025-03-21T03:47:06.901000+00:00,9988,213,1255,1.2,0,35.6,23.0,19.0,1020.5
2025-03-21T03:48:06.900000+00:00,9988,209,1255,1.9,0,35.6,23.0,18.0,1020.5
2025-03-21T03:49:06.898000+00:00,9988,102,1255,2.1,0,35.8,22.9,19.0,1020.4
2025-03-21T03:50:06.897000+00:00,9988,238,1255,1.9,0,35.8,22.8,19.0,1020.4
2025-03-21T03:51:06.896000+00:00,9988,233,1255,3.6,0,36.0,22.8,18.0,1020.3
2025-03-21T03:52:06.898000+00:00,9988,237,1255,1.5,0,36.0,22.8,18.0,1020.4
2025-03-21T03:53:06.899000+00:00,9988,230,1255,3.9,0,36.1,22.8,19.0,1020.3
2025-03-21T03:54:06.899000+00:00,9988,239,1255,2.8,0,36.2,22.8,19.0,1020.3
2025-03-21T03:55:06.903000+00:00,9988,231,1255,3.3,0,36.4,22.8,19.0,1020.3
2025-03-21T03:56:06.902000+00:00,9988,268,1255,2.0,0,36.6,22.8,19.0,1020.2
2025-03-21T03:57:06.901000+00:00,9988,239,1255,2.9,0,36.7,22.8,19.0,1020.2
2025-03-21T03:58:06.901000+00:00,9988,249,1255,3.3,0,36.7,22.9,19.0,1020.3
2025-03-21T03:59:06.901000+00:00,9988,234,1255,4.6,0,36.8,22.8,19.0,1020.3
2025-03-21T04:00:06.902000+00:00,9988,246,1255,3.6,0,36.8,22.9,19.0,1020.3
2025-03-21T04:01:06.899000+00:00,9988,237,1255,4.2,0,36.8,22.9,18.0,1020.4
2025-03-21T04:02:06.903000+00:00,9988,240,1255,4.1,0,36.9,22.9,18.0,1020.3
2025-03-21T04:03:06.920000+00:00,9988,207,1255,4.0,0,36.9,22.8,19.0,1020.4
2025-03-21T04:04:06.932000+00:00,9988,200,1255,2.3,0,37.1,22.8,20.0,1020.3
2025-03-21T04:05:06.931000+00:00,9988,153,1255,2.4,0,37.2,22.9,20.0,1020.2
2025-03-21T04:06:06.939000+00:00,9988,237,1255,1.0,0,37.4,22.8,20.0,1020.2
2025-03-21T04:07:06.947000+00:00,9988,290,1255,1.1,0,37.5,22.8,19.0,1020.2
2025-03-21T04:08:06.955000+00:00,9988,271,1255,1.1,0,37.5,22.9,19.0,1020.2
2025-03-21T04:09:06.954000+00:00,9988,255,1255,1.9,0,37.8,22.9,20.0,1020.2
2025-03-21T04:10:06.973000+00:00,9988,241,1255,2.7,0,37.8,22.9,19.0,1020.2
2025-03-21T04:11:06.973000+00:00,9988,239,1255,3.7,0,37.5,23.0,18.0,1020.2
2025-03-21T04:12:06.981000+00:00,9988,246,1255,4.3,0,37.5,23.0,19.0,1020.2
2025-03-21T04:13:07.021000+00:00,9988,239,1255,4.1,0,37.4,23.0,18.0,1020.2
2025-03-21T04:14:07.035000+00:00,9988,246,1255,3.5,0,37.4,23.0,19.0,1020.1
2025-03-21T04:15:07.035000+00:00,9988,205,1255,3.2,0,37.5,22.9,19.0,1020.1
2025-03-21T04:16:07.043000+00:00,9988,238,1255,3.0,0,37.7,22.8,19.0,1020.1
2025-03-21T04:17:07.041000+00:00,9988,230,1255,3.2,0,37.7,22.8,19.0,1020.2
2025-03-21T04:18:07.041000+00:00,9988,226,1255,3.6,0,37.8,22.9,19.0,1020.0
2025-03-21T04:19:07.047000+00:00,9988,203,1255,3.9,0,37.8,23.0,19.0,1020.2
2025-03-21T04:20:07.062000+00:00,9988,251,1255,2.9,0,38.0,22.9,20.0,1020.0
2025-03-21T04:21:07.077000+00:00,9988,245,1255,4.2,0,38.0,23.0,19.0,1020.0
2025-03-21T04:22:07.089000+00:00,9988,250,1255,3.8,0,38.1,23.0,19.0,1019.8
2025-03-21T04:23:07.088000+00:00,9988,242,1255,3.1,0,38.1,22.9,19.0,1019.9
2025-03-21T04:24:07.092000+00:00,9988,240,1255,3.9,0,38.1,22.9,19.0,1019.8
2025-03-21T04:25:07.087000+00:00,9988,235,1255,3.2,0,38.2,22.8,19.0,1019.7
2025-03-21T04:26:07.136000+00:00,9988,210,1255,1.9,0,38.2,22.8,20.0,1019.9
2025-03-21T04:27:07.140000+00:00,9988,124,1255,1.2,0,38.4,22.9,20.0,1019.8
2025-03-21T04:28:07.243000+00:00,9988,225,1255,0.9,0,38.5,23.1,20.0,1019.8
2025-03-21T04:29:07.203000+00:00,9988,233,1255,1.3,0,38.7,23.2,20.0,1019.8
2025-03-21T04:30:07.220000+00:00,9988,236,1255,2.0,0,38.8,23.3,20.0,1019.8
2025-03-21T04:31:07.223000+00:00,9988,192,1255,2.9,0,38.9,23.2,19.0,1019.8
2025-03-21T04:32:07.238000+00:00,9988,267,1255,1.3,0,38.9,23.1,20.0,1019.8
2025-03-21T04:33:07.238000+00:00,9988,251,1255,2.1,0,39.1,23.3,19.0,1019.8
2025-03-21T04:34:07.263000+00:00,9988,235,1255,3.3,0,39.2,23.4,18.0,1019.8
2025-03-21T04:35:07.256000+00:00,9988,255,1255,3.4,0,39.1,23.4,19.0,1019.8
2025-03-21T04:36:07.265000+00:00,9988,251,1255,3.6,0,39.1,23.4,19.0,1019.8
2025-03-21T04:37:07.267000+00:00,9988,239,1255,3.6,0,39.1,23.3,18.0,1019.8
2025-03-15T04:48:22.537000+00:00,9689,0,1254,0.7,0,40.5,32.5,41.0,1009.9
2025-03-15T04:49:22.554000+00:00,9689,233,1254,0.7,0,40.5,32.5,41.0,1009.8
2025-03-15T04:50:22.542000+00:00,9689,198,1254,1.4,0,40.8,32.5,41.0,1009.9
2025-03-15T04:51:22.555000+00:00,9689,224,1254,0.6,0,41.1,32.5,41.0,1009.8
2025-03-15T04:52:22.556000+00:00,9689,247,1254,0.4,0,41.2,32.5,41.0,1009.8
2025-03-15T04:53:22.541000+00:00,9689,218,1254,1.3,0,40.7,32.6,42.0,1009.8
2025-03-15T04:54:22.548000+00:00,9689,268,1254,1.0,0,40.1,32.5,45.0,1009.8
2025-03-15T04:55:22.558000+00:00,9689,190,1254,1.6,0,39.0,32.5,47.0,1009.7
2025-03-15T04:56:22.559000+00:00,9689,274,1254,1.4,0,38.6,32.4,48.0,1009.8
2025-03-15T04:57:22.558000+00:00,9689,270,1254,1.3,0,38.1,32.3,49.0,1009.8
2025-03-15T04:58:22.562000+00:00,9689,276,1254,1.3,0,38.4,32.0,51.0,1009.7
2025-03-15T04:59:22.561000+00:00,9689,322,1254,0.6,0,38.7,31.7,51.0,1009.7
2025-03-15T05:00:22.546000+00:00,9689,218,1254,0.9,0,39.3,31.5,50.0,1009.7
2025-03-15T05:01:22.568000+00:00,9689,226,1254,1.0,0,39.1,31.3,50.0,1009.8
2025-03-15T05:02:22.563000+00:00,9689,270,1254,1.5,0,39.1,30.7,52.0,1009.6
2025-03-15T05:03:22.571000+00:00,9689,261,1254,1.4,0,39.5,30.4,53.0,1009.6
2025-03-15T05:04:22.580000+00:00,9689,262,1254,1.9,0,40.2,30.1,53.0,1009.7
2025-03-15T05:05:22.581000+00:00,9689,273,1254,1.2,0,40.5,29.9,54.0,1009.6
2025-03-15T05:06:22.581000+00:00,9689,236,1254,1.2,0,41.5,29.9,53.0,1009.6
2025-03-15T05:07:22.599000+00:00,9689,232,1254,1.5,0,41.5,29.8,51.0,1009.6
2025-03-15T05:08:22.614000+00:00,9689,159,1254,1.0,0,40.2,29.8,52.0,1009.5
2025-03-15T05:09:22.615000+00:00,9689,204,1254,0.4,0,40.2,29.7,52.0,1009.5
2025-03-15T05:10:22.617000+00:00,9689,149,1254,1.1,0,40.2,29.7,50.0,1009.5
2025-03-15T05:11:22.602000+00:00,9689,0,1254,0.6,0,40.2,29.7,51.0,1009.5
2025-03-15T05:12:22.617000+00:00,9689,192,1254,0.5,0,40.7,29.6,51.0,1009.5
2025-03-15T05:13:22.649000+00:00,9689,171,1254,0.9,0,40.7,29.8,50.0,1009.5
2025-03-15T05:14:22.670000+00:00,9689,0,1254,0.0,0,40.4,29.9,49.0,1009.5
2025-03-15T05:15:22.666000+00:00,9689,164,1254,0.0,0,40.7,30.0,48.0,1009.4
2025-03-15T05:16:22.668000+00:00,9689,302,1254,0.6,0,41.3,30.1,49.0,1009.4
2025-03-15T05:17:22.671000+00:00,9689,0,1254,0.4,0,41.3,30.1,49.0,1009.4
2025-03-15T05:18:22.701000+00:00,9689,163,1254,0.0,0,41.7,30.1,48.0,1009.4
2025-03-15T05:19:22.701000+00:00,9689,271,1254,0.8,0,41.6,30.3,47.0,1009.5
2025-03-15T05:20:22.686000+00:00,9689,268,1254,1.4,0,41.6,30.4,47.0,1009.4
2025-03-15T05:21:22.702000+00:00,9689,278,1254,1.1,0,40.1,30.5,48.0,1009.5
2025-03-15T05:22:22.704000+00:00,9689,253,1254,1.9,0,40.1,30.5,49.0,1009.4
2025-03-15T05:23:22.690000+00:00,9689,270,1254,2.4,0,40.1,30.3,50.0,1009.4
2025-03-15T05:24:22.690000+00:00,9689,265,1254,2.0,0,39.3,30.0,54.0,1009.4
2025-03-15T05:25:22.708000+00:00,9689,263,1254,1.4,0,39.0,29.7,56.0,1009.3
2025-03-15T05:26:22.736000+00:00,9689,271,1254,1.7,0,38.8,29.5,57.0,1009.4
2025-03-15T05:27:22.754000+00:00,9689,261,1254,1.9,0,38.8,29.3,56.0,1009.5
2025-03-15T05:28:22.755000+00:00,9689,253,1254,1.8,0,39.0,29.1,54.0,1009.5
2025-03-15T05:29:22.786000+00:00,9689,240,1254,1.1,0,39.5,28.9,53.0,1009.4
2025-03-15T05:30:22.803000+00:00,9689,282,1254,0.8,0,40.0,28.7,52.0,1009.4
2025-03-15T05:31:22.808000+00:00,9689,262,1254,1.2,0,40.3,28.5,52.0,1009.4
2025-03-15T05:32:22.820000+00:00,9689,132,1254,0.5,0,40.2,28.5,51.0,1009.3
2025-03-15T05:33:22.824000+00:00,9689,0,1254,0.4,0,40.2,28.6,50.0,1009.2
2025-03-15T05:34:22.821000+00:00,9689,142,1254,1.1,0,40.9,28.7,51.0,1009.3
2025-03-15T05:35:22.820000+00:00,9689,192,1254,0.6,0,41.4,28.8,50.0,1009.2
2025-03-15T05:36:22.842000+00:00,9689,0,1254,0.4,0,41.5,28.9,49.0,1009.3
2025-03-15T05:37:22.840000+00:00,9689,0,1254,0.0,0,41.3,29.0,47.0,1009.2
2025-03-15T05:38:22.841000+00:00,9689,127,1254,0.0,0,41.5,29.2,47.0,1009.2
2025-03-15T05:39:22.842000+00:00,9689,146,1254,0.4,0,41.5,29.3,46.0,1009.2
2025-03-15T05:40:22.843000+00:00,9689,0,1254,0.9,0,41.4,29.4,46.0,1009.3
2025-03-15T05:41:22.842000+00:00,9689,0,1254,0.0,0,41.7,29.5,41.0,1009.1
2025-03-15T05:42:22.843000+00:00,9689,323,1254,0.0,0,41.9,29.5,40.0,1009.1
2025-03-15T05:43:22.844000+00:00,9689,0,1254,0.0,0,41.9,29.7,40.0,1009.2
2025-03-15T05:44:22.844000+00:00,9689,0,1254,0.0,0,41.8,29.8,40.0,1009.1
2025-03-15T05:45:22.847000+00:00,9689,0,1254,0.5,0,41.7,29.9,40.0,1009.1
2025-03-15T05:46:22.846000+00:00,9689,0,1254,0.0,0,41.2,30.0,40.0,1009.3
2025-03-15T05:47:22.847000+00:00,9689,150,1254,0.0,0,41.0,30.0,40.0,1009.1
2025-03-15T05:48:22.847000+00:00,9689,156,1254,1.0,0,41.1,30.1,40.0,1009.1
2025-03-15T05:49:22.833000+00:00,9689,0,1254,0.3,0,41.0,30.1,41.0,1009.0
2025-03-15T05:50:22.852000+00:00,9689,143,1254,0.7,0,40.6,30.1,40.0,1009.1
2025-03-15T05:51:22.865000+00:00,9689,100,1254,0.4,0,40.6,30.2,40.0,1009.1
2025-03-15T05:52:22.866000+00:00,9689,0,1254,0.4,0,40.6,30.2,39.0,1009.1
2025-03-15T05:53:22.851000+00:00,9689,314,1254,0.0,0,41.3,30.3,39.0,1009.0
2025-03-15T05:54:22.852000+00:00,9689,0,1254,0.4,0,41.3,30.4,38.0,1009.0
2025-03-15T05:55:22.868000+00:00,9689,0,1254,0.0,0,41.0,30.6,38.0,1008.9
2025-03-15T05:56:22.867000+00:00,9689,0,1254,0.0,0,40.9,30.9,37.0,1008.9
2025-03-15T05:57:22.870000+00:00,9689,0,1254,0.0,0,40.8,31.0,36.0,1009.0
2025-03-15T05:58:22.871000+00:00,9689,0,1254,0.0,0,40.5,31.1,36.0,1008.9
2025-03-15T05:59:22.872000+00:00,9689,105,1254,0.4,0,40.5,31.2,34.0,1009.0
2025-03-15T06:00:22.908000+00:00,9689,0,1254,0.4,0,40.7,31.2,36.0,1008.9
2025-03-15T06:01:22.889000+00:00,9689,140,1254,0.5,0,40.7,31.3,35.0,1008.8
2025-03-15T06:02:22.899000+00:00,9689,161,1254,0.7,0,40.7,31.4,36.0,1008.9
2025-03-21T07:18:08.035000+00:00,9989,238,1255,3.7,0,38.7,24.9,14.0,1017.9
2025-03-21T07:19:08.034000+00:00,9989,236,1255,2.4,0,38.6,24.8,15.0,1017.9
2025-03-21T07:20:08.042000+00:00,9989,230,1255,2.5,0,38.7,24.8,16.0,1017.8
2025-03-21T07:21:08.033000+00:00,9989,248,1255,2.4,0,38.7,24.7,16.0,1017.8
2025-03-21T07:22:08.047000+00:00,9989,244,1255,1.9,0,38.7,24.7,16.0,1017.8
2025-03-21T07:23:08.030000+00:00,9989,237,1255,2.8,0,38.7,24.8,14.0,1018.0
2025-03-21T07:24:08.043000+00:00,9989,242,1255,4.0,0,38.7,24.8,14.0,1017.9
2025-03-21T07:25:08.052000+00:00,9989,244,1255,2.7,0,38.3,24.8,14.0,1017.9
2025-03-21T07:26:08.051000+00:00,9989,238,1255,3.8,0,38.3,24.9,14.0,1017.9
2025-03-21T07:27:08.043000+00:00,9989,240,1255,3.9,0,38.2,24.8,14.0,1017.9
2025-03-21T07:28:08.036000+00:00,9989,233,1255,3.4,0,38.2,24.8,14.0,1018.0
2025-03-21T07:29:08.067000+00:00,9989,232,1255,3.1,0,38.0,24.9,15.0,1017.9
2025-03-21T07:30:08.051000+00:00,9989,239,1255,2.7,0,38.0,24.9,15.0,1017.9
2025-03-21T07:31:08.051000+00:00,9989,222,1255,2.6,0,38.1,24.8,15.0,1017.9
2025-03-21T07:32:08.047000+00:00,9989,245,1255,2.2,0,38.0,24.8,14.0,1017.8
2025-03-21T07:33:08.054000+00:00,9989,253,1255,2.9,0,38.0,24.8,15.0,1017.9
2025-03-21T07:34:08.057000+00:00,9989,247,1255,3.0,0,37.8,24.8,15.0,1017.9
2025-03-21T07:35:08.084000+00:00,9989,231,1255,2.6,0,37.7,24.8,15.0,1017.9
2025-03-21T07:36:08.105000+00:00,9989,288,1255,2.4,0,37.7,24.8,15.0,1017.9
2025-03-21T07:37:08.096000+00:00,9989,229,1255,1.8,0,37.7,24.9,14.0,1017.9
2025-03-21T07:38:08.120000+00:00,9989,246,1255,2.1,0,37.5,24.9,14.0,1017.9
2025-03-21T07:39:08.133000+00:00,9989,246,1255,2.7,0,37.4,24.9,14.0,1017.8
2025-03-21T07:40:08.152000+00:00,9989,249,1255,3.2,0,37.3,24.9,14.0,1017.8
2025-03-21T07:41:08.149000+00:00,9989,245,1255,2.8,0,37.3,24.9,15.0,1017.8
2025-03-21T07:42:08.160000+00:00,9989,214,1255,3.8,0,37.2,24.9,14.0,1017.8
2025-03-21T07:43:08.178000+00:00,9989,239,1255,2.9,0,37.2,24.9,15.0,1017.8
2025-03-21T07:44:08.175000+00:00,9989,239,1255,1.6,0,37.0,25.0,15.0,1017.8
2025-03-21T07:45:08.191000+00:00,9989,241,1255,2.8,0,37.0,24.9,15.0,1017.8
2025-03-21T07:46:08.176000+00:00,9989,241,1255,2.2,0,36.9,24.9,15.0,1017.9
2025-03-21T07:47:08.181000+00:00,9989,234,1255,2.7,0,36.9,24.9,15.0,1017.9
2025-03-21T07:48:08.177000+00:00,9989,235,1255,2.4,0,36.9,24.9,15.0,1017.9
2025-03-21T07:49:08.182000+00:00,9989,246,1255,3.2,0,36.9,24.9,14.0,1017.8
2025-03-21T07:50:08.186000+00:00,9989,224,1255,3.5,0,36.8,24.9,14.0,1017.9
2025-03-21T07:51:08.186000+00:00,9989,238,1255,3.9,0,36.7,24.9,14.0,1018.0
2025-03-21T07:52:08.194000+00:00,9989,239,1255,3.4,0,36.6,25.0,14.0,1018.0
2025-03-21T07:53:08.198000+00:00,9989,243,1255,4.4,0,36.5,24.9,13.0,1017.9
2025-03-21T07:54:08.183000+00:00,9989,250,1255,4.2,0,36.3,24.9,13.0,1017.9
2025-03-21T07:55:08.183000+00:00,9989,226,1255,3.8,0,36.2,24.9,13.0,1017.9
2025-03-21T07:56:08.190000+00:00,9989,230,1255,4.3,0,36.1,24.8,13.0,1017.9
2025-03-21T07:57:08.212000+00:00,9989,239,1255,2.5,0,36.1,24.7,14.0,1017.9
2025-03-21T07:58:08.203000+00:00,9989,240,1255,2.5,0,36.2,24.7,13.0,1017.9
2025-03-21T07:59:08.233000+00:00,9989,248,1255,4.0,0,36.1,24.6,13.0,1017.9
2025-03-21T08:00:08.223000+00:00,9989,240,1255,4.5,0,36.0,24.6,12.0,1018.0
2025-03-21T08:01:08.250000+00:00,9989,224,1255,1.7,0,35.9,24.6,13.0,1017.9
2025-03-21T08:02:08.239000+00:00,9989,250,1255,2.0,0,35.8,24.7,13.0,1017.9
2025-03-21T08:03:08.240000+00:00,9989,237,1255,3.3,0,35.8,24.7,12.0,1017.9
2025-03-21T08:04:08.245000+00:00,9989,234,1255,3.3,0,35.6,24.7,13.0,1018.0
2025-03-21T08:05:08.261000+00:00,9989,226,1255,3.3,0,35.5,24.6,13.0,1017.9
2025-03-21T08:06:08.245000+00:00,9989,237,1255,3.5,0,35.4,24.6,14.0,1017.9
2025-03-21T08:07:08.238000+00:00,9989,222,1255,4.6,0,35.3,24.6,13.0,1017.9
2025-03-21T08:08:08.242000+00:00,9989,239,1255,3.3,0,35.2,24.6,14.0,1018.0
2025-03-21T08:09:08.248000+00:00,9989,239,1255,3.5,0,35.2,24.6,13.0,1017.9
2025-03-21T08:10:08.249000+00:00,9989,230,1255,3.3,0,35.1,24.6,13.0,1018.0
2025-03-21T08:11:08.260000+00:00,9989,242,1255,4.0,0,35.1,24.6,12.0,1018.0
2025-03-21T08:12:08.277000+00:00,9989,236,1255,4.8,0,35.1,24.6,11.0,1017.9
2025-03-21T08:13:08.299000+00:00,9989,213,1255,3.4,0,34.7,24.6,13.0,1018.0
2025-03-21T08:14:08.297000+00:00,9989,236,1255,1.2,0,34.7,24.6,13.0,1018.0
2025-03-21T08:15:08.300000+00:00,9989,265,1255,1.5,0,34.7,24.6,13.0,1018.1
2025-03-21T08:16:08.312000+00:00,9989,246,1255,1.6,0,34.6,24.6,13.0,1018.0
2025-03-21T08:17:08.333000+00:00,9989,242,1255,1.5,0,34.6,24.6,13.0,1017.9
2025-03-16T03:07:30.394000+00:00,9693,211,1254,2.6,1,18.8,15.8,91.0,1009.2
2025-03-16T03:08:30.395000+00:00,9693,273,1254,2.6,1,18.8,15.7,92.0,1009.2
2025-03-16T03:09:30.381000+00:00,9693,271,1254,2.2,1,18.8,15.7,92.0,1009.0
2025-03-16T03:10:30.395000+00:00,9693,261,1254,5.3,1,18.8,15.7,90.0,1009.1
2025-03-16T03:11:30.396000+00:00,9693,246,1254,5.6,1,18.8,15.7,90.0,1009.4
2025-03-16T03:12:30.385000+00:00,9693,264,1254,3.9,1,18.8,15.6,90.0,1009.2
2025-03-16T03:13:30.400000+00:00,9693,283,1254,4.8,1,18.8,15.6,90.0,1009.2
2025-03-16T03:14:30.385000+00:00,9693,267,1254,3.2,1,18.8,15.6,90.0,1009.1
2025-03-16T03:15:30.401000+00:00,9693,252,1254,3.7,1,18.7,15.6,90.0,1009.3
2025-03-16T03:16:30.403000+00:00,9693,274,1254,3.4,0,18.7,15.6,89.0,1009.1
2025-03-16T03:17:30.402000+00:00,9693,265,1254,4.4,0,18.7,15.6,89.0,1009.3
2025-03-16T03:18:30.425000+00:00,9693,269,1254,4.6,0,18.7,15.6,89.0,1009.1
2025-03-16T03:19:30.433000+00:00,9693,264,1254,4.3,0,18.7,15.6,88.0,1009.2
2025-03-16T03:20:30.444000+00:00,9693,275,1254,5.1,0,18.7,15.6,88.0,1009.1
2025-03-16T03:21:30.430000+00:00,9693,254,1254,3.8,0,18.7,15.6,88.0,1009.4
2025-03-16T03:22:30.449000+00:00,9693,256,1254,3.2,0,18.7,15.7,88.0,1009.3
2025-03-16T03:23:30.451000+00:00,9693,261,1254,3.7,0,18.7,15.7,88.0,1009.2
2025-03-16T03:24:30.440000+00:00,9693,267,1254,2.9,0,18.7,15.6,88.0,1009.2
2025-03-16T03:25:30.428000+00:00,9693,265,1254,5.6,0,18.7,15.6,87.0,1009.1
2025-03-16T03:26:30.433000+00:00,9693,258,1254,4.1,0,18.7,15.6,87.0,1009.2
2025-03-16T03:27:30.461000+00:00,9693,268,1254,4.1,0,18.7,15.6,87.0,1009.3
2025-03-16T03:28:30.450000+00:00,9693,245,1254,4.5,0,18.7,15.6,87.0,1009.3
2025-03-16T03:29:30.462000+00:00,9693,267,1254,6.6,0,18.7,15.6,87.0,1009.3
2025-03-16T03:30:30.480000+00:00,9693,280,1254,5.3,0,18.7,15.6,86.0,1009.4
2025-03-16T03:31:30.476000+00:00,9693,257,1254,4.0,1,18.7,15.5,86.0,1009.2
2025-03-16T03:32:30.491000+00:00,9693,267,1254,6.9,1,18.7,15.4,86.0,1009.3
2025-03-16T03:33:30.507000+00:00,9693,269,1254,5.1,1,18.7,15.4,87.0,1009.6
2025-03-16T03:34:30.534000+00:00,9693,255,1254,5.9,1,18.7,15.4,88.0,1009.3
2025-03-16T03:35:30.538000+00:00,9693,249,1254,4.4,1,18.7,15.3,87.0,1009.4
2025-03-16T03:36:30.588000+00:00,9693,254,1254,4.3,1,18.7,15.3,88.0,1009.5
2025-03-16T03:37:30.536000+00:00,9693,257,1254,4.0,1,18.7,15.2,88.0,1009.8
2025-03-16T03:38:30.538000+00:00,9693,250,1254,3.3,1,18.5,15.1,87.0,1009.5
2025-03-16T03:39:30.540000+00:00,9693,250,1254,6.0,0,18.5,15.1,87.0,1009.8
2025-03-16T03:40:30.543000+00:00,9693,255,1254,3.0,0,18.5,15.1,87.0,1009.7
2025-03-16T03:41:30.544000+00:00,9693,261,1254,5.9,1,18.5,15.1,87.0,1009.6
2025-03-16T03:42:30.540000+00:00,9693,261,1254,5.9,1,18.5,15.1,87.0,1009.6
2025-03-16T03:43:30.561000+00:00,9693,249,1254,4.8,1,18.3,15.2,87.0,1009.7
2025-03-16T03:44:30.568000+00:00,9693,263,1254,4.0,1,18.3,15.2,87.0,1009.6
2025-03-16T03:45:30.579000+00:00,9693,263,1254,4.0,1,18.3,15.2,87.0,1009.6
2025-03-16T03:46:30.584000+00:00,9693,285,1254,4.3,1,18.3,15.2,87.0,1009.6
2025-03-16T03:47:30.579000+00:00,9693,264,1254,4.7,1,18.3,15.2,87.0,1009.5
2025-03-16T03:48:30.588000+00:00,9693,221,1254,4.5,1,18.3,15.2,87.0,1009.4
2025-03-16T03:49:30.589000+00:00,9693,258,1254,2.9,0,18.3,15.2,87.0,1009.2
2025-03-16T03:50:30.594000+00:00,9693,250,1254,6.1,0,18.6,15.3,86.0,1009.5
2025-03-16T03:51:30.590000+00:00,9693,250,1254,4.6,0,18.6,15.2,87.0,1009.5
2025-03-16T03:52:30.597000+00:00,9693,253,1254,5.1,0,18.6,15.3,86.0,1009.6
2025-03-16T03:53:30.630000+00:00,9693,280,1254,5.1,0,18.6,15.2,85.0,1009.3
2025-03-16T03:54:30.630000+00:00,9693,286,1254,3.8,0,18.7,15.3,83.0,1009.4
2025-03-16T03:55:30.647000+00:00,9693,268,1254,4.2,0,18.7,15.2,83.0,1009.5
2025-03-16T03:56:30.651000+00:00,9693,277,1254,4.1,0,18.7,15.2,82.0,1009.4
2025-03-16T03:57:30.663000+00:00,9693,259,1254,3.4,0,18.7,15.2,81.0,1009.5
2025-03-16T03:58:30.648000+00:00,9693,276,1254,3.6,0,18.7,15.2,81.0,1009.5
2025-03-16T03:59:30.677000+00:00,9693,269,1254,3.4,0,18.7,15.1,80.0,1009.5
2025-03-16T04:00:30.653000+00:00,9693,273,1254,2.7,0,18.7,15.3,80.0,1009.6
2025-03-16T04:01:30.677000+00:00,9693,295,1254,3.3,0,18.9,15.3,79.0,1009.5
2025-03-16T04:02:30.711000+00:00,9693,285,1254,2.1,0,18.9,15.3,78.0,1009.4
2025-03-16T04:03:30.730000+00:00,9693,271,1254,4.0,0,18.9,15.4,76.0,1009.5
2025-03-16T04:04:30.727000+00:00,9693,256,1254,3.7,0,18.9,15.4,76.0,1009.5
2025-03-16T04:05:30.732000+00:00,9693,297,1254,4.6,0,18.9,15.4,74.0,1009.5
2025-03-16T04:06:30.713000+00:00,9693,275,1254,4.1,0,18.9,15.4,73.0,1009.5
2025-03-16T04:07:30.714000+00:00,9693,282,1254,4.3,0,18.9,15.4,73.0,1009.4
2025-03-16T04:08:30.714000+00:00,9693,263,1254,3.3,0,18.9,15.5,73.0,1009.5
2025-03-16T04:09:30.752000+00:00,9693,281,1254,2.0,0,19.0,15.6,75.0,1009.5
2025-03-16T04:10:30.767000+00:00,9693,208,1254,5.6,0,19.0,15.6,74.0,1009.5
2025-03-16T04:11:30.766000+00:00,9693,249,1254,3.6,0,19.0,15.6,74.0,1009.6
2025-03-16T04:12:30.788000+00:00,9693,286,1254,3.1,0,19.0,15.6,74.0,1009.7
2025-03-16T04:13:30.773000+00:00,9693,254,1254,4.3,0,19.0,15.6,75.0,1009.8
2025-03-16T04:14:30.785000+00:00,9693,257,1254,5.1,0,19.0,15.6,74.0,1009.8
2025-03-16T04:15:30.796000+00:00,9693,230,1254,5.6,0,19.0,15.7,74.0,1009.8
2025-03-16T04:16:30.790000+00:00,9693,254,1254,5.1,0,19.0,15.8,73.0,1009.8
2025-03-16T04:17:30.803000+00:00,9693,257,1254,3.8,0,19.0,15.7,74.0,1009.8
2025-03-16T04:18:30.825000+00:00,9693,253,1254,3.9,0,19.2,15.7,74.0,1010.2
2025-03-16T04:19:30.804000+00:00,9693,268,1254,3.5,0,19.2,15.8,74.0,1010.0
2025-03-16T04:20:30.825000+00:00,9693,264,1254,3.7,0,19.2,15.8,75.0,1009.9
2025-03-16T04:21:30.822000+00:00,9693,251,1254,5.2,1,19.2,15.8,75.0,1010.0
2025-03-16T04:22:30.840000+00:00,9693,301,1254,4.6,1,19.2,15.8,75.0,1009.9
2025-03-16T04:23:30.873000+00:00,9693,263,1254,3.0,0,19.2,15.8,76.0,1009.9
2025-03-16T04:24:30.865000+00:00,9693,266,1254,5.1,1,19.2,15.8,75.0,1010.0
2025-03-16T04:25:30.882000+00:00,9693,270,1254,4.9,1,19.2,15.8,73.0,1009.9
2025-03-16T04:26:30.890000+00:00,9693,278,1254,3.3,1,19.0,15.8,74.0,1009.8
2025-03-16T04:27:30.880000+00:00,9693,273,1254,3.9,1,19.0,15.8,76.0,1009.9
2025-03-16T04:28:30.906000+00:00,9693,264,1254,3.4,1,19.0,15.8,76.0,1009.9
2025-03-16T04:29:30.925000+00:00,9693,260,1254,3.5,1,19.0,15.9,76.0,1010.1
2025-03-16T04:30:30.910000+00:00,9693,260,1254,2.6,0,19.0,15.8,76.0,1009.9
2025-03-16T04:31:30.910000+00:00,9693,265,1254,3.9,0,19.0,15.8,75.0,1010.0
2025-03-16T04:32:30.936000+00:00,9693,258,1254,3.7,0,19.0,15.8,75.0,1009.9
2025-03-16T04:33:30.915000+00:00,9693,262,1254,3.3,0,19.0,15.9,76.0,1010.0
2025-03-16T04:34:30.932000+00:00,9693,255,1254,4.7,0,19.1,15.9,75.0,1009.9
2025-03-16T04:35:30.940000+00:00,9693,241,1254,4.5,0,19.1,15.9,75.0,1009.8
2025-03-16T04:36:30.944000+00:00,9693,288,1254,1.9,0,19.1,15.9,76.0,1010.0
2025-03-16T04:37:30.970000+00:00,9693,209,1254,3.4,0,19.1,15.9,74.0,1009.9
2025-03-16T04:38:30.954000+00:00,9693,282,1254,4.1,0,19.1,15.9,74.0,1010.1
2025-03-16T04:39:30.954000+00:00,9693,253,1254,2.5,0,19.1,15.9,76.0,1010.0
2025-03-16T04:40:30.957000+00:00,9693,239,1254,4.3,0,19.1,15.9,74.0,1010.1
2025-03-16T04:41:30.967000+00:00,9693,259,1254,3.6,0,19.1,16.0,74.0,1010.2
2025-03-16T04:42:30.971000+00:00,9693,217,1254,2.6,0,19.3,16.0,75.0,1010.1
2025-03-16T04:43:30.999000+00:00,9693,240,1254,3.1,0,19.3,15.9,74.0,1010.0
2025-03-16T04:44:30.989000+00:00,9693,254,1254,3.3,0,19.3,16.0,75.0,1010.1
2025-03-16T04:45:31.015000+00:00,9693,175,1254,3.4,1,19.3,16.0,74.0,1010.1
2025-03-16T04:46:31.024000+00:00,9693,268,1254,2.8,1,19.3,16.0,75.0,1010.2
2025-03-16T04:47:31.059000+00:00,9693,250,1254,2.3,0,19.3,16.0,75.0,1009.9
2025-03-16T04:48:31.061000+00:00,9693,245,1254,2.6,1,19.3,16.0,73.0,1010.0
2025-03-16T04:49:31.073000+00:00,9693,268,1254,2.2,1,19.3,16.0,74.0,1010.0
2025-03-16T04:50:31.125000+00:00,9693,249,1254,2.6,1,19.4,16.1,74.0,1009.9
2025-03-16T04:51:31.135000+00:00,9693,282,1254,3.8,1,19.4,16.0,73.0,1010.2
2025-03-16T04:52:31.100000+00:00,9693,229,1254,3.9,1,19.4,16.0,74.0,1010.1
2025-03-16T04:53:31.100000+00:00,9693,273,1254,1.9,1,19.4,16.1,75.0,1010.2
2025-03-16T04:54:31.095000+00:00,9693,252,1254,3.0,1,19.4,16.0,74.0,1010.1
2025-03-16T04:55:31.082000+00:00,9693,278,1254,3.7,1,19.4,16.0,74.0,1010.1
2025-03-16T04:56:31.076000+00:00,9693,232,1254,2.5,1,19.4,16.0,75.0,1010.2
2025-03-16T04:57:31.098000+00:00,9693,242,1254,3.8,1,19.2,16.0,76.0,1010.3
2025-03-16T04:58:31.095000+00:00,9693,231,1254,3.4,1,19.2,15.9,75.0,1010.3
2025-03-16T04:59:31.089000+00:00,9693,283,1254,2.4,1,19.2,15.9,76.0,1010.2
2025-03-16T05:00:31.103000+00:00,9693,275,1254,2.0,1,19.2,15.9,76.0,1010.2
2025-03-16T05:01:31.100000+00:00,9693,257,1254,2.6,0,19.2,15.8,77.0,1010.1
2025-03-16T05:02:31.107000+00:00,9693,257,1254,3.6,0,19.2,15.7,75.0,1010.1
2025-03-16T05:03:31.105000+00:00,9693,257,1254,3.7,0,19.2,15.7,76.0,1010.1
2025-03-16T05:04:31.100000+00:00,9693,208,1254,2.4,1,19.2,15.7,78.0,1010.2
2025-03-16T05:05:31.103000+00:00,9693,270,1254,3.1,0,19.2,15.8,77.0,1010.2
2025-03-16T05:06:31.095000+00:00,9693,249,1254,3.2,0,19.1,15.7,77.0,1010.1
2025-03-16T05:07:31.101000+00:00,9693,229,1254,2.5,0,19.1,15.7,77.0,1010.2
2025-03-16T05:08:31.103000+00:00,9693,261,1254,2.3,0,19.1,15.7,78.0,1010.1
2025-03-16T05:09:31.136000+00:00,9693,250,1254,2.7,0,19.1,15.7,77.0,1010.1
2025-03-16T05:10:31.131000+00:00,9693,218,1254,3.1,0,19.1,15.7,77.0,1010.1
2025-03-16T05:11:31.143000+00:00,9693,256,1254,2.5,0,19.1,15.8,77.0,1010.1
2025-03-16T05:12:31.153000+00:00,9693,245,1254,2.1,0,19.1,15.8,77.0,1010.1
2025-03-16T05:13:31.157000+00:00,9693,248,1254,4.4,0,19.1,15.8,71.0,1010.1
2025-03-16T05:14:31.157000+00:00,9693,232,1254,4.3,0,19.0,15.9,71.0,1010.1
2025-03-16T05:15:31.196000+00:00,9693,267,1254,1.2,0,19.0,15.9,71.0,1009.8
2025-03-16T05:16:31.241000+00:00,9693,251,1254,3.6,0,19.0,16.1,71.0,1010.1
2025-03-16T05:17:31.252000+00:00,9693,296,1254,2.9,0,19.0,16.1,71.0,1010.1
2025-03-16T05:18:31.234000+00:00,9693,253,1254,4.9,0,19.0,16.1,70.0,1010.2
2025-03-16T05:19:31.237000+00:00,9693,267,1254,2.5,0,19.0,16.1,72.0,1010.2
2025-03-16T05:20:31.236000+00:00,9693,282,1254,3.9,0,19.0,16.1,71.0,1010.3
2025-03-16T05:21:31.239000+00:00,9693,259,1254,3.7,0,19.2,16.1,71.0,1010.3
2025-03-16T05:22:31.240000+00:00,9693,268,1254,3.1,0,19.2,16.2,70.0,1010.3
2025-03-16T05:23:31.241000+00:00,9693,239,1254,3.3,0,19.2,16.2,71.0,1010.3
2025-03-16T05:24:31.238000+00:00,9693,277,1254,4.0,0,19.2,16.3,71.0,1010.3
2025-03-16T05:25:31.269000+00:00,9693,253,1254,3.2,0,19.2,16.3,69.0,1010.3
2025-03-16T05:26:31.280000+00:00,9693,254,1254,3.9,0,19.2,16.3,68.0,1010.3
2025-03-16T05:27:31.279000+00:00,9693,258,1254,3.5,0,19.2,16.3,70.0,1010.3
2025-03-16T05:28:31.293000+00:00,9693,270,1254,4.6,0,19.2,16.4,69.0,1010.3
2025-03-16T05:29:31.280000+00:00,9693,265,1254,3.7,0,19.2,16.4,68.0,1009.8
2025-03-16T05:30:31.327000+00:00,9693,284,1254,4.8,0,19.2,16.4,68.0,1010.3
2025-03-16T05:31:31.340000+00:00,9693,255,1254,3.6,0,19.3,16.4,69.0,1010.3
2025-03-16T05:32:31.340000+00:00,9693,232,1254,4.7,0,19.3,16.5,70.0,1010.4
2025-03-16T05:33:31.317000+00:00,9693,262,1254,3.9,0,19.3,16.5,69.0,1010.4
2025-03-16T05:34:31.341000+00:00,9693,222,1254,5.1,0,19.3,16.6,68.0,1010.6
2025-03-16T05:35:31.344000+00:00,9693,280,1254,2.2,0,19.3,16.6,71.0,1010.7
2025-03-16T05:36:31.344000+00:00,9693,201,1254,1.3,0,19.3,16.6,75.0,1010.5
2025-03-16T05:37:31.345000+00:00,9693,166,1254,2.5,1,19.3,16.4,76.0,1010.4
2025-03-16T05:38:31.347000+00:00,9693,0,1254,3.5,1,19.3,16.1,77.0,1010.3
2025-03-16T05:39:31.324000+00:00,9693,141,1254,1.4,1,19.3,15.9,80.0,1010.3
2025-03-16T05:40:31.362000+00:00,9693,144,1254,1.8,1,19.3,15.7,80.0,1010.4
2025-03-16T05:41:31.361000+00:00,9693,132,1254,2.1,1,19.3,15.5,80.0,1010.4
2025-03-16T05:42:31.365000+00:00,9693,176,1254,1.6,1,19.3,15.3,80.0,1010.5
2025-03-16T05:43:31.378000+00:00,9693,166,1254,1.3,1,18.8,15.2,81.0,1010.5
2025-03-16T05:44:31.401000+00:00,9693,140,1254,1.3,1,18.8,15.1,81.0,1010.5
2025-03-16T05:45:31.405000+00:00,9693,238,1254,0.7,1,18.8,15.1,83.0,1010.6
2025-03-16T05:46:31.447000+00:00,9693,146,1254,2.2,0,18.8,15.1,82.0,1010.6
2025-03-16T05:47:31.446000+00:00,9693,96,1254,1.3,0,18.8,15.1,83.0,1010.6
2025-03-16T05:48:31.432000+00:00,9693,0,1254,2.2,0,18.8,15.1,83.0,1010.6
2025-03-16T05:49:31.475000+00:00,9693,196,1254,1.5,0,18.8,15.2,83.0,1010.6
2025-03-16T05:50:31.511000+00:00,9693,2,1254,1.8,0,18.8,15.1,81.0,1010.5
2025-03-16T05:51:31.492000+00:00,9693,139,1254,1.5,0,18.8,15.1,80.0,1010.7
2025-03-16T05:52:31.492000+00:00,9693,161,1254,1.4,0,18.7,15.1,78.0,1010.6
2025-03-16T05:53:31.584000+00:00,9693,161,1254,1.6,0,18.7,15.2,77.0,1010.4
2025-03-16T05:54:31.538000+00:00,9693,154,1254,2.3,0,18.7,15.4,77.0,1010.6
2025-03-16T05:55:31.539000+00:00,9693,228,1254,2.6,0,18.7,15.6,75.0,1010.6
2025-03-16T05:56:31.569000+00:00,9693,159,1254,1.3,0,18.7,15.8,76.0,1010.4
2025-03-16T05:57:31.598000+00:00,9693,199,1254,1.5,0,18.7,15.9,74.0,1010.5
2025-03-16T05:58:31.610000+00:00,9693,214,1254,1.2,0,18.7,16.0,71.0,1010.5
2025-03-16T05:59:31.614000+00:00,9693,156,1254,0.8,0,18.7,16.1,72.0,1010.4
2025-03-16T06:00:31.624000+00:00,9693,170,1254,1.4,0,18.7,16.1,72.0,1010.4
2025-03-16T06:01:31.643000+00:00,9693,216,1254,2.4,0,18.7,16.2,72.0,1010.6
2025-03-16T06:02:31.628000+00:00,9693,215,1254,2.8,0,18.7,16.2,71.0,1010.4
2025-03-16T06:03:31.638000+00:00,9693,215,1254,2.8,0,18.7,16.2,71.0,1010.4
2025-03-16T06:04:31.640000+00:00,9693,215,1254,2.8,0,18.7,16.2,71.0,1010.4
2025-03-22T06:47:14.288000+00:00,9994,196,1255,1.6,0,41.0,26.1,14.0,1015.5
2025-03-22T06:48:14.288000+00:00,9994,248,1255,1.8,0,41.1,26.1,13.0,1015.5
2025-03-22T06:49:14.289000+00:00,9994,251,1255,2.9,0,41.0,26.1,12.0,1015.4
2025-03-22T06:50:14.283000+00:00,9994,242,1255,3.9,0,40.8,26.2,12.0,1015.4
2025-03-22T06:51:14.280000+00:00,9994,245,1255,4.3,0,40.6,26.1,13.0,1015.4
2025-03-22T06:52:14.293000+00:00,9994,244,1255,4.0,0,40.5,26.1,12.0,1015.4
2025-03-22T06:53:14.300000+00:00,9994,259,1255,3.8,0,40.4,26.1,12.0,1015.4
2025-03-22T06:54:14.300000+00:00,9994,245,1255,2.8,0,40.4,26.1,12.0,1015.4
2025-03-22T06:55:14.321000+00:00,9994,218,1255,2.5,0,40.4,26.1,12.0,1015.4
2025-03-22T06:56:14.340000+00:00,9994,238,1255,2.1,0,40.2,26.1,13.0,1015.3
2025-03-22T06:57:14.337000+00:00,9994,235,1255,1.7,0,40.2,26.1,12.0,1015.3
2025-03-22T06:58:14.339000+00:00,9994,233,1255,2.2,0,40.2,26.0,13.0,1015.4
2025-03-22T06:59:14.334000+00:00,9994,235,1255,2.1,0,40.2,26.1,13.0,1015.3
2025-03-22T07:00:14.333000+00:00,9994,234,1255,2.2,0,40.1,26.1,13.0,1015.3
2025-03-22T07:01:14.335000+00:00,9994,233,1255,3.7,0,40.1,26.1,13.0,1015.2
2025-03-22T07:02:14.360000+00:00,9994,194,1255,2.8,0,39.8,26.1,13.0,1015.3
2025-03-22T07:03:14.359000+00:00,9994,234,1255,1.2,0,39.8,26.0,13.0,1015.3
2025-03-22T07:04:14.366000+00:00,9994,207,1255,1.6,0,39.8,25.9,14.0,1015.3
2025-03-22T07:05:14.454000+00:00,9994,71,1255,1.0,0,39.9,26.0,14.0,1015.2
2025-03-22T07:06:14.396000+00:00,9994,210,1255,1.6,0,39.8,26.1,14.0,1015.3
2025-03-22T07:07:14.413000+00:00,9994,192,1255,1.0,0,39.7,26.2,14.0,1015.2
2025-03-22T07:08:14.539000+00:00,9994,234,1255,1.5,0,39.6,26.1,14.0,1015.2
2025-03-22T07:09:14.444000+00:00,9994,267,1255,2.4,0,39.6,26.1,14.0,1015.1
2025-03-22T07:10:14.445000+00:00,9994,248,1255,2.0,0,39.7,26.2,14.0,1015.2
2025-03-22T07:11:14.445000+00:00,9994,285,1255,1.5,0,39.8,26.3,15.0,1015.2
2025-03-22T07:12:14.443000+00:00,9994,272,1255,1.0,0,39.8,26.3,15.0,1015.1
2025-03-22T07:13:14.456000+00:00,9994,273,1255,1.2,0,39.6,26.4,15.0,1015.1
2025-03-22T07:14:14.472000+00:00,9994,266,1255,1.8,0,39.6,26.4,15.0,1015.3
2025-03-22T07:15:14.466000+00:00,9994,234,1255,2.9,0,39.6,26.5,14.0,1015.3
2025-03-22T07:16:14.479000+00:00,9994,259,1255,3.5,0,39.5,26.4,14.0,1015.3
2025-03-22T07:17:14.474000+00:00,9994,287,1255,3.5,0,39.3,26.4,13.0,1015.4
2025-03-22T07:18:14.472000+00:00,9994,264,1255,3.4,0,39.2,26.4,14.0,1015.3
2025-03-22T07:19:14.481000+00:00,9994,264,1255,2.9,0,39.1,26.3,13.0,1015.2
2025-03-22T07:20:14.490000+00:00,9994,257,1255,1.9,0,39.3,26.3,13.0,1015.3
2025-03-22T07:21:14.486000+00:00,9994,265,1255,2.1,0,39.1,26.2,13.0,1015.2
2025-03-22T07:22:14.497000+00:00,9994,236,1255,1.8,0,39.1,26.2,14.0,1015.1
2025-03-22T07:23:14.495000+00:00,9994,262,1255,2.3,0,38.9,26.3,13.0,1015.2
2025-03-22T07:24:14.501000+00:00,9994,231,1255,1.9,0,38.8,26.5,13.0,1015.1
2025-03-22T07:25:14.534000+00:00,9994,252,1255,2.3,0,38.7,26.3,13.0,1015.2
2025-03-22T07:26:14.524000+00:00,9994,245,1255,2.5,0,38.7,26.2,14.0,1015.2
2025-03-22T07:27:14.532000+00:00,9994,267,1255,2.5,0,38.6,26.1,14.0,1015.2
2025-03-22T07:28:14.519000+00:00,9994,261,1255,2.6,0,38.5,26.1,14.0,1015.2
2025-03-22T07:29:14.544000+00:00,9994,265,1255,1.8,0,38.5,26.0,14.0,1015.1
2025-03-22T07:30:14.607000+00:00,9994,168,1255,2.8,0,38.5,26.1,14.0,1015.1
2025-03-22T07:31:14.553000+00:00,9994,108,1255,1.5,0,38.5,26.0,14.0,1015.1
2025-03-22T07:32:14.551000+00:00,9994,283,1255,2.2,0,38.3,26.0,14.0,1015.2
2025-03-22T07:33:14.568000+00:00,9994,251,1255,1.6,0,38.3,26.0,14.0,1015.1
2025-03-22T07:34:14.560000+00:00,9994,226,1255,0.9,0,38.3,26.1,14.0,1015.0
2025-03-22T07:35:14.576000+00:00,9994,244,1255,1.7,0,38.3,26.2,14.0,1015.1
2025-03-22T07:36:14.561000+00:00,9994,241,1255,2.7,0,38.1,26.3,14.0,1015.0
2025-03-22T07:37:14.571000+00:00,9994,240,1255,2.7,0,38.0,26.3,13.0,1015.0
2025-03-22T07:38:14.604000+00:00,9994,258,1255,2.5,0,37.9,26.2,14.0,1015.1
2025-03-22T07:39:14.608000+00:00,9994,265,1255,1.7,0,37.9,26.2,14.0,1015.1
2025-03-22T07:40:14.613000+00:00,9994,264,1255,2.5,0,37.9,26.2,14.0,1014.9
2025-03-22T07:41:14.615000+00:00,9994,270,1255,3.0,0,37.9,26.1,14.0,1014.9
2025-03-22T07:42:14.610000+00:00,9994,290,1255,2.3,0,37.7,26.2,14.0,1015.0
2025-03-22T07:43:14.628000+00:00,9994,247,1255,2.3,0,37.6,26.2,14.0,1015.0
2025-03-22T07:44:14.623000+00:00,9994,251,1255,3.4,0,37.5,26.1,15.0,1015.0
2025-03-22T07:45:14.614000+00:00,9994,257,1255,3.8,0,37.3,26.1,14.0,1015.0
2025-03-22T07:46:14.621000+00:00,9994,244,1255,3.1,0,37.2,26.0,14.0,1015.0
2025-03-22T07:47:14.629000+00:00,9994,226,1255,2.7,0,37.2,26.0,14.0,1015.0
2025-03-22T07:48:14.632000+00:00,9994,249,1255,2.8,0,37.2,25.9,15.0,1015.0
2025-03-22T07:49:14.637000+00:00,9994,276,1255,2.2,0,37.2,26.0,15.0,1015.0
2025-03-22T07:50:14.649000+00:00,9994,238,1255,2.9,0,37.1,26.0,14.0,1014.9
2025-03-22T07:51:14.663000+00:00,9994,232,1255,2.2,0,37.0,26.0,15.0,1014.9
2025-03-22T07:52:14.664000+00:00,9994,227,1255,1.3,0,37.0,26.0,15.0,1014.9
2025-03-22T07:53:14.680000+00:00,9994,264,1255,0.9,0,36.8,26.0,15.0,1014.9
2025-03-22T07:54:14.671000+00:00,9994,212,1255,1.5,0,36.7,26.0,15.0,1015.0
2025-03-22T07:55:14.693000+00:00,9994,248,1255,1.8,0,36.7,26.0,15.0,1014.9
2025-03-22T07:56:14.720000+00:00,9994,260,1255,2.1,0,36.6,26.0,14.0,1015.0
2025-03-22T07:57:14.715000+00:00,9994,241,1255,2.5,0,36.6,26.0,15.0,1014.9
2025-03-22T07:58:14.701000+00:00,9994,266,1255,2.3,0,36.6,26.1,15.0,1015.0
2025-03-22T07:59:14.704000+00:00,9994,248,1255,2.3,0,36.4,26.1,15.0,1015.0
2025-03-22T08:00:14.704000+00:00,9994,248,1255,1.4,0,36.2,26.0,15.0,1015.0
2025-03-22T08:01:14.703000+00:00,9994,254,1255,2.4,0,36.2,26.0,15.0,1015.0
2025-03-22T08:02:14.715000+00:00,9994,233,1255,2.4,0,36.2,26.0,14.0,1015.1
2025-03-22T08:03:14.705000+00:00,9994,252,1255,2.6,0,36.1,26.0,14.0,1014.9
2025-03-22T02:19:13.231000+00:00,9993,239,1255,3.1,0,33.0,21.8,26.0,1019.1
2025-03-22T02:20:13.222000+00:00,9993,225,1255,2.0,0,33.5,21.9,26.0,1019.1
2025-03-22T02:21:13.223000+00:00,9993,228,1255,1.5,0,33.5,21.9,26.0,1019.0
2025-03-22T02:22:13.224000+00:00,9993,243,1255,2.1,0,33.5,22.0,26.0,1019.0
2025-03-22T02:23:13.230000+00:00,9993,239,1255,2.4,0,33.5,21.9,26.0,1019.0
2025-03-22T02:24:13.226000+00:00,9993,240,1255,1.9,0,33.5,21.9,26.0,1019.0
2025-03-22T02:25:13.224000+00:00,9993,223,1255,1.9,0,33.5,22.0,27.0,1018.8
2025-03-22T02:26:13.225000+00:00,9993,234,1255,2.9,0,33.5,22.0,26.0,1018.9
2025-03-22T02:27:13.225000+00:00,9993,234,1255,2.1,0,33.5,22.0,26.0,1018.8
2025-03-22T02:28:13.226000+00:00,9993,238,1255,1.8,0,33.5,22.0,26.0,1018.9
2025-03-22T02:29:13.232000+00:00,9993,235,1255,2.1,0,33.5,22.0,26.0,1018.9
2025-03-22T02:30:13.232000+00:00,9993,238,1255,1.7,0,33.5,22.0,26.0,1018.8
2025-03-22T02:31:13.227000+00:00,9993,216,1255,2.4,0,33.5,22.1,26.0,1018.9
2025-03-22T02:32:13.231000+00:00,9993,233,1255,1.8,0,33.5,22.2,25.0,1018.9
2025-03-22T02:33:13.230000+00:00,9993,230,1255,1.9,0,33.5,22.1,26.0,1018.9
2025-03-22T02:34:13.240000+00:00,9993,229,1255,2.3,0,35.2,22.1,26.0,1018.9
2025-03-22T02:35:13.235000+00:00,9993,236,1255,2.3,0,35.2,22.1,26.0,1018.8
2025-03-22T02:36:13.236000+00:00,9993,247,1255,1.9,0,35.2,22.2,26.0,1018.8
2025-03-22T02:37:13.239000+00:00,9993,261,1255,2.1,0,35.2,22.2,26.0,1018.8
2025-03-22T02:38:13.237000+00:00,9993,264,1255,2.2,0,35.2,22.3,26.0,1018.8
2025-03-22T02:39:13.234000+00:00,9993,230,1255,1.3,0,35.2,22.4,26.0,1018.8
2025-03-22T02:40:13.245000+00:00,9993,240,1255,1.5,0,35.2,22.4,26.0,1018.8
2025-03-22T02:41:13.238000+00:00,9993,212,1255,1.7,0,35.2,22.4,26.0,1018.8
2025-03-22T02:42:13.239000+00:00,9993,234,1255,1.6,0,35.2,22.4,26.0,1018.8
2025-03-22T02:43:13.239000+00:00,9993,243,1255,2.0,0,35.2,22.3,26.0,1018.8
2025-03-22T02:44:13.240000+00:00,9993,230,1255,2.3,0,35.2,22.3,26.0,1018.8
2025-03-22T02:45:13.241000+00:00,9993,232,1255,2.1,0,35.2,22.4,26.0,1018.8
2025-03-22T02:46:13.241000+00:00,9993,228,1255,1.9,0,35.2,22.4,26.0,1018.7
2025-03-22T02:47:13.244000+00:00,9993,237,1255,2.0,0,35.2,22.5,26.0,1018.8
2025-03-22T02:48:13.244000+00:00,9993,241,1255,2.6,0,35.2,22.6,26.0,1018.8
2025-03-22T02:49:13.247000+00:00,9993,236,1255,2.5,0,35.2,22.7,25.0,1018.8
2025-03-22T02:50:13.243000+00:00,9993,237,1255,2.7,0,35.2,22.6,25.0,1018.7
2025-03-22T02:51:13.243000+00:00,9993,239,1255,2.5,0,35.2,22.6,26.0,1018.7
2025-03-22T02:52:13.246000+00:00,9993,241,1255,2.2,0,35.5,22.6,26.0,1018.7
2025-03-22T02:53:13.238000+00:00,9993,239,1255,2.1,0,35.5,22.5,26.0,1018.7
2025-03-22T02:54:13.244000+00:00,9993,226,1255,2.1,0,35.5,22.6,25.0,1018.8
2025-03-22T02:55:13.249000+00:00,9993,226,1255,2.0,0,35.5,22.7,26.0,1018.7
2025-03-22T02:56:13.245000+00:00,9993,214,1255,1.5,0,35.5,22.6,26.0,1018.7
2025-03-22T02:57:13.249000+00:00,9993,234,1255,0.9,0,35.5,22.6,27.0,1018.7
2025-03-22T02:58:13.262000+00:00,9993,238,1255,1.7,0,35.5,22.5,27.0,1018.7
2025-03-22T02:59:13.273000+00:00,9993,246,1255,1.8,0,35.5,22.6,26.0,1018.6
2025-03-22T03:00:13.297000+00:00,9993,247,1255,2.3,0,35.5,22.7,27.0,1018.7
2025-03-22T03:01:13.300000+00:00,9993,247,1255,2.0,0,35.5,22.7,26.0,1018.8
2025-03-22T03:02:13.301000+00:00,9993,247,1255,2.6,0,35.5,22.8,26.0,1018.8
2025-03-22T03:03:13.297000+00:00,9993,238,1255,2.9,0,36.5,22.9,25.0,1018.7
2025-03-22T03:04:13.297000+00:00,9993,232,1255,2.5,0,36.5,23.0,25.0,1018.7
2025-03-22T03:05:13.321000+00:00,9993,201,1255,2.4,0,36.5,23.1,25.0,1018.6
2025-03-22T03:06:13.323000+00:00,9993,205,1255,1.5,0,36.5,23.1,26.0,1018.7
2025-03-22T03:07:13.343000+00:00,9993,0,1255,1.7,0,36.5,23.0,26.0,1018.7
2025-03-22T03:08:13.324000+00:00,9993,219,1255,0.9,0,36.5,23.0,26.0,1018.7
2025-03-22T03:09:13.354000+00:00,9993,163,1255,1.9,0,36.5,23.1,26.0,1018.7
2025-03-22T03:10:13.351000+00:00,9993,0,1255,0.9,0,36.5,23.3,26.0,1018.5
2025-03-22T03:11:13.343000+00:00,9993,260,1255,1.2,0,36.5,23.4,26.0,1018.7
2025-03-22T03:12:13.370000+00:00,9993,205,1255,1.4,0,36.5,23.5,25.0,1018.7
2025-03-22T03:13:13.375000+00:00,9993,236,1255,1.7,0,36.5,23.6,25.0,1018.6
2025-03-22T03:14:13.391000+00:00,9993,232,1255,1.1,0,36.5,23.4,25.0,1018.6
2025-03-22T03:15:13.389000+00:00,9993,141,1255,0.9,0,36.5,23.4,25.0,1018.6
2025-03-22T03:16:13.401000+00:00,9993,269,1255,1.4,0,36.5,23.4,25.0,1018.6
2025-03-22T03:17:13.427000+00:00,9993,200,1255,2.6,0,36.5,23.4,25.0,1018.6
2025-03-22T03:18:13.424000+00:00,9993,257,1255,1.0,0,36.5,23.4,25.0,1018.6
2025-03-22T03:19:13.447000+00:00,9993,279,1255,1.1,0,36.5,23.4,25.0,1018.5
2025-03-22T03:20:13.430000+00:00,9993,201,1255,1.2,0,36.5,23.5,25.0,1018.5
2025-03-22T03:21:13.441000+00:00,9993,294,1255,0.8,0,36.8,23.4,25.0,1018.5
2025-03-22T03:22:13.438000+00:00,9993,216,1255,0.8,0,36.8,23.3,25.0,1018.5
2025-03-22T03:23:13.431000+00:00,9993,248,1255,0.5,0,36.8,23.3,25.0,1018.4
2025-03-22T03:24:13.446000+00:00,9993,208,1255,1.1,0,36.8,23.4,26.0,1018.4
2025-03-22T03:25:13.434000+00:00,9993,292,1255,1.2,0,36.8,23.5,25.0,1018.5
2025-03-22T03:26:13.432000+00:00,9993,245,1255,1.6,0,36.8,23.6,25.0,1018.3
2025-03-22T03:27:13.433000+00:00,9993,252,1255,1.5,0,36.8,23.6,25.0,1018.4
2025-03-22T03:28:13.433000+00:00,9993,210,1255,2.2,0,36.8,23.7,25.0,1018.4
2025-03-22T03:29:13.451000+00:00,9993,269,1255,1.8,0,36.8,23.7,25.0,1018.5
2025-03-22T03:30:13.441000+00:00,9993,83,1255,1.5,0,36.8,23.8,25.0,1018.2
2025-03-22T03:31:13.451000+00:00,9993,258,1255,1.3,0,36.8,23.9,25.0,1018.3
2025-03-22T03:32:13.442000+00:00,9993,213,1255,1.0,0,36.8,23.9,24.0,1018.3
2025-03-22T03:33:13.478000+00:00,9993,90,1255,1.1,0,36.8,23.9,24.0,1018.2
2025-03-22T03:34:13.502000+00:00,9993,212,1255,0.7,0,37.1,24.0,25.0,1018.2
2025-03-22T03:35:13.498000+00:00,9993,73,1255,1.0,0,37.1,24.0,25.0,1018.2
2025-03-22T03:36:13.498000+00:00,9993,84,1255,0.8,0,37.5,23.9,24.0,1018.3
2025-03-22T03:37:13.487000+00:00,9993,253,1255,0.8,0,37.5,24.0,23.0,1018.2
2025-03-22T03:38:13.496000+00:00,9993,230,1255,0.6,0,36.8,24.0,22.0,1018.1
2025-03-22T03:39:13.492000+00:00,9993,253,1255,1.3,0,36.8,24.0,23.0,1018.1
2025-03-22T03:40:13.489000+00:00,9993,226,1255,2.3,0,37.0,24.0,23.0,1018.1
2025-03-22T03:41:13.514000+00:00,9993,228,1255,2.3,0,37.1,24.0,23.0,1018.1
2025-03-22T03:42:13.532000+00:00,9993,260,1255,3.3,0,37.1,23.9,24.0,1018.2
2025-04-04T02:15:49.538000+00:00,9999,281,1256,4.3,0,34.1,13.0,44.0,1012.2
2025-04-04T02:16:49.557000+00:00,9999,297,1256,4.0,0,34.3,13.1,43.0,1012.0
2025-04-04T02:17:49.570000+00:00,9999,284,1256,4.5,0,34.4,13.2,43.0,1012.1
2025-04-04T02:18:49.570000+00:00,9999,267,1256,4.8,0,34.3,13.3,42.0,1012.1
2025-04-04T02:19:49.607000+00:00,9999,292,1256,3.7,0,34.3,13.3,43.0,1012.2
2025-04-04T02:20:49.607000+00:00,9999,336,1256,4.5,0,34.3,13.1,43.0,1011.9
2025-04-04T02:21:49.620000+00:00,9999,316,1256,4.0,0,34.3,13.2,43.0,1011.9
2025-04-04T02:22:49.643000+00:00,9999,275,1256,3.1,0,34.9,13.2,43.0,1011.9
2025-04-04T02:23:49.636000+00:00,9999,291,1256,4.3,0,34.9,13.3,42.0,1012.0
2025-04-04T02:24:49.651000+00:00,9999,291,1256,5.3,0,34.7,13.3,42.0,1012.0
2025-04-04T02:25:49.672000+00:00,9999,295,1256,4.5,0,34.7,13.3,42.0,1011.9
2025-04-04T02:26:49.686000+00:00,9999,326,1256,4.9,0,34.8,13.2,42.0,1011.8
2025-04-04T02:27:49.718000+00:00,9999,287,1256,4.4,0,34.9,13.3,42.0,1012.0
2025-04-04T02:28:49.703000+00:00,9999,293,1256,4.8,0,35.1,13.5,41.0,1011.8
2025-04-04T02:29:49.748000+00:00,9999,301,1256,4.0,0,35.0,13.5,42.0,1011.9
2025-04-04T02:30:49.767000+00:00,9999,273,1256,3.3,0,35.0,13.6,41.0,1012.0
2025-04-04T02:31:49.766000+00:00,9999,292,1256,4.0,0,35.1,13.5,41.0,1011.8
2025-04-04T02:32:49.765000+00:00,9999,309,1256,3.4,0,35.3,13.6,42.0,1011.9
2025-04-04T02:33:49.752000+00:00,9999,290,1256,5.4,0,35.3,13.5,41.0,1011.8
2025-04-04T02:34:49.752000+00:00,9999,302,1256,4.1,0,35.5,13.5,41.0,1011.9
2025-04-04T02:35:49.768000+00:00,9999,289,1256,4.8,0,35.6,13.5,41.0,1011.9
2025-04-04T02:36:49.785000+00:00,9999,287,1256,3.9,0,35.6,13.6,41.0,1012.0
2025-04-04T02:37:49.754000+00:00,9999,294,1256,5.5,0,35.5,13.6,41.0,1011.9
2025-04-04T02:38:49.754000+00:00,9999,284,1256,3.8,0,35.4,13.8,41.0,1011.9
2025-04-04T02:39:49.756000+00:00,9999,319,1256,4.7,0,35.4,13.8,41.0,1012.0
2025-04-04T02:40:49.769000+00:00,9999,284,1256,4.9,0,35.3,13.7,41.0,1011.7
2025-04-04T02:41:49.779000+00:00,9999,267,1256,4.2,0,35.3,13.7,41.0,1011.9
2025-04-04T02:42:49.806000+00:00,9999,277,1256,3.4,0,35.9,13.6,42.0,1011.8
2025-04-04T02:43:49.819000+00:00,9999,290,1256,3.7,0,35.9,13.6,42.0,1011.9
2025-04-04T02:44:49.820000+00:00,9999,268,1256,3.0,0,35.9,13.6,41.0,1011.8
2025-04-04T02:45:49.802000+00:00,9999,299,1256,4.4,0,36.0,13.7,41.0,1011.9
2025-04-04T02:46:49.838000+00:00,9999,292,1256,3.4,0,36.2,13.6,42.0,1011.7
2025-04-04T02:47:49.824000+00:00,9999,276,1256,6.1,0,36.2,13.7,41.0,1011.9
2025-04-04T02:48:49.835000+00:00,9999,274,1256,4.1,0,36.1,13.8,42.0,1011.8
2025-04-04T02:49:49.838000+00:00,9999,287,1256,5.6,0,36.2,13.6,43.0,1011.9
2025-04-04T02:50:49.840000+00:00,9999,271,1256,4.5,0,36.3,13.4,44.0,1011.8
2025-04-04T02:51:49.839000+00:00,9999,285,1256,4.3,0,36.2,13.3,44.0,1011.8
2025-04-04T02:52:49.859000+00:00,9999,282,1256,6.2,0,36.2,13.4,45.0,1011.6
2025-04-04T02:53:49.860000+00:00,9999,288,1256,6.2,0,36.2,13.4,45.0,1011.8
2025-04-04T02:54:49.858000+00:00,9999,281,1256,6.3,0,36.2,13.6,44.0,1011.8
2025-04-04T02:55:49.858000+00:00,9999,295,1256,5.8,0,35.8,13.8,42.0,1011.7
2025-04-04T02:56:49.874000+00:00,9999,290,1256,4.2,0,35.8,13.7,43.0,1011.8
2025-04-04T02:57:49.873000+00:00,9999,294,1256,5.4,0,35.8,13.6,41.0,1011.7
2025-04-04T02:58:49.879000+00:00,9999,305,1256,4.2,0,35.9,13.6,41.0,1011.8
2025-04-04T02:59:49.867000+00:00,9999,288,1256,3.8,0,36.1,13.6,42.0,1011.7
2025-04-04T03:00:49.867000+00:00,9999,312,1256,3.6,0,36.3,13.7,42.0,1011.8
2025-04-04T03:01:49.897000+00:00,9999,280,1256,4.8,0,36.2,13.8,42.0,1011.7
2025-04-04T03:02:49.895000+00:00,9999,289,1256,5.2,0,36.2,13.8,42.0,1011.8
2025-04-04T03:03:49.885000+00:00,9999,334,1256,3.7,0,36.4,13.6,42.0,1011.8
2025-04-04T03:04:49.901000+00:00,9999,295,1256,4.1,0,36.5,13.6,42.0,1011.6
2025-04-04T03:05:49.906000+00:00,9999,285,1256,5.6,0,36.9,13.5,42.0,1011.7
2025-04-04T03:06:49.916000+00:00,9999,286,1256,6.4,0,36.8,13.6,42.0,1011.7
2025-04-04T03:07:49.917000+00:00,9999,286,1256,5.2,0,36.6,13.7,42.0,1011.8
2025-04-04T03:08:49.917000+00:00,9999,292,1256,4.6,0,36.5,13.5,43.0,1011.5
2025-04-04T03:09:49.921000+00:00,9999,284,1256,5.5,0,36.6,13.5,42.0,1011.8
2025-04-04T03:10:49.919000+00:00,9999,289,1256,4.5,0,36.5,13.6,41.0,1011.7
2025-04-04T03:11:49.918000+00:00,9999,272,1256,4.1,0,36.3,13.7,41.0,1011.7
2025-04-04T03:12:49.924000+00:00,9999,292,1256,5.1,0,36.3,13.7,41.0,1011.8
2025-04-04T03:13:49.924000+00:00,9999,294,1256,4.7,0,36.3,13.8,40.0,1011.6
2025-04-04T03:14:49.924000+00:00,9999,283,1256,4.3,0,36.4,13.8,40.0,1011.7
2025-04-04T03:15:49.921000+00:00,9999,287,1256,5.5,0,36.5,13.8,40.0,1011.7
2025-04-04T03:16:49.927000+00:00,9999,284,1256,6.2,0,36.5,13.6,40.0,1011.6
2025-04-04T03:17:49.926000+00:00,9999,279,1256,6.5,0,36.3,13.5,41.0,1011.5
2025-04-04T03:18:49.928000+00:00,9999,274,1256,6.6,0,36.3,13.4,41.0,1011.7
2025-04-04T03:19:49.925000+00:00,9999,287,1256,5.5,0,36.5,13.4,41.0,1011.6
2025-04-04T03:20:49.923000+00:00,9999,280,1256,4.9,0,36.5,13.4,42.0,1011.6
2025-04-04T03:21:49.932000+00:00,9999,312,1256,5.0,0,36.5,13.4,42.0,1011.6
2025-04-04T03:22:49.930000+00:00,9999,306,1256,4.6,0,36.5,13.7,42.0,1011.7
2025-04-04T03:23:49.961000+00:00,9999,283,1256,5.1,0,36.5,13.7,42.0,1011.4
2025-04-04T03:24:49.975000+00:00,9999,282,1256,3.6,0,36.9,13.8,42.0,1011.6
2025-04-04T03:25:49.979000+00:00,9999,292,1256,3.4,0,36.9,14.0,40.0,1011.5
2025-04-04T03:26:49.970000+00:00,9999,309,1256,4.1,0,36.8,14.2,40.0,1011.5
2025-04-04T03:27:49.978000+00:00,9999,292,1256,4.3,0,37.0,14.2,40.0,1011.5
2025-04-04T03:28:49.980000+00:00,9999,285,1256,3.7,0,37.0,14.1,39.0,1011.5
2025-04-04T03:29:49.995000+00:00,9999,287,1256,6.2,0,37.0,14.1,39.0,1011.5
2025-04-04T03:30:50+00:00,9999,287,1256,5.5,0,37.0,14.0,40.0,1011.6
2025-04-04T03:31:50.061000+00:00,9999,286,1256,5.3,0,37.0,13.9,41.0,1011.5
2025-04-04T03:32:50.032000+00:00,9999,286,1256,4.4,0,37.3,13.9,40.0,1011.5
2025-04-04T03:33:50.033000+00:00,9999,289,1256,3.2,0,37.3,13.8,41.0,1011.5
2025-04-04T03:34:50.040000+00:00,9999,289,1256,3.2,0,37.3,13.9,41.0,1011.5
2025-04-04T03:35:50.023000+00:00,9999,285,1256,5.2,0,36.7,14.0,41.0,1011.3
2025-04-04T05:47:50.685000+00:00,10000,291,1256,4.8,0,35.0,13.8,41.0,1010.7
2025-04-04T05:48:50.716000+00:00,10000,283,1256,4.9,0,35.0,13.7,41.0,1010.6
2025-04-04T05:49:50.735000+00:00,10000,288,1256,3.6,0,34.8,13.8,41.0,1010.8
2025-04-04T05:50:50.717000+00:00,10000,280,1256,6.0,0,34.8,13.8,41.0,1010.6
2025-04-04T05:51:50.749000+00:00,10000,262,1256,5.1,0,34.8,13.8,42.0,1010.7
2025-04-04T05:52:50.765000+00:00,10000,268,1256,5.6,0,34.8,13.7,42.0,1010.6
2025-04-04T05:53:50.781000+00:00,10000,287,1256,4.5,0,34.7,13.8,42.0,1010.6
2025-04-04T05:54:50.806000+00:00,10000,286,1256,6.3,0,34.7,13.7,42.0,1010.7
2025-04-04T05:55:50.791000+00:00,10000,283,1256,5.5,0,34.6,13.7,42.0,1010.7
2025-04-04T05:56:50.823000+00:00,10000,268,1256,6.4,0,34.5,13.8,43.0,1010.7
2025-04-04T05:57:50.820000+00:00,10000,300,1256,5.8,0,34.2,13.7,43.0,1010.7
2025-04-04T05:58:50.820000+00:00,10000,296,1256,5.0,0,34.1,13.8,43.0,1010.6
2025-04-04T05:59:50.836000+00:00,10000,296,1256,5.4,0,34.0,13.8,42.0,1010.5
2025-04-04T06:00:50.821000+00:00,10000,288,1256,4.9,0,34.0,13.9,43.0,1010.6
2025-04-04T06:01:51.053000+00:00,10000,297,1256,4.2,0,34.0,14.0,42.0,1010.8
2025-04-04T06:02:51.038000+00:00,10000,285,1256,5.0,0,33.8,13.9,42.0,1010.6
2025-04-04T06:03:51.038000+00:00,10000,292,1256,5.4,0,33.7,13.9,42.0,1010.5
2025-04-04T06:04:51.054000+00:00,10000,282,1256,6.5,0,33.7,13.9,43.0,1010.6
2025-04-04T06:05:51.064000+00:00,10000,288,1256,5.4,0,33.7,13.8,43.0,1010.7
2025-04-04T06:06:51.058000+00:00,10000,287,1256,5.1,0,33.6,13.7,43.0,1010.5
2025-04-04T06:07:51.090000+00:00,10000,291,1256,4.5,0,33.6,13.7,43.0,1010.7
2025-04-04T06:08:51.075000+00:00,10000,286,1256,4.9,0,33.6,13.8,43.0,1010.7
2025-04-04T06:09:51.107000+00:00,10000,288,1256,5.5,0,33.8,13.9,43.0,1010.7
2025-04-04T06:10:51.108000+00:00,10000,281,1256,6.3,0,33.7,13.8,43.0,1010.6
2025-04-04T06:11:51.140000+00:00,10000,296,1256,5.7,0,33.7,13.6,43.0,1010.6
2025-04-04T06:12:51.141000+00:00,10000,289,1256,6.0,0,33.6,13.6,43.0,1010.6
2025-04-04T06:13:51.158000+00:00,10000,288,1256,5.0,0,33.4,13.6,43.0,1010.7
2025-04-04T06:14:51.161000+00:00,10000,277,1256,5.3,0,33.1,13.7,43.0,1010.7
2025-04-04T06:15:51.177000+00:00,10000,282,1256,3.9,0,33.1,13.7,42.0,1010.7
2025-04-04T06:16:51.203000+00:00,10000,285,1256,6.4,0,33.1,13.7,42.0,1010.6
2025-04-04T06:17:51.197000+00:00,10000,284,1256,4.7,0,33.1,13.6,43.0,1010.8
2025-04-04T06:18:51.198000+00:00,10000,280,1256,4.3,0,33.2,13.6,43.0,1010.6
2025-04-04T06:19:51.214000+00:00,10000,285,1256,5.9,0,33.1,13.6,43.0,1010.6
2025-04-04T06:20:51.230000+00:00,10000,264,1256,5.0,0,32.9,13.6,43.0,1010.5
2025-04-04T06:21:51.231000+00:00,10000,285,1256,4.8,0,32.7,13.7,42.0,1010.7
2025-04-04T06:22:51.239000+00:00,10000,296,1256,5.7,0,32.9,13.6,42.0,1010.6
2025-04-04T06:23:51.255000+00:00,10000,286,1256,4.0,0,32.9,13.5,42.0,1010.6
2025-04-04T06:24:51.271000+00:00,10000,280,1256,4.0,0,32.7,13.6,43.0,1010.5
2025-04-04T06:25:51.271000+00:00,10000,292,1256,4.9,0,32.7,13.6,42.0,1010.5
2025-04-04T06:26:51.272000+00:00,10000,299,1256,5.1,0,32.8,13.7,43.0,1010.5
2025-04-04T06:27:51.350000+00:00,10000,295,1256,5.2,0,32.4,13.6,42.0,1010.6
2025-04-04T06:28:51.288000+00:00,10000,291,1256,4.7,0,32.4,13.6,42.0,1010.5
2025-04-04T06:29:51.304000+00:00,10000,291,1256,4.7,0,32.4,13.6,42.0,1010.5
2025-04-04T06:30:51.305000+00:00,10000,278,1256,3.6,0,32.2,13.6,41.0,1010.6
2025-04-04T06:31:51.352000+00:00,10000,294,1256,5.0,0,32.5,13.5,41.0,1010.5
2025-04-04T06:32:51.337000+00:00,10000,288,1256,4.7,0,32.4,13.5,41.0,1010.5
2025-04-04T06:33:51.338000+00:00,10000,282,1256,4.2,0,32.3,13.4,42.0,1010.6
2025-04-04T06:34:51.369000+00:00,10000,282,1256,6.0,0,32.3,13.5,41.0,1010.5
2025-04-04T06:35:51.370000+00:00,10000,282,1256,6.0,0,32.3,13.4,41.0,1010.5
2025-04-04T06:36:51.355000+00:00,10000,279,1256,5.7,0,32.2,13.4,42.0,1010.6
2025-04-04T06:37:51.371000+00:00,10000,262,1256,6.0,0,32.1,13.5,42.0,1010.5
2025-04-04T06:38:51.371000+00:00,10000,282,1256,3.5,0,32.1,13.6,42.0,1010.7
2025-04-04T06:39:51.390000+00:00,10000,296,1256,6.7,0,31.9,13.6,42.0,1010.6
2025-04-04T06:40:51.421000+00:00,10000,285,1256,4.2,0,31.9,13.6,42.0,1010.6
2025-04-04T06:41:51.438000+00:00,10000,289,1256,4.8,0,31.8,13.6,42.0,1010.4
2025-04-04T06:42:51.438000+00:00,10000,311,1256,4.5,0,31.5,13.6,42.0,1010.6
2025-04-04T06:43:51.439000+00:00,10000,284,1256,4.2,0,31.4,13.5,42.0,1010.6
2025-04-04T06:44:51.439000+00:00,10000,287,1256,5.0,0,31.2,13.5,42.0,1010.6
2025-04-04T06:45:51.496000+00:00,10000,286,1256,5.8,0,31.3,13.4,41.0,1010.6
2025-04-04T06:46:51.466000+00:00,10000,285,1256,6.3,0,31.1,13.3,42.0,1010.5
2025-04-04T06:47:51.482000+00:00,10000,282,1256,6.7,0,31.1,13.2,42.0,1010.6
2025-04-04T06:48:51.483000+00:00,10000,283,1256,5.7,0,31.0,13.2,43.0,1010.6
2025-04-04T06:49:51.484000+00:00,10000,284,1256,4.3,0,31.0,13.3,43.0,1010.6
2025-04-04T06:50:51.500000+00:00,10000,287,1256,4.8,0,30.9,13.4,42.0,1010.7
2025-04-04T06:51:51.485000+00:00,10000,292,1256,4.1,0,30.8,13.3,42.0,1010.6
2025-04-04T06:52:51.485000+00:00,10000,291,1256,5.7,0,30.8,13.3,41.0,1010.6
2025-04-04T06:53:51.498000+00:00,10000,288,1256,5.2,0,30.7,13.4,42.0,1010.7
2025-04-04T06:54:51.514000+00:00,10000,291,1256,5.2,0,30.7,13.4,42.0,1010.6
2025-04-04T06:55:51.546000+00:00,10000,275,1256,5.5,0,30.7,13.3,42.0,1010.6
2025-04-04T06:56:51.541000+00:00,10000,286,1256,5.7,0,30.6,13.3,42.0,1010.7
2025-04-04T06:57:51.544000+00:00,10000,285,1256,5.5,0,30.5,13.3,42.0,1010.8
2025-04-04T06:58:51.557000+00:00,10000,285,1256,5.2,0,30.4,13.3,41.0,1010.7
2025-04-04T06:59:51.558000+00:00,10000,291,1256,6.8,0,30.2,13.3,42.0,1010.7
2025-04-04T07:00:51.574000+00:00,10000,274,1256,7.1,0,30.0,13.3,41.0,1010.8
2025-04-04T07:01:51.574000+00:00,10000,287,1256,6.0,0,30.0,13.2,42.0,1010.8
2025-04-05T02:15:58.026000+00:00,10001,137,1256,2.6,0,36.9,13.8,41.0,1015.4
2025-04-05T02:16:58.011000+00:00,10001,156,1256,2.7,0,37.0,13.9,41.0,1015.3
2025-04-05T02:17:58.027000+00:00,10001,149,1256,4.2,0,36.9,13.9,40.0,1015.3
2025-04-05T02:18:58.043000+00:00,10001,159,1256,3.6,0,37.0,13.9,41.0,1015.4
2025-04-05T02:19:58.043000+00:00,10001,159,1256,3.8,0,37.2,13.9,41.0,1015.3
2025-04-05T02:20:58.044000+00:00,10001,157,1256,3.9,0,37.3,13.8,41.0,1015.3
2025-04-05T02:21:58.060000+00:00,10001,147,1256,4.3,0,37.3,13.8,41.0,1015.4
2025-04-05T02:22:58.076000+00:00,10001,150,1256,3.2,0,37.3,13.9,41.0,1015.3
2025-04-05T02:23:58.061000+00:00,10001,152,1256,3.7,0,37.5,14.0,41.0,1015.3
2025-04-05T02:24:58.083000+00:00,10001,175,1256,4.4,0,37.6,13.9,40.0,1015.2
2025-04-05T02:25:58.086000+00:00,10001,224,1256,4.3,0,37.6,13.9,40.0,1015.3
2025-04-05T02:26:58.087000+00:00,10001,155,1256,2.9,0,37.8,13.9,40.0,1015.4
2025-04-05T02:27:58.087000+00:00,10001,164,1256,3.1,0,37.9,13.9,40.0,1015.3
2025-04-05T02:28:58.104000+00:00,10001,150,1256,3.3,0,38.0,14.0,40.0,1015.3
2025-04-05T02:29:58.123000+00:00,10001,147,1256,3.8,0,38.2,14.1,39.0,1015.2
2025-04-05T02:30:58.127000+00:00,10001,149,1256,3.0,0,38.0,14.0,39.0,1015.2
2025-04-05T02:31:58.131000+00:00,10001,154,1256,3.6,0,37.8,14.1,39.0,1015.2
2025-04-05T02:32:58.131000+00:00,10001,153,1256,3.1,0,38.0,14.1,39.0,1015.3
2025-04-05T02:33:58.160000+00:00,10001,147,1256,3.1,0,38.0,14.1,40.0,1015.3
2025-04-05T02:34:58.145000+00:00,10001,146,1256,2.4,0,38.0,14.0,39.0,1015.4
2025-04-05T02:35:58.161000+00:00,10001,134,1256,2.7,0,38.0,14.2,39.0,1015.2
2025-04-05T02:36:58.161000+00:00,10001,149,1256,3.7,0,38.1,14.2,39.0,1015.2
2025-04-05T02:37:58.162000+00:00,10001,144,1256,2.9,0,38.2,14.5,40.0,1015.3
2025-04-05T02:38:58.162000+00:00,10001,148,1256,3.0,0,38.4,14.4,40.0,1015.2
2025-04-05T02:39:58.165000+00:00,10001,154,1256,3.0,0,38.5,14.4,39.0,1015.1
2025-04-05T02:40:58.181000+00:00,10001,153,1256,2.1,0,38.8,14.5,39.0,1015.1
2025-04-05T02:41:58.166000+00:00,10001,162,1256,3.4,0,38.9,14.4,38.0,1015.1
2025-04-05T02:42:58.166000+00:00,10001,177,1256,3.8,0,39.1,14.4,37.0,1015.1
2025-04-05T02:43:58.176000+00:00,10001,157,1256,3.8,0,39.0,14.1,37.0,1015.1
2025-04-05T02:44:58.173000+00:00,10001,149,1256,3.7,0,39.2,14.0,38.0,1015.1
2025-04-05T02:45:58.167000+00:00,10001,156,1256,4.0,0,39.2,13.9,38.0,1015.0
2025-04-05T02:46:58.183000+00:00,10001,160,1256,3.5,0,39.1,14.1,39.0,1015.1
2025-04-05T02:47:58.184000+00:00,10001,155,1256,4.1,0,39.2,14.3,38.0,1015.1
2025-04-05T02:48:58.188000+00:00,10001,174,1256,4.4,0,39.2,14.3,39.0,1015.1
2025-04-05T02:49:58.204000+00:00,10001,147,1256,3.6,0,39.2,14.3,38.0,1015.1
2025-04-05T02:50:58.223000+00:00,10001,155,1256,2.9,0,39.2,14.1,39.0,1015.1
2025-04-05T02:51:58.254000+00:00,10001,153,1256,2.6,0,39.3,14.2,38.0,1015.0
2025-04-05T02:52:58.273000+00:00,10001,139,1256,3.9,0,39.2,14.4,37.0,1015.0
2025-04-05T02:53:58.265000+00:00,10001,168,1256,3.5,0,39.0,14.4,38.0,1015.0
2025-04-05T02:54:58.281000+00:00,10001,136,1256,3.0,0,38.9,14.5,38.0,1015.1
2025-04-05T02:55:58.266000+00:00,10001,141,1256,4.0,0,38.8,14.5,38.0,1015.0
2025-04-05T02:56:58.263000+00:00,10001,158,1256,2.8,0,38.8,14.6,39.0,1015.0
2025-04-05T02:57:58.279000+00:00,10001,166,1256,3.7,0,38.8,14.4,37.0,1014.9
2025-04-05T02:58:58.280000+00:00,10001,158,1256,3.2,0,38.9,14.4,38.0,1014.9
2025-04-05T02:59:58.280000+00:00,10001,166,1256,4.2,0,38.7,14.3,38.0,1014.9
2025-04-05T03:00:58.284000+00:00,10001,152,1256,4.0,0,38.7,14.2,37.0,1015.0
2025-04-05T03:01:58.300000+00:00,10001,152,1256,3.9,0,38.7,14.1,39.0,1015.0
2025-04-05T03:02:58.301000+00:00,10001,164,1256,3.4,0,38.5,14.1,39.0,1014.9
2025-04-05T03:03:58.317000+00:00,10001,148,1256,2.7,0,38.7,14.1,39.0,1014.9
2025-04-05T03:04:58.317000+00:00,10001,156,1256,3.3,0,38.7,14.2,38.0,1014.9
2025-04-05T03:05:58.318000+00:00,10001,154,1256,2.9,0,39.0,14.4,38.0,1015.0
2025-04-05T03:06:58.303000+00:00,10001,163,1256,4.0,0,39.0,14.6,38.0,1014.8
2025-04-05T03:07:58.319000+00:00,10001,148,1256,4.4,0,39.0,14.6,37.0,1015.0
2025-04-05T03:08:58.319000+00:00,10001,156,1256,3.4,0,39.0,14.4,39.0,1014.9
2025-04-05T03:09:58.304000+00:00,10001,155,1256,4.5,0,39.0,14.0,39.0,1014.9
2025-04-05T03:10:58.320000+00:00,10001,170,1256,4.8,0,38.9,14.1,39.0,1015.0
2025-04-05T03:11:58.321000+00:00,10001,185,1256,3.3,0,38.9,14.0,40.0,1014.9
2025-04-05T03:12:58.321000+00:00,10001,109,1256,1.7,0,38.9,14.0,39.0,1015.0
2025-04-05T03:13:58.321000+00:00,10001,152,1256,2.7,0,39.0,14.1,38.0,1014.9
2025-04-05T03:14:58.306000+00:00,10001,167,1256,3.6,0,39.2,14.2,36.0,1014.9
2025-04-05T03:15:58.323000+00:00,10001,137,1256,2.2,0,38.7,14.3,36.0,1014.8
2025-04-05T03:16:58.323000+00:00,10001,169,1256,1.3,0,38.7,14.3,37.0,1014.8
2025-04-05T03:17:58.339000+00:00,10001,0,1256,1.2,0,38.9,14.2,36.0,1014.9
2025-04-05T03:18:58.340000+00:00,10001,16,1256,1.3,0,39.0,14.2,35.0,1014.9
2025-04-05T03:19:58.372000+00:00,10001,155,1256,1.2,0,39.1,14.5,34.0,1014.9
2025-04-05T03:20:58.372000+00:00,10001,158,1256,1.7,0,39.1,14.5,33.0,1014.9
2025-04-05T03:21:58.373000+00:00,10001,151,1256,2.1,0,39.0,14.6,33.0,1014.8
2025-04-05T03:22:58.389000+00:00,10001,153,1256,3.6,0,39.0,14.6,34.0,1014.8
2025-04-05T03:23:58.392000+00:00,10001,149,1256,4.0,0,38.9,14.6,34.0,1014.8
2025-04-05T03:24:58.415000+00:00,10001,164,1256,4.0,0,38.8,14.6,34.0,1014.8
2025-04-05T03:25:58.418000+00:00,10001,156,1256,4.4,0,39.0,14.6,36.0,1014.7
2025-04-05T03:26:58.419000+00:00,10001,154,1256,4.0,0,39.1,14.6,36.0,1014.9
2025-04-05T03:27:58.425000+00:00,10001,149,1256,4.1,0,39.2,14.5,36.0,1014.8
2025-04-05T03:28:58.417000+00:00,10001,158,1256,4.3,0,39.2,14.6,36.0,1014.9
2025-04-05T03:29:58.432000+00:00,10001,139,1256,2.8,0,39.2,14.6,36.0,1014.9
2025-04-11T14:48:10.664000+00:00,10008,29,1257,1.4,0,36.2,30.9,44.0,1001.8
2025-04-11T14:49:10.661000+00:00,10008,30,1257,1.6,0,36.1,30.9,44.0,1001.8
2025-04-11T14:50:10.679000+00:00,10008,11,1257,1.6,0,36.1,30.8,44.0,1001.8
2025-04-11T14:51:10.694000+00:00,10008,9,1257,1.8,0,36.0,30.8,44.0,1001.8
2025-04-11T14:52:10.729000+00:00,10008,21,1257,1.3,0,36.0,30.8,44.0,1001.8
2025-04-11T14:53:10.743000+00:00,10008,27,1257,1.1,0,36.0,30.8,45.0,1001.8
2025-04-11T14:54:10.746000+00:00,10008,1,1257,1.2,0,36.0,30.7,45.0,1001.7
2025-04-11T14:55:10.733000+00:00,10008,6,1257,0.9,0,36.0,30.6,45.0,1001.7
2025-04-11T14:56:10.740000+00:00,10008,34,1257,1.5,0,36.0,30.6,45.0,1001.8
2025-04-11T14:57:10.763000+00:00,10008,20,1257,1.0,0,35.9,30.5,46.0,1001.7
2025-04-11T14:58:10.776000+00:00,10008,0,1257,1.1,0,35.9,30.5,46.0,1001.8
2025-04-11T14:59:10.778000+00:00,10008,18,1257,1.1,0,35.7,30.5,46.0,1001.7
2025-04-11T15:00:10.810000+00:00,10008,358,1257,1.1,0,35.5,30.4,46.0,1001.6
2025-04-11T15:01:10.813000+00:00,10008,352,1257,0.6,0,35.6,30.4,46.0,1001.8
2025-04-11T15:02:10.828000+00:00,10008,56,1257,0.6,0,35.7,30.4,46.0,1001.8
2025-04-11T15:03:10.842000+00:00,10008,28,1257,0.9,0,35.6,30.4,46.0,1001.8
2025-04-11T15:04:10.861000+00:00,10008,20,1257,1.1,0,35.6,30.4,46.0,1001.8
2025-04-11T15:05:10.859000+00:00,10008,80,1257,0.5,0,35.7,30.3,45.0,1001.7
2025-04-11T15:06:10.879000+00:00,10008,325,1257,0.0,0,36.0,30.3,45.0,1001.7
2025-04-11T15:07:10.879000+00:00,10008,48,1257,0.7,0,36.1,30.3,45.0,1001.8
2025-04-11T15:08:10.886000+00:00,10008,9,1257,0.8,0,36.2,30.4,45.0,1001.9
2025-04-11T15:09:10.906000+00:00,10008,3,1257,0.9,0,35.8,30.4,45.0,1001.8
2025-04-11T15:10:10.894000+00:00,10008,42,1257,1.0,0,35.8,30.4,45.0,1001.8
2025-04-11T15:11:10.911000+00:00,10008,0,1257,0.7,0,35.4,30.4,45.0,1001.8
2025-04-11T15:12:10.912000+00:00,10008,2,1257,1.2,0,35.2,30.3,46.0,1001.9
2025-04-11T15:13:10.918000+00:00,10008,46,1257,1.5,0,35.2,30.3,46.0,1001.9
2025-04-11T15:14:10.930000+00:00,10008,45,1257,0.7,0,35.1,30.2,46.0,1001.9
2025-04-11T15:15:10.930000+00:00,10008,0,1257,0.5,0,35.1,30.1,46.0,1001.9
2025-04-11T15:16:10.931000+00:00,10008,1,1257,0.7,0,35.7,30.1,45.0,1001.8
2025-04-11T15:17:10.932000+00:00,10008,16,1257,0.8,0,35.7,30.1,45.0,1001.8
2025-04-11T15:18:10.935000+00:00,10008,17,1257,1.0,0,35.5,30.1,45.0,1001.9
2025-04-11T15:19:10.949000+00:00,10008,13,1257,1.2,0,35.1,30.1,46.0,1001.9
2025-04-11T15:20:10.950000+00:00,10008,4,1257,1.4,0,34.9,30.0,46.0,1001.9
2025-04-11T15:21:10.965000+00:00,10008,13,1257,1.5,0,34.7,30.0,47.0,1001.9
2025-04-11T15:22:10.984000+00:00,10008,17,1257,1.4,0,34.8,30.0,47.0,1001.8
2025-04-11T15:23:10.983000+00:00,10008,18,1257,2.0,0,34.7,29.9,47.0,1001.8
2025-04-11T15:24:11.003000+00:00,10008,5,1257,1.8,0,34.6,29.9,47.0,1001.8
2025-04-11T15:25:11.020000+00:00,10008,4,1257,1.4,0,34.5,29.8,47.0,1001.8
2025-04-11T15:26:11.021000+00:00,10008,29,1257,1.4,0,34.5,29.8,47.0,1001.9
2025-04-11T15:27:11.032000+00:00,10008,355,1257,0.7,0,34.5,29.7,48.0,1001.9
2025-04-11T15:28:11.034000+00:00,10008,47,1257,0.4,0,34.9,29.6,47.0,1002.0
2025-04-11T15:29:11.034000+00:00,10008,48,1257,0.7,0,34.9,29.6,47.0,1001.9
2025-04-11T15:30:11.035000+00:00,10008,12,1257,0.5,0,35.1,29.6,47.0,1001.9
2025-04-11T15:31:11.037000+00:00,10008,0,1257,0.6,0,35.1,29.6,48.0,1002.0
2025-04-11T15:32:11.053000+00:00,10008,340,1257,0.5,0,34.8,29.6,48.0,1002.0
2025-04-11T15:33:11.054000+00:00,10008,12,1257,1.6,0,34.7,29.6,48.0,1002.0
2025-04-11T15:34:11.074000+00:00,10008,23,1257,1.9,0,34.5,29.5,48.0,1002.0
2025-04-11T15:35:11.111000+00:00,10008,24,1257,1.2,0,34.2,29.5,49.0,1002.1
2025-04-11T15:36:11.079000+00:00,10008,21,1257,1.2,0,34.3,29.5,49.0,1002.1
2025-04-11T15:37:11.094000+00:00,10008,14,1257,0.8,0,34.3,29.5,49.0,1002.1
2025-04-11T15:38:11.101000+00:00,10008,8,1257,1.0,0,34.3,29.5,50.0,1002.0
2025-04-11T15:39:11.107000+00:00,10008,130,1257,1.3,0,33.9,29.5,50.0,1002.0
2025-04-11T15:40:11.142000+00:00,10008,7,1257,0.5,0,33.9,29.5,50.0,1002.1
2025-04-11T15:41:11.121000+00:00,10008,8,1257,2.0,0,33.9,29.4,51.0,1002.1
2025-04-11T15:42:11.136000+00:00,10008,4,1257,1.5,0,33.7,29.4,51.0,1002.2
2025-04-11T15:43:11.161000+00:00,10008,8,1257,1.2,0,33.8,29.4,51.0,1002.1
2025-04-11T15:44:11.139000+00:00,10008,5,1257,1.3,0,33.8,29.3,51.0,1002.1
2025-04-11T15:45:11.159000+00:00,10008,4,1257,1.9,0,33.7,29.3,51.0,1002.1
2025-04-11T15:46:11.156000+00:00,10008,23,1257,1.6,0,33.7,29.3,51.0,1002.1
2025-04-11T15:47:11.162000+00:00,10008,14,1257,1.3,0,34.0,29.3,51.0,1002.2
2025-04-11T15:48:11.172000+00:00,10008,32,1257,1.3,0,34.1,29.3,50.0,1002.1
2025-04-11T15:49:11.189000+00:00,10008,30,1257,1.0,0,34.1,29.3,50.0,1002.1
2025-04-11T15:50:11.205000+00:00,10008,334,1257,1.2,0,34.1,29.3,50.0,1002.1
2025-04-11T15:51:11.209000+00:00,10008,3,1257,1.0,0,34.2,29.3,49.0,1002.1
2025-04-11T15:52:11.206000+00:00,10008,77,1257,1.3,0,34.2,29.3,49.0,1002.2
2025-04-11T15:53:11.208000+00:00,10008,10,1257,1.1,0,34.0,29.2,49.0,1002.1
2025-04-11T15:54:11.211000+00:00,10008,341,1257,1.4,0,34.1,29.2,49.0,1002.1
2025-04-11T15:55:11.236000+00:00,10008,0,1257,1.0,0,34.0,29.2,49.0,1002.1
2025-04-11T15:56:11.228000+00:00,10008,58,1257,0.7,0,33.8,29.2,49.0,1002.2
2025-04-11T15:57:11.245000+00:00,10008,64,1257,1.1,0,33.7,29.1,49.0,1002.2
2025-04-11T15:58:11.273000+00:00,10008,17,1257,1.5,0,33.7,29.1,49.0,1002.2
2025-04-11T15:59:11.280000+00:00,10008,0,1257,1.4,0,33.8,29.2,49.0,1002.2
2025-04-11T16:00:11.276000+00:00,10008,10,1257,1.5,0,33.8,29.2,49.0,1002.3
2025-04-11T16:01:11.279000+00:00,10008,359,1257,1.0,0,33.8,29.1,49.0,1002.2
2025-04-11T16:02:11.262000+00:00,10008,21,1257,0.8,0,33.4,29.1,49.0,1002.3
2025-04-11T16:03:11.263000+00:00,10008,24,1257,0.8,0,33.6,29.1,49.0,1002.3
2025-04-11T16:04:11.298000+00:00,10008,23,1257,0.8,0,33.6,29.1,49.0,1002.2
2025-04-11T16:05:11.284000+00:00,10008,7,1257,1.0,0,33.9,29.1,49.0,1002.3
2025-04-11T16:06:11.285000+00:00,10008,9,1257,0.8,0,33.7,29.1,49.0,1002.3
2025-04-05T05:46:59.270000+00:00,10002,151,1256,4.5,0,35.4,14.7,57.0,1013.3
2025-04-05T05:47:59.349000+00:00,10002,150,1256,3.5,0,35.3,14.7,58.0,1013.3
2025-04-05T05:48:59.299000+00:00,10002,141,1256,4.1,0,35.3,14.7,58.0,1013.4
2025-04-05T05:49:59.279000+00:00,10002,149,1256,3.0,0,35.5,14.7,58.0,1013.3
2025-04-05T05:50:59.288000+00:00,10002,121,1256,3.3,0,35.5,14.8,57.0,1013.3
2025-04-05T05:51:59.298000+00:00,10002,146,1256,2.0,0,35.5,14.7,57.0,1013.3
2025-04-05T05:52:59.300000+00:00,10002,135,1256,3.2,0,35.5,14.8,55.0,1013.3
2025-04-05T05:53:59.329000+00:00,10002,134,1256,3.0,0,34.9,14.9,55.0,1013.3
2025-04-05T05:54:59.352000+00:00,10002,126,1256,3.5,0,34.9,14.9,56.0,1013.3
2025-04-05T05:55:59.337000+00:00,10002,147,1256,3.6,0,34.7,14.9,57.0,1013.3
2025-04-05T05:56:59.403000+00:00,10002,138,1256,3.4,0,34.5,14.9,57.0,1013.2
2025-04-05T05:57:59.357000+00:00,10002,130,1256,4.8,0,34.5,14.9,57.0,1013.2
2025-04-05T05:58:59.364000+00:00,10002,132,1256,4.0,0,33.9,14.9,56.0,1013.3
2025-04-05T05:59:59.395000+00:00,10002,148,1256,3.8,0,33.8,14.9,57.0,1013.2
2025-04-05T06:00:59.396000+00:00,10002,149,1256,3.3,0,33.9,14.8,58.0,1013.3
2025-04-05T06:01:59.412000+00:00,10002,132,1256,3.8,0,33.9,14.8,57.0,1013.3
2025-04-05T06:02:59.412000+00:00,10002,138,1256,4.1,0,33.7,14.8,58.0,1013.3
2025-04-05T06:03:59.429000+00:00,10002,124,1256,2.4,0,33.9,14.8,58.0,1013.3
2025-04-05T06:04:59.429000+00:00,10002,124,1256,2.4,0,33.9,14.8,58.0,1013.3
2025-04-05T06:05:59.445000+00:00,10002,154,1256,3.1,0,34.0,14.7,58.0,1013.4
2025-04-05T06:06:59.430000+00:00,10002,125,1256,3.3,0,33.7,14.7,57.0,1013.4
2025-04-05T06:07:59.430000+00:00,10002,125,1256,3.3,0,33.7,14.8,57.0,1013.4
2025-04-05T06:08:59.446000+00:00,10002,120,1256,2.7,0,33.9,14.7,58.0,1013.4
2025-04-05T06:09:59.447000+00:00,10002,152,1256,2.4,0,33.9,14.7,58.0,1013.3
2025-04-05T06:10:59.448000+00:00,10002,152,1256,2.4,0,33.9,14.8,58.0,1013.3
2025-04-05T06:11:59.448000+00:00,10002,94,1256,0.9,0,33.9,14.8,57.0,1013.4
2025-04-05T06:12:59.448000+00:00,10002,131,1256,2.7,0,33.6,14.9,56.0,1013.3
2025-04-05T06:13:59.443000+00:00,10002,131,1256,2.7,0,33.6,14.8,56.0,1013.3
2025-04-05T06:14:59.434000+00:00,10002,148,1256,2.8,0,33.6,14.8,58.0,1013.3
2025-04-05T06:15:59.482000+00:00,10002,149,1256,3.8,0,33.7,14.8,57.0,1013.2
2025-04-05T06:16:59.451000+00:00,10002,149,1256,3.8,0,33.7,14.9,57.0,1013.2
2025-04-05T06:17:59.451000+00:00,10002,129,1256,2.1,0,33.9,14.8,59.0,1013.4
2025-04-05T06:18:59.441000+00:00,10002,155,1256,2.7,0,33.7,14.9,58.0,1013.3
2025-04-05T06:19:59.465000+00:00,10002,148,1256,1.9,0,33.4,14.8,58.0,1013.3
2025-04-05T06:20:59.481000+00:00,10002,130,1256,1.8,0,33.0,14.9,58.0,1013.4
2025-04-05T06:21:59.503000+00:00,10002,136,1256,2.7,0,33.0,14.9,58.0,1013.3
2025-04-05T06:22:59.503000+00:00,10002,150,1256,2.5,0,33.0,14.8,58.0,1013.3
2025-04-05T06:23:59.504000+00:00,10002,147,1256,2.4,0,32.8,14.9,57.0,1013.4
2025-04-05T06:24:59.520000+00:00,10002,141,1256,3.2,0,32.8,14.9,58.0,1013.3
2025-04-05T06:25:59.552000+00:00,10002,122,1256,2.9,0,32.8,14.8,58.0,1013.3
2025-04-05T06:26:59.561000+00:00,10002,143,1256,3.1,0,32.7,14.8,59.0,1013.3
2025-04-05T06:27:59.561000+00:00,10002,124,1256,3.9,0,32.5,14.8,59.0,1013.4
2025-04-05T06:28:59.562000+00:00,10002,139,1256,3.1,0,32.3,14.9,59.0,1013.4
2025-04-05T06:29:59.594000+00:00,10002,121,1256,2.5,0,32.1,14.7,59.0,1013.3
2025-04-05T06:30:59.579000+00:00,10002,146,1256,2.6,0,32.1,14.8,59.0,1013.3
2025-04-05T06:31:59.563000+00:00,10002,132,1256,1.8,0,31.8,14.7,58.0,1013.3
2025-04-05T06:32:59.580000+00:00,10002,105,1256,2.0,0,31.8,14.7,59.0,1013.3
2025-04-05T06:33:59.580000+00:00,10002,136,1256,2.9,0,31.8,14.6,59.0,1013.3
2025-04-05T06:34:59.581000+00:00,10002,120,1256,2.7,0,31.7,14.7,59.0,1013.2
2025-04-05T06:35:59.581000+00:00,10002,161,1256,1.9,0,31.7,14.6,60.0,1013.3
2025-04-05T06:36:59.582000+00:00,10002,143,1256,2.8,0,31.8,14.6,59.0,1013.4
2025-04-05T06:37:59.582000+00:00,10002,150,1256,3.0,0,31.7,14.6,59.0,1013.3
2025-04-05T06:38:59.583000+00:00,10002,108,1256,3.2,0,31.3,14.8,59.0,1013.2
2025-04-05T06:39:59.583000+00:00,10002,130,1256,3.1,0,31.1,14.8,59.0,1013.3
2025-04-05T06:40:59.590000+00:00,10002,148,1256,3.5,0,31.0,14.7,59.0,1013.2
2025-04-05T06:41:59.591000+00:00,10002,126,1256,2.9,0,31.0,14.6,60.0,1013.3
2025-04-05T06:42:59.591000+00:00,10002,158,1256,3.7,0,31.0,14.6,60.0,1013.4
2025-04-05T06:43:59.592000+00:00,10002,149,1256,3.8,0,31.0,14.6,60.0,1013.3
2025-04-05T06:44:59.595000+00:00,10002,144,1256,3.5,0,30.8,14.6,60.0,1013.3
2025-04-05T06:45:59.596000+00:00,10002,126,1256,3.4,0,30.7,14.6,60.0,1013.3
2025-04-05T06:46:59.596000+00:00,10002,151,1256,3.7,0,30.6,14.6,60.0,1013.3
2025-04-05T06:47:59.597000+00:00,10002,147,1256,3.0,0,30.4,14.6,59.0,1013.3
2025-04-05T06:48:59.582000+00:00,10002,137,1256,2.4,0,30.1,14.7,60.0,1013.4
2025-04-05T06:49:59.598000+00:00,10002,147,1256,1.9,0,30.1,14.7,61.0,1013.3
2025-04-05T06:50:59.598000+00:00,10002,143,1256,2.7,0,30.3,14.7,60.0,1013.3
2025-04-05T06:51:59.599000+00:00,10002,148,1256,3.1,0,30.2,14.7,59.0,1013.3
2025-04-05T06:52:59.599000+00:00,10002,123,1256,3.5,0,30.1,14.7,60.0,1013.3
2025-04-05T06:53:59.609000+00:00,10002,149,1256,3.0,0,30.0,14.7,60.0,1013.3
2025-04-05T06:54:59.638000+00:00,10002,126,1256,3.4,0,30.0,14.7,59.0,1013.3
2025-04-05T06:55:59.631000+00:00,10002,128,1256,2.5,0,29.9,14.7,60.0,1013.2
2025-04-05T06:56:59.632000+00:00,10002,146,1256,1.8,0,29.8,14.7,60.0,1013.3
2025-04-05T06:57:59.654000+00:00,10002,151,1256,2.8,0,29.5,14.6,60.0,1013.2
2025-04-05T06:58:59.645000+00:00,10002,156,1256,3.2,0,29.5,14.5,60.0,1013.3
2025-04-05T06:59:59.646000+00:00,10002,150,1256,4.4,0,29.4,14.4,60.0,1013.2
2025-04-05T07:00:59.646000+00:00,10002,152,1256,3.2,0,29.3,14.4,61.0,1013.2
2025-04-05T07:01:59.647000+00:00,10002,151,1256,2.4,0,29.1,14.3,61.0,1013.2
2025-04-05T07:02:59.663000+00:00,10002,144,1256,1.4,0,29.1,14.3,61.0,1013.2
2025-04-05T07:03:59.679000+00:00,10002,148,1256,2.7,0,29.1,14.3,60.0,1013.2
2025-04-05T07:04:59.695000+00:00,10002,144,1256,3.0,0,29.0,14.3,60.0,1013.3
2025-04-05T07:05:59.696000+00:00,10002,155,1256,3.4,0,28.8,14.3,60.0,1013.3
2025-04-05T07:06:59.699000+00:00,10002,149,1256,3.6,0,28.7,14.4,60.0,1013.2
2025-04-05T07:07:59.715000+00:00,10002,121,1256,3.2,0,28.8,14.4,61.0,1013.2
2025-04-05T07:08:59.716000+00:00,10002,150,1256,2.8,0,28.8,14.4,61.0,1013.2
2025-04-05T07:09:59.707000+00:00,10002,149,1256,2.5,0,28.8,14.4,61.0,1013.2
2025-04-05T07:10:59.723000+00:00,10002,143,1256,2.9,0,28.6,14.3,61.0,1013.1
2025-04-06T04:08:06.132000+00:00,10006,324,1256,1.1,0,22.5,14.6,76.0,1009.9
2025-04-06T04:09:06.133000+00:00,10006,121,1256,0.4,0,22.6,14.5,75.0,1009.9
2025-04-06T04:10:06.117000+00:00,10006,132,1256,1.5,0,22.8,14.4,75.0,1009.9
2025-04-06T04:11:06.133000+00:00,10006,136,1256,0.6,0,23.0,14.5,76.0,1010.0
2025-04-06T04:12:06.134000+00:00,10006,152,1256,0.9,0,22.9,14.6,74.0,1009.9
2025-04-06T04:13:06.119000+00:00,10006,196,1256,1.6,0,23.0,14.6,75.0,1009.9
2025-04-06T04:14:06.135000+00:00,10006,113,1256,1.3,0,23.0,14.6,74.0,1009.8
2025-04-06T04:15:06.135000+00:00,10006,167,1256,1.1,0,22.9,14.6,74.0,1009.8
2025-04-06T04:16:06.136000+00:00,10006,157,1256,0.8,0,22.9,14.6,75.0,1009.9
2025-04-06T04:17:06.152000+00:00,10006,170,1256,1.6,0,23.0,14.6,75.0,1009.9
2025-04-06T04:18:06.136000+00:00,10006,184,1256,1.7,0,23.0,14.7,73.0,1009.9
2025-04-06T04:19:06.168000+00:00,10006,175,1256,1.3,0,22.7,14.6,74.0,1009.8
2025-04-06T04:20:06.131000+00:00,10006,0,1256,1.0,0,22.7,14.5,74.0,1009.9
2025-04-06T04:21:06.147000+00:00,10006,343,1256,0.4,0,22.5,14.5,76.0,1009.8
2025-04-06T04:22:06.141000+00:00,10006,194,1256,0.7,0,22.3,14.5,75.0,1009.8
2025-04-06T04:23:06.161000+00:00,10006,246,1256,1.8,0,22.2,14.5,74.0,1009.8
2025-04-06T04:24:06.161000+00:00,10006,340,1256,2.1,0,21.9,14.5,74.0,1009.8
2025-04-06T04:25:06.161000+00:00,10006,355,1256,1.1,0,21.2,14.5,74.0,1009.8
2025-04-06T04:26:06.243000+00:00,10006,6,1256,1.3,0,20.9,14.5,74.0,1009.8
2025-04-06T04:27:06.181000+00:00,10006,286,1256,1.1,0,20.9,14.4,75.0,1009.8
2025-04-06T04:28:06.186000+00:00,10006,201,1256,0.9,0,21.0,14.4,76.0,1009.7
2025-04-06T04:29:06.184000+00:00,10006,242,1256,1.7,0,21.0,14.4,76.0,1009.8
2025-04-06T04:30:06.200000+00:00,10006,322,1256,0.5,0,20.8,14.4,76.0,1009.8
2025-04-06T04:31:06.191000+00:00,10006,156,1256,1.3,0,20.8,14.4,75.0,1009.8
2025-04-06T04:32:06.209000+00:00,10006,219,1256,1.2,0,20.9,14.4,75.0,1009.8
2025-04-06T04:33:06.209000+00:00,10006,231,1256,1.4,0,20.8,14.4,74.0,1009.8
2025-04-06T04:34:06.225000+00:00,10006,292,1256,1.1,0,20.5,14.3,75.0,1009.8
2025-04-06T04:35:06.222000+00:00,10006,4,1256,0.9,0,20.2,14.2,75.0,1009.7
2025-04-06T04:36:06.238000+00:00,10006,326,1256,1.3,0,20.1,14.2,75.0,1009.7
2025-04-06T04:37:06.239000+00:00,10006,336,1256,0.9,0,20.2,14.2,76.0,1009.7
2025-04-06T04:38:06.258000+00:00,10006,324,1256,1.4,0,20.4,14.2,76.0,1009.7
2025-04-06T04:39:06.277000+00:00,10006,324,1256,0.6,0,20.4,14.2,76.0,1009.6
2025-04-06T04:40:06.262000+00:00,10006,310,1256,1.1,0,20.5,14.2,76.0,1009.6
2025-04-06T04:41:06.263000+00:00,10006,281,1256,1.0,0,20.5,14.2,75.0,1009.6
2025-04-06T04:42:06.279000+00:00,10006,340,1256,0.9,0,20.5,14.2,75.0,1009.6
2025-04-06T04:43:06.279000+00:00,10006,3,1256,1.2,0,20.6,14.2,76.0,1009.6
2025-04-06T04:44:06.289000+00:00,10006,17,1256,1.1,0,20.7,14.3,76.0,1009.5
2025-04-06T04:45:06.306000+00:00,10006,0,1256,0.8,0,21.2,14.3,76.0,1009.5
2025-04-06T04:46:06.328000+00:00,10006,100,1256,0.6,0,21.5,14.4,75.0,1009.4
2025-04-06T04:47:06.353000+00:00,10006,169,1256,0.7,0,21.7,14.4,75.0,1009.5
2025-04-06T04:48:06.369000+00:00,10006,0,1256,0.7,0,21.7,14.5,74.0,1009.5
2025-04-06T04:49:06.385000+00:00,10006,349,1256,0.7,0,21.7,14.4,75.0,1009.5
2025-04-06T04:50:06.385000+00:00,10006,232,1256,1.2,0,21.7,14.4,74.0,1009.5
2025-04-06T04:51:06.383000+00:00,10006,334,1256,1.6,0,21.5,14.5,74.0,1009.5
2025-04-06T04:52:06.376000+00:00,10006,319,1256,1.5,0,21.3,14.5,74.0,1009.4
2025-04-06T04:53:06.373000+00:00,10006,323,1256,1.5,0,21.3,14.4,75.0,1009.5
2025-04-06T04:54:06.387000+00:00,10006,343,1256,1.1,0,21.5,14.4,75.0,1009.4
2025-04-06T04:55:06.386000+00:00,10006,335,1256,0.5,0,21.5,14.3,76.0,1009.5
2025-04-06T04:56:06.416000+00:00,10006,323,1256,1.0,0,21.6,14.4,75.0,1009.3
2025-04-06T04:57:06.432000+00:00,10006,288,1256,1.4,0,21.4,14.4,75.0,1009.3
2025-04-06T04:58:06.417000+00:00,10006,0,1256,1.2,0,21.4,14.4,75.0,1009.4
2025-04-06T04:59:06.418000+00:00,10006,322,1256,1.3,0,21.3,14.4,76.0,1009.4
2025-04-06T05:00:06.434000+00:00,10006,318,1256,0.9,0,21.3,14.3,77.0,1009.5
2025-04-06T05:01:06.450000+00:00,10006,290,1256,1.2,0,21.3,14.4,76.0,1009.4
2025-04-06T05:02:06.476000+00:00,10006,357,1256,2.1,0,21.1,14.4,76.0,1009.4
2025-04-06T05:03:06.470000+00:00,10006,218,1256,1.6,0,21.0,14.3,76.0,1009.5
2025-04-06T05:04:06.470000+00:00,10006,231,1256,0.9,0,21.0,14.3,77.0,1009.5
2025-04-06T05:05:06.461000+00:00,10006,217,1256,0.9,0,21.0,14.3,77.0,1009.4
2025-04-06T05:06:06.462000+00:00,10006,118,1256,0.7,0,20.8,14.2,77.0,1009.5
2025-04-06T05:07:06.462000+00:00,10006,319,1256,1.5,0,20.8,14.3,77.0,1009.5
2025-04-06T05:08:06.478000+00:00,10006,223,1256,1.1,0,20.9,14.2,77.0,1009.5
2025-04-06T05:09:06.479000+00:00,10006,239,1256,1.1,0,20.9,14.3,77.0,1009.5
2025-04-06T05:10:06.463000+00:00,10006,317,1256,1.5,0,20.7,14.3,77.0,1009.4
2025-04-06T05:11:06.479000+00:00,10006,15,1256,1.3,0,20.6,14.2,77.0,1009.4
2025-04-06T05:12:06.495000+00:00,10006,60,1256,1.1,0,20.7,14.3,77.0,1009.2
2025-04-06T05:13:06.496000+00:00,10006,349,1256,1.7,0,20.6,14.3,78.0,1009.3
2025-04-06T05:14:06.512000+00:00,10006,339,1256,1.4,0,20.6,14.3,78.0,1009.3
2025-04-06T05:15:06.519000+00:00,10006,341,1256,2.3,0,20.7,14.3,77.0,1009.2
2025-04-06T05:16:06.535000+00:00,10006,204,1256,1.7,0,20.6,14.3,78.0,1009.3
2025-04-06T05:17:06.516000+00:00,10006,238,1256,1.2,0,20.7,14.3,78.0,1009.2
2025-04-06T05:18:06.526000+00:00,10006,336,1256,1.7,0,20.7,14.3,77.0,1009.2
2025-04-06T05:19:06.527000+00:00,10006,345,1256,1.7,0,20.6,14.3,78.0,1009.2
2025-04-06T05:20:06.540000+00:00,10006,342,1256,0.8,0,20.6,14.3,78.0,1009.2
2025-04-06T05:21:06.553000+00:00,10006,256,1256,1.1,0,20.2,14.3,78.0,1009.2
2025-04-06T05:22:06.539000+00:00,10006,346,1256,1.0,0,20.4,14.3,78.0,1009.2
2025-04-06T05:23:06.539000+00:00,10006,333,1256,1.0,0,20.4,14.3,78.0,1009.2
2025-04-06T05:24:06.554000+00:00,10006,333,1256,1.0,0,20.4,14.3,78.0,1009.2
2025-04-06T05:25:06.561000+00:00,10006,333,1256,1.0,0,20.4,14.3,78.0,1009.2
2025-04-06T05:26:06.561000+00:00,10006,333,1256,1.3,0,20.3,14.3,77.0,1009.2
2025-04-06T05:27:06.546000+00:00,10006,256,1256,1.5,0,20.3,14.4,77.0,1009.2
2025-04-06T05:28:06.594000+00:00,10006,71,1256,1.8,0,20.1,14.5,76.0,1009.2
2025-04-06T05:29:06.572000+00:00,10006,213,1256,1.6,0,19.9,14.5,76.0,1009.2
2025-04-06T05:30:06.573000+00:00,10006,203,1256,1.4,0,20.0,14.4,76.0,1009.1
2025-04-06T05:31:06.573000+00:00,10006,281,1256,1.9,0,20.0,14.4,77.0,1009.1
2025-04-06T05:32:06.574000+00:00,10006,189,1256,1.3,0,20.1,14.4,77.0,1009.1
2025-04-06T05:33:06.635000+00:00,10006,321,1256,1.2,0,20.1,14.4,77.0,1009.2
2025-04-06T05:34:06.573000+00:00,10006,322,1256,0.9,0,20.1,14.4,76.0,1009.3
2025-04-06T05:35:06.566000+00:00,10006,349,1256,1.0,0,20.0,14.5,77.0,1009.2
2025-04-06T05:36:06.553000+00:00,10006,181,1256,0.9,0,20.0,14.4,77.0,1009.1
2025-04-06T05:37:06.566000+00:00,10006,342,1256,1.4,0,20.0,14.4,77.0,1009.1
2025-04-06T05:38:06.567000+00:00,10006,290,1256,1.1,0,20.0,14.4,77.0,1009.2
2025-04-06T05:39:06.614000+00:00,10006,346,1256,1.0,0,20.0,14.5,77.0,1009.2
2025-04-06T05:40:06.630000+00:00,10006,332,1256,0.9,0,19.9,14.5,77.0,1009.2
2025-04-06T05:41:06.615000+00:00,10006,264,1256,1.6,0,19.7,14.5,77.0,1009.1
2025-04-06T05:42:06.613000+00:00,10006,246,1256,0.7,0,19.6,14.4,77.0,1009.1
2025-04-06T05:43:06.601000+00:00,10006,316,1256,1.6,0,19.6,14.4,77.0,1009.1
2025-04-06T05:44:06.617000+00:00,10006,350,1256,1.8,0,19.6,14.4,78.0,1009.1
2025-04-06T05:45:06.617000+00:00,10006,274,1256,1.1,0,19.6,14.4,77.0,1009.1
2025-04-06T05:46:06.649000+00:00,10006,207,1256,0.7,0,19.4,14.4,78.0,1009.1
2025-04-06T05:47:06.650000+00:00,10006,325,1256,0.5,0,19.5,14.5,78.0,1009.2
2025-04-06T05:48:06.641000+00:00,10006,268,1256,0.7,0,19.5,14.5,78.0,1009.1
2025-04-06T05:49:06.657000+00:00,10006,334,1256,0.6,0,19.6,14.5,78.0,1009.2
2025-04-06T05:50:06.664000+00:00,10006,330,1256,0.7,0,19.7,14.6,77.0,1009.1
2025-04-06T05:51:06.664000+00:00,10006,333,1256,0.7,0,19.7,14.6,77.0,1009.1
2025-04-06T05:52:06.682000+00:00,10006,355,1256,1.2,0,19.5,14.5,77.0,1009.0
2025-04-06T05:53:06.665000+00:00,10006,335,1256,1.2,0,19.5,14.6,77.0,1009.0
2025-04-06T05:54:06.681000+00:00,10006,47,1256,1.4,0,19.4,14.6,77.0,1009.0
2025-04-06T05:55:06.660000+00:00,10006,312,1256,1.2,0,19.4,14.6,77.0,1009.0
2025-04-06T05:56:06.688000+00:00,10006,352,1256,0.9,0,19.4,14.5,78.0,1009.0
2025-04-06T05:57:06.673000+00:00,10006,217,1256,1.1,0,19.4,14.6,77.0,1009.0
2025-04-06T05:58:06.689000+00:00,10006,339,1256,1.4,0,19.5,14.5,78.0,1009.0
2025-04-06T05:59:06.693000+00:00,10006,287,1256,1.4,0,19.4,14.5,78.0,1009.0
2025-04-06T06:00:06.693000+00:00,10006,293,1256,0.9,0,19.3,14.4,78.0,1008.9
2025-04-06T06:01:06.709000+00:00,10006,333,1256,1.4,0,19.3,14.4,77.0,1008.9
2025-04-06T06:02:06.709000+00:00,10006,171,1256,1.2,0,19.3,14.5,78.0,1009.0
2025-04-06T06:03:06.710000+00:00,10006,275,1256,1.9,0,19.2,14.5,77.0,1009.0
2025-04-06T06:04:06.738000+00:00,10006,307,1256,0.7,0,19.2,14.5,78.0,1008.9
2025-04-06T06:05:06.717000+00:00,10006,312,1256,0.8,0,19.3,14.4,78.0,1009.0
2025-04-06T06:06:06.733000+00:00,10006,340,1256,0.5,0,19.2,14.5,77.0,1008.9
2025-04-06T06:07:06.756000+00:00,10006,315,1256,1.6,0,19.4,14.5,77.0,1008.9
2025-04-06T06:08:06.759000+00:00,10006,0,1256,1.6,0,19.4,14.5,77.0,1008.9
2025-04-06T06:09:06.743000+00:00,10006,337,1256,1.2,0,19.4,14.5,78.0,1008.9
2025-04-06T06:10:06.769000+00:00,10006,332,1256,1.4,0,19.4,14.5,78.0,1008.9
2025-04-06T06:11:06.769000+00:00,10006,332,1256,1.1,0,19.4,14.5,77.0,1008.9
2025-04-06T06:12:06.770000+00:00,10006,308,1256,1.1,0,19.4,14.5,77.0,1008.9
2025-04-06T06:13:06.749000+00:00,10006,301,1256,1.1,0,19.4,14.5,77.0,1008.8
2025-04-06T06:14:06.765000+00:00,10006,311,1256,1.1,0,19.4,14.5,77.0,1008.9
2025-04-06T06:15:06.781000+00:00,10006,299,1256,1.5,0,19.4,14.5,77.0,1008.8
2025-04-06T06:16:06.791000+00:00,10006,264,1256,1.4,0,19.4,14.6,77.0,1008.8
2025-04-06T06:17:06.776000+00:00,10006,0,1256,1.3,0,19.2,14.5,77.0,1008.8
2025-04-06T06:18:06.792000+00:00,10006,317,1256,1.0,0,19.2,14.6,77.0,1008.9
2025-04-06T06:19:06.817000+00:00,10006,348,1256,1.2,0,19.2,14.5,77.0,1008.9
2025-04-06T06:20:06.799000+00:00,10006,302,1256,1.4,0,19.3,14.6,77.0,1008.9
2025-04-06T06:21:06.846000+00:00,10006,329,1256,1.2,0,19.4,14.6,77.0,1008.8
2025-04-06T06:22:06.831000+00:00,10006,301,1256,2.4,0,19.4,14.6,77.0,1008.8
2025-04-06T06:23:06.831000+00:00,10006,325,1256,1.3,0,19.3,14.6,77.0,1008.8
2025-04-06T06:24:06.827000+00:00,10006,339,1256,1.7,0,19.2,14.7,77.0,1008.7
2025-04-06T06:25:06.820000+00:00,10006,6,1256,2.1,0,19.0,14.6,76.0,1008.8
2025-04-06T06:26:06.821000+00:00,10006,326,1256,2.1,0,19.1,14.6,77.0,1008.8
2025-04-06T06:27:06.806000+00:00,10006,334,1256,1.2,0,19.0,14.6,77.0,1008.9
2025-04-12T12:17:18.944000+00:00,10009,26,1257,1.8,0,47.1,34.3,41.0,1001.5
2025-04-12T12:18:18.949000+00:00,10009,17,1257,2.4,0,47.3,34.2,40.0,1001.6
2025-04-12T12:19:18.956000+00:00,10009,20,1257,2.4,0,47.1,34.1,39.0,1001.7
2025-04-12T12:20:18.958000+00:00,10009,14,1257,2.4,0,46.5,34.1,38.0,1001.6
2025-04-12T12:21:18.968000+00:00,10009,37,1257,2.8,0,46.0,34.0,38.0,1001.7
2025-04-12T12:22:18.967000+00:00,10009,9,1257,2.5,0,45.9,34.0,39.0,1001.7
2025-04-12T12:23:19.003000+00:00,10009,15,1257,3.8,0,45.9,34.0,38.0,1001.7
2025-04-12T12:24:19.017000+00:00,10009,19,1257,4.6,0,46.0,33.9,41.0,1001.7
2025-04-12T12:25:19.016000+00:00,10009,12,1257,3.6,0,44.6,33.5,43.0,1001.7
2025-04-12T12:26:19.002000+00:00,10009,24,1257,4.1,0,43.9,33.2,44.0,1001.8
2025-04-12T12:27:19.005000+00:00,10009,18,1257,2.9,0,43.8,33.1,45.0,1001.8
2025-04-12T12:28:19.036000+00:00,10009,19,1257,3.4,0,43.8,32.9,46.0,1001.8
2025-04-12T12:29:19.021000+00:00,10009,13,1257,3.7,0,43.5,32.8,45.0,1001.8
2025-04-12T12:30:19.036000+00:00,10009,29,1257,3.8,0,43.4,32.5,45.0,1001.8
2025-04-12T12:31:19.038000+00:00,10009,15,1257,3.6,0,43.4,32.4,46.0,1001.8
2025-04-12T12:32:19.053000+00:00,10009,17,1257,3.3,0,43.4,32.5,48.0,1001.7
2025-04-12T12:33:19.070000+00:00,10009,31,1257,3.1,0,43.4,32.3,47.0,1001.8
2025-04-12T12:34:19.081000+00:00,10009,23,1257,2.6,0,43.4,32.2,47.0,1001.9
2025-04-12T12:35:19.086000+00:00,10009,37,1257,2.8,0,43.4,32.1,48.0,1001.9
2025-04-12T12:36:19.140000+00:00,10009,19,1257,3.1,0,43.2,31.9,49.0,1001.8
2025-04-12T12:37:19.681000+00:00,10009,19,1257,2.2,0,43.0,31.9,49.0,1001.9
2025-04-12T12:38:19.112000+00:00,10009,23,1257,2.1,0,43.5,31.9,47.0,1001.9
2025-04-12T12:39:19.103000+00:00,10009,19,1257,3.6,0,43.4,31.7,48.0,1001.9
2025-04-12T12:40:19.111000+00:00,10009,14,1257,3.7,0,42.9,31.5,48.0,1001.8
2025-04-12T12:41:19.089000+00:00,10009,32,1257,3.6,0,42.7,31.4,49.0,1001.9
2025-04-12T12:42:19.106000+00:00,10009,30,1257,3.0,0,42.6,31.3,49.0,1001.9
2025-04-12T12:43:19.107000+00:00,10009,14,1257,2.4,0,42.8,31.3,49.0,1001.8
2025-04-12T12:44:19.099000+00:00,10009,12,1257,2.8,0,42.9,31.2,48.0,1001.8
2025-04-12T12:45:19.126000+00:00,10009,12,1257,2.9,0,42.9,31.2,47.0,1001.9
2025-04-12T12:46:19.701000+00:00,10009,12,1257,2.9,0,43.0,31.2,47.0,1001.9
2025-04-12T12:47:19.140000+00:00,10009,29,1257,3.6,0,42.7,31.2,47.0,1001.9
2025-04-12T12:48:19.140000+00:00,10009,22,1257,2.8,0,42.6,31.2,47.0,1001.8
2025-04-12T12:49:19.161000+00:00,10009,37,1257,2.9,0,42.2,31.1,47.0,1001.7
2025-04-12T12:50:19.181000+00:00,10009,13,1257,2.7,0,42.6,31.0,48.0,1001.8
2025-04-12T12:51:19.195000+00:00,10009,14,1257,2.4,0,42.5,31.0,48.0,1001.8
2025-04-12T12:52:19.223000+00:00,10009,20,1257,2.1,0,42.6,31.0,47.0,1001.9
2025-04-12T12:53:19.228000+00:00,10009,14,1257,3.3,0,42.0,30.9,47.0,1001.8
2025-04-12T12:54:19.255000+00:00,10009,13,1257,3.6,0,42.1,30.8,48.0,1001.6
2025-04-12T12:55:19.259000+00:00,10009,18,1257,2.9,0,41.9,30.8,48.0,1001.8
2025-04-12T12:56:19.272000+00:00,10009,21,1257,3.0,0,41.8,30.8,48.0,1001.7
2025-04-12T12:57:19.847000+00:00,10009,16,1257,2.8,0,42.2,30.8,48.0,1001.7
2025-04-12T12:58:19.288000+00:00,10009,15,1257,3.5,0,42.2,30.8,48.0,1001.8
2025-04-12T12:59:19.294000+00:00,10009,15,1257,3.5,0,42.2,30.7,48.0,1001.8
2025-04-12T13:00:19.291000+00:00,10009,15,1257,3.5,0,42.2,30.6,48.0,1001.8
2025-04-12T13:01:19.293000+00:00,10009,16,1257,2.5,0,41.8,30.6,49.0,1001.8
2025-04-12T13:02:19.306000+00:00,10009,31,1257,2.9,0,41.6,30.6,48.0,1001.6
2025-04-12T13:03:19.329000+00:00,10009,19,1257,3.4,0,41.4,30.6,48.0,1001.8
2025-04-12T13:04:19.341000+00:00,10009,24,1257,3.3,0,41.4,30.5,49.0,1001.7
2025-04-12T13:05:19.346000+00:00,10009,26,1257,3.6,0,41.4,30.5,49.0,1001.7
2025-04-12T13:06:19.342000+00:00,10009,17,1257,3.0,0,41.1,30.6,49.0,1001.8
2025-04-12T13:07:19.345000+00:00,10009,32,1257,3.6,0,41.1,30.5,49.0,1001.7
2025-04-12T13:08:19.367000+00:00,10009,14,1257,3.0,0,41.1,30.3,49.0,1001.7
2025-04-12T13:09:20.027000+00:00,10009,22,1257,3.2,0,41.3,30.3,49.0,1001.8
2025-04-12T13:10:19.428000+00:00,10009,17,1257,3.0,0,40.8,30.3,49.0,1001.7
2025-04-12T13:11:19.422000+00:00,10009,38,1257,4.0,0,40.8,30.2,49.0,1001.7
2025-04-12T13:12:19.454000+00:00,10009,4,1257,2.9,0,40.6,30.1,49.0,1001.8
2025-04-12T13:13:19.432000+00:00,10009,20,1257,3.4,0,40.6,30.1,48.0,1001.7
2025-04-12T13:14:19.477000+00:00,10009,31,1257,2.9,0,40.6,30.1,48.0,1001.8
2025-04-12T13:15:19.476000+00:00,10009,31,1257,2.8,0,40.7,30.2,48.0,1001.7
2025-04-12T13:16:19.474000+00:00,10009,15,1257,3.7,0,40.8,30.0,48.0,1001.7
2025-04-12T13:17:19.495000+00:00,10009,12,1257,3.0,0,40.8,30.0,48.0,1001.7
2025-04-12T13:18:19.509000+00:00,10009,8,1257,3.2,0,40.5,29.9,48.0,1001.9
2025-04-12T13:19:19.503000+00:00,10009,14,1257,3.3,0,40.4,29.9,47.0,1001.7
2025-04-12T13:20:20.153000+00:00,10009,29,1257,2.5,0,40.9,29.9,47.0,1001.7
2025-04-12T13:21:19.512000+00:00,10009,13,1257,2.9,0,40.7,29.9,47.0,1001.8
2025-04-12T13:22:19.512000+00:00,10009,19,1257,3.0,0,40.6,30.0,47.0,1001.7
2025-04-12T13:23:19.514000+00:00,10009,11,1257,3.1,0,40.4,29.9,47.0,1001.8
2025-04-12T13:24:19.514000+00:00,10009,25,1257,3.3,0,40.3,29.9,47.0,1001.8
2025-04-12T13:25:19.499000+00:00,10009,12,1257,2.7,0,40.4,29.9,47.0,1001.8
2025-04-12T13:26:19.500000+00:00,10009,16,1257,2.5,0,40.4,29.9,47.0,1001.7
2025-04-12T13:27:19.500000+00:00,10009,10,1257,2.8,0,40.4,30.0,46.0,1001.8
2025-04-12T13:28:19.509000+00:00,10009,21,1257,2.8,0,40.0,29.9,47.0,1001.7
2025-04-12T13:29:19.506000+00:00,10009,15,1257,3.1,0,39.5,29.9,47.0,1001.8
2025-04-12T13:30:19.519000+00:00,10009,24,1257,2.9,0,39.4,29.8,47.0,1001.7
2025-04-12T13:31:19.511000+00:00,10009,24,1257,3.7,0,39.8,29.9,47.0,1001.8
2025-04-12T13:32:19.522000+00:00,10009,15,1257,3.1,0,39.7,29.9,47.0,1001.7
2025-04-12T13:33:19.519000+00:00,10009,31,1257,2.7,0,39.8,29.9,46.0,1001.8
2025-04-12T13:34:19.521000+00:00,10009,21,1257,3.0,0,39.7,29.9,46.0,1001.9
2025-04-12T13:35:19.521000+00:00,10009,19,1257,3.4,0,39.4,29.9,46.0,1001.8
2025-04-12T13:36:19.572000+00:00,10009,11,1257,3.4,0,39.3,29.8,47.0,1001.7
2025-04-12T15:48:20.220000+00:00,10010,12,1257,2.8,0,31.5,26.3,59.0,1003.3
2025-04-12T15:49:20.230000+00:00,10010,26,1257,2.5,0,31.5,26.3,59.0,1003.4
2025-04-12T15:50:20.253000+00:00,10010,23,1257,2.2,0,31.9,26.3,59.0,1003.5
2025-04-12T15:51:20.252000+00:00,10010,12,1257,3.2,0,31.7,26.3,59.0,1003.4
2025-04-12T15:52:20.256000+00:00,10010,31,1257,3.1,0,31.4,26.3,58.0,1003.5
2025-04-12T15:53:20.286000+00:00,10010,30,1257,3.0,0,31.5,26.3,58.0,1003.4
2025-04-12T15:54:20.287000+00:00,10010,25,1257,3.9,0,31.5,26.3,58.0,1003.5
2025-04-12T15:55:20.310000+00:00,10010,18,1257,4.1,0,31.5,26.3,58.0,1003.4
2025-04-12T15:56:20.306000+00:00,10010,34,1257,4.2,0,31.3,26.3,58.0,1003.5
2025-04-12T15:57:20.321000+00:00,10010,31,1257,4.2,0,31.2,26.3,58.0,1003.7
2025-04-12T15:58:20.344000+00:00,10010,30,1257,3.6,0,31.3,26.3,58.0,1003.6
2025-04-12T15:59:20.324000+00:00,10010,23,1257,4.0,0,31.3,26.3,58.0,1003.6
2025-04-12T16:00:20.360000+00:00,10010,31,1257,3.8,0,31.1,26.3,59.0,1003.7
2025-04-12T16:01:20.358000+00:00,10010,16,1257,3.4,0,31.1,26.3,59.0,1003.7
2025-04-12T16:02:20.353000+00:00,10010,12,1257,3.1,0,31.2,26.3,59.0,1003.6
2025-04-12T16:03:20.362000+00:00,10010,14,1257,2.6,0,31.2,26.3,59.0,1003.8
2025-04-12T16:04:20.390000+00:00,10010,31,1257,3.3,0,31.2,26.3,59.0,1003.6
2025-04-12T16:05:20.393000+00:00,10010,20,1257,3.6,0,31.2,26.2,59.0,1003.7
2025-04-12T16:06:20.379000+00:00,10010,19,1257,3.1,0,31.2,26.3,59.0,1003.7
2025-04-12T16:07:20.375000+00:00,10010,35,1257,3.6,0,31.2,26.3,59.0,1003.8
2025-04-12T16:08:20.390000+00:00,10010,28,1257,2.9,0,31.2,26.3,59.0,1003.8
2025-04-12T16:09:20.555000+00:00,10010,19,1257,3.0,0,31.4,26.3,58.0,1003.8
2025-04-12T16:10:20.407000+00:00,10010,25,1257,3.7,0,31.3,26.3,58.0,1003.9
2025-04-12T16:11:20.424000+00:00,10010,43,1257,3.1,0,31.3,26.3,58.0,1003.8
2025-04-12T16:12:20.426000+00:00,10010,8,1257,2.8,0,31.3,26.3,58.0,1004.0
2025-04-12T16:13:20.445000+00:00,10010,2,1257,4.0,0,31.0,26.3,57.0,1003.9
2025-04-12T16:14:20.441000+00:00,10010,29,1257,3.6,0,31.0,26.3,58.0,1003.9
2025-04-12T16:15:20.449000+00:00,10010,1,1257,3.8,0,30.9,26.3,58.0,1004.0
2025-04-12T16:16:20.476000+00:00,10010,39,1257,2.9,0,31.1,26.3,59.0,1003.9
2025-04-12T16:17:20.480000+00:00,10010,22,1257,3.0,0,31.2,26.3,58.0,1004.0
2025-04-12T16:18:20.492000+00:00,10010,24,1257,4.0,0,31.2,26.3,58.0,1004.0
2025-04-12T16:19:20.524000+00:00,10010,24,1257,3.7,0,31.2,26.2,58.0,1004.1
2025-04-12T16:20:20.525000+00:00,10010,32,1257,3.2,0,31.2,26.3,58.0,1003.9
2025-04-12T16:21:20.509000+00:00,10010,26,1257,2.3,0,31.2,26.3,58.0,1004.0
2025-04-12T16:22:20.535000+00:00,10010,17,1257,3.1,0,31.2,26.3,57.0,1004.0
2025-04-12T16:23:20.529000+00:00,10010,18,1257,3.8,0,30.8,26.3,58.0,1004.0
2025-04-12T16:24:20.531000+00:00,10010,18,1257,4.4,0,30.8,26.3,58.0,1004.0
2025-04-12T16:25:20.528000+00:00,10010,26,1257,3.5,0,30.7,26.2,58.0,1004.0
2025-04-12T16:26:20.561000+00:00,10010,27,1257,2.9,0,30.7,26.1,58.0,1004.1
2025-04-12T16:27:20.597000+00:00,10010,9,1257,2.9,0,30.6,26.1,58.0,1004.2
2025-04-12T16:28:20.618000+00:00,10010,11,1257,3.7,0,30.4,26.1,59.0,1004.0
2025-04-12T16:29:20.614000+00:00,10010,24,1257,4.0,0,30.4,26.1,59.0,1004.1
2025-04-12T16:30:20.636000+00:00,10010,26,1257,3.4,0,30.2,26.1,59.0,1004.1
2025-04-12T16:31:20.661000+00:00,10010,11,1257,3.6,0,30.4,26.1,59.0,1004.2
2025-04-12T16:32:20.676000+00:00,10010,16,1257,3.4,0,30.4,26.2,59.0,1004.1
2025-04-12T16:33:20.664000+00:00,10010,16,1257,2.9,0,30.4,26.2,59.0,1004.2
2025-04-12T16:34:20.659000+00:00,10010,45,1257,2.7,0,30.3,26.2,59.0,1004.2
2025-04-12T16:35:20.664000+00:00,10010,33,1257,2.5,0,30.6,26.2,59.0,1004.3
2025-04-12T16:36:20.685000+00:00,10010,22,1257,2.9,0,30.7,26.2,59.0,1004.2
2025-04-12T16:37:20.680000+00:00,10010,16,1257,2.9,0,30.7,26.1,59.0,1004.2
2025-04-12T16:38:20.697000+00:00,10010,13,1257,2.9,0,30.7,26.1,59.0,1004.2
2025-04-12T16:39:20.695000+00:00,10010,14,1257,3.0,0,30.8,26.2,59.0,1004.2
2025-04-12T16:40:20.696000+00:00,10010,31,1257,2.1,0,30.9,26.1,59.0,1004.3
2025-04-12T16:41:20.732000+00:00,10010,41,1257,2.0,0,31.0,26.2,58.0,1004.3
2025-04-12T16:42:20.751000+00:00,10010,13,1257,3.3,0,31.1,26.2,58.0,1004.4
2025-04-12T16:43:20.746000+00:00,10010,30,1257,2.2,0,30.9,26.2,58.0,1004.3
2025-04-12T16:44:20.747000+00:00,10010,21,1257,2.5,0,30.9,26.2,57.0,1004.3
2025-04-12T16:45:20.765000+00:00,10010,37,1257,3.6,0,30.9,26.3,57.0,1004.4
2025-04-12T16:46:20.762000+00:00,10010,18,1257,3.5,0,30.8,26.3,56.0,1004.3
2025-04-12T16:47:20.766000+00:00,10010,20,1257,3.6,0,30.7,26.3,56.0,1004.4
2025-04-12T16:48:20.772000+00:00,10010,17,1257,2.9,0,30.7,26.3,56.0,1004.3
2025-04-12T16:49:20.799000+00:00,10010,12,1257,3.2,0,30.7,26.3,56.0,1004.4
2025-04-12T16:50:20.795000+00:00,10010,19,1257,3.6,0,30.6,26.3,56.0,1004.4
2025-04-12T16:51:20.818000+00:00,10010,12,1257,3.1,0,30.6,26.3,56.0,1004.3
2025-04-12T16:52:20.825000+00:00,10010,13,1257,2.9,0,30.7,26.4,55.0,1004.3
2025-04-12T16:53:20.832000+00:00,10010,19,1257,2.9,0,30.7,26.3,55.0,1004.3
2025-04-12T16:54:20.850000+00:00,10010,11,1257,3.2,0,30.6,26.3,55.0,1004.3
2025-04-12T16:55:20.843000+00:00,10010,21,1257,4.1,0,30.4,26.3,55.0,1004.3
2025-04-12T16:56:20.851000+00:00,10010,15,1257,3.2,0,30.4,26.3,55.0,1004.3
2025-04-12T16:57:20.880000+00:00,10010,35,1257,3.1,0,30.4,26.3,55.0,1004.3
2025-04-12T16:58:20.896000+00:00,10010,18,1257,2.8,0,30.6,26.3,55.0,1004.3
2025-04-12T16:59:20.895000+00:00,10010,37,1257,2.6,0,30.4,26.3,55.0,1004.4
2025-04-12T17:00:20.901000+00:00,10010,19,1257,3.0,0,30.6,26.4,55.0,1004.4
2025-04-12T17:01:20.917000+00:00,10010,30,1257,2.9,0,30.6,26.4,54.0,1004.5
2025-04-12T17:02:20.929000+00:00,10010,16,1257,2.8,0,30.5,26.4,54.0,1004.4
2025-04-12T17:03:20.934000+00:00,10010,38,1257,1.9,0,30.5,26.4,54.0,1004.6
2025-04-12T17:04:20.931000+00:00,10010,39,1257,2.5,0,31.0,26.4,54.0,1004.6
2025-04-12T17:05:20.967000+00:00,10010,19,1257,2.4,0,31.0,26.5,54.0,1004.5
2025-04-12T17:06:20.984000+00:00,10010,32,1257,3.0,0,30.8,26.5,54.0,1004.6
2025-04-12T17:07:20.983000+00:00,10010,12,1257,2.5,0,30.4,26.5,54.0,1004.6
2025-04-12T17:08:20.969000+00:00,10010,14,1257,3.4,0,30.6,26.5,54.0,1004.6
2025-04-12T17:09:20.994000+00:00,10010,22,1257,2.7,0,30.7,26.5,54.0,1004.5
2025-04-12T17:10:20.988000+00:00,10010,16,1257,2.0,0,30.7,26.5,53.0,1004.6
2025-04-12T17:11:20.987000+00:00,10010,32,1257,2.5,0,30.7,26.6,53.0,1004.6
2025-04-12T17:12:20.991000+00:00,10010,36,1257,3.2,0,30.4,26.5,53.0,1004.7
2025-04-12T17:13:20.991000+00:00,10010,5,1257,3.0,0,30.4,26.5,53.0,1004.6
2025-04-12T17:14:20.990000+00:00,10010,17,1257,2.5,0,30.6,26.6,53.0,1004.6
2025-04-18T16:46:50.652000+00:00,10016,323,1258,0.7,0,37.6,28.2,63.0,1006.8
2025-04-18T16:47:50.637000+00:00,10016,253,1258,0.7,0,37.8,28.2,62.0,1006.8
2025-04-18T16:48:50.648000+00:00,10016,0,1258,0.5,0,38.1,28.3,61.0,1006.8
2025-04-18T16:49:50.650000+00:00,10016,273,1258,0.4,0,38.1,28.3,60.0,1006.9
2025-04-18T16:50:50.654000+00:00,10016,295,1258,0.8,0,37.8,28.4,59.0,1006.9
2025-04-18T16:51:50.647000+00:00,10016,284,1258,0.6,0,37.9,28.4,59.0,1006.7
2025-04-18T16:52:50.663000+00:00,10016,312,1258,0.6,0,38.0,28.4,60.0,1006.8
2025-04-18T16:53:50.661000+00:00,10016,255,1258,0.5,0,37.6,28.4,63.0,1006.8
2025-04-18T16:54:50.683000+00:00,10016,0,1258,0.4,0,37.6,28.4,63.0,1006.8
2025-04-18T16:55:50.693000+00:00,10016,0,1258,0.4,0,37.6,28.4,60.0,1006.8
2025-04-18T16:56:50.693000+00:00,10016,226,1258,0.0,0,37.7,28.4,60.0,1006.8
2025-04-18T16:57:50.722000+00:00,10016,253,1258,0.0,0,37.3,28.4,61.0,1006.8
2025-04-18T16:58:50.716000+00:00,10016,286,1258,0.4,0,37.3,28.4,61.0,1006.8
2025-04-18T16:59:50.733000+00:00,10016,330,1258,0.0,0,37.5,28.5,61.0,1006.8
2025-04-18T17:00:50.745000+00:00,10016,280,1258,0.4,0,37.7,28.5,61.0,1006.7
2025-04-18T17:01:50.767000+00:00,10016,253,1258,0.5,0,38.0,28.7,58.0,1006.9
2025-04-18T17:02:50.755000+00:00,10016,272,1258,0.9,0,38.0,28.7,59.0,1006.8
2025-04-18T17:03:50.781000+00:00,10016,271,1258,0.8,0,37.7,28.7,57.0,1006.9
2025-04-18T17:04:50.790000+00:00,10016,277,1258,0.9,0,37.7,28.8,56.0,1006.9
2025-04-18T17:05:50.790000+00:00,10016,291,1258,0.7,0,38.4,28.7,55.0,1006.9
2025-04-18T17:06:50.791000+00:00,10016,257,1258,0.5,0,38.4,28.6,56.0,1006.9
2025-04-18T17:07:50.778000+00:00,10016,282,1258,0.9,0,37.5,28.6,56.0,1007.0
2025-04-18T17:08:50.784000+00:00,10016,268,1258,0.7,0,37.2,28.5,56.0,1007.0
2025-04-18T17:09:50.803000+00:00,10016,0,1258,0.5,0,37.2,28.5,56.0,1006.8
2025-04-18T17:10:50.776000+00:00,10016,0,1258,0.4,0,38.1,28.5,54.0,1007.0
2025-04-18T17:11:50.788000+00:00,10016,301,1258,0.8,0,37.4,28.6,55.0,1006.9
2025-04-18T17:12:50.794000+00:00,10016,256,1258,0.6,0,37.9,28.8,52.0,1007.0
2025-04-18T17:13:50.799000+00:00,10016,153,1258,0.5,0,38.2,28.8,48.0,1007.0
2025-04-18T17:14:50.794000+00:00,10016,143,1258,1.4,0,38.2,28.9,46.0,1007.0
2025-04-18T17:15:50.794000+00:00,10016,180,1258,1.2,0,38.0,28.9,45.0,1007.0
2025-04-18T17:16:50.798000+00:00,10016,0,1258,0.6,0,37.8,29.0,45.0,1007.0
2025-04-18T17:17:50.797000+00:00,10016,0,1258,0.6,0,37.8,29.0,45.0,1007.0
2025-04-18T17:18:50.791000+00:00,10016,205,1258,0.5,0,37.8,28.9,50.0,1007.0
2025-04-18T17:19:50.802000+00:00,10016,158,1258,0.8,0,37.8,28.8,48.0,1007.1
2025-04-18T17:20:50.967000+00:00,10016,137,1258,0.8,0,37.5,28.7,44.0,1007.0
2025-04-18T17:21:50.967000+00:00,10016,27,1258,0.9,0,37.4,28.8,44.0,1007.0
2025-04-18T17:22:50.958000+00:00,10016,0,1258,0.4,0,37.2,28.9,43.0,1007.0
2025-04-18T17:23:50.962000+00:00,10016,44,1258,0.0,0,37.2,28.9,43.0,1007.0
2025-04-18T17:24:50.971000+00:00,10016,132,1258,0.9,0,37.3,29.0,43.0,1007.0
2025-04-18T17:25:50.974000+00:00,10016,126,1258,0.6,0,37.2,29.0,43.0,1007.2
2025-04-18T17:26:50.962000+00:00,10016,99,1258,0.8,0,37.2,29.0,42.0,1007.1
2025-04-18T17:27:50.975000+00:00,10016,93,1258,1.1,0,37.2,29.0,41.0,1007.0
2025-04-18T17:28:50.973000+00:00,10016,151,1258,1.8,0,37.2,29.1,41.0,1007.1
2025-04-18T17:29:50.992000+00:00,10016,148,1258,2.0,0,37.3,29.4,40.0,1007.1
2025-04-18T17:30:51.011000+00:00,10016,148,1258,1.3,0,37.2,29.5,40.0,1007.1
2025-04-18T17:31:51.024000+00:00,10016,171,1258,1.6,0,37.1,29.6,40.0,1007.1
2025-04-18T17:32:51.024000+00:00,10016,133,1258,1.5,0,36.9,29.7,39.0,1007.0
2025-04-18T17:33:51.046000+00:00,10016,140,1258,1.7,0,36.8,29.9,39.0,1007.0
2025-04-18T17:34:51.062000+00:00,10016,150,1258,1.7,0,36.8,30.0,39.0,1007.0
2025-04-18T17:35:51.051000+00:00,10016,113,1258,1.5,0,36.7,30.1,39.0,1007.1
2025-04-18T17:36:51.053000+00:00,10016,137,1258,1.4,0,36.6,30.3,39.0,1007.0
2025-04-18T17:37:51.057000+00:00,10016,143,1258,1.2,0,36.7,30.6,39.0,1007.1
2025-04-18T17:38:51.060000+00:00,10016,106,1258,1.2,0,36.6,30.9,39.0,1007.1
2025-04-18T17:39:51.063000+00:00,10016,152,1258,1.0,0,36.5,31.0,39.0,1007.1
2025-04-18T17:40:51.061000+00:00,10016,0,1258,1.9,0,36.5,31.1,39.0,1007.1
2025-04-18T17:41:51.051000+00:00,10016,103,1258,0.9,0,36.3,31.2,39.0,1007.1
2025-04-18T17:42:51.067000+00:00,10016,90,1258,0.5,0,36.3,31.2,39.0,1007.2
2025-04-18T17:43:51.080000+00:00,10016,64,1258,0.6,0,36.3,31.2,39.0,1007.1
2025-04-18T17:44:51.078000+00:00,10016,117,1258,0.7,0,36.3,31.1,39.0,1007.1
2025-04-18T17:45:51.069000+00:00,10016,106,1258,0.9,0,36.3,31.1,39.0,1007.1
2025-04-18T17:46:51.094000+00:00,10016,82,1258,0.8,0,36.3,31.2,39.0,1007.0
2025-04-18T17:47:51.088000+00:00,10016,145,1258,0.6,0,36.3,31.2,39.0,1007.1
2025-04-18T17:48:51.115000+00:00,10016,143,1258,1.3,0,36.3,31.3,39.0,1007.2
2025-04-18T17:49:51.117000+00:00,10016,147,1258,1.7,0,36.3,31.3,39.0,1007.0
2025-04-18T17:50:51.111000+00:00,10016,131,1258,1.8,0,36.2,31.4,39.0,1007.1
2025-04-18T17:51:51.113000+00:00,10016,154,1258,1.8,0,36.2,31.4,39.0,1007.0
2025-04-18T17:52:51.104000+00:00,10016,142,1258,1.4,0,36.2,31.4,39.0,1007.2
2025-04-18T17:53:51.135000+00:00,10016,102,1258,2.0,0,36.2,31.5,39.0,1007.1
2025-04-18T17:54:51.148000+00:00,10016,50,1258,0.9,0,36.0,31.5,39.0,1007.0
2025-04-18T17:55:51.157000+00:00,10016,51,1258,1.3,0,35.7,31.4,39.0,1007.0
2025-04-18T17:56:51.158000+00:00,10016,60,1258,0.8,0,35.7,31.3,39.0,1007.0
2025-04-18T17:57:51.167000+00:00,10016,46,1258,1.1,0,35.7,31.2,39.0,1007.0
2025-04-18T17:58:51.188000+00:00,10016,57,1258,0.8,0,35.7,31.1,39.0,1007.0
2025-04-18T17:59:51.192000+00:00,10016,82,1258,0.9,0,35.7,31.1,39.0,1007.0
2025-04-18T18:00:51.202000+00:00,10016,67,1258,0.9,0,35.7,31.1,39.0,1007.1
2025-04-18T18:01:51.203000+00:00,10016,52,1258,0.7,0,35.6,31.1,39.0,1007.1
2025-04-18T18:02:51.190000+00:00,10016,122,1258,0.9,0,35.6,31.2,39.0,1007.1
2025-04-18T18:03:51.193000+00:00,10016,75,1258,0.9,0,35.8,31.3,39.0,1007.1
2025-04-18T18:04:51.205000+00:00,10016,75,1258,0.9,0,35.8,31.4,39.0,1007.1
2025-04-18T18:05:51.234000+00:00,10016,152,1258,1.1,0,35.8,31.4,39.0,1007.1
2025-04-18T18:06:51.219000+00:00,10016,82,1258,0.9,0,35.7,31.4,39.0,1007.0
2025-04-19T13:16:55.358000+00:00,10017,280,1258,2.1,0,52.7,29.1,67.0,1005.7
2025-04-19T13:17:55.362000+00:00,10017,306,1258,2.0,0,52.7,29.1,67.0,1005.8
2025-04-19T13:18:55.369000+00:00,10017,243,1258,1.7,0,53.1,29.2,66.0,1005.7
2025-04-19T13:19:55.394000+00:00,10017,231,1258,1.7,0,53.1,29.3,66.0,1005.7
2025-04-19T13:20:55.388000+00:00,10017,269,1258,0.9,0,53.4,29.3,66.0,1005.6
2025-04-19T13:21:55.401000+00:00,10017,303,1258,1.8,0,53.4,29.3,66.0,1005.7
2025-04-19T13:22:55.439000+00:00,10017,275,1258,2.0,0,52.9,29.3,66.0,1005.7
2025-04-19T13:23:55.422000+00:00,10017,272,1258,1.5,0,52.5,29.2,66.0,1005.7
2025-04-19T13:24:55.431000+00:00,10017,294,1258,2.3,0,52.5,29.2,67.0,1005.7
2025-04-19T13:25:55.420000+00:00,10017,286,1258,2.4,0,52.4,29.2,67.0,1005.8
2025-04-19T13:26:55.434000+00:00,10017,281,1258,2.2,0,52.0,29.1,68.0,1005.7
2025-04-19T13:27:55.440000+00:00,10017,281,1258,2.6,0,51.3,29.1,67.0,1005.7
2025-04-19T13:28:55.426000+00:00,10017,287,1258,2.8,0,51.3,29.1,66.0,1005.7
2025-04-19T13:29:55.441000+00:00,10017,262,1258,2.8,0,52.2,29.0,66.0,1005.8
2025-04-19T13:30:55.433000+00:00,10017,261,1258,2.2,0,52.2,29.0,65.0,1005.8
2025-04-19T13:31:55.430000+00:00,10017,274,1258,1.8,0,52.1,29.1,63.0,1005.6
2025-04-19T13:32:55.442000+00:00,10017,248,1258,1.8,0,51.6,29.1,63.0,1005.7
2025-04-19T13:33:55.442000+00:00,10017,300,1258,2.1,0,51.2,29.2,63.0,1005.7
2025-04-19T13:34:55.441000+00:00,10017,286,1258,1.7,0,51.4,29.1,63.0,1005.7
2025-04-19T13:35:55.431000+00:00,10017,293,1258,2.8,0,50.9,29.1,63.0,1005.6
2025-04-19T13:36:55.448000+00:00,10017,282,1258,2.5,0,50.6,29.1,63.0,1005.7
2025-04-19T13:37:55.431000+00:00,10017,279,1258,2.6,0,50.6,29.1,63.0,1005.7
2025-04-19T13:38:55.451000+00:00,10017,286,1258,2.6,0,50.6,29.1,63.0,1005.7
2025-04-19T13:39:55.441000+00:00,10017,260,1258,2.5,0,50.6,29.0,63.0,1005.6
2025-04-19T13:40:55.435000+00:00,10017,279,1258,2.0,0,50.6,29.0,63.0,1005.7
2025-04-19T13:41:55.430000+00:00,10017,273,1258,3.1,0,50.4,29.0,64.0,1005.7
2025-04-19T13:42:55.436000+00:00,10017,295,1258,2.4,0,50.4,29.0,65.0,1005.6
2025-04-19T13:43:55.454000+00:00,10017,281,1258,2.2,0,49.6,28.9,65.0,1005.6
2025-04-19T13:44:55.436000+00:00,10017,283,1258,1.9,0,49.6,28.9,65.0,1005.7
2025-04-19T13:45:55.443000+00:00,10017,267,1258,2.6,0,49.9,29.0,65.0,1005.7
2025-04-19T13:46:55.453000+00:00,10017,288,1258,1.8,0,50.2,29.0,66.0,1005.7
2025-04-19T13:47:55.443000+00:00,10017,272,1258,1.8,0,50.6,29.1,64.0,1005.6
2025-04-19T13:48:55.440000+00:00,10017,286,1258,2.0,0,50.2,29.2,62.0,1005.7
2025-04-19T13:49:55.450000+00:00,10017,279,1258,2.5,0,49.1,29.1,62.0,1005.6
2025-04-19T13:50:55.441000+00:00,10017,298,1258,2.3,0,48.9,29.2,62.0,1005.6
2025-04-19T13:51:55.457000+00:00,10017,301,1258,1.9,0,49.7,29.3,60.0,1005.6
2025-04-19T13:52:55.445000+00:00,10017,298,1258,1.0,0,50.1,29.4,60.0,1005.6
2025-04-19T13:53:55.451000+00:00,10017,278,1258,2.0,0,49.3,29.5,57.0,1005.6
2025-04-19T13:54:55.430000+00:00,10017,283,1258,1.6,0,49.3,29.5,56.0,1005.7
2025-04-19T13:55:55.459000+00:00,10017,282,1258,2.3,0,49.2,29.5,55.0,1005.6
2025-04-19T13:56:55.446000+00:00,10017,313,1258,2.0,0,48.8,29.4,55.0,1005.6
2025-04-19T13:57:55.450000+00:00,10017,281,1258,1.6,0,48.4,29.3,56.0,1005.7
2025-04-19T13:58:55.492000+00:00,10017,283,1258,2.2,0,48.2,29.4,56.0,1005.6
2025-04-19T13:59:55.448000+00:00,10017,281,1258,1.7,0,48.0,29.4,56.0,1005.5
2025-04-19T14:00:55.461000+00:00,10017,272,1258,1.9,0,48.0,29.4,57.0,1005.6
2025-04-19T14:01:55.463000+00:00,10017,276,1258,2.4,0,48.0,29.4,57.0,1005.6
2025-04-19T14:02:55.459000+00:00,10017,299,1258,1.8,0,47.8,29.4,58.0,1005.6
2025-04-19T14:03:55.450000+00:00,10017,281,1258,1.7,0,47.5,29.4,57.0,1005.6
2025-04-19T14:04:55.462000+00:00,10017,301,1258,2.0,0,47.7,29.4,56.0,1005.7
2025-04-19T14:05:55.467000+00:00,10017,281,1258,1.4,0,47.5,29.4,57.0,1005.6
2025-04-19T14:06:55.457000+00:00,10017,284,1258,2.2,0,47.2,29.4,57.0,1005.7
2025-04-19T14:07:55.454000+00:00,10017,275,1258,1.9,0,47.9,29.4,57.0,1005.7
2025-04-19T14:08:55.451000+00:00,10017,323,1258,2.2,0,47.6,29.3,58.0,1005.6
2025-04-19T14:09:55.471000+00:00,10017,268,1258,1.8,0,46.9,29.3,58.0,1005.6
2025-04-19T14:10:55.472000+00:00,10017,284,1258,1.8,0,47.0,29.2,59.0,1005.6
2025-04-19T14:11:55.468000+00:00,10017,334,1258,1.0,0,46.9,29.3,59.0,1005.6
2025-04-19T14:12:55.474000+00:00,10017,263,1258,1.3,0,46.9,29.4,58.0,1005.6
2025-04-19T14:13:55.459000+00:00,10017,306,1258,2.0,0,46.6,29.4,59.0,1005.6
2025-04-19T14:14:55.467000+00:00,10017,261,1258,1.6,0,46.1,29.4,59.0,1005.6
2025-04-19T14:15:55.470000+00:00,10017,265,1258,2.3,0,46.8,29.4,60.0,1005.6
2025-04-19T14:16:55.495000+00:00,10017,333,1258,1.7,0,46.8,29.5,60.0,1005.8
2025-04-19T14:17:55.468000+00:00,10017,266,1258,1.4,0,46.6,29.4,60.0,1005.7
2025-04-19T14:18:55.480000+00:00,10017,296,1258,2.0,0,46.3,29.3,61.0,1005.7
2025-04-19T14:19:55.474000+00:00,10017,291,1258,2.0,0,46.3,29.2,62.0,1005.6
2025-04-19T14:20:55.471000+00:00,10017,256,1258,1.4,0,46.2,29.2,63.0,1005.6
2025-04-19T14:21:55.470000+00:00,10017,31,1258,0.9,0,46.2,29.2,63.0,1005.7
2025-04-19T14:22:55.472000+00:00,10017,298,1258,1.0,0,45.7,29.3,62.0,1005.6
2025-04-19T14:23:55.475000+00:00,10017,284,1258,1.4,0,45.5,29.3,62.0,1005.6
2025-04-19T14:24:55.479000+00:00,10017,321,1258,1.7,0,45.5,29.2,63.0,1005.6
2025-04-19T14:25:55.480000+00:00,10017,281,1258,1.4,0,45.0,29.3,63.0,1005.5
2025-04-19T14:26:55.476000+00:00,10017,261,1258,1.5,0,45.0,29.3,62.0,1005.5
2025-04-19T14:27:55.484000+00:00,10017,257,1258,1.6,0,45.2,29.4,59.0,1005.6
2025-04-19T14:28:55.468000+00:00,10017,278,1258,2.1,0,45.2,29.4,59.0,1005.6
2025-04-19T14:29:55.474000+00:00,10017,294,1258,2.4,0,45.2,29.5,59.0,1005.6
2025-04-19T14:30:55.484000+00:00,10017,286,1258,1.1,0,45.2,29.5,59.0,1005.6
2025-04-19T14:31:55.510000+00:00,10017,268,1258,1.2,0,45.3,29.6,59.0,1005.6
2025-04-19T14:32:55.482000+00:00,10017,344,1258,1.4,0,45.3,29.6,58.0,1005.5
2025-04-19T14:33:55.485000+00:00,10017,2,1258,1.8,0,45.1,29.5,57.0,1005.5
2025-04-19T14:34:55.488000+00:00,10017,283,1258,1.2,0,44.8,29.5,56.0,1005.5
2025-04-19T14:35:55.477000+00:00,10017,294,1258,1.2,0,44.7,29.5,56.0,1005.6
2025-04-19T14:36:55.484000+00:00,10017,281,1258,1.1,0,44.7,29.6,55.0,1005.6
2025-04-18T13:17:50.006000+00:00,10015,268,1258,2.2,0,51.3,27.8,73.0,1006.7
2025-04-18T13:18:49.982000+00:00,10015,308,1258,1.5,0,51.0,27.9,73.0,1006.7
2025-04-18T13:19:49.995000+00:00,10015,297,1258,1.7,0,51.0,27.9,72.0,1006.7
2025-04-18T13:20:49.999000+00:00,10015,292,1258,1.5,0,51.7,28.0,71.0,1006.7
2025-04-18T13:21:49.989000+00:00,10015,333,1258,1.6,0,51.2,28.0,71.0,1006.7
2025-04-18T13:22:49.997000+00:00,10015,333,1258,1.6,0,51.2,28.0,71.0,1006.7
2025-04-18T13:23:49.989000+00:00,10015,289,1258,1.3,0,50.5,28.0,71.0,1006.7
2025-04-18T13:24:50.006000+00:00,10015,281,1258,1.5,0,50.3,28.0,71.0,1006.7
2025-04-18T13:25:50.002000+00:00,10015,293,1258,1.6,0,50.2,28.0,71.0,1006.6
2025-04-18T13:26:49.991000+00:00,10015,293,1258,1.6,0,50.2,28.0,71.0,1006.6
2025-04-18T13:27:49.999000+00:00,10015,274,1258,1.8,0,49.9,28.1,70.0,1006.7
2025-04-18T13:28:49.999000+00:00,10015,261,1258,2.4,0,49.8,28.0,71.0,1006.6
2025-04-18T13:29:50+00:00,10015,289,1258,1.5,0,49.1,28.1,71.0,1006.6
2025-04-18T13:30:50.001000+00:00,10015,358,1258,1.9,0,49.6,28.0,70.0,1006.6
2025-04-18T13:31:50.002000+00:00,10015,260,1258,1.6,0,49.0,28.0,71.0,1006.7
2025-04-18T13:32:50.002000+00:00,10015,304,1258,1.2,0,48.9,28.0,71.0,1006.7
2025-04-18T13:33:50.001000+00:00,10015,287,1258,1.6,0,49.6,28.0,72.0,1006.7
2025-04-18T13:34:50.003000+00:00,10015,284,1258,1.5,0,49.3,28.0,72.0,1006.7
2025-04-18T13:35:50.001000+00:00,10015,296,1258,2.0,0,49.3,28.0,72.0,1006.7
2025-04-18T13:36:50+00:00,10015,270,1258,1.6,0,49.0,28.0,72.0,1006.7
2025-04-18T13:37:50.006000+00:00,10015,290,1258,1.3,0,49.0,27.9,71.0,1006.7
2025-04-18T13:38:50.030000+00:00,10015,323,1258,2.7,0,48.8,27.9,71.0,1006.6
2025-04-18T13:39:49.999000+00:00,10015,323,1258,1.4,0,49.0,27.9,71.0,1006.7
2025-04-18T13:40:50.013000+00:00,10015,293,1258,2.3,0,49.0,27.9,72.0,1006.6
2025-04-18T13:41:50.007000+00:00,10015,289,1258,2.2,0,48.6,27.9,72.0,1006.6
2025-04-18T13:42:50.008000+00:00,10015,283,1258,1.8,0,48.1,27.9,72.0,1006.6
2025-04-18T13:43:50.011000+00:00,10015,333,1258,1.1,0,47.8,28.0,71.0,1006.6
2025-04-18T13:44:50.011000+00:00,10015,263,1258,1.3,0,48.1,28.0,71.0,1006.6
2025-04-18T13:45:50.012000+00:00,10015,280,1258,2.2,0,48.3,28.0,71.0,1006.7
2025-04-18T13:46:50.017000+00:00,10015,298,1258,2.1,0,47.8,28.0,72.0,1006.7
2025-04-18T13:47:50.010000+00:00,10015,291,1258,2.3,0,47.6,28.0,72.0,1006.7
2025-04-18T13:48:50.019000+00:00,10015,320,1258,2.7,0,47.3,28.0,73.0,1006.6
2025-04-18T13:49:50.050000+00:00,10015,309,1258,1.3,0,47.8,28.0,72.0,1006.6
2025-04-18T13:50:50.052000+00:00,10015,276,1258,1.5,0,47.9,28.0,71.0,1006.6
2025-04-18T13:51:50.053000+00:00,10015,290,1258,1.7,0,48.1,28.1,70.0,1006.6
2025-04-18T13:52:50.054000+00:00,10015,348,1258,1.4,0,48.2,28.1,70.0,1006.5
2025-04-18T13:53:50.055000+00:00,10015,299,1258,2.9,0,47.2,28.1,69.0,1006.6
2025-04-18T13:54:50.055000+00:00,10015,290,1258,1.8,0,47.2,28.0,69.0,1006.6
2025-04-18T13:55:50.071000+00:00,10015,262,1258,2.3,0,47.0,28.0,67.0,1006.6
2025-04-18T13:56:50.076000+00:00,10015,283,1258,1.8,0,47.0,28.0,67.0,1006.6
2025-04-18T13:57:50.067000+00:00,10015,297,1258,1.4,0,46.8,28.0,67.0,1006.6
2025-04-18T13:58:50.069000+00:00,10015,267,1258,1.0,0,46.8,28.0,66.0,1006.6
2025-04-18T13:59:50.075000+00:00,10015,282,1258,0.8,0,46.8,28.1,65.0,1006.7
2025-04-18T14:00:50.060000+00:00,10015,301,1258,1.4,0,46.8,28.3,64.0,1006.6
2025-04-18T14:01:50.063000+00:00,10015,295,1258,1.9,0,46.7,28.2,65.0,1006.7
2025-04-18T14:02:50.071000+00:00,10015,354,1258,2.1,0,46.3,28.2,66.0,1006.6
2025-04-18T14:03:50.087000+00:00,10015,323,1258,0.9,0,46.7,28.1,65.0,1006.7
2025-04-18T14:04:50.094000+00:00,10015,293,1258,1.1,0,46.5,28.1,65.0,1006.6
2025-04-18T14:05:50.094000+00:00,10015,260,1258,2.2,0,46.0,28.0,65.0,1006.7
2025-04-18T14:06:50.126000+00:00,10015,260,1258,2.2,0,46.0,28.0,65.0,1006.7
2025-04-18T14:07:50.111000+00:00,10015,281,1258,2.2,0,45.9,28.0,67.0,1006.6
2025-04-18T14:08:50.131000+00:00,10015,276,1258,1.8,0,45.8,28.1,67.0,1006.7
2025-04-18T14:09:50.131000+00:00,10015,265,1258,2.2,0,45.8,28.1,68.0,1006.6
2025-04-18T14:10:50.149000+00:00,10015,322,1258,1.7,0,45.9,28.1,68.0,1006.6
2025-04-18T14:11:50.144000+00:00,10015,282,1258,2.2,0,45.8,28.0,69.0,1006.7
2025-04-18T14:12:50.159000+00:00,10015,281,1258,1.6,0,45.8,28.0,67.0,1006.7
2025-04-18T14:13:50.155000+00:00,10015,252,1258,1.8,0,45.7,28.0,67.0,1006.6
2025-04-18T14:14:50.156000+00:00,10015,283,1258,1.5,0,44.6,28.0,68.0,1006.7
2025-04-18T14:15:50.158000+00:00,10015,266,1258,1.5,0,45.3,28.1,68.0,1006.7
2025-04-18T14:16:50.154000+00:00,10015,0,1258,0.6,0,45.3,28.3,68.0,1006.7
2025-04-18T14:17:50.153000+00:00,10015,291,1258,0.3,0,45.3,28.3,67.0,1006.7
2025-04-18T14:18:50.151000+00:00,10015,280,1258,1.6,0,44.2,28.3,68.0,1006.7
2025-04-18T14:19:50.150000+00:00,10015,349,1258,1.6,0,43.9,28.3,68.0,1006.6
2025-04-18T14:20:50.166000+00:00,10015,4,1258,1.1,0,44.4,28.3,68.0,1006.6
2025-04-18T14:21:50.152000+00:00,10015,272,1258,1.0,0,44.7,28.4,67.0,1006.6
2025-04-18T14:22:50.150000+00:00,10015,309,1258,2.4,0,43.8,28.3,67.0,1006.6
2025-04-18T14:23:50.154000+00:00,10015,282,1258,1.9,0,44.0,28.3,68.0,1006.8
2025-04-18T14:24:50.182000+00:00,10015,358,1258,1.7,0,44.0,28.2,69.0,1006.8
2025-04-18T14:25:50.182000+00:00,10015,270,1258,1.5,0,44.1,28.2,70.0,1006.7
2025-04-18T14:26:50.200000+00:00,10015,296,1258,1.8,0,43.9,28.2,68.0,1006.7
2025-04-18T14:27:50.209000+00:00,10015,267,1258,1.4,0,44.1,28.2,68.0,1006.7
2025-04-18T14:28:50.228000+00:00,10015,275,1258,1.1,0,43.8,28.1,69.0,1006.7
2025-04-18T14:29:50.250000+00:00,10015,356,1258,1.1,0,43.5,28.0,68.0,1006.8
2025-04-18T14:30:50.268000+00:00,10015,322,1258,1.2,0,43.4,28.0,67.0,1006.7
2025-04-18T14:31:50.275000+00:00,10015,284,1258,1.0,0,43.7,28.0,67.0,1006.7
2025-04-18T14:32:50.287000+00:00,10015,272,1258,1.2,0,43.7,28.0,68.0,1006.7
2025-04-18T14:33:50.294000+00:00,10015,281,1258,1.5,0,43.4,28.0,66.0,1006.7
2025-04-18T14:34:50.304000+00:00,10015,268,1258,1.7,0,43.4,28.0,66.0,1006.7
2025-04-18T14:35:50.315000+00:00,10015,244,1258,1.4,0,43.4,28.0,66.0,1006.7
2025-04-18T14:36:50.322000+00:00,10015,279,1258,1.4,0,43.4,28.0,65.0,1006.8
2025-04-19T16:46:55.702000+00:00,10018,269,1258,1.0,0,37.5,28.7,68.0,1006.0
2025-04-19T16:47:55.710000+00:00,10018,316,1258,1.1,0,38.0,28.8,66.0,1006.1
2025-04-19T16:48:55.703000+00:00,10018,335,1258,1.4,0,37.7,28.8,66.0,1006.1
2025-04-19T16:49:55.711000+00:00,10018,335,1258,1.4,0,37.7,28.9,66.0,1006.1
2025-04-19T16:50:55.718000+00:00,10018,284,1258,1.3,0,37.6,28.9,65.0,1006.1
2025-04-19T16:51:55.714000+00:00,10018,289,1258,1.2,0,37.9,28.9,64.0,1006.1
2025-04-19T16:52:55.705000+00:00,10018,272,1258,0.8,0,38.0,29.0,64.0,1006.1
2025-04-19T16:53:55.711000+00:00,10018,270,1258,1.2,0,37.9,29.0,63.0,1006.1
2025-04-19T16:54:55.712000+00:00,10018,283,1258,1.1,0,38.0,29.1,62.0,1006.1
2025-04-19T16:55:55.715000+00:00,10018,272,1258,1.6,0,38.0,29.1,62.0,1006.2
2025-04-19T16:56:55.716000+00:00,10018,300,1258,1.3,0,38.0,29.1,62.0,1006.1
2025-04-19T16:57:55.707000+00:00,10018,287,1258,0.7,0,37.9,29.1,60.0,1006.1
2025-04-19T16:58:55.710000+00:00,10018,336,1258,1.2,0,37.8,29.2,60.0,1006.1
2025-04-19T16:59:55.707000+00:00,10018,276,1258,1.2,0,38.1,29.2,60.0,1006.0
2025-04-19T17:00:55.708000+00:00,10018,288,1258,1.1,0,38.2,29.3,60.0,1006.2
2025-04-19T17:01:55.723000+00:00,10018,290,1258,1.3,0,38.0,29.3,59.0,1006.1
2025-04-19T17:02:55.717000+00:00,10018,270,1258,0.9,0,37.9,29.3,59.0,1006.1
2025-04-19T17:03:55.712000+00:00,10018,251,1258,1.5,0,37.8,29.3,59.0,1006.1
2025-04-19T17:04:55.712000+00:00,10018,219,1258,1.3,0,37.7,29.3,60.0,1006.1
2025-04-19T17:05:55.725000+00:00,10018,280,1258,1.2,0,37.3,29.2,61.0,1006.1
2025-04-19T17:06:55.720000+00:00,10018,264,1258,1.5,0,36.9,29.2,62.0,1006.2
2025-04-19T17:07:55.713000+00:00,10018,283,1258,1.7,0,36.5,29.1,64.0,1006.2
2025-04-19T17:08:55.721000+00:00,10018,279,1258,2.5,0,36.4,29.0,66.0,1006.2
2025-04-19T17:09:55.736000+00:00,10018,281,1258,1.0,0,36.5,29.0,67.0,1006.2
2025-04-19T17:10:55.728000+00:00,10018,271,1258,1.2,0,36.7,29.0,67.0,1006.2
2025-04-19T17:11:55.715000+00:00,10018,311,1258,0.9,0,37.0,28.9,67.0,1006.3
2025-04-19T17:12:55.716000+00:00,10018,324,1258,0.8,0,36.8,28.9,66.0,1006.2
2025-04-19T17:13:55.719000+00:00,10018,244,1258,0.4,0,36.9,28.9,65.0,1006.2
2025-04-19T17:14:55.720000+00:00,10018,0,1258,0.5,0,36.9,28.9,64.0,1006.3
2025-04-19T17:15:55.728000+00:00,10018,149,1258,0.4,0,37.3,28.9,64.0,1006.1
2025-04-19T17:16:55.719000+00:00,10018,228,1258,0.5,0,37.3,28.9,63.0,1006.3
2025-04-19T17:17:55.735000+00:00,10018,263,1258,0.8,0,37.2,29.0,62.0,1006.2
2025-04-19T17:18:55.729000+00:00,10018,170,1258,0.7,0,37.2,29.0,62.0,1006.3
2025-04-19T17:19:55.730000+00:00,10018,312,1258,0.5,0,37.8,29.3,61.0,1006.2
2025-04-19T17:20:55.733000+00:00,10018,238,1258,0.4,0,37.8,29.5,61.0,1006.2
2025-04-19T17:21:55.724000+00:00,10018,355,1258,0.3,0,37.6,29.6,59.0,1006.3
2025-04-19T17:22:55.735000+00:00,10018,22,1258,1.0,0,37.9,29.7,55.0,1006.2
2025-04-19T17:23:55.734000+00:00,10018,342,1258,0.8,0,38.1,29.6,56.0,1006.2
2025-04-19T17:24:55.735000+00:00,10018,320,1258,0.7,0,38.0,29.7,55.0,1006.2
2025-04-19T17:25:55.741000+00:00,10018,296,1258,0.6,0,37.9,29.6,55.0,1006.3
2025-04-19T17:26:55.738000+00:00,10018,0,1258,0.0,0,38.1,29.7,55.0,1006.3
2025-04-19T17:27:55.752000+00:00,10018,345,1258,0.0,0,37.9,29.7,55.0,1006.3
2025-04-19T17:28:55.747000+00:00,10018,0,1258,0.0,0,37.9,29.7,55.0,1006.2
2025-04-19T17:29:55.730000+00:00,10018,131,1258,0.0,0,38.0,29.7,55.0,1006.2
2025-04-19T17:30:55.739000+00:00,10018,0,1258,0.7,0,38.3,29.6,57.0,1006.3
2025-04-19T17:31:55.725000+00:00,10018,273,1258,0.4,0,38.2,29.7,58.0,1006.3
2025-04-19T17:32:55.768000+00:00,10018,274,1258,0.7,0,37.1,29.7,60.0,1006.3
2025-04-19T17:33:55.730000+00:00,10018,308,1258,0.8,0,36.8,29.6,61.0,1006.3
2025-04-19T17:34:55.742000+00:00,10018,317,1258,0.9,0,36.7,29.5,61.0,1006.4
2025-04-19T17:35:55.741000+00:00,10018,316,1258,0.7,0,36.7,29.4,62.0,1006.4
2025-04-19T17:36:55.738000+00:00,10018,227,1258,0.6,0,36.3,29.2,63.0,1006.3
2025-04-19T17:37:55.729000+00:00,10018,268,1258,1.0,0,36.7,29.1,61.0,1006.2
2025-04-19T17:38:55.746000+00:00,10018,282,1258,0.8,0,37.0,29.1,60.0,1006.4
2025-04-19T17:39:55.748000+00:00,10018,164,1258,1.0,0,36.9,29.0,60.0,1006.4
2025-04-19T17:40:55.739000+00:00,10018,164,1258,1.0,0,36.9,29.1,60.0,1006.4
2025-04-19T17:41:55.751000+00:00,10018,254,1258,0.6,0,37.2,29.3,59.0,1006.4
2025-04-19T17:42:55.728000+00:00,10018,91,1258,0.6,0,37.2,29.4,58.0,1006.3
2025-04-19T17:43:55.741000+00:00,10018,0,1258,0.3,0,37.3,29.6,58.0,1006.4
2025-04-19T17:44:55.748000+00:00,10018,349,1258,1.5,0,37.4,29.7,51.0,1006.4
2025-04-19T17:45:55.742000+00:00,10018,336,1258,1.2,0,37.4,29.8,50.0,1006.4
2025-04-19T17:46:55.752000+00:00,10018,329,1258,1.1,0,37.3,29.7,50.0,1006.3
2025-04-19T17:47:55.756000+00:00,10018,334,1258,1.0,0,37.1,29.7,53.0,1006.4
2025-04-19T17:48:55.754000+00:00,10018,334,1258,1.0,0,37.1,29.8,53.0,1006.4
2025-04-19T17:49:55.754000+00:00,10018,0,1258,0.6,0,36.7,29.8,56.0,1006.4
2025-04-19T17:50:55.743000+00:00,10018,286,1258,1.1,0,36.1,29.8,56.0,1006.4
2025-04-19T17:51:55.760000+00:00,10018,304,1258,1.0,0,36.7,29.8,57.0,1006.4
2025-04-19T17:52:55.743000+00:00,10018,194,1258,0.6,0,36.6,29.8,57.0,1006.5
2025-04-19T17:53:55.754000+00:00,10018,281,1258,0.5,0,36.8,29.8,56.0,1006.5
2025-04-19T17:54:55.754000+00:00,10018,290,1258,0.6,0,36.8,29.9,56.0,1006.4
2025-04-19T17:55:55.766000+00:00,10018,0,1258,0.4,0,36.5,29.9,55.0,1006.5
2025-04-19T17:56:55.749000+00:00,10018,317,1258,0.0,0,35.7,30.0,56.0,1006.5
2025-04-19T17:57:55.765000+00:00,10018,294,1258,0.0,0,35.7,30.0,56.0,1006.5
2025-04-19T17:58:55.783000+00:00,10018,2,1258,0.7,0,36.2,30.1,51.0,1006.5
2025-04-19T17:59:55.769000+00:00,10018,19,1258,1.1,0,36.8,30.3,48.0,1006.5
2025-04-19T18:00:55.812000+00:00,10018,1,1258,1.1,0,36.7,30.3,47.0,1006.5
2025-04-19T18:01:55.809000+00:00,10018,345,1258,1.1,0,36.7,30.3,47.0,1006.5
2025-04-19T18:02:55.813000+00:00,10018,8,1258,1.3,0,36.7,30.4,46.0,1006.4
2025-04-19T18:03:55.798000+00:00,10018,63,1258,1.2,0,36.8,30.5,46.0,1006.5
2025-04-19T18:04:55.808000+00:00,10018,171,1258,0.7,0,36.8,30.7,45.0,1006.5
2025-04-19T18:05:55.805000+00:00,10018,87,1258,0.7,0,36.7,30.9,45.0,1006.6
2025-04-19T18:06:55.817000+00:00,10018,87,1258,0.7,0,36.7,31.0,45.0,1006.6
2025-04-19T18:07:55.814000+00:00,10018,60,1258,0.0,0,36.9,31.0,45.0,1006.5
2025-04-19T18:08:55.824000+00:00,10018,147,1258,0.5,0,36.9,31.1,45.0,1006.6
2025-04-19T18:09:55.846000+00:00,10018,128,1258,1.0,0,36.9,31.3,45.0,1006.6
2025-04-19T18:10:55.868000+00:00,10018,141,1258,1.0,0,36.9,31.4,45.0,1006.6
2025-04-19T18:11:55.868000+00:00,10018,68,1258,0.9,0,36.9,31.4,44.0,1006.6
2025-05-02T16:16:25.142000+00:00,10023,123,1259,1.6,0,37.2,27.1,50.0,1018.1
2025-05-02T16:17:25.137000+00:00,10023,122,1259,2.4,0,37.6,27.3,50.0,1018.0
2025-05-02T16:18:25.140000+00:00,10023,113,1259,2.0,0,37.4,27.3,49.0,1018.1
2025-05-02T16:19:25.137000+00:00,10023,100,1259,2.9,0,37.4,27.3,50.0,1018.0
2025-05-02T16:20:25.145000+00:00,10023,118,1259,2.5,0,37.1,27.3,51.0,1018.1
2025-05-02T16:21:25.476000+00:00,10023,116,1259,3.0,0,37.1,27.2,52.0,1018.0
2025-05-02T16:22:25.176000+00:00,10023,116,1259,1.9,0,37.8,27.2,52.0,1018.1
2025-05-02T16:23:25.177000+00:00,10023,115,1259,3.1,0,37.4,27.3,53.0,1018.1
2025-05-02T16:24:25.198000+00:00,10023,101,1259,2.5,0,37.3,27.2,53.0,1018.1
2025-05-02T16:25:25.216000+00:00,10023,105,1259,1.7,0,37.3,27.1,54.0,1018.1
2025-05-02T16:26:25.273000+00:00,10023,116,1259,1.0,0,38.2,27.1,54.0,1018.1
2025-05-02T16:27:26.324000+00:00,10023,105,1259,1.8,0,38.5,27.3,53.0,1018.1
2025-05-02T16:28:25.388000+00:00,10023,99,1259,2.1,0,38.6,27.5,50.0,1018.1
2025-05-02T16:29:25.210000+00:00,10023,107,1259,1.9,0,38.4,27.3,50.0,1018.1
2025-05-02T16:30:25.203000+00:00,10023,112,1259,2.3,0,38.4,27.3,51.0,1017.9
2025-05-02T16:31:26.057000+00:00,10023,112,1259,1.6,0,38.7,27.4,52.0,1017.9
2025-05-02T16:32:25.220000+00:00,10023,99,1259,2.6,0,38.6,27.3,52.0,1018.0
2025-05-02T16:33:25.222000+00:00,10023,108,1259,1.9,0,38.8,27.3,52.0,1017.9
2025-05-02T16:34:25.228000+00:00,10023,129,1259,2.6,0,38.7,27.4,52.0,1017.9
2025-05-02T16:35:25.300000+00:00,10023,0,1259,0.7,0,39.2,27.4,52.0,1018.0
2025-05-02T16:36:25.217000+00:00,10023,347,1259,0.0,0,39.3,27.5,51.0,1018.0
2025-05-02T16:37:25.245000+00:00,10023,65,1259,1.2,0,39.3,27.6,50.0,1018.0
2025-05-02T16:38:25.268000+00:00,10023,83,1259,1.7,0,38.7,27.6,50.0,1018.1
2025-05-02T16:39:26.016000+00:00,10023,99,1259,1.9,0,38.4,27.5,50.0,1018.1
2025-05-02T16:40:25.281000+00:00,10023,127,1259,3.3,0,38.3,27.5,51.0,1017.9
2025-05-02T16:41:25.289000+00:00,10023,116,1259,3.2,0,38.1,27.5,50.0,1017.9
2025-05-02T16:42:25.299000+00:00,10023,120,1259,3.0,0,38.1,27.5,50.0,1018.0
2025-05-02T16:43:26.271000+00:00,10023,100,1259,3.2,0,38.3,27.4,51.0,1018.0
2025-05-02T16:44:26.338000+00:00,10023,1,1259,2.9,0,38.8,27.5,51.0,1018.0
2025-05-02T16:45:25.345000+00:00,10023,51,1259,1.6,0,39.6,27.5,52.0,1017.9
2025-05-02T16:46:25.474000+00:00,10023,336,1259,2.0,0,40.2,27.4,52.0,1017.9
2025-05-02T16:47:25.513000+00:00,10023,0,1259,1.4,0,40.2,27.4,52.0,1017.9
2025-05-02T16:48:25.570000+00:00,10023,338,1259,0.9,0,39.8,27.5,52.0,1017.9
2025-05-02T16:49:26.110000+00:00,10023,343,1259,1.4,0,39.7,27.6,52.0,1017.9
2025-05-02T16:50:26.173000+00:00,10023,273,1259,2.0,0,39.9,27.7,52.0,1017.8
2025-05-02T16:51:25.394000+00:00,10023,328,1259,1.2,0,40.1,27.6,52.0,1017.8
2025-05-02T16:52:25.430000+00:00,10023,275,1259,1.1,0,39.7,27.6,52.0,1017.8
2025-05-02T16:53:25.445000+00:00,10023,163,1259,0.6,0,39.7,27.5,52.0,1017.7
2025-05-02T16:54:25.446000+00:00,10023,290,1259,0.6,0,40.2,27.5,52.0,1017.7
2025-05-02T16:55:25.996000+00:00,10023,272,1259,0.4,0,40.4,27.5,51.0,1017.7
2025-05-02T16:56:25.531000+00:00,10023,105,1259,0.8,0,40.4,27.6,51.0,1017.7
2025-05-02T16:57:25.595000+00:00,10023,86,1259,1.5,0,40.3,27.8,51.0,1017.7
2025-05-02T16:58:25.464000+00:00,10023,110,1259,1.6,0,40.3,27.9,50.0,1017.7
2025-05-02T16:59:25.469000+00:00,10023,78,1259,1.2,0,40.4,27.9,51.0,1017.7
2025-05-02T17:00:25.473000+00:00,10023,99,1259,0.5,0,40.2,27.9,51.0,1017.6
2025-05-02T17:01:26.298000+00:00,10023,297,1259,0.8,0,40.8,27.9,51.0,1017.6
2025-05-02T17:02:25.511000+00:00,10023,300,1259,1.3,0,40.8,27.9,50.0,1017.6
2025-05-02T17:03:25.535000+00:00,10023,277,1259,1.2,0,40.8,27.9,50.0,1017.6
2025-05-02T17:04:26.502000+00:00,10023,10,1259,0.5,0,41.2,27.9,50.0,1017.6
2025-05-02T17:05:25.518000+00:00,10023,332,1259,0.0,0,42.9,28.0,49.0,1017.5
2025-05-02T17:06:25.525000+00:00,10023,151,1259,0.8,0,43.5,28.2,49.0,1017.5
2025-05-02T17:07:25.713000+00:00,10023,77,1259,1.6,0,45.0,28.3,48.0,1017.4
2025-05-02T17:08:25.534000+00:00,10023,140,1259,2.0,0,45.0,28.5,46.0,1017.4
2025-05-02T17:09:26.311000+00:00,10023,132,1259,0.8,0,45.7,28.5,47.0,1017.4
2025-05-02T17:10:25.536000+00:00,10023,112,1259,1.5,0,46.1,28.6,46.0,1017.4
2025-05-02T17:11:25.553000+00:00,10023,101,1259,2.4,0,46.1,28.7,45.0,1017.4
2025-05-02T17:12:25.554000+00:00,10023,113,1259,3.1,0,44.7,28.8,46.0,1017.4
2025-05-02T17:13:25.570000+00:00,10023,91,1259,2.2,0,44.2,28.6,47.0,1017.3
2025-05-02T17:14:25.577000+00:00,10023,147,1259,1.5,0,43.2,28.4,48.0,1017.4
2025-05-02T17:15:25.551000+00:00,10023,117,1259,2.7,0,43.0,28.2,49.0,1017.3
2025-05-02T17:16:25.555000+00:00,10023,146,1259,2.4,0,42.7,28.3,49.0,1017.3
2025-05-02T17:17:26.254000+00:00,10023,158,1259,1.9,0,43.0,28.3,49.0,1017.2
2025-05-02T17:18:25.589000+00:00,10023,105,1259,2.4,0,43.8,28.3,49.0,1017.3
2025-05-02T17:19:25.600000+00:00,10023,322,1259,3.0,0,45.1,28.3,51.0,1017.3
2025-05-02T17:20:25.919000+00:00,10023,106,1259,1.5,0,46.2,28.4,51.0,1017.2
2025-05-02T17:21:25.651000+00:00,10023,107,1259,2.8,0,46.2,28.4,52.0,1017.2
2025-05-02T17:22:25.658000+00:00,10023,176,1259,1.5,0,46.2,28.5,52.0,1017.2
2025-05-02T17:23:26.079000+00:00,10023,0,1259,0.4,0,47.3,28.5,51.0,1017.1
2025-05-02T17:24:25.677000+00:00,10023,203,1259,0.8,0,48.4,28.6,49.0,1017.2
2025-05-02T17:25:25.695000+00:00,10023,175,1259,0.5,0,49.3,28.6,48.0,1017.2
2025-05-02T17:26:26.254000+00:00,10023,151,1259,0.5,0,49.1,28.8,47.0,1017.1
2025-05-02T17:27:25.680000+00:00,10023,154,1259,0.7,0,49.9,29.0,46.0,1017.2
2025-05-02T17:28:25.867000+00:00,10023,114,1259,1.2,0,49.9,29.0,45.0,1017.0
2025-05-02T17:29:25.723000+00:00,10023,114,1259,4.2,0,48.2,29.1,47.0,1017.1
2025-05-02T17:30:26.477000+00:00,10023,113,1259,5.8,0,47.5,28.9,49.0,1017.1
2025-05-02T17:31:25.731000+00:00,10023,111,1259,4.5,0,47.9,28.8,50.0,1017.1
2025-05-02T17:32:25.725000+00:00,10023,110,1259,4.1,0,48.1,28.5,50.0,1017.2
2025-05-02T17:33:25.740000+00:00,10023,136,1259,2.6,0,48.3,28.3,50.0,1017.1
2025-05-02T20:16:26.774000+00:00,10024,109,1259,2.2,0,49.8,28.5,47.0,1015.8
2025-05-02T20:17:26.792000+00:00,10024,124,1259,3.2,0,48.5,28.7,47.0,1015.9
2025-05-02T20:18:26.814000+00:00,10024,103,1259,2.7,0,49.4,28.7,47.0,1016.0
2025-05-02T20:19:26.837000+00:00,10024,137,1259,2.6,0,49.0,28.7,48.0,1015.9
2025-05-02T20:20:26.842000+00:00,10024,111,1259,3.9,0,49.2,28.8,48.0,1015.8
2025-05-02T20:21:26.827000+00:00,10024,126,1259,2.6,0,49.5,28.6,48.0,1015.9
2025-05-02T20:22:26.851000+00:00,10024,117,1259,3.9,0,50.0,28.5,48.0,1015.8
2025-05-02T20:23:26.849000+00:00,10024,131,1259,3.5,0,50.0,28.5,48.0,1015.8
2025-05-02T20:24:26.878000+00:00,10024,134,1259,3.9,0,48.9,28.5,48.0,1015.8
2025-05-02T20:25:26.879000+00:00,10024,135,1259,2.7,0,48.6,28.4,48.0,1015.8
2025-05-02T20:26:26.888000+00:00,10024,112,1259,1.7,0,48.3,28.4,48.0,1015.8
2025-05-02T20:27:26.921000+00:00,10024,112,1259,3.4,0,48.7,28.3,48.0,1015.9
2025-05-02T20:28:26.918000+00:00,10024,146,1259,4.0,0,48.8,28.4,47.0,1015.8
2025-05-02T20:29:26.962000+00:00,10024,123,1259,2.8,0,49.3,28.3,48.0,1015.8
2025-05-02T20:30:26.938000+00:00,10024,121,1259,3.1,0,49.1,28.3,46.0,1015.9
2025-05-02T20:31:26.959000+00:00,10024,79,1259,2.3,0,48.9,28.2,46.0,1016.0
2025-05-02T20:32:27.008000+00:00,10024,136,1259,3.0,0,49.0,28.3,47.0,1015.9
2025-05-02T20:33:27.130000+00:00,10024,117,1259,3.8,0,49.0,28.3,47.0,1015.8
2025-05-02T20:34:26.965000+00:00,10024,135,1259,3.7,0,48.8,28.4,47.0,1015.8
2025-05-02T20:35:26.988000+00:00,10024,131,1259,3.2,0,48.7,28.5,47.0,1015.9
2025-05-02T20:36:26.979000+00:00,10024,122,1259,1.7,0,48.7,28.5,47.0,1015.9
2025-05-02T20:37:27.029000+00:00,10024,85,1259,1.5,0,49.5,28.5,47.0,1015.8
2025-05-02T20:38:27.025000+00:00,10024,126,1259,1.0,0,49.6,28.5,46.0,1015.8
2025-05-02T20:39:27.002000+00:00,10024,138,1259,3.6,0,48.2,28.6,43.0,1015.8
2025-05-02T20:40:27.015000+00:00,10024,151,1259,2.7,0,45.3,28.3,45.0,1015.8
2025-05-02T20:41:27.025000+00:00,10024,58,1259,2.1,0,44.9,28.2,47.0,1015.9
2025-05-02T20:42:27.015000+00:00,10024,120,1259,2.3,0,45.0,28.2,48.0,1015.9
2025-05-02T20:43:27.021000+00:00,10024,100,1259,1.6,0,46.5,28.3,46.0,1015.9
2025-05-02T20:44:27.048000+00:00,10024,124,1259,0.9,0,46.8,28.4,47.0,1015.8
2025-05-02T20:45:27.033000+00:00,10024,149,1259,2.1,0,47.3,28.5,46.0,1015.8
2025-05-02T20:46:27.033000+00:00,10024,116,1259,1.0,0,47.3,28.4,47.0,1015.7
2025-05-02T20:47:27.062000+00:00,10024,110,1259,0.5,0,47.5,28.4,47.0,1015.8
2025-05-02T20:48:27.049000+00:00,10024,133,1259,1.6,0,47.8,28.4,47.0,1015.8
2025-05-02T20:49:27.079000+00:00,10024,154,1259,3.0,0,47.8,28.4,47.0,1015.7
2025-05-02T20:50:27.106000+00:00,10024,130,1259,2.9,0,47.9,28.5,47.0,1015.8
2025-05-02T20:51:27.139000+00:00,10024,121,1259,2.1,0,47.5,28.4,47.0,1015.7
2025-05-02T20:52:27.106000+00:00,10024,155,1259,2.0,0,47.4,28.3,48.0,1015.7
2025-05-02T20:53:27.111000+00:00,10024,129,1259,1.0,0,47.1,28.3,48.0,1015.8
2025-05-02T20:54:27.110000+00:00,10024,80,1259,2.0,0,45.3,28.5,47.0,1015.7
2025-05-02T20:55:27.144000+00:00,10024,93,1259,1.5,0,45.2,28.5,47.0,1015.7
2025-05-02T20:56:27.129000+00:00,10024,116,1259,2.2,0,45.9,28.4,46.0,1015.7
2025-05-02T20:57:27.156000+00:00,10024,106,1259,2.8,0,45.9,28.2,47.0,1015.7
2025-05-02T20:58:27.156000+00:00,10024,112,1259,2.5,0,46.0,28.1,47.0,1015.8
2025-05-02T20:59:27.195000+00:00,10024,120,1259,3.1,0,46.0,28.0,48.0,1015.7
2025-05-02T21:00:27.185000+00:00,10024,109,1259,3.6,0,45.8,28.0,48.0,1015.7
2025-05-02T21:01:27.196000+00:00,10024,109,1259,2.7,0,45.1,28.0,48.0,1015.8
2025-05-02T21:02:27.209000+00:00,10024,125,1259,0.9,0,44.5,28.1,49.0,1015.7
2025-05-02T21:03:27.207000+00:00,10024,161,1259,2.4,0,45.2,28.2,49.0,1015.8
2025-05-02T21:04:27.233000+00:00,10024,136,1259,2.6,0,45.8,28.3,48.0,1015.8
2025-05-02T21:05:27.246000+00:00,10024,186,1259,2.0,0,44.7,28.2,48.0,1015.8
2025-05-02T21:06:27.261000+00:00,10024,142,1259,2.1,0,44.5,28.0,49.0,1015.7
2025-05-02T21:07:27.257000+00:00,10024,36,1259,1.7,0,44.1,27.9,50.0,1015.8
2025-05-02T21:08:27.273000+00:00,10024,116,1259,3.0,0,43.8,27.9,49.0,1015.7
2025-05-02T21:09:27.263000+00:00,10024,137,1259,2.8,0,43.8,28.0,48.0,1015.8
2025-05-02T21:10:27.276000+00:00,10024,117,1259,3.3,0,43.8,27.9,48.0,1015.6
2025-05-02T21:11:27.281000+00:00,10024,121,1259,4.2,0,44.1,28.0,48.0,1015.7
2025-05-02T21:12:27.277000+00:00,10024,128,1259,2.9,0,44.1,28.0,48.0,1015.7
2025-05-02T21:13:27.291000+00:00,10024,117,1259,2.5,0,44.5,27.9,48.0,1015.8
2025-05-02T21:14:27.275000+00:00,10024,112,1259,2.3,0,44.4,27.9,47.0,1015.8
2025-05-02T21:15:27.305000+00:00,10024,105,1259,2.0,0,44.5,27.9,48.0,1015.8
2025-05-02T21:16:27.287000+00:00,10024,123,1259,2.2,0,44.7,27.9,49.0,1015.8
2025-05-02T21:17:27.308000+00:00,10024,104,1259,2.2,0,44.7,28.0,50.0,1015.8
2025-05-02T21:18:27.324000+00:00,10024,106,1259,1.8,0,44.6,28.1,50.0,1015.8
2025-05-02T21:19:27.331000+00:00,10024,141,1259,2.3,0,44.8,28.1,50.0,1015.8
2025-05-02T21:20:27.327000+00:00,10024,136,1259,3.5,0,45.7,28.1,51.0,1015.8
2025-05-02T21:21:27.328000+00:00,10024,114,1259,2.5,0,46.1,28.1,51.0,1015.8
2025-05-02T21:22:27.345000+00:00,10024,123,1259,3.3,0,45.8,28.0,50.0,1015.7
2025-05-03T20:01:36.308000+00:00,10029,105,1259,2.1,0,43.4,28.4,61.0,1013.7
2025-05-03T20:02:36.285000+00:00,10029,109,1259,2.6,0,43.4,28.5,61.0,1013.6
2025-05-03T20:03:36.299000+00:00,10029,110,1259,2.7,0,44.5,28.5,61.0,1013.7
2025-05-03T20:04:36.287000+00:00,10029,106,1259,2.7,0,45.3,28.5,62.0,1013.7
2025-05-03T20:05:36.280000+00:00,10029,104,1259,2.3,0,45.7,28.5,62.0,1013.6
2025-05-03T20:06:36.281000+00:00,10029,121,1259,3.4,0,45.7,28.5,61.0,1013.6
2025-05-03T20:07:36.282000+00:00,10029,119,1259,3.0,0,46.6,28.5,61.0,1013.5
2025-05-03T20:08:36.301000+00:00,10029,107,1259,3.0,0,46.8,28.6,60.0,1013.6
2025-05-03T20:09:36.290000+00:00,10029,103,1259,2.9,0,46.9,28.6,61.0,1013.6
2025-05-03T20:10:36.307000+00:00,10029,115,1259,1.9,0,46.9,28.7,60.0,1013.4
2025-05-03T20:11:36.307000+00:00,10029,117,1259,4.7,0,45.0,28.8,61.0,1013.5
2025-05-03T20:12:36.298000+00:00,10029,121,1259,3.7,0,44.7,28.8,62.0,1013.5
2025-05-03T20:13:36.304000+00:00,10029,117,1259,3.5,0,45.3,28.6,62.0,1013.5
2025-05-03T20:14:36.303000+00:00,10029,129,1259,3.9,0,44.0,28.6,63.0,1013.5
2025-05-03T20:15:36.293000+00:00,10029,113,1259,3.1,0,44.0,28.6,62.0,1013.5
2025-05-03T20:16:36.294000+00:00,10029,132,1259,4.0,0,44.5,28.6,62.0,1013.5
2025-05-03T20:17:36.319000+00:00,10029,133,1259,2.9,0,44.6,28.6,62.0,1013.5
2025-05-03T20:18:36.320000+00:00,10029,107,1259,2.3,0,45.0,28.6,61.0,1013.5
2025-05-03T20:19:36.349000+00:00,10029,120,1259,3.8,0,45.1,28.5,61.0,1013.6
2025-05-03T20:20:36.336000+00:00,10029,126,1259,2.8,0,45.0,28.5,61.0,1013.6
2025-05-03T20:21:36.346000+00:00,10029,59,1259,2.1,0,44.5,28.5,60.0,1013.6
2025-05-03T20:22:36.331000+00:00,10029,0,1259,0.8,0,43.2,28.5,60.0,1013.7
2025-05-03T20:23:36.352000+00:00,10029,76,1259,1.9,0,42.9,28.5,61.0,1013.6
2025-05-03T20:24:36.381000+00:00,10029,215,1259,0.8,0,41.1,28.5,62.0,1013.7
2025-05-03T20:25:36.400000+00:00,10029,119,1259,1.4,0,41.3,28.4,61.0,1013.6
2025-05-03T20:26:36.413000+00:00,10029,151,1259,1.3,0,41.8,28.3,61.0,1013.5
2025-05-03T20:27:36.414000+00:00,10029,84,1259,1.0,0,41.5,28.3,61.0,1013.6
2025-05-03T20:28:36.408000+00:00,10029,4,1259,1.3,0,40.8,28.3,61.0,1013.7
2025-05-03T20:29:36.419000+00:00,10029,326,1259,1.2,0,40.5,28.3,61.0,1013.6
2025-05-03T20:30:36.432000+00:00,10029,320,1259,0.8,0,40.2,28.2,60.0,1013.6
2025-05-03T20:31:36.442000+00:00,10029,245,1259,1.2,0,41.0,28.1,60.0,1013.6
2025-05-03T20:32:36.443000+00:00,10029,169,1259,0.8,0,40.8,28.1,60.0,1013.7
2025-05-03T20:33:36.460000+00:00,10029,343,1259,0.8,0,40.7,28.1,60.0,1013.6
2025-05-03T20:34:36.472000+00:00,10029,300,1259,1.2,0,40.4,28.1,60.0,1013.5
2025-05-03T20:35:36.482000+00:00,10029,332,1259,0.9,0,39.8,28.0,61.0,1013.6
2025-05-03T20:36:36.514000+00:00,10029,108,1259,1.7,0,40.4,28.0,61.0,1013.4
2025-05-03T20:37:36.509000+00:00,10029,111,1259,2.5,0,39.6,27.9,61.0,1013.4
2025-05-03T20:38:36.529000+00:00,10029,113,1259,2.8,0,39.0,27.8,63.0,1013.4
2025-05-03T20:39:36.526000+00:00,10029,105,1259,4.3,0,38.7,27.6,63.0,1013.4
2025-05-03T20:40:36.529000+00:00,10029,117,1259,3.5,0,38.9,27.6,65.0,1013.4
2025-05-03T20:41:36.582000+00:00,10029,120,1259,3.3,0,38.9,27.5,65.0,1013.3
2025-05-03T20:42:36.543000+00:00,10029,118,1259,3.1,0,39.1,27.5,64.0,1013.3
2025-05-03T20:43:36.539000+00:00,10029,116,1259,3.1,0,38.7,27.5,65.0,1013.4
2025-05-03T20:44:36.539000+00:00,10029,104,1259,2.8,0,38.7,27.5,65.0,1013.3
2025-05-03T20:45:36.532000+00:00,10029,43,1259,2.0,0,39.2,27.5,65.0,1013.5
2025-05-03T20:46:36.568000+00:00,10029,101,1259,1.1,0,39.6,27.5,65.0,1013.5
2025-05-03T20:47:36.589000+00:00,10029,0,1259,2.0,0,39.4,27.6,65.0,1013.4
2025-05-03T20:48:36.586000+00:00,10029,120,1259,0.8,0,38.7,27.6,65.0,1013.5
2025-05-03T20:49:36.576000+00:00,10029,71,1259,2.3,0,38.7,27.6,65.0,1013.5
2025-05-03T20:50:36.605000+00:00,10029,107,1259,1.5,0,39.0,27.6,65.0,1013.5
2025-05-03T20:51:36.612000+00:00,10029,112,1259,3.4,0,39.0,27.5,65.0,1013.5
2025-05-03T20:52:36.604000+00:00,10029,102,1259,3.3,0,38.6,27.5,65.0,1013.4
2025-05-03T20:53:36.627000+00:00,10029,117,1259,3.4,0,38.4,27.5,66.0,1013.5
2025-05-03T20:54:36.636000+00:00,10029,137,1259,3.2,0,38.3,27.4,66.0,1013.5
2025-05-03T20:55:36.621000+00:00,10029,109,1259,2.9,0,38.7,27.5,66.0,1013.6
2025-05-03T20:56:36.639000+00:00,10029,112,1259,2.8,0,38.8,27.5,65.0,1013.6
2025-05-03T20:57:36.604000+00:00,10029,110,1259,2.4,0,38.4,27.5,66.0,1013.6
2025-05-03T20:58:36.635000+00:00,10029,117,1259,2.3,0,38.6,27.5,65.0,1013.6
2025-05-03T20:59:36.629000+00:00,10029,101,1259,1.8,0,38.6,27.4,65.0,1013.5
2025-05-03T21:00:36.698000+00:00,10029,111,1259,2.0,0,38.7,27.4,65.0,1013.5
2025-05-03T21:01:36.628000+00:00,10029,115,1259,2.6,0,38.9,27.4,65.0,1013.4
2025-05-03T21:02:36.613000+00:00,10029,113,1259,3.1,0,38.9,27.4,65.0,1013.6
2025-05-03T21:03:36.690000+00:00,10029,111,1259,3.7,0,39.2,27.5,65.0,1013.5
2025-05-03T21:04:36.641000+00:00,10029,115,1259,3.5,0,39.4,27.5,65.0,1013.5
2025-05-03T21:05:36.632000+00:00,10029,113,1259,3.4,0,40.2,27.7,64.0,1013.4
2025-05-03T21:06:36.636000+00:00,10029,115,1259,3.9,0,40.2,27.7,65.0,1013.3
2025-05-03T21:07:36.633000+00:00,10029,109,1259,2.9,0,39.7,27.7,65.0,1013.4
2025-05-03T21:08:36.653000+00:00,10029,107,1259,3.4,0,39.7,27.8,64.0,1013.3
2025-05-03T21:09:36.643000+00:00,10029,113,1259,3.1,0,39.5,27.8,64.0,1013.3
2025-05-03T21:10:36.643000+00:00,10029,121,1259,3.5,0,39.2,27.8,64.0,1013.4
2025-05-03T21:11:36.662000+00:00,10029,120,1259,3.2,0,38.6,27.8,65.0,1013.3
2025-05-03T21:12:36.657000+00:00,10029,115,1259,4.1,0,38.3,27.8,65.0,1013.3
2025-05-03T21:13:36.659000+00:00,10029,118,1259,3.0,0,38.2,27.6,65.0,1013.3
2025-05-03T21:14:36.669000+00:00,10029,106,1259,2.3,0,38.7,27.5,65.0,1013.3
2025-05-03T21:15:36.686000+00:00,10029,98,1259,2.7,0,38.7,27.6,65.0,1013.3
2025-05-03T21:16:36.699000+00:00,10029,33,1259,0.8,0,38.6,27.5,65.0,1013.2
2025-05-03T21:17:36.721000+00:00,10029,72,1259,2.2,0,38.9,27.6,65.0,1013.3
2025-05-03T21:18:36.723000+00:00,10029,116,1259,2.0,0,38.7,27.6,65.0,1013.1
2025-05-03T15:17:34.225000+00:00,10028,325,1259,1.3,1,29.2,23.6,81.0,1016.1
2025-05-03T15:18:34.193000+00:00,10028,340,1259,1.1,1,29.3,23.4,82.0,1016.1
2025-05-03T15:19:34.203000+00:00,10028,292,1259,1.0,1,29.5,23.4,81.0,1016.1
2025-05-03T15:20:34.220000+00:00,10028,335,1259,1.0,1,29.8,23.5,82.0,1016.1
2025-05-03T15:21:34.208000+00:00,10028,323,1259,0.8,0,30.1,23.5,83.0,1016.2
2025-05-03T15:22:34.209000+00:00,10028,322,1259,0.6,0,30.2,23.5,83.0,1016.1
2025-05-03T15:23:34.222000+00:00,10028,355,1259,0.7,0,30.2,23.5,82.0,1016.1
2025-05-03T15:24:34.238000+00:00,10028,95,1259,0.6,0,30.2,23.7,83.0,1016.2
2025-05-03T15:25:34.229000+00:00,10028,120,1259,1.0,0,30.0,23.7,81.0,1016.2
2025-05-03T15:26:34.223000+00:00,10028,68,1259,0.8,1,30.0,23.7,82.0,1016.2
2025-05-03T15:27:34.236000+00:00,10028,46,1259,0.5,1,30.0,23.8,82.0,1016.2
2025-05-03T15:28:34.239000+00:00,10028,70,1259,0.5,1,30.0,23.8,82.0,1016.2
2025-05-03T15:29:34.260000+00:00,10028,0,1259,0.3,1,30.0,23.8,82.0,1016.2
2025-05-03T15:30:34.256000+00:00,10028,103,1259,0.5,1,30.1,23.8,83.0,1016.2
2025-05-03T15:31:34.273000+00:00,10028,113,1259,1.4,1,30.2,23.8,84.0,1016.3
2025-05-03T15:32:34.259000+00:00,10028,100,1259,1.1,1,30.4,23.7,85.0,1016.2
2025-05-03T15:33:34.274000+00:00,10028,97,1259,1.9,1,28.6,23.6,85.0,1016.2
2025-05-03T15:34:34.278000+00:00,10028,98,1259,2.0,1,28.2,23.4,85.0,1016.3
2025-05-03T15:35:34.288000+00:00,10028,109,1259,2.5,1,26.9,23.3,86.0,1016.3
2025-05-03T15:36:34.302000+00:00,10028,101,1259,2.3,1,26.9,23.3,86.0,1016.3
2025-05-03T15:37:34.323000+00:00,10028,106,1259,2.1,1,28.4,23.1,86.0,1016.3
2025-05-03T15:38:34.307000+00:00,10028,99,1259,2.4,1,28.4,23.0,85.0,1016.4
2025-05-03T15:39:34.318000+00:00,10028,88,1259,1.5,1,28.4,22.8,86.0,1016.3
2025-05-03T15:40:34.345000+00:00,10028,105,1259,1.9,1,28.6,22.9,86.0,1016.2
2025-05-03T15:41:34.391000+00:00,10028,104,1259,2.4,1,28.7,22.8,85.0,1016.3
2025-05-03T15:42:34.583000+00:00,10028,116,1259,2.0,1,29.0,22.8,86.0,1016.3
2025-05-03T15:43:34.380000+00:00,10028,105,1259,1.9,0,29.1,22.8,86.0,1016.2
2025-05-03T15:44:34.365000+00:00,10028,105,1259,1.9,0,29.1,22.9,86.0,1016.2
2025-05-03T15:45:34.384000+00:00,10028,105,1259,1.9,0,29.1,22.8,86.0,1016.2
2025-05-03T15:46:34.407000+00:00,10028,100,1259,2.0,0,29.3,22.9,85.0,1016.2
2025-05-03T15:47:34.385000+00:00,10028,116,1259,1.5,0,29.5,22.9,86.0,1016.3
2025-05-03T15:48:34.395000+00:00,10028,113,1259,1.7,0,29.8,23.0,86.0,1016.3
2025-05-03T15:49:34.401000+00:00,10028,88,1259,1.4,0,30.4,23.0,86.0,1016.3
2025-05-03T15:50:34.411000+00:00,10028,102,1259,1.5,0,30.4,23.0,85.0,1016.3
2025-05-03T15:51:34.395000+00:00,10028,114,1259,1.2,0,30.1,23.0,85.0,1016.4
2025-05-03T15:52:34.405000+00:00,10028,114,1259,1.0,0,30.4,23.0,84.0,1016.4
2025-05-03T15:53:34.386000+00:00,10028,89,1259,1.5,0,30.9,23.0,86.0,1016.3
2025-05-03T15:54:34.387000+00:00,10028,104,1259,1.8,0,30.7,23.1,84.0,1016.2
2025-05-03T15:55:34.397000+00:00,10028,96,1259,2.1,0,30.5,23.1,84.0,1016.2
2025-05-03T15:56:34.420000+00:00,10028,99,1259,1.3,1,30.3,23.2,83.0,1016.2
2025-05-03T15:57:34.398000+00:00,10028,100,1259,1.3,1,30.5,23.3,84.0,1016.2
2025-05-03T15:58:34.429000+00:00,10028,122,1259,1.2,1,30.9,23.4,85.0,1016.1
2025-05-03T15:59:34.443000+00:00,10028,109,1259,1.8,1,30.9,23.5,84.0,1016.1
2025-05-03T16:00:34.462000+00:00,10028,124,1259,2.4,1,30.6,23.5,84.0,1016.0
2025-05-03T16:01:34.459000+00:00,10028,106,1259,2.3,1,30.8,23.6,84.0,1016.0
2025-05-03T16:02:34.494000+00:00,10028,103,1259,2.5,1,31.2,23.6,85.0,1016.0
2025-05-03T16:03:34.485000+00:00,10028,118,1259,2.6,0,31.2,23.6,84.0,1016.0
2025-05-03T16:04:34.501000+00:00,10028,124,1259,3.4,0,31.1,23.6,82.0,1016.0
2025-05-03T16:05:34.494000+00:00,10028,108,1259,1.8,0,31.1,23.9,84.0,1016.0
2025-05-03T16:06:34.488000+00:00,10028,115,1259,2.6,0,31.5,23.9,83.0,1016.0
2025-05-03T16:07:34.495000+00:00,10028,120,1259,2.8,0,31.7,23.9,82.0,1016.0
2025-05-03T16:08:34.513000+00:00,10028,117,1259,3.2,0,32.1,24.0,82.0,1016.0
2025-05-03T16:09:34.510000+00:00,10028,130,1259,2.0,0,32.2,24.0,79.0,1016.0
2025-05-03T16:10:34.504000+00:00,10028,121,1259,2.2,0,32.1,24.2,79.0,1015.9
2025-05-03T16:11:34.510000+00:00,10028,113,1259,3.1,0,32.1,24.4,78.0,1016.0
2025-05-03T16:12:34.527000+00:00,10028,107,1259,2.7,0,31.7,24.5,76.0,1016.0
2025-05-03T16:13:34.524000+00:00,10028,116,1259,3.4,0,31.5,24.5,76.0,1015.8
2025-05-03T16:14:34.537000+00:00,10028,108,1259,3.3,0,31.0,24.6,74.0,1015.8
2025-05-03T16:15:34.535000+00:00,10028,124,1259,2.2,0,31.2,24.7,76.0,1015.8
2025-05-03T16:16:34.548000+00:00,10028,119,1259,2.5,0,31.2,24.8,75.0,1015.9
2025-05-03T16:17:34.535000+00:00,10028,117,1259,2.2,0,31.2,25.0,74.0,1015.9
2025-05-03T16:18:34.555000+00:00,10028,112,1259,2.0,0,31.2,25.1,76.0,1015.8
2025-05-03T16:19:34.565000+00:00,10028,92,1259,2.2,0,31.0,25.1,76.0,1015.9
2025-05-03T16:20:34.565000+00:00,10028,117,1259,2.2,0,31.0,25.2,76.0,1015.7
2025-05-03T16:21:34.575000+00:00,10028,119,1259,2.4,0,31.5,25.3,77.0,1015.7
2025-05-03T16:22:34.604000+00:00,10028,110,1259,3.4,0,31.5,25.3,76.0,1015.7
2025-05-03T16:23:34.602000+00:00,10028,121,1259,3.6,0,31.3,25.2,75.0,1015.7
2025-05-03T16:24:34.603000+00:00,10028,119,1259,2.6,0,31.4,25.3,76.0,1015.6
2025-05-03T16:25:34.599000+00:00,10028,119,1259,3.3,0,31.5,25.5,75.0,1015.6
2025-05-03T16:26:34.604000+00:00,10028,108,1259,2.8,0,31.7,25.5,76.0,1015.6
2025-05-03T16:27:34.617000+00:00,10028,113,1259,2.8,0,32.0,25.5,77.0,1015.7
2025-05-03T16:28:34.606000+00:00,10028,101,1259,1.5,0,32.1,25.7,76.0,1015.7
2025-05-03T16:29:34.645000+00:00,10028,109,1259,2.3,0,32.4,25.7,78.0,1015.6
2025-05-03T16:30:34.650000+00:00,10028,99,1259,2.7,0,32.4,25.8,76.0,1015.7
2025-05-03T16:31:34.641000+00:00,10028,102,1259,1.4,0,32.2,25.8,75.0,1015.7
2025-05-03T16:32:34.656000+00:00,10028,301,1259,1.5,0,32.1,25.8,77.0,1015.6
2025-05-03T16:33:34.679000+00:00,10028,61,1259,1.0,0,32.4,25.9,78.0,1015.7
2025-05-03T16:34:34.732000+00:00,10028,113,1259,1.0,0,32.4,26.0,79.0,1015.6
2025-05-03T16:35:34.712000+00:00,10028,34,1259,1.0,0,32.6,26.0,77.0,1015.7
2025-05-03T16:36:34.718000+00:00,10028,126,1259,0.7,0,32.6,26.0,79.0,1015.7
2025-05-03T16:37:34.731000+00:00,10028,109,1259,2.0,0,32.4,26.1,76.0,1015.7
2025-05-03T16:38:34.725000+00:00,10028,54,1259,1.5,0,31.9,26.2,76.0,1015.7
2025-05-03T16:39:34.734000+00:00,10028,107,1259,1.0,0,31.5,26.2,76.0,1015.7
2025-05-03T16:40:34.730000+00:00,10028,74,1259,1.0,0,31.5,26.1,77.0,1015.7
2025-05-03T16:41:34.734000+00:00,10028,259,1259,0.6,0,31.5,26.2,77.0,1015.6
2025-05-03T16:42:34.743000+00:00,10028,56,1259,0.6,0,31.7,26.2,75.0,1015.6
2025-05-03T16:43:34.735000+00:00,10028,348,1259,1.1,0,31.3,26.1,75.0,1015.4
2025-05-03T16:44:34.775000+00:00,10028,91,1259,0.9,0,31.3,26.2,76.0,1015.5
2025-05-03T16:45:34.762000+00:00,10028,354,1259,0.8,0,31.3,26.3,76.0,1015.5
2025-05-03T16:46:34.782000+00:00,10028,321,1259,0.6,0,31.4,26.4,76.0,1015.4
2025-05-03T16:47:34.776000+00:00,10028,307,1259,1.0,0,32.2,26.5,76.0,1015.4
2025-05-03T16:48:34.813000+00:00,10028,0,1259,0.5,0,32.3,26.6,76.0,1015.4
2025-05-03T16:49:34.808000+00:00,10028,334,1259,0.6,0,32.3,26.7,74.0,1015.5
2025-05-03T16:50:34.830000+00:00,10028,277,1259,1.1,0,31.5,26.7,75.0,1015.4
2025-05-03T16:51:34.824000+00:00,10028,295,1259,0.9,0,31.4,26.8,76.0,1015.3
2025-05-03T16:52:34.845000+00:00,10028,317,1259,1.6,0,31.4,26.7,75.0,1015.4
2025-05-03T16:53:34.860000+00:00,10028,315,1259,1.2,0,31.4,26.9,75.0,1015.4
2025-05-03T16:54:34.874000+00:00,10028,330,1259,0.9,0,31.3,26.8,75.0,1015.3
2025-05-03T16:55:34.926000+00:00,10028,320,1259,1.0,0,31.0,26.9,73.0,1015.3
2025-05-03T16:56:34.933000+00:00,10028,292,1259,0.7,0,30.5,26.8,73.0,1015.3
2025-05-03T16:57:34.968000+00:00,10028,236,1259,1.1,0,30.2,26.8,74.0,1015.3
2025-05-03T16:58:34.964000+00:00,10028,104,1259,1.5,0,30.2,26.8,73.0,1015.3
2025-05-03T16:59:34.969000+00:00,10028,310,1259,1.4,0,30.0,26.8,74.0,1015.3
2025-05-03T17:00:35.008000+00:00,10028,90,1259,1.2,0,30.0,26.7,74.0,1015.3
2025-05-03T17:01:35.002000+00:00,10028,149,1259,0.7,0,29.6,26.7,73.0,1015.3
2025-05-03T17:02:35.008000+00:00,10028,30,1259,0.6,0,29.3,26.6,73.0,1015.3
2025-05-03T17:03:35.018000+00:00,10028,59,1259,0.8,0,29.3,26.6,74.0,1015.2
2025-05-03T17:04:35.018000+00:00,10028,325,1259,1.1,0,29.5,26.6,73.0,1015.2
2025-05-03T17:05:35.052000+00:00,10028,317,1259,1.0,0,29.8,26.5,74.0,1015.2
2025-05-03T17:06:35.046000+00:00,10028,287,1259,0.6,0,30.0,26.6,73.0,1015.2
2025-05-03T17:07:35.035000+00:00,10028,278,1259,1.3,0,30.4,26.6,73.0,1015.3
2025-05-03T17:08:35.064000+00:00,10028,126,1259,1.0,0,30.3,26.7,72.0,1015.2
2025-05-03T17:09:35.058000+00:00,10028,105,1259,1.5,0,30.3,26.6,72.0,1015.1
2025-05-03T17:10:35.076000+00:00,10028,103,1259,1.8,0,30.2,26.7,72.0,1015.1
2025-05-16T11:16:58.065000+00:00,9980,116,1260,3.0,0,40.9,19.0,32.0,1007.9
2025-05-16T11:17:58.063000+00:00,9980,105,1260,2.6,0,40.2,19.1,33.0,1008.0
2025-05-16T11:18:58.064000+00:00,9980,173,1260,2.2,0,38.2,19.0,34.0,1008.0
2025-05-16T11:19:58.076000+00:00,9980,93,1260,2.2,0,38.0,19.0,35.0,1008.0
2025-05-16T11:20:58.076000+00:00,9980,141,1260,2.5,0,38.7,18.8,36.0,1008.0
2025-05-16T11:21:58.093000+00:00,9980,139,1260,4.5,0,38.7,18.8,36.0,1007.9
2025-05-16T11:22:58.103000+00:00,9980,124,1260,3.4,0,37.5,18.6,37.0,1007.9
2025-05-16T11:23:58.109000+00:00,9980,130,1260,4.3,0,37.5,18.6,36.0,1008.0
2025-05-16T11:24:58.121000+00:00,9980,130,1260,3.5,0,37.6,18.7,35.0,1007.9
2025-05-16T11:25:58.124000+00:00,9980,138,1260,2.6,0,38.6,18.8,34.0,1008.0
2025-05-16T11:26:58.133000+00:00,9980,114,1260,3.5,0,39.0,18.8,34.0,1008.0
2025-05-16T11:27:58.145000+00:00,9980,127,1260,2.5,0,39.3,18.8,34.0,1008.0
2025-05-16T11:28:58.131000+00:00,9980,131,1260,3.2,0,39.5,18.8,32.0,1007.9
2025-05-16T11:29:58.144000+00:00,9980,137,1260,3.2,0,39.8,19.0,31.0,1008.0
2025-05-16T11:30:58.159000+00:00,9980,107,1260,2.4,0,40.1,19.0,33.0,1008.0
2025-05-16T11:31:58.145000+00:00,9980,111,1260,2.7,0,40.4,18.9,33.0,1008.0
2025-05-16T11:32:58.145000+00:00,9980,140,1260,2.0,0,40.5,18.8,33.0,1007.9
2025-05-16T11:33:58.142000+00:00,9980,150,1260,2.9,0,40.6,18.9,34.0,1007.9
2025-05-16T11:34:58.155000+00:00,9980,122,1260,2.4,0,40.5,19.0,32.0,1007.9
2025-05-16T11:35:58.153000+00:00,9980,126,1260,3.3,0,40.3,19.2,32.0,1008.0
2025-05-16T11:36:58.140000+00:00,9980,127,1260,3.7,0,39.8,19.2,32.0,1007.9
2025-05-16T11:37:58.142000+00:00,9980,127,1260,3.7,0,39.8,19.3,32.0,1007.9
2025-05-16T11:38:58.150000+00:00,9980,148,1260,2.8,0,40.0,19.2,32.0,1008.0
2025-05-16T11:39:58.141000+00:00,9980,163,1260,1.9,0,40.0,19.2,32.0,1007.9
2025-05-16T11:40:58.139000+00:00,9980,114,1260,2.4,0,40.1,19.3,34.0,1007.9
2025-05-16T11:41:58.149000+00:00,9980,122,1260,3.3,0,40.1,19.4,32.0,1007.9
2025-05-16T11:42:58.150000+00:00,9980,120,1260,2.6,0,40.0,19.6,32.0,1007.8
2025-05-16T11:43:58.179000+00:00,9980,128,1260,3.1,0,40.1,19.6,33.0,1007.9
2025-05-16T11:44:58.153000+00:00,9980,136,1260,3.3,0,40.2,19.6,33.0,1008.0
2025-05-16T11:45:58.157000+00:00,9980,118,1260,3.2,0,40.0,19.6,31.0,1007.9
2025-05-16T11:46:58.164000+00:00,9980,138,1260,3.7,0,39.9,19.5,30.0,1008.0
2025-05-16T11:47:58.167000+00:00,9980,109,1260,4.1,0,39.5,19.5,30.0,1008.0
2025-05-16T11:48:58.196000+00:00,9980,109,1260,4.1,0,39.5,19.4,30.0,1008.0
2025-05-16T11:49:58.197000+00:00,9980,121,1260,4.3,0,39.3,19.3,32.0,1008.0
2025-05-16T11:50:58.206000+00:00,9980,120,1260,4.0,0,39.3,19.3,32.0,1008.0
2025-05-16T11:51:58.195000+00:00,9980,120,1260,4.0,0,39.3,19.3,32.0,1008.0
2025-05-16T11:52:58.205000+00:00,9980,134,1260,4.5,0,39.2,19.3,33.0,1007.9
2025-05-16T11:53:58.202000+00:00,9980,141,1260,4.3,0,39.3,19.2,33.0,1007.9
2025-05-16T11:54:58.216000+00:00,9980,141,1260,4.3,0,39.3,19.2,33.0,1007.9
2025-05-16T11:55:58.255000+00:00,9980,133,1260,4.6,0,39.4,19.2,34.0,1008.0
2025-05-16T11:56:58.257000+00:00,9980,118,1260,3.5,0,39.4,19.3,33.0,1007.9
2025-05-16T11:57:58.254000+00:00,9980,118,1260,3.5,0,39.4,19.2,33.0,1007.9
2025-05-16T11:58:58.258000+00:00,9980,134,1260,2.6,0,39.5,19.2,34.0,1008.0
2025-05-16T11:59:58.259000+00:00,9980,138,1260,2.3,0,39.4,19.2,33.0,1007.9
2025-05-16T12:00:58.276000+00:00,9980,104,1260,3.6,0,39.5,19.2,34.0,1008.0
2025-05-16T12:01:58.282000+00:00,9980,153,1260,2.8,0,40.0,19.3,33.0,1008.0
2025-05-16T12:02:58.292000+00:00,9980,149,1260,3.6,0,40.0,19.4,32.0,1008.0
2025-05-16T12:03:58.289000+00:00,9980,149,1260,3.6,0,40.0,19.4,32.0,1008.0
2025-05-16T12:04:58.281000+00:00,9980,128,1260,3.2,0,39.5,19.4,33.0,1007.9
2025-05-16T12:05:58.280000+00:00,9980,125,1260,2.5,0,39.5,19.5,34.0,1007.9
2025-05-16T12:06:58.290000+00:00,9980,125,1260,2.5,0,39.5,19.4,34.0,1007.9
2025-05-16T12:07:58.290000+00:00,9980,108,1260,3.8,0,39.3,19.4,32.0,1007.8
2025-05-16T12:08:58.294000+00:00,9980,126,1260,3.0,0,39.1,19.5,32.0,1007.9
2025-05-16T12:09:58.298000+00:00,9980,126,1260,3.0,0,39.1,19.6,32.0,1007.9
2025-05-16T12:10:58.314000+00:00,9980,101,1260,2.6,0,38.8,19.6,33.0,1008.0
2025-05-16T12:11:58.298000+00:00,9980,128,1260,2.7,0,39.6,19.6,32.0,1008.0
2025-05-16T12:12:58.293000+00:00,9980,128,1260,2.7,0,39.6,19.5,32.0,1008.0
2025-05-16T12:13:58.302000+00:00,9980,124,1260,3.4,0,39.5,19.5,30.0,1008.0
2025-05-16T12:14:58.299000+00:00,9980,138,1260,4.0,0,39.4,19.4,31.0,1008.1
2025-05-16T12:15:58.322000+00:00,9980,138,1260,4.0,0,39.4,19.4,31.0,1008.1
2025-05-16T12:16:58.307000+00:00,9980,144,1260,3.8,0,39.1,19.5,31.0,1007.9
2025-05-16T12:17:58.357000+00:00,9980,128,1260,2.3,0,39.1,19.6,31.0,1008.0
2025-05-16T12:18:58.365000+00:00,9980,128,1260,2.3,0,39.1,19.7,31.0,1008.0
2025-05-16T12:19:58.377000+00:00,9980,125,1260,2.2,0,40.3,19.6,32.0,1008.0
2025-05-16T12:20:58.372000+00:00,9980,124,1260,2.3,0,40.3,19.8,31.0,1008.0
2025-05-16T12:21:58.378000+00:00,9980,124,1260,2.3,0,40.3,19.7,31.0,1008.0
2025-05-16T12:22:58.388000+00:00,9980,120,1260,4.0,0,39.8,19.6,32.0,1008.0
2025-05-16T12:23:58.392000+00:00,9980,130,1260,3.5,0,40.0,19.8,31.0,1008.0
2025-05-16T12:24:58.392000+00:00,9980,130,1260,3.5,0,40.0,19.8,31.0,1008.0
2025-05-16T12:25:58.396000+00:00,9980,118,1260,3.1,0,39.7,19.8,30.0,1008.0
2025-05-16T12:26:58.408000+00:00,9980,112,1260,3.0,0,39.5,19.6,31.0,1007.9
2025-05-16T12:27:58.435000+00:00,9980,147,1260,3.4,0,39.5,19.6,31.0,1008.0
2025-05-16T12:28:58.444000+00:00,9980,124,1260,3.1,0,39.5,19.5,32.0,1007.9
2025-05-16T12:29:58.433000+00:00,9980,126,1260,4.2,0,39.6,19.5,30.0,1008.1
2025-05-16T12:30:58.441000+00:00,9980,125,1260,3.6,0,39.5,19.6,30.0,1007.9
2025-05-16T12:31:58.439000+00:00,9980,130,1260,3.4,0,39.6,19.5,31.0,1007.9
2025-04-20T16:07:00.731000+00:00,10022,315,1258,1.2,0,39.4,28.7,71.0,1006.3
2025-04-20T16:08:00.728000+00:00,10022,284,1258,1.4,0,39.4,28.7,71.0,1006.3
2025-04-20T16:09:00.727000+00:00,10022,261,1258,0.9,0,39.4,28.7,70.0,1006.4
2025-04-20T16:10:00.741000+00:00,10022,265,1258,0.9,0,39.4,28.7,71.0,1006.3
2025-04-20T16:11:00.736000+00:00,10022,283,1258,1.8,0,39.2,28.7,70.0,1006.3
2025-04-20T16:12:00.736000+00:00,10022,265,1258,2.2,0,39.2,28.7,70.0,1006.3
2025-04-20T16:13:00.743000+00:00,10022,284,1258,1.6,0,39.0,28.6,71.0,1006.4
2025-04-20T16:14:00.736000+00:00,10022,285,1258,1.3,0,39.0,28.6,71.0,1006.4
2025-04-20T16:15:00.741000+00:00,10022,287,1258,1.1,0,38.9,28.6,71.0,1006.3
2025-04-20T16:16:00.741000+00:00,10022,290,1258,0.9,0,38.9,28.6,71.0,1006.3
2025-04-20T16:17:00.751000+00:00,10022,283,1258,0.9,0,39.1,28.6,71.0,1006.4
2025-04-20T16:18:00.744000+00:00,10022,335,1258,1.0,0,39.2,28.6,71.0,1006.4
2025-04-20T16:19:00.747000+00:00,10022,287,1258,0.8,0,39.2,28.5,71.0,1006.4
2025-04-20T16:20:00.741000+00:00,10022,338,1258,1.4,0,39.1,28.5,70.0,1006.4
2025-04-20T16:21:00.745000+00:00,10022,321,1258,1.4,0,39.1,28.5,69.0,1006.3
2025-04-20T16:22:00.751000+00:00,10022,348,1258,1.4,0,38.8,28.5,69.0,1006.3
2025-04-20T16:23:00.740000+00:00,10022,317,1258,0.9,0,39.0,28.6,69.0,1006.3
2025-04-20T16:24:00.746000+00:00,10022,255,1258,1.2,0,39.0,28.7,68.0,1006.3
2025-04-20T16:25:00.752000+00:00,10022,353,1258,1.2,0,39.0,28.7,68.0,1006.3
2025-04-20T16:26:00.772000+00:00,10022,302,1258,1.1,0,38.6,28.8,69.0,1006.4
2025-04-20T16:27:00.775000+00:00,10022,282,1258,1.1,0,38.4,28.8,69.0,1006.4
2025-04-20T16:28:00.769000+00:00,10022,303,1258,1.2,0,38.3,28.8,70.0,1006.4
2025-04-20T16:29:00.773000+00:00,10022,278,1258,1.1,0,38.6,28.7,70.0,1006.4
2025-04-20T16:30:00.758000+00:00,10022,268,1258,2.0,0,38.6,28.7,70.0,1006.4
2025-04-20T16:31:00.786000+00:00,10022,285,1258,1.3,0,38.5,28.7,71.0,1006.4
2025-04-20T16:32:00.786000+00:00,10022,272,1258,1.3,0,38.4,28.6,71.0,1006.4
2025-04-20T16:33:00.795000+00:00,10022,273,1258,1.0,0,38.6,28.6,71.0,1006.4
2025-04-20T16:34:00.801000+00:00,10022,323,1258,1.1,0,38.7,28.6,71.0,1006.4
2025-04-20T16:35:00.858000+00:00,10022,285,1258,0.9,0,38.7,28.6,71.0,1006.4
2025-04-20T16:36:00.817000+00:00,10022,284,1258,0.9,0,38.7,28.6,71.0,1006.5
2025-04-20T16:37:00.836000+00:00,10022,301,1258,0.9,0,38.8,28.6,71.0,1006.5
2025-04-20T16:38:00.828000+00:00,10022,265,1258,1.1,0,38.8,28.6,71.0,1006.5
2025-04-20T16:39:00.852000+00:00,10022,287,1258,1.3,0,38.7,28.6,71.0,1006.3
2025-04-20T16:40:00.857000+00:00,10022,337,1258,1.3,0,38.7,28.6,72.0,1006.4
2025-04-20T16:41:00.858000+00:00,10022,287,1258,0.8,0,38.5,28.5,72.0,1006.4
2025-04-20T16:42:00.878000+00:00,10022,30,1258,0.5,0,38.5,28.5,72.0,1006.4
2025-04-20T16:43:00.890000+00:00,10022,234,1258,1.1,0,38.6,28.5,71.0,1006.4
2025-04-20T16:44:00.877000+00:00,10022,263,1258,0.8,0,38.7,28.5,71.0,1006.5
2025-04-20T16:45:00.877000+00:00,10022,329,1258,1.3,0,38.7,28.5,71.0,1006.4
2025-04-20T16:46:00.936000+00:00,10022,289,1258,0.8,0,38.2,28.5,70.0,1006.4
2025-04-20T16:47:00.887000+00:00,10022,266,1258,1.2,0,38.4,28.5,71.0,1006.5
2025-04-20T16:48:00.891000+00:00,10022,267,1258,1.1,0,38.3,28.5,71.0,1006.5
2025-04-20T16:49:00.895000+00:00,10022,275,1258,1.4,0,38.3,28.6,72.0,1006.4
2025-04-20T16:50:00.892000+00:00,10022,290,1258,1.5,0,38.0,28.6,72.0,1006.5
2025-04-20T16:51:00.892000+00:00,10022,279,1258,1.9,0,37.6,28.6,73.0,1006.4
2025-04-20T16:52:00.895000+00:00,10022,284,1258,1.5,0,37.6,28.5,74.0,1006.4
2025-04-20T16:53:00.904000+00:00,10022,281,1258,1.5,0,37.4,28.5,74.0,1006.5
2025-04-20T16:54:00.893000+00:00,10022,268,1258,1.3,0,37.6,28.4,74.0,1006.6
2025-04-20T16:55:00.902000+00:00,10022,287,1258,1.3,0,37.9,28.4,74.0,1006.5
2025-04-20T16:56:00.903000+00:00,10022,285,1258,1.1,0,38.2,28.3,74.0,1006.5
2025-04-20T16:57:00.897000+00:00,10022,298,1258,1.2,0,37.9,28.4,74.0,1006.5
2025-04-20T16:58:00.897000+00:00,10022,277,1258,1.0,0,37.9,28.4,74.0,1006.6
2025-04-20T16:59:00.900000+00:00,10022,282,1258,0.8,0,37.9,28.4,73.0,1006.5
2025-04-20T17:00:00.898000+00:00,10022,290,1258,1.1,0,38.1,28.4,73.0,1006.5
2025-04-20T17:01:00.898000+00:00,10022,298,1258,0.7,0,38.1,28.4,72.0,1006.5
2025-04-20T17:02:00.894000+00:00,10022,266,1258,0.7,0,38.4,28.5,71.0,1006.5
2025-04-20T17:03:00.896000+00:00,10022,274,1258,0.8,0,38.4,28.5,71.0,1006.5
2025-04-20T17:04:00.902000+00:00,10022,269,1258,0.9,0,38.1,28.5,70.0,1006.6
2025-04-20T17:05:00.896000+00:00,10022,345,1258,1.1,0,38.2,28.5,70.0,1006.5
2025-04-20T17:06:00.910000+00:00,10022,318,1258,0.8,0,38.4,28.6,69.0,1006.6
2025-04-20T17:07:00.895000+00:00,10022,274,1258,0.8,0,38.4,28.6,69.0,1006.5
2025-04-20T17:08:00.897000+00:00,10022,0,1258,0.6,0,37.9,28.7,69.0,1006.6
2025-04-20T17:09:00.905000+00:00,10022,268,1258,1.0,0,38.1,28.7,68.0,1006.7
2025-04-20T17:10:00.896000+00:00,10022,300,1258,1.2,0,38.3,28.8,67.0,1006.7
2025-04-20T17:11:00.907000+00:00,10022,300,1258,0.8,0,38.6,28.8,67.0,1006.7
2025-04-20T17:12:00.920000+00:00,10022,330,1258,1.0,0,38.1,28.9,67.0,1006.6
2025-04-20T17:13:00.908000+00:00,10022,158,1258,0.4,0,38.1,28.9,67.0,1006.7
2025-04-20T17:14:00.899000+00:00,10022,0,1258,1.2,0,38.3,28.9,67.0,1006.7
2025-04-20T17:15:00.912000+00:00,10022,139,1258,0.0,0,38.3,28.9,67.0,1006.8
2025-04-20T17:16:00.912000+00:00,10022,213,1258,1.5,0,38.2,28.9,66.0,1006.7
2025-04-20T17:17:00.903000+00:00,10022,258,1258,0.9,0,38.2,29.0,66.0,1006.7
2025-04-20T17:18:00.903000+00:00,10022,258,1258,0.9,0,38.2,29.1,66.0,1006.7
2025-04-20T17:19:00.907000+00:00,10022,280,1258,0.8,0,38.1,29.1,65.0,1006.7
2025-04-20T17:20:00.915000+00:00,10022,265,1258,1.3,0,38.2,29.2,65.0,1006.8
2025-04-20T17:21:00.920000+00:00,10022,176,1258,1.2,0,38.0,29.2,66.0,1006.7
2025-04-20T17:22:00.905000+00:00,10022,280,1258,1.1,0,38.0,29.2,66.0,1006.8
2025-04-20T17:23:00.916000+00:00,10022,264,1258,0.9,0,38.0,29.3,66.0,1006.9
2025-04-20T17:24:00.915000+00:00,10022,251,1258,1.0,0,37.4,29.2,66.0,1006.8
2025-04-20T17:25:00.915000+00:00,10022,0,1258,0.8,0,37.3,29.3,65.0,1006.9
2025-04-20T17:26:00.915000+00:00,10022,149,1258,0.4,0,37.1,29.2,66.0,1007.0
2025-04-20T17:27:00.925000+00:00,10022,270,1258,0.9,0,37.1,29.2,66.0,1007.0
2025-04-20T17:28:00.912000+00:00,10022,260,1258,0.9,0,37.9,29.2,65.0,1006.9
2025-04-20T17:29:00.920000+00:00,10022,0,1258,0.0,0,37.3,29.2,65.0,1006.9
2025-04-20T17:30:00.923000+00:00,10022,280,1258,0.4,0,37.5,29.3,65.0,1006.9
2025-04-20T17:31:00.923000+00:00,10022,85,1258,0.7,0,37.7,29.2,65.0,1006.9
2025-04-20T17:32:00.925000+00:00,10022,271,1258,0.7,0,37.7,29.3,64.0,1006.9
2025-04-20T17:33:00.913000+00:00,10022,152,1258,0.8,0,37.7,29.3,64.0,1006.9
2025-04-20T17:34:00.915000+00:00,10022,152,1258,0.8,0,37.7,29.3,64.0,1006.9
2025-04-20T17:35:00.931000+00:00,10022,271,1258,1.1,0,37.3,29.4,64.0,1007.0
2025-04-20T17:36:00.926000+00:00,10022,229,1258,0.9,0,37.7,29.4,62.0,1006.9
2025-04-20T17:37:00.926000+00:00,10022,169,1258,0.9,0,37.7,29.4,63.0,1007.0
2025-04-20T17:38:00.923000+00:00,10022,0,1258,0.5,0,37.7,29.5,64.0,1007.0
2025-04-20T17:39:00.920000+00:00,10022,220,1258,0.5,0,38.2,29.5,63.0,1007.1
2025-04-20T17:40:00.930000+00:00,10022,156,1258,0.5,0,37.8,29.5,63.0,1007.0
2025-04-20T17:41:00.933000+00:00,10022,124,1258,1.5,0,37.9,29.5,58.0,1006.9
2025-04-20T17:42:00.932000+00:00,10022,148,1258,0.6,0,38.1,29.6,57.0,1007.1
2025-04-20T17:43:00.932000+00:00,10022,128,1258,1.6,0,38.1,29.6,56.0,1007.0
2025-04-20T17:44:00.946000+00:00,10022,96,1258,0.9,0,38.1,29.7,56.0,1007.1
2025-04-20T17:45:00.925000+00:00,10022,176,1258,0.5,0,37.6,29.8,55.0,1007.0
2025-04-20T17:46:00.927000+00:00,10022,110,1258,1.0,0,37.5,29.9,54.0,1007.1
2025-04-20T17:47:00.976000+00:00,10022,0,1258,1.2,0,37.6,29.9,54.0,1007.2
2025-04-20T17:48:00.945000+00:00,10022,65,1258,0.6,0,37.7,29.9,54.0,1007.1
2025-04-20T17:49:00.937000+00:00,10022,48,1258,1.8,0,37.7,29.9,54.0,1007.1
2025-04-20T17:50:00.927000+00:00,10022,171,1258,1.6,0,37.3,30.0,53.0,1007.2
2025-04-20T17:51:00.946000+00:00,10022,110,1258,1.3,0,37.2,30.0,53.0,1007.0
2025-04-20T17:52:00.939000+00:00,10022,148,1258,1.5,0,37.4,30.0,54.0,1007.1
2025-04-20T17:53:00.941000+00:00,10022,153,1258,1.5,0,37.4,30.0,53.0,1007.1
2025-04-20T17:54:00.946000+00:00,10022,182,1258,0.4,0,37.3,30.1,52.0,1007.1
2025-04-20T17:55:00.937000+00:00,10022,141,1258,1.1,0,37.1,30.1,52.0,1007.1
2025-04-20T17:56:00.945000+00:00,10022,178,1258,1.2,0,36.9,30.3,51.0,1007.1
2025-04-20T17:57:00.943000+00:00,10022,197,1258,0.8,0,36.7,30.3,52.0,1007.1
2025-04-20T17:58:00.939000+00:00,10022,0,1258,0.8,0,36.6,30.4,52.0,1007.1
2025-04-20T17:59:00.946000+00:00,10022,0,1258,0.9,0,36.6,30.5,51.0,1007.2
2025-04-20T18:00:00.947000+00:00,10022,239,1258,0.3,0,36.9,30.5,52.0,1007.1
2025-04-20T18:01:00.946000+00:00,10022,157,1258,0.9,0,37.0,30.7,51.0,1007.1
2025-04-20T18:02:00.947000+00:00,10022,178,1258,1.2,0,37.0,31.0,50.0,1007.1
2025-04-20T18:03:00.955000+00:00,10022,121,1258,1.6,0,37.0,31.1,49.0,1007.1
2025-04-20T18:04:00.944000+00:00,10022,150,1258,1.0,0,36.9,31.3,48.0,1007.2
2025-04-20T18:05:00.941000+00:00,10022,236,1258,0.7,0,36.7,31.4,48.0,1007.1
2025-04-20T18:06:00.941000+00:00,10022,163,1258,1.1,0,36.6,31.4,48.0,1007.2
2025-04-20T18:07:00.948000+00:00,10022,176,1258,1.0,0,36.6,31.5,48.0,1007.3
2025-04-20T18:08:00.955000+00:00,10022,265,1258,1.3,0,36.7,31.5,48.0,1007.2
2025-04-20T18:09:00.944000+00:00,10022,58,1258,0.6,0,36.5,31.5,48.0,1007.2
2025-04-20T18:10:00.949000+00:00,10022,132,1258,0.7,0,36.6,31.5,48.0,1007.3
2025-04-20T18:11:00.961000+00:00,10022,135,1258,1.0,0,36.7,31.6,48.0,1007.2
2025-04-20T18:12:00.946000+00:00,10022,337,1258,1.5,0,36.7,31.6,47.0,1007.3
2025-04-20T18:13:00.958000+00:00,10022,150,1258,1.2,0,36.4,31.6,47.0,1007.1
2025-04-20T18:14:00.957000+00:00,10022,161,1258,1.3,0,36.5,31.7,47.0,1007.2
2025-04-20T18:15:00.960000+00:00,10022,141,1258,0.8,0,36.5,31.6,47.0,1007.2
2025-04-20T18:16:00.970000+00:00,10022,121,1258,1.6,0,36.4,31.6,47.0,1007.2
2025-04-20T18:17:00.958000+00:00,10022,162,1258,1.5,0,36.3,31.6,47.0,1007.2
2025-04-20T18:18:00.961000+00:00,10022,78,1258,1.3,0,36.3,31.6,47.0,1007.2
2025-04-20T18:19:00.948000+00:00,10022,127,1258,0.7,0,36.3,31.6,47.0,1007.2
2025-04-20T18:20:00.960000+00:00,10022,183,1258,0.7,0,36.1,31.6,47.0,1007.3
2025-04-20T18:21:00.952000+00:00,10022,148,1258,1.3,0,36.2,31.6,48.0,1007.3
2025-04-20T18:22:00.997000+00:00,10022,35,1258,0.8,0,36.2,31.7,48.0,1007.2
2025-04-20T18:23:00.959000+00:00,10022,0,1258,0.5,0,36.2,31.6,48.0,1007.2
2025-04-20T18:24:00.960000+00:00,10022,0,1258,0.3,0,36.0,31.6,48.0,1007.3
2025-04-20T18:25:00.963000+00:00,10022,153,1258,0.4,0,35.9,31.6,48.0,1007.2
2025-04-20T18:26:00.961000+00:00,10022,267,1258,1.1,0,36.0,31.6,48.0,1007.2
2025-04-20T18:27:00.970000+00:00,10022,275,1258,0.5,0,36.2,31.6,48.0,1007.2
2025-04-20T18:28:01.027000+00:00,10022,301,1258,1.3,0,36.1,31.6,48.0,1007.3
2025-05-04T19:06:44.804000+00:00,10033,34,1259,0.8,0,39.9,26.5,68.0,1012.0
2025-05-04T19:07:44.839000+00:00,10033,12,1259,1.6,0,40.6,26.5,67.0,1012.1
2025-05-04T19:08:44.869000+00:00,10033,343,1259,1.9,0,40.7,26.6,68.0,1012.2
2025-05-04T19:09:44.857000+00:00,10033,308,1259,1.2,0,41.7,26.7,68.0,1012.1
2025-05-04T19:10:44.860000+00:00,10033,313,1259,1.4,0,42.2,26.8,68.0,1012.3
2025-05-04T19:11:44.893000+00:00,10033,329,1259,0.8,0,42.1,26.9,69.0,1012.2
2025-05-04T19:12:44.903000+00:00,10033,283,1259,1.6,0,42.6,26.9,66.0,1012.3
2025-05-04T19:13:44.912000+00:00,10033,311,1259,1.2,0,43.2,27.0,67.0,1012.3
2025-05-04T19:14:44.912000+00:00,10033,309,1259,2.0,0,43.2,27.0,66.0,1012.2
2025-05-04T19:15:44.923000+00:00,10033,285,1259,1.8,0,43.1,27.1,66.0,1012.1
2025-05-04T19:16:44.942000+00:00,10033,328,1259,1.0,0,43.2,27.1,67.0,1012.1
2025-05-04T19:17:44.943000+00:00,10033,103,1259,0.8,0,42.7,27.2,65.0,1012.1
2025-05-04T19:18:44.943000+00:00,10033,108,1259,1.3,0,43.0,27.3,65.0,1012.1
2025-05-04T19:19:44.947000+00:00,10033,67,1259,0.9,0,43.0,27.4,65.0,1012.1
2025-05-04T19:20:44.962000+00:00,10033,80,1259,0.8,0,42.9,27.6,66.0,1012.2
2025-05-04T19:21:44.984000+00:00,10033,98,1259,1.4,0,44.1,27.8,65.0,1012.2
2025-05-04T19:22:44.979000+00:00,10033,66,1259,1.5,0,44.5,28.0,63.0,1012.4
2025-05-04T19:23:44.986000+00:00,10033,0,1259,0.7,0,44.5,27.9,63.0,1012.5
2025-05-04T19:24:44.984000+00:00,10033,89,1259,0.4,0,45.2,27.9,59.0,1012.5
2025-05-04T19:25:44.986000+00:00,10033,7,1259,1.4,0,44.6,27.8,60.0,1012.5
2025-05-04T19:26:45.008000+00:00,10033,3,1259,1.4,0,43.3,27.7,59.0,1012.6
2025-05-04T19:27:45.010000+00:00,10033,339,1259,1.1,0,42.8,27.6,59.0,1012.5
2025-05-04T19:28:45.039000+00:00,10033,43,1259,0.8,0,41.9,27.6,59.0,1012.5
2025-05-04T19:29:45.047000+00:00,10033,95,1259,1.6,0,43.2,27.5,59.0,1012.5
2025-05-04T19:30:45.047000+00:00,10033,64,1259,2.4,0,40.7,27.3,60.0,1012.5
2025-05-04T19:31:45.024000+00:00,10033,70,1259,1.2,0,39.8,27.2,61.0,1012.6
2025-05-04T19:32:45.041000+00:00,10033,65,1259,1.7,0,39.8,27.1,59.0,1012.5
2025-05-04T19:33:45.039000+00:00,10033,354,1259,2.0,0,40.8,27.0,62.0,1012.5
2025-05-04T19:34:45.064000+00:00,10033,121,1259,1.3,0,43.2,26.9,63.0,1012.6
2025-05-04T19:35:45.064000+00:00,10033,105,1259,1.7,0,43.9,26.9,63.0,1012.5
2025-05-04T19:36:45.077000+00:00,10033,120,1259,2.0,0,43.6,26.9,64.0,1012.6
2025-05-04T19:37:45.080000+00:00,10033,109,1259,2.0,0,43.6,27.0,63.0,1012.6
2025-05-04T19:38:45.115000+00:00,10033,95,1259,2.4,0,42.8,27.1,63.0,1012.7
2025-05-04T19:39:45.128000+00:00,10033,82,1259,1.6,0,42.6,27.1,63.0,1012.8
2025-05-04T19:40:45.128000+00:00,10033,0,1259,0.9,0,41.8,27.1,64.0,1012.7
2025-05-04T19:41:45.102000+00:00,10033,0,1259,1.0,0,41.8,27.1,64.0,1012.8
2025-05-04T19:42:45.129000+00:00,10033,358,1259,0.7,0,42.0,27.0,63.0,1012.8
2025-05-04T19:43:45.125000+00:00,10033,351,1259,1.0,0,41.7,26.9,63.0,1012.7
2025-05-04T19:44:45.136000+00:00,10033,349,1259,2.3,0,40.7,26.8,64.0,1012.7
2025-05-04T19:45:45.152000+00:00,10033,10,1259,1.4,0,40.3,26.7,65.0,1012.7
2025-05-04T19:46:45.170000+00:00,10033,99,1259,0.5,0,40.3,26.5,65.0,1012.8
2025-05-04T19:47:45.174000+00:00,10033,105,1259,1.2,0,40.3,26.5,66.0,1012.8
2025-05-04T19:48:45.160000+00:00,10033,337,1259,0.5,0,40.3,26.4,65.0,1012.7
2025-05-04T19:49:45.195000+00:00,10033,330,1259,1.8,0,40.3,26.4,65.0,1012.7
2025-05-04T19:50:45.195000+00:00,10033,2,1259,1.8,0,40.2,26.4,65.0,1012.7
2025-05-04T19:51:45.217000+00:00,10033,307,1259,1.3,0,40.2,26.3,65.0,1012.8
2025-05-04T19:52:45.217000+00:00,10033,324,1259,1.2,0,37.4,26.3,64.0,1012.7
2025-05-04T19:53:45.246000+00:00,10033,68,1259,1.1,0,37.4,26.2,63.0,1012.6
2025-05-04T19:54:45.256000+00:00,10033,104,1259,1.3,0,39.8,26.1,64.0,1012.6
2025-05-04T19:55:45.245000+00:00,10033,0,1259,0.6,0,39.8,26.1,64.0,1012.6
2025-05-04T19:56:45.258000+00:00,10033,161,1259,0.7,0,39.4,26.1,65.0,1012.5
2025-05-04T19:57:45.268000+00:00,10033,245,1259,0.3,0,40.0,26.1,65.0,1012.6
2025-05-04T19:58:45.288000+00:00,10033,310,1259,0.4,0,40.8,26.2,64.0,1012.6
2025-05-04T19:59:45.299000+00:00,10033,0,1259,0.4,0,40.9,26.3,64.0,1012.5
2025-05-04T20:00:45.299000+00:00,10033,15,1259,0.6,0,40.9,26.3,64.0,1012.5
2025-05-04T20:01:45.299000+00:00,10033,283,1259,1.2,0,39.8,26.3,65.0,1012.5
2025-05-04T20:02:45.301000+00:00,10033,283,1259,1.2,0,39.8,26.3,65.0,1012.5
2025-05-04T20:03:45.310000+00:00,10033,243,1259,1.2,0,39.7,26.3,65.0,1012.5
2025-05-04T20:04:45.321000+00:00,10033,147,1259,1.3,0,40.0,26.4,64.0,1012.4
2025-05-04T20:05:45.337000+00:00,10033,105,1259,1.2,0,40.3,26.4,64.0,1012.3
2025-05-04T20:06:45.342000+00:00,10033,89,1259,1.2,0,40.1,26.5,62.0,1012.4
2025-05-04T20:07:45.348000+00:00,10033,219,1259,0.8,0,39.8,26.7,63.0,1012.3
2025-05-04T20:08:45.351000+00:00,10033,10,1259,0.7,0,39.1,26.7,62.0,1012.3
2025-05-04T20:09:45.337000+00:00,10033,4,1259,0.4,0,39.0,26.6,63.0,1012.4
2025-05-04T20:10:45.361000+00:00,10033,10,1259,1.4,0,38.6,26.5,63.0,1012.5
2025-05-04T20:11:45.377000+00:00,10033,229,1259,1.3,0,38.5,26.4,64.0,1012.5
2025-05-04T20:12:45.377000+00:00,10033,0,1259,0.0,0,38.4,26.4,64.0,1012.5
2025-05-04T20:13:45.381000+00:00,10033,355,1259,1.0,0,38.5,26.5,65.0,1012.6
2025-05-04T20:14:45.386000+00:00,10033,346,1259,0.8,0,38.9,26.6,64.0,1012.5
2025-05-04T20:15:45.399000+00:00,10033,0,1259,0.7,0,38.9,26.6,63.0,1012.6
2025-05-04T20:16:45.401000+00:00,10033,189,1259,0.9,0,38.9,26.6,63.0,1012.5
2025-05-04T20:17:45.389000+00:00,10033,302,1259,1.0,0,38.9,26.7,62.0,1012.4
2025-05-04T20:18:45.385000+00:00,10033,40,1259,1.0,0,39.0,26.7,61.0,1012.6
2025-05-04T20:19:45.384000+00:00,10033,324,1259,1.4,0,38.9,26.7,62.0,1012.6
2025-05-04T20:20:45.390000+00:00,10033,338,1259,1.3,0,38.5,26.6,62.0,1012.6
2025-05-04T20:21:45.392000+00:00,10033,95,1259,1.1,0,38.5,26.6,62.0,1012.6
2025-05-04T20:22:45.381000+00:00,10033,356,1259,1.1,0,38.4,26.6,62.0,1012.5
2025-05-04T20:23:45.409000+00:00,10033,296,1259,0.5,0,38.2,26.8,62.0,1012.5
2025-05-04T20:24:45.407000+00:00,10033,28,1259,1.4,0,38.2,26.7,62.0,1012.5
2025-05-04T20:25:45.417000+00:00,10033,270,1259,1.4,0,38.1,26.6,62.0,1012.4
2025-05-04T20:26:45.463000+00:00,10033,235,1259,0.8,0,37.6,26.6,63.0,1012.4
2025-05-04T20:27:45.456000+00:00,10033,193,1259,0.8,0,37.6,26.5,63.0,1012.4
2025-05-04T20:28:45.462000+00:00,10033,282,1259,0.6,0,37.7,26.5,63.0,1012.3
2025-05-04T20:29:45.458000+00:00,10033,306,1259,0.6,0,37.7,26.6,62.0,1012.5
2025-05-04T20:30:45.448000+00:00,10033,332,1259,0.7,0,37.6,26.5,63.0,1012.4
2025-05-04T20:31:45.459000+00:00,10033,247,1259,0.7,0,37.6,26.7,63.0,1012.5
2025-05-04T20:32:45.447000+00:00,10033,283,1259,0.6,0,37.8,26.8,61.0,1012.5
2025-05-04T20:33:45.458000+00:00,10033,343,1259,0.7,0,38.0,26.8,61.0,1012.4
2025-05-04T20:34:45.465000+00:00,10033,291,1259,0.8,0,37.9,26.8,61.0,1012.5
2025-05-04T20:35:45.476000+00:00,10033,306,1259,0.6,0,37.6,26.6,61.0,1012.3
2025-05-04T20:36:45.501000+00:00,10033,318,1259,0.9,0,37.6,26.5,61.0,1012.3
2025-05-04T20:37:45.498000+00:00,10033,267,1259,0.9,0,37.8,26.6,61.0,1012.2
2025-05-04T20:38:45.491000+00:00,10033,266,1259,0.7,0,37.8,26.7,61.0,1012.1
2025-05-04T20:39:45.512000+00:00,10033,204,1259,0.4,0,37.8,26.8,60.0,1012.0
2025-05-04T20:40:45.510000+00:00,10033,159,1259,0.0,0,37.9,26.8,59.0,1012.0
2025-05-04T20:41:45.555000+00:00,10033,259,1259,0.8,0,37.7,26.8,59.0,1012.0
2025-05-04T20:42:45.564000+00:00,10033,250,1259,0.8,0,37.7,26.8,59.0,1011.9
2025-05-04T20:43:45.564000+00:00,10033,326,1259,0.9,0,37.5,26.8,60.0,1011.9
2025-05-04T20:44:45.581000+00:00,10033,336,1259,0.8,0,37.3,26.7,60.0,1011.9
2025-05-04T20:45:45.574000+00:00,10033,314,1259,0.8,0,37.2,26.6,60.0,1011.9
2025-05-04T20:46:45.594000+00:00,10033,323,1259,1.3,0,37.0,26.6,59.0,1011.8
2025-05-04T20:47:45.603000+00:00,10033,316,1259,1.7,0,36.9,26.6,59.0,1011.8
2025-05-04T20:48:45.625000+00:00,10033,293,1259,1.4,0,36.6,26.6,60.0,1012.0
2025-05-04T20:49:45.598000+00:00,10033,302,1259,0.9,1,36.4,26.6,61.0,1012.0
2025-05-04T20:50:45.620000+00:00,10033,315,1259,1.0,1,36.4,26.6,61.0,1011.9
2025-05-04T20:51:45.630000+00:00,10033,331,1259,1.0,1,36.4,26.5,60.0,1011.9
2025-05-04T20:52:45.627000+00:00,10033,324,1259,1.1,0,36.0,26.5,60.0,1012.2
2025-05-04T20:53:45.616000+00:00,10033,288,1259,1.2,0,36.0,26.5,60.0,1012.1
2025-05-04T20:54:45.616000+00:00,10033,335,1259,0.7,1,36.4,26.4,59.0,1012.2
2025-05-04T20:55:45.627000+00:00,10033,300,1259,1.4,1,35.8,26.4,60.0,1012.1
2025-05-04T20:56:45.621000+00:00,10033,300,1259,1.1,0,35.5,26.3,61.0,1012.3
2025-05-04T20:57:45.622000+00:00,10033,329,1259,0.9,0,36.1,26.2,61.0,1012.3
2025-05-04T20:58:45.633000+00:00,10033,311,1259,0.9,0,36.1,26.2,61.0,1012.3
2025-05-04T20:59:45.641000+00:00,10033,322,1259,1.2,0,35.9,26.1,61.0,1012.3
2025-05-04T21:00:45.621000+00:00,10033,309,1259,1.1,0,35.8,26.1,62.0,1012.3
2025-05-04T21:01:45.630000+00:00,10033,309,1259,1.8,0,35.5,26.1,63.0,1012.2
2025-05-04T21:02:45.619000+00:00,10033,306,1259,1.5,0,35.7,26.1,62.0,1012.2
2025-05-04T21:03:45.620000+00:00,10033,301,1259,0.9,0,36.0,26.1,62.0,1012.3
2025-05-04T21:04:45.642000+00:00,10033,301,1259,0.9,0,36.0,26.2,62.0,1012.3
2025-05-04T21:05:45.642000+00:00,10033,335,1259,1.0,0,35.7,26.2,63.0,1012.3
2025-05-04T21:06:45.639000+00:00,10033,309,1259,1.0,0,35.7,26.2,63.0,1012.3
2025-05-04T21:07:45.642000+00:00,10033,351,1259,1.2,0,35.5,26.2,63.0,1012.4
2025-05-04T21:08:45.646000+00:00,10033,307,1259,0.9,0,35.1,26.2,64.0,1012.3
2025-05-04T21:09:45.656000+00:00,10033,353,1259,0.8,0,34.9,26.1,64.0,1012.2
2025-05-04T21:10:45.663000+00:00,10033,345,1259,0.0,0,34.9,26.1,64.0,1012.2
2025-05-04T21:11:45.660000+00:00,10033,305,1259,0.5,0,35.2,26.0,65.0,1012.2
2025-05-04T21:12:45.660000+00:00,10033,318,1259,0.9,0,35.3,26.0,64.0,1012.1
2025-05-04T21:13:45.684000+00:00,10033,0,1259,0.6,0,35.6,26.0,64.0,1012.1
2025-05-04T21:14:45.697000+00:00,10033,211,1259,0.0,0,35.8,26.0,63.0,1012.1
2025-05-04T21:15:45.699000+00:00,10033,65,1259,0.4,0,35.7,26.0,64.0,1011.9
2025-05-04T21:16:45.684000+00:00,10033,5,1259,0.8,0,35.4,26.0,64.0,1011.7
2025-05-04T21:17:45.692000+00:00,10033,296,1259,1.0,0,35.3,26.1,64.0,1011.7
2025-05-04T21:18:45.694000+00:00,10033,313,1259,1.1,0,35.3,26.0,64.0,1011.6
2025-05-04T21:19:45.707000+00:00,10033,291,1259,1.1,0,35.3,26.0,64.0,1011.7
2025-05-04T21:20:45.699000+00:00,10033,276,1259,1.3,0,35.0,26.1,64.0,1011.6
2025-05-04T21:21:45.736000+00:00,10033,294,1259,0.9,0,35.0,26.0,65.0,1011.7
2025-05-04T21:22:45.727000+00:00,10033,317,1259,0.5,0,35.1,26.0,64.0,1011.7
2025-05-04T21:23:45.753000+00:00,10033,339,1259,1.1,0,35.0,26.0,64.0,1011.7
2025-05-04T21:24:45.737000+00:00,10033,341,1259,0.7,0,34.9,26.0,64.0,1011.8
2025-05-04T21:25:45.747000+00:00,10033,346,1259,1.0,0,34.9,25.9,64.0,1011.8
2025-05-04T21:26:45.766000+00:00,10033,321,1259,0.9,0,35.0,26.0,64.0,1011.9
2025-05-04T21:27:45.754000+00:00,10033,321,1259,1.3,0,34.8,26.0,64.0,1011.9
2025-05-04T21:28:45.776000+00:00,10033,0,1259,1.1,0,34.9,25.9,64.0,1011.9
2025-05-04T21:29:45.785000+00:00,10033,327,1259,0.7,0,34.9,25.9,64.0,1012.0
2025-05-04T21:30:45.802000+00:00,10033,318,1259,0.8,0,34.9,25.9,64.0,1011.9
2025-05-04T21:31:45.817000+00:00,10033,329,1259,0.9,0,34.9,26.0,64.0,1012.0
2025-05-04T21:32:45.819000+00:00,10033,324,1259,1.4,0,34.9,26.0,64.0,1012.0
2025-05-04T21:33:45.814000+00:00,10033,329,1259,0.9,0,34.9,26.0,65.0,1012.0
2025-05-04T21:34:45.829000+00:00,10033,336,1259,1.1,0,34.9,25.9,65.0,1011.9
2025-05-17T10:18:03.478000+00:00,9982,0,1260,1.4,0,45.7,22.0,27.0,1009.3
2025-05-17T10:19:03.478000+00:00,9982,229,1260,0.7,0,45.9,21.9,26.0,1009.3
2025-05-17T10:20:03.485000+00:00,9982,184,1260,0.6,0,45.9,21.9,26.0,1009.3
2025-05-17T10:21:03.489000+00:00,9982,259,1260,1.2,0,45.9,21.9,26.0,1009.3
2025-05-17T10:22:03.492000+00:00,9982,345,1260,0.8,0,45.7,21.9,27.0,1009.2
2025-05-17T10:23:03.492000+00:00,9982,169,1260,0.7,0,45.7,21.9,27.0,1009.2
2025-05-17T10:24:03.493000+00:00,9982,115,1260,1.0,0,45.8,22.0,28.0,1009.2
2025-05-17T10:25:03.493000+00:00,9982,138,1260,1.1,0,45.8,21.9,28.0,1009.3
2025-05-17T10:26:03.496000+00:00,9982,161,1260,1.4,0,46.0,21.9,29.0,1009.3
2025-05-17T10:27:03.487000+00:00,9982,158,1260,1.6,0,46.0,22.0,29.0,1009.3
2025-05-17T10:28:03.503000+00:00,9982,149,1260,1.0,0,46.1,21.8,29.0,1009.3
2025-05-17T10:29:03.485000+00:00,9982,149,1260,0.9,0,45.9,21.7,30.0,1009.2
2025-05-17T10:30:03.491000+00:00,9982,136,1260,1.0,0,45.9,21.7,32.0,1009.3
2025-05-17T10:31:03.507000+00:00,9982,136,1260,1.9,0,45.8,21.6,33.0,1009.1
2025-05-17T10:32:03.492000+00:00,9982,153,1260,2.2,0,45.8,21.6,34.0,1009.2
2025-05-17T10:33:03.503000+00:00,9982,148,1260,1.1,0,46.1,21.5,33.0,1009.2
2025-05-17T10:34:03.495000+00:00,9982,156,1260,1.5,0,46.0,21.6,33.0,1009.2
2025-05-17T10:35:03.512000+00:00,9982,135,1260,1.4,0,46.1,21.7,33.0,1009.1
2025-05-17T10:36:03.540000+00:00,9982,107,1260,1.5,0,46.5,21.8,33.0,1009.2
2025-05-17T10:37:03.494000+00:00,9982,162,1260,0.8,0,46.5,21.7,32.0,1009.2
2025-05-17T10:38:03.494000+00:00,9982,132,1260,1.6,0,46.0,21.6,33.0,1009.1
2025-05-17T10:39:03.494000+00:00,9982,146,1260,2.6,0,46.0,21.5,33.0,1009.1
2025-05-17T10:40:03.496000+00:00,9982,119,1260,2.0,0,44.5,21.6,33.0,1009.1
2025-05-17T10:41:03.507000+00:00,9982,154,1260,1.7,0,43.0,21.6,32.0,1009.2
2025-05-17T10:42:03.508000+00:00,9982,140,1260,1.4,0,41.7,21.6,33.0,1009.1
2025-05-17T10:43:03.492000+00:00,9982,154,1260,1.2,0,43.3,21.5,33.0,1009.1
2025-05-17T10:44:03.508000+00:00,9982,131,1260,2.1,0,44.2,21.5,33.0,1009.1
2025-05-17T10:45:03.509000+00:00,9982,147,1260,2.0,0,44.4,21.5,32.0,1009.2
2025-05-17T10:46:03.509000+00:00,9982,139,1260,2.4,0,44.3,21.5,33.0,1008.9
2025-05-17T10:47:03.524000+00:00,9982,137,1260,1.2,0,44.3,21.6,31.0,1009.1
2025-05-17T10:48:03.514000+00:00,9982,138,1260,2.1,0,44.3,21.8,32.0,1009.1
2025-05-17T10:49:03.499000+00:00,9982,137,1260,2.2,0,44.9,21.8,31.0,1009.2
2025-05-17T10:50:03.548000+00:00,9982,134,1260,2.2,0,43.4,21.8,31.0,1009.1
2025-05-17T10:51:03.514000+00:00,9982,134,1260,1.3,0,41.8,21.9,30.0,1009.1
2025-05-17T10:52:03.505000+00:00,9982,134,1260,1.3,0,41.8,21.9,30.0,1009.1
2025-05-17T10:53:03.515000+00:00,9982,132,1260,1.2,0,39.6,21.9,32.0,1009.1
2025-05-17T10:54:03.512000+00:00,9982,119,1260,2.0,0,39.6,21.9,32.0,1009.1
2025-05-17T10:55:03.496000+00:00,9982,148,1260,2.1,0,39.7,21.9,31.0,1009.0
2025-05-17T10:56:03.512000+00:00,9982,154,1260,1.7,0,40.4,21.9,31.0,1009.1
2025-05-17T10:57:03.513000+00:00,9982,134,1260,1.1,0,41.5,22.0,31.0,1009.1
2025-05-17T10:58:03.507000+00:00,9982,217,1260,1.1,0,41.9,22.1,30.0,1009.1
2025-05-17T10:59:03.507000+00:00,9982,127,1260,1.0,0,42.3,22.2,30.0,1008.9
2025-05-17T11:00:03.507000+00:00,9982,167,1260,2.0,0,42.9,22.4,30.0,1009.0
2025-05-17T11:01:03.505000+00:00,9982,124,1260,2.8,0,43.5,22.4,30.0,1009.0
2025-05-17T11:02:03.505000+00:00,9982,139,1260,1.9,0,43.7,22.4,30.0,1009.0
2025-05-17T11:03:03.506000+00:00,9982,127,1260,2.7,0,44.0,22.5,30.0,1008.9
2025-05-17T11:04:03.506000+00:00,9982,119,1260,2.1,0,43.7,22.4,30.0,1009.0
2025-05-17T11:05:03.519000+00:00,9982,139,1260,1.9,0,42.8,22.4,29.0,1009.1
2025-05-17T11:06:03.523000+00:00,9982,166,1260,2.6,0,41.5,22.3,31.0,1009.0
2025-05-17T11:07:03.508000+00:00,9982,103,1260,2.4,0,41.8,22.2,31.0,1009.0
2025-05-17T11:08:03.524000+00:00,9982,126,1260,1.7,0,41.8,22.0,31.0,1009.0
2025-05-17T11:09:03.508000+00:00,9982,147,1260,1.7,0,40.5,22.0,31.0,1009.0
2025-05-17T11:10:03.527000+00:00,9982,128,1260,1.4,0,39.4,22.0,31.0,1009.0
2025-05-17T11:11:03.511000+00:00,9982,128,1260,1.6,0,39.2,22.0,30.0,1009.0
2025-05-17T11:12:03.533000+00:00,9982,184,1260,1.6,0,39.5,22.0,30.0,1009.0
2025-05-17T11:13:03.522000+00:00,9982,156,1260,1.6,0,39.5,22.0,30.0,1009.0
2025-05-17T11:14:03.512000+00:00,9982,130,1260,1.6,0,40.2,22.2,30.0,1008.9
2025-05-17T11:15:03.528000+00:00,9982,142,1260,1.7,0,40.2,22.3,30.0,1009.0
2025-05-17T11:16:03.520000+00:00,9982,148,1260,1.6,0,38.6,22.4,30.0,1008.9
2025-05-17T11:17:03.513000+00:00,9982,134,1260,2.4,0,38.1,22.2,30.0,1009.0
2025-05-17T11:18:03.529000+00:00,9982,126,1260,1.8,0,37.7,22.2,30.0,1009.1
2025-05-17T11:19:03.514000+00:00,9982,161,1260,0.9,0,37.0,22.1,30.0,1009.0
2025-05-17T11:20:03.521000+00:00,9982,146,1260,0.9,0,36.5,22.1,31.0,1009.0
2025-05-17T11:21:03.525000+00:00,9982,148,1260,1.3,0,36.5,22.1,31.0,1008.9
2025-05-17T11:22:03.526000+00:00,9982,144,1260,1.2,0,36.5,22.1,30.0,1008.9
2025-05-17T11:23:03.526000+00:00,9982,126,1260,2.1,0,38.0,22.1,30.0,1009.0
2025-05-17T11:24:03.531000+00:00,9982,144,1260,2.7,0,38.8,22.2,31.0,1008.9
2025-05-17T11:25:03.532000+00:00,9982,134,1260,2.2,0,38.8,22.4,30.0,1008.9
2025-05-17T11:26:03.539000+00:00,9982,143,1260,2.3,0,38.1,22.4,30.0,1009.0
2025-05-17T11:27:03.539000+00:00,9982,133,1260,2.2,0,37.9,22.3,30.0,1008.9
2025-05-17T11:28:03.555000+00:00,9982,125,1260,2.1,0,37.8,22.3,31.0,1008.9
2025-05-17T11:29:03.555000+00:00,9982,121,1260,2.1,0,38.0,22.2,30.0,1009.0
2025-05-17T11:30:03.567000+00:00,9982,134,1260,1.7,0,38.6,22.3,31.0,1008.9
2025-05-17T11:31:03.568000+00:00,9982,133,1260,2.5,0,40.0,22.3,31.0,1009.0
2025-05-17T11:32:03.584000+00:00,9982,129,1260,2.1,0,39.9,22.5,31.0,1008.9
2025-05-17T11:33:03.584000+00:00,9982,115,1260,1.7,0,38.8,22.5,31.0,1008.9
2025-05-17T11:34:03.584000+00:00,9982,180,1260,1.2,0,38.6,22.4,31.0,1008.9
2025-05-17T11:35:03.585000+00:00,9982,143,1260,1.4,0,38.0,22.2,31.0,1008.9
2025-05-16T14:45:59.029000+00:00,9981,133,1260,2.8,0,37.9,19.7,33.0,1007.3
2025-05-16T14:46:59.030000+00:00,9981,141,1260,3.2,0,37.9,19.7,33.0,1007.3
2025-05-16T14:47:59.027000+00:00,9981,104,1260,1.9,0,37.9,19.6,32.0,1007.2
2025-05-16T14:48:59.032000+00:00,9981,132,1260,1.9,0,37.9,19.5,32.0,1007.2
2025-05-16T14:49:59.027000+00:00,9981,132,1260,2.0,0,37.8,19.5,32.0,1007.2
2025-05-16T14:50:59.032000+00:00,9981,141,1260,2.4,0,37.3,19.5,32.0,1007.2
2025-05-16T14:51:59.038000+00:00,9981,106,1260,1.7,0,37.3,19.5,33.0,1007.2
2025-05-16T14:52:59.038000+00:00,9981,125,1260,1.9,0,37.6,19.5,33.0,1007.2
2025-05-16T14:53:59.038000+00:00,9981,114,1260,1.2,0,37.8,19.5,34.0,1007.2
2025-05-16T14:54:59.040000+00:00,9981,115,1260,1.5,0,37.8,19.6,33.0,1007.2
2025-05-16T14:55:59.039000+00:00,9981,125,1260,1.7,0,37.9,19.7,34.0,1007.2
2025-05-16T14:56:59.040000+00:00,9981,130,1260,2.4,0,37.9,19.7,33.0,1007.2
2025-05-16T14:57:59.058000+00:00,9981,135,1260,1.6,0,37.6,19.7,32.0,1007.2
2025-05-16T14:58:59.060000+00:00,9981,136,1260,2.9,0,37.6,19.8,33.0,1007.2
2025-05-16T14:59:59.045000+00:00,9981,125,1260,2.7,0,37.6,19.9,32.0,1007.2
2025-05-16T15:00:59.052000+00:00,9981,131,1260,2.8,0,37.5,20.0,31.0,1007.3
2025-05-16T15:01:59.075000+00:00,9981,150,1260,1.7,0,37.5,20.1,31.0,1007.3
2025-05-16T15:02:59.076000+00:00,9981,145,1260,1.7,0,37.4,19.9,31.0,1007.2
2025-05-16T15:03:59.092000+00:00,9981,136,1260,2.1,0,37.3,19.8,32.0,1007.2
2025-05-16T15:04:59.092000+00:00,9981,128,1260,2.5,0,37.2,19.8,32.0,1007.1
2025-05-16T15:05:59.089000+00:00,9981,119,1260,2.9,0,36.5,19.9,31.0,1007.3
2025-05-16T15:06:59.092000+00:00,9981,115,1260,1.6,0,35.9,19.8,30.0,1007.3
2025-05-16T15:07:59.092000+00:00,9981,136,1260,1.8,0,35.9,19.7,31.0,1007.2
2025-05-16T15:08:59.090000+00:00,9981,128,1260,2.6,0,35.9,19.7,32.0,1007.2
2025-05-16T15:09:59.106000+00:00,9981,128,1260,2.6,0,35.9,19.5,32.0,1007.2
2025-05-16T15:10:59.106000+00:00,9981,118,1260,2.8,0,35.6,19.8,32.0,1007.2
2025-05-16T15:11:59.115000+00:00,9981,131,1260,2.5,0,35.4,19.9,31.0,1007.2
2025-05-16T15:12:59.125000+00:00,9981,128,1260,3.2,0,35.2,19.8,30.0,1007.2
2025-05-16T15:13:59.141000+00:00,9981,129,1260,3.5,0,35.0,19.8,30.0,1007.2
2025-05-16T15:14:59.141000+00:00,9981,135,1260,3.2,0,35.0,19.8,30.0,1007.3
2025-05-16T15:15:59.177000+00:00,9981,123,1260,3.8,0,34.8,19.8,31.0,1007.2
2025-05-16T15:16:59.154000+00:00,9981,137,1260,2.5,0,34.8,19.7,32.0,1007.3
2025-05-16T15:17:59.163000+00:00,9981,125,1260,2.6,0,34.8,19.7,32.0,1007.2
2025-05-16T15:18:59.179000+00:00,9981,126,1260,2.0,0,34.9,19.8,31.0,1007.2
2025-05-16T15:19:59.172000+00:00,9981,140,1260,2.0,0,35.0,19.6,30.0,1007.3
2025-05-16T15:20:59.172000+00:00,9981,129,1260,2.9,0,35.1,19.6,29.0,1007.3
2025-05-16T15:21:59.173000+00:00,9981,128,1260,2.3,0,35.1,19.5,30.0,1007.3
2025-05-16T15:22:59.173000+00:00,9981,144,1260,2.5,0,35.3,19.4,30.0,1007.3
2025-05-16T15:23:59.189000+00:00,9981,136,1260,2.1,0,35.5,19.4,31.0,1007.4
2025-05-16T15:24:59.189000+00:00,9981,105,1260,2.2,0,35.5,19.5,30.0,1007.3
2025-05-16T15:25:59.190000+00:00,9981,113,1260,2.2,0,35.3,19.5,31.0,1007.3
2025-05-16T15:26:59.190000+00:00,9981,119,1260,2.1,0,34.5,19.6,32.0,1007.3
2025-05-16T15:27:59.190000+00:00,9981,152,1260,1.9,0,34.4,19.7,32.0,1007.3
2025-05-16T15:28:59.190000+00:00,9981,124,1260,1.8,0,34.1,19.8,32.0,1007.3
2025-05-16T15:29:59.191000+00:00,9981,139,1260,2.2,0,34.3,19.8,33.0,1007.2
2025-05-16T15:30:59.175000+00:00,9981,128,1260,3.3,0,34.3,19.8,33.0,1007.2
2025-05-16T15:31:59.191000+00:00,9981,112,1260,3.3,0,34.1,19.7,32.0,1007.3
2025-05-16T15:32:59.192000+00:00,9981,107,1260,2.3,0,33.9,19.6,32.0,1007.2
2025-05-16T15:33:59.192000+00:00,9981,122,1260,2.2,0,33.9,19.8,33.0,1007.2
2025-05-16T15:34:59.196000+00:00,9981,150,1260,3.2,0,33.6,19.8,32.0,1007.3
2025-05-16T15:35:59.183000+00:00,9981,153,1260,3.0,0,33.7,19.8,32.0,1007.3
2025-05-16T15:36:59.195000+00:00,9981,122,1260,2.4,0,33.9,19.6,32.0,1007.3
2025-05-16T15:37:59.187000+00:00,9981,120,1260,2.4,0,34.0,19.5,32.0,1007.2
2025-05-16T15:38:59.195000+00:00,9981,122,1260,2.1,0,33.6,19.5,32.0,1007.3
2025-05-16T15:39:59.187000+00:00,9981,134,1260,2.5,0,33.9,19.6,32.0,1007.3
2025-05-16T15:40:59.191000+00:00,9981,122,1260,2.4,0,33.7,19.6,32.0,1007.2
2025-05-16T15:41:59.238000+00:00,9981,147,1260,2.6,0,33.7,19.6,32.0,1007.3
2025-05-16T15:42:59.192000+00:00,9981,127,1260,2.5,0,33.7,19.7,32.0,1007.2
2025-05-16T15:43:59.192000+00:00,9981,118,1260,2.7,0,33.9,19.7,31.0,1007.1
2025-05-16T15:44:59.197000+00:00,9981,134,1260,2.0,0,33.7,19.8,31.0,1007.1
2025-05-16T15:45:59.200000+00:00,9981,106,1260,2.9,0,33.4,19.8,31.0,1007.1
2025-05-16T15:46:59.202000+00:00,9981,114,1260,2.5,0,33.3,19.8,32.0,1007.2
2025-05-16T15:47:59.201000+00:00,9981,108,1260,3.0,0,33.2,19.8,31.0,1007.2
2025-05-16T15:48:59.209000+00:00,9981,114,1260,3.2,0,32.9,19.8,31.0,1007.1
2025-05-16T15:49:59.194000+00:00,9981,122,1260,2.8,0,32.9,19.8,31.0,1007.1
2025-05-16T15:50:59.194000+00:00,9981,132,1260,3.5,0,32.5,19.8,30.0,1007.2
2025-05-16T15:51:59.195000+00:00,9981,121,1260,2.3,0,32.4,19.7,30.0,1007.1
2025-05-16T15:52:59.200000+00:00,9981,122,1260,1.9,0,32.5,19.7,31.0,1007.1
2025-05-16T15:53:59.205000+00:00,9981,110,1260,2.8,0,32.4,19.6,31.0,1007.1
2025-05-16T15:54:59.205000+00:00,9981,130,1260,1.8,0,32.4,19.7,31.0,1007.2
2025-05-16T15:55:59.221000+00:00,9981,147,1260,1.9,0,32.3,19.7,30.0,1007.1
2025-05-16T15:56:59.206000+00:00,9981,125,1260,0.8,0,32.6,19.7,31.0,1007.2
2025-05-16T15:57:59.206000+00:00,9981,154,1260,2.3,0,32.6,19.6,32.0,1007.1
2025-05-16T15:58:59.207000+00:00,9981,141,1260,2.2,0,32.8,19.5,31.0,1007.1
2025-05-16T15:59:59.207000+00:00,9981,128,1260,1.2,0,32.8,19.5,32.0,1007.1
2025-05-16T16:00:59.207000+00:00,9981,114,1260,1.4,0,33.0,19.6,31.0,1007.1
2025-05-16T16:01:59.207000+00:00,9981,111,1260,2.0,0,32.8,19.5,32.0,1007.1
2025-05-16T16:02:59.208000+00:00,9981,124,1260,1.8,0,32.7,19.5,32.0,1007.1
2025-05-16T16:03:59.208000+00:00,9981,163,1260,2.2,0,32.7,19.4,31.0,1007.2
2025-05-16T16:04:59.208000+00:00,9981,126,1260,1.4,0,32.7,19.5,31.0,1007.1
2025-05-16T16:05:59.208000+00:00,9981,148,1260,1.4,0,33.0,19.6,31.0,1007.1
2025-05-17T13:47:04.135000+00:00,9983,293,1260,3.0,0,40.6,22.5,32.0,1008.7
2025-05-17T13:48:04.135000+00:00,9983,298,1260,2.1,0,40.7,22.5,31.0,1008.8
2025-05-17T13:49:04.135000+00:00,9983,268,1260,1.9,0,40.6,22.5,31.0,1008.6
2025-05-17T13:50:04.141000+00:00,9983,272,1260,2.0,0,41.0,22.5,31.0,1008.7
2025-05-17T13:51:04.124000+00:00,9983,253,1260,1.8,0,41.1,22.5,32.0,1008.6
2025-05-17T13:52:04.130000+00:00,9983,285,1260,2.2,0,41.6,22.5,31.0,1008.6
2025-05-17T13:53:04.130000+00:00,9983,295,1260,2.7,0,41.6,22.5,30.0,1008.5
2025-05-17T13:54:04.136000+00:00,9983,175,1260,1.9,0,41.4,22.6,29.0,1008.7
2025-05-17T13:55:04.142000+00:00,9983,288,1260,1.8,0,41.3,22.5,30.0,1008.6
2025-05-17T13:56:04.127000+00:00,9983,252,1260,2.5,0,41.1,22.4,31.0,1008.6
2025-05-17T13:57:04.127000+00:00,9983,286,1260,1.9,0,40.2,22.1,31.0,1008.6
2025-05-17T13:58:04.143000+00:00,9983,286,1260,1.9,0,40.2,22.1,31.0,1008.6
2025-05-17T13:59:04.144000+00:00,9983,274,1260,2.3,0,39.4,22.1,30.0,1008.7
2025-05-17T14:00:04.128000+00:00,9983,301,1260,1.2,0,39.4,22.2,31.0,1008.6
2025-05-17T14:01:04.144000+00:00,9983,302,1260,0.8,0,39.6,22.3,32.0,1008.6
2025-05-17T14:02:04.176000+00:00,9983,314,1260,2.1,0,40.5,22.4,32.0,1008.6
2025-05-17T14:03:04.177000+00:00,9983,303,1260,3.6,0,40.7,22.6,30.0,1008.7
2025-05-17T14:04:04.177000+00:00,9983,320,1260,2.7,0,40.7,22.7,31.0,1008.7
2025-05-17T14:05:04.177000+00:00,9983,281,1260,1.7,0,40.6,22.7,30.0,1008.6
2025-05-17T14:06:04.194000+00:00,9983,317,1260,2.0,0,40.7,22.7,30.0,1008.6
2025-05-17T14:07:04.182000+00:00,9983,312,1260,0.9,0,40.7,22.9,30.0,1008.6
2025-05-17T14:08:04.191000+00:00,9983,283,1260,2.6,0,41.1,22.8,30.0,1008.6
2025-05-17T14:09:04.198000+00:00,9983,292,1260,3.4,0,41.2,22.9,30.0,1008.7
2025-05-17T14:10:04.214000+00:00,9983,320,1260,3.0,0,41.2,22.9,30.0,1008.6
2025-05-17T14:11:04.214000+00:00,9983,297,1260,2.7,0,41.0,22.9,30.0,1008.7
2025-05-17T14:12:04.246000+00:00,9983,273,1260,2.3,0,40.0,22.7,32.0,1008.6
2025-05-17T14:13:04.246000+00:00,9983,283,1260,2.8,0,39.5,22.6,31.0,1008.6
2025-05-17T14:14:04.262000+00:00,9983,297,1260,2.2,0,38.7,22.3,30.0,1008.7
2025-05-17T14:15:04.263000+00:00,9983,287,1260,1.1,0,38.1,22.1,31.0,1008.6
2025-05-17T14:16:04.263000+00:00,9983,45,1260,0.7,0,37.6,22.1,30.0,1008.5
2025-05-17T14:17:04.263000+00:00,9983,268,1260,0.4,0,37.4,22.1,31.0,1008.6
2025-05-17T14:18:04.279000+00:00,9983,320,1260,1.3,0,37.3,22.0,31.0,1008.7
2025-05-17T14:19:04.280000+00:00,9983,302,1260,2.0,0,37.4,22.0,32.0,1008.6
2025-05-17T14:20:04.265000+00:00,9983,332,1260,2.7,0,38.1,22.1,33.0,1008.6
2025-05-17T14:21:04.281000+00:00,9983,298,1260,2.3,0,39.0,22.3,31.0,1008.7
2025-05-17T14:22:04.281000+00:00,9983,312,1260,2.5,0,39.2,22.5,31.0,1008.6
2025-05-17T14:23:04.282000+00:00,9983,330,1260,3.0,0,39.5,22.5,31.0,1008.6
2025-05-17T14:24:04.282000+00:00,9983,261,1260,0.8,0,39.8,22.6,32.0,1008.7
2025-05-17T14:25:04.282000+00:00,9983,82,1260,1.2,0,39.8,22.8,31.0,1008.6
2025-05-17T14:26:04.283000+00:00,9983,124,1260,1.7,0,39.0,22.9,31.0,1008.5
2025-05-17T14:27:04.283000+00:00,9983,105,1260,2.3,0,38.5,22.9,31.0,1008.7
2025-05-17T14:28:04.284000+00:00,9983,333,1260,1.7,0,38.2,22.9,31.0,1008.6
2025-05-17T14:29:04.284000+00:00,9983,255,1260,1.1,0,37.7,22.9,32.0,1008.6
2025-05-17T14:30:04.285000+00:00,9983,286,1260,1.5,0,37.0,22.9,32.0,1008.7
2025-05-17T14:31:04.285000+00:00,9983,285,1260,3.6,0,36.9,22.8,32.0,1008.7
2025-05-17T14:32:04.288000+00:00,9983,315,1260,2.4,0,36.3,22.8,33.0,1008.7
2025-05-17T14:33:04.288000+00:00,9983,164,1260,2.1,0,36.3,22.7,32.0,1008.7
2025-05-17T14:34:04.304000+00:00,9983,271,1260,2.1,0,36.4,22.6,33.0,1008.6
2025-05-17T14:35:04.320000+00:00,9983,295,1260,1.4,0,37.1,22.5,33.0,1008.7
2025-05-17T14:36:04.336000+00:00,9983,281,1260,2.1,0,38.2,22.6,32.0,1008.7
2025-05-17T14:37:04.322000+00:00,9983,266,1260,1.7,0,38.7,22.7,33.0,1008.6
2025-05-17T14:38:04.338000+00:00,9983,309,1260,1.6,0,39.2,22.7,33.0,1008.6
2025-05-17T14:39:04.338000+00:00,9983,193,1260,2.2,0,39.6,22.7,32.0,1008.6
2025-05-17T14:40:04.354000+00:00,9983,322,1260,1.7,0,39.7,22.8,33.0,1008.5
2025-05-17T14:41:04.357000+00:00,9983,334,1260,2.0,0,39.8,22.9,32.0,1008.6
2025-05-17T14:42:04.341000+00:00,9983,265,1260,1.4,0,39.8,22.9,32.0,1008.6
2025-05-17T14:43:04.357000+00:00,9983,301,1260,1.8,0,39.8,23.0,32.0,1008.6
2025-05-17T14:44:04.373000+00:00,9983,294,1260,1.3,0,39.8,23.0,32.0,1008.7
2025-05-17T14:45:04.389000+00:00,9983,285,1260,1.9,0,40.3,22.9,32.0,1008.5
2025-05-17T14:46:04.389000+00:00,9983,296,1260,2.2,0,40.3,22.9,31.0,1008.6
2025-05-17T14:47:04.405000+00:00,9983,314,1260,2.5,0,40.3,22.9,32.0,1008.6
2025-05-17T14:48:04.374000+00:00,9983,257,1260,2.4,0,40.4,22.9,30.0,1008.6
2025-05-17T14:49:04.384000+00:00,9983,323,1260,1.8,0,40.4,23.0,29.0,1008.6
2025-05-17T14:50:04.385000+00:00,9983,278,1260,2.2,0,40.5,23.0,30.0,1008.6
2025-05-17T14:51:04.385000+00:00,9983,276,1260,2.2,0,40.5,22.8,30.0,1008.6
2025-05-17T14:52:04.401000+00:00,9983,237,1260,1.2,0,40.5,22.8,30.0,1008.7
2025-05-17T14:53:04.423000+00:00,9983,236,1260,1.2,0,40.7,22.8,30.0,1008.6
2025-05-17T14:54:04.415000+00:00,9983,325,1260,0.5,0,40.7,22.8,31.0,1008.6
2025-05-17T14:55:04.433000+00:00,9983,306,1260,1.5,0,40.8,22.8,30.0,1008.7
2025-05-17T14:56:04.418000+00:00,9983,322,1260,2.4,0,40.7,22.9,30.0,1008.6
2025-05-17T14:57:04.434000+00:00,9983,310,1260,2.3,0,40.7,23.0,30.0,1008.6
2025-05-17T14:58:04.426000+00:00,9983,285,1260,1.7,0,40.7,23.0,30.0,1008.6
2025-05-17T14:59:04.438000+00:00,9983,301,1260,2.6,0,40.7,23.1,30.0,1008.5
2025-05-17T15:00:04.448000+00:00,9983,284,1260,3.3,0,40.6,23.1,30.0,1008.6
2025-05-17T15:01:04.426000+00:00,9983,287,1260,2.6,0,40.4,23.0,29.0,1008.7
2025-05-17T15:02:04.426000+00:00,9983,0,1260,1.6,0,40.1,23.0,30.0,1008.6
2025-05-17T15:03:04.442000+00:00,9983,170,1260,0.7,0,40.0,22.9,30.0,1008.6
2025-05-17T15:04:04.427000+00:00,9983,275,1260,1.4,0,39.3,22.9,30.0,1008.6
2025-05-17T15:05:04.427000+00:00,9983,267,1260,1.4,0,39.3,22.9,30.0,1008.6
2025-05-17T15:06:04.433000+00:00,9983,298,1260,2.1,0,39.5,23.0,30.0,1008.7
2025-05-17T15:07:04.433000+00:00,9983,296,1260,2.0,0,39.7,23.2,29.0,1008.6
2025-05-17T15:08:04.428000+00:00,9983,301,1260,2.8,0,39.5,23.3,29.0,1008.6
2025-05-17T15:09:04.439000+00:00,9983,318,1260,2.6,0,39.4,23.3,27.0,1008.6
2025-05-17T15:10:04.429000+00:00,9983,300,1260,2.6,0,39.4,23.3,28.0,1008.6
2025-05-17T15:11:04.442000+00:00,9983,300,1260,3.1,0,39.4,23.3,28.0,1008.6
2025-05-17T15:12:04.504000+00:00,9983,308,1260,2.6,0,39.4,23.2,28.0,1008.7
2025-05-17T15:13:04.441000+00:00,9983,316,1260,1.2,0,39.2,23.3,29.0,1008.6
2025-05-17T15:14:04.447000+00:00,9983,143,1260,2.0,0,39.0,23.3,28.0,1008.6
2025-05-17T15:15:04.447000+00:00,9983,145,1260,0.9,0,38.3,23.3,28.0,1008.6
2025-05-17T15:16:04.432000+00:00,9983,256,1260,1.2,0,38.3,23.2,28.0,1008.6
2025-05-17T15:17:04.447000+00:00,9983,317,1260,1.8,0,38.5,23.3,29.0,1008.5
2025-05-17T15:18:04.448000+00:00,9983,289,1260,2.4,0,38.5,23.3,29.0,1008.6
2025-05-17T15:19:04.432000+00:00,9983,302,1260,2.6,0,38.9,23.3,29.0,1008.6
2025-05-17T15:20:04.448000+00:00,9983,292,1260,1.6,0,39.0,23.2,29.0,1008.5
2025-05-17T15:21:04.464000+00:00,9983,306,1260,1.9,0,39.0,23.1,28.0,1008.6
2025-05-17T15:22:04.438000+00:00,9983,267,1260,1.9,0,39.0,23.1,29.0,1008.7
2025-05-17T15:23:04.454000+00:00,9983,296,1260,2.0,0,39.0,23.1,29.0,1008.6
2025-05-17T15:24:04.439000+00:00,9983,295,1260,2.6,0,38.8,23.0,28.0,1008.6
2025-05-17T15:25:04.454000+00:00,9983,267,1260,1.3,0,38.8,23.0,29.0,1008.6
2025-05-17T15:26:04.439000+00:00,9983,251,1260,1.8,0,38.8,22.9,29.0,1008.5
2025-05-17T15:27:04.455000+00:00,9983,283,1260,1.4,0,38.4,23.0,30.0,1008.6
2025-05-17T15:28:04.456000+00:00,9983,249,1260,1.6,0,38.1,23.1,29.0,1008.7
2025-05-17T15:29:04.456000+00:00,9983,260,1260,2.9,0,38.3,23.2,30.0,1008.6
2025-05-17T15:30:04.456000+00:00,9983,281,1260,1.9,0,38.2,23.2,30.0,1008.6
2025-05-17T15:31:04.457000+00:00,9983,332,1260,1.1,0,38.3,23.1,30.0,1008.6
2025-05-17T15:32:04.441000+00:00,9983,299,1260,1.7,0,38.2,23.1,30.0,1008.5
2025-05-17T15:33:04.457000+00:00,9983,349,1260,2.5,0,38.0,23.0,30.0,1008.6
2025-05-17T15:34:04.458000+00:00,9983,322,1260,2.3,0,38.0,22.9,31.0,1008.7
2025-05-17T15:35:04.458000+00:00,9983,288,1260,1.8,0,37.9,22.9,30.0,1008.7
2025-05-17T15:36:04.458000+00:00,9983,290,1260,0.5,0,37.5,23.0,30.0,1008.6
2025-05-24T10:18:13.235000+00:00,9974,327,1261,1.7,0,37.9,21.5,55.0,1015.9
2025-05-24T10:19:13.236000+00:00,9974,333,1261,1.4,0,38.3,21.4,55.0,1015.9
2025-05-24T10:20:13.257000+00:00,9974,337,1261,1.6,0,38.6,21.4,55.0,1015.9
2025-05-24T10:21:13.243000+00:00,9974,331,1261,1.3,0,38.6,21.3,54.0,1015.9
2025-05-24T10:22:13.253000+00:00,9974,325,1261,1.4,0,38.4,21.4,54.0,1015.9
2025-05-24T10:23:13.268000+00:00,9974,337,1261,1.5,0,38.4,21.4,55.0,1015.9
2025-05-24T10:24:13.274000+00:00,9974,330,1261,1.9,0,38.4,21.3,55.0,1016.0
2025-05-24T10:25:13.291000+00:00,9974,330,1261,1.9,0,38.6,21.3,56.0,1015.9
2025-05-24T10:26:13.292000+00:00,9974,331,1261,1.6,0,38.5,21.3,57.0,1015.8
2025-05-24T10:27:13.272000+00:00,9974,330,1261,1.6,0,38.3,21.3,57.0,1015.9
2025-05-24T10:28:13.291000+00:00,9974,320,1261,1.6,0,39.0,21.2,56.0,1015.9
2025-05-24T10:29:13.298000+00:00,9974,321,1261,1.3,0,39.0,21.3,56.0,1015.9
2025-05-24T10:30:13.298000+00:00,9974,337,1261,2.1,0,39.0,21.3,56.0,1015.9
2025-05-24T10:31:13.316000+00:00,9974,331,1261,1.9,0,39.0,21.3,57.0,1015.9
2025-05-24T10:32:13.318000+00:00,9974,333,1261,1.7,0,39.1,21.3,57.0,1015.9
2025-05-24T10:33:13.324000+00:00,9974,330,1261,1.7,0,39.2,21.2,57.0,1015.9
2025-05-24T10:34:13.356000+00:00,9974,340,1261,1.8,0,39.7,21.2,57.0,1015.8
2025-05-24T10:35:13.341000+00:00,9974,343,1261,1.5,0,39.8,21.1,56.0,1015.8
2025-05-24T10:36:13.331000+00:00,9974,307,1261,1.3,0,39.8,21.1,56.0,1015.8
2025-05-24T10:37:13.363000+00:00,9974,320,1261,1.0,0,39.7,21.2,56.0,1015.9
2025-05-24T10:38:13.369000+00:00,9974,343,1261,1.2,0,38.9,21.2,56.0,1015.9
2025-05-24T10:39:13.362000+00:00,9974,280,1261,1.1,0,37.7,21.1,55.0,1015.9
2025-05-24T10:40:13.373000+00:00,9974,317,1261,1.0,0,37.7,21.0,55.0,1015.8
2025-05-24T10:41:13.380000+00:00,9974,0,1261,0.9,0,38.8,20.9,55.0,1015.9
2025-05-24T10:42:13.389000+00:00,9974,241,1261,0.4,0,39.1,20.9,54.0,1015.8
2025-05-24T10:43:13.384000+00:00,9974,261,1261,0.6,0,39.3,21.0,54.0,1015.9
2025-05-24T10:44:13.387000+00:00,9974,211,1261,0.6,0,40.2,21.0,53.0,1015.8
2025-05-24T10:45:13.378000+00:00,9974,221,1261,0.9,0,40.2,21.1,51.0,1015.9
2025-05-24T10:46:13.372000+00:00,9974,0,1261,0.7,0,40.2,21.1,51.0,1015.8
2025-05-24T10:47:13.396000+00:00,9974,278,1261,0.5,0,40.6,21.2,51.0,1015.9
2025-05-24T10:48:13.386000+00:00,9974,195,1261,0.8,0,40.0,21.2,51.0,1015.9
2025-05-24T10:49:13.382000+00:00,9974,256,1261,0.9,0,40.0,21.3,51.0,1015.8
2025-05-24T10:50:13.395000+00:00,9974,187,1261,0.9,0,39.8,21.3,52.0,1015.7
2025-05-24T10:51:13.391000+00:00,9974,215,1261,0.8,0,39.9,21.3,51.0,1015.7
2025-05-24T10:52:13.380000+00:00,9974,201,1261,0.9,0,39.8,21.4,51.0,1015.7
2025-05-24T10:53:13.387000+00:00,9974,168,1261,0.7,0,39.8,21.5,51.0,1015.7
2025-05-24T10:54:13.383000+00:00,9974,235,1261,0.8,0,39.8,21.5,50.0,1015.8
2025-05-24T10:55:13.386000+00:00,9974,0,1261,0.7,0,40.3,21.5,51.0,1015.7
2025-05-24T10:56:13.388000+00:00,9974,181,1261,0.7,0,40.3,21.4,50.0,1015.6
2025-05-24T10:57:13.402000+00:00,9974,346,1261,0.4,0,40.5,21.5,50.0,1015.7
2025-05-24T10:58:13.387000+00:00,9974,207,1261,0.5,0,40.5,21.5,50.0,1015.7
2025-05-24T10:59:13.396000+00:00,9974,0,1261,0.9,0,40.6,21.5,49.0,1015.7
2025-05-24T11:00:13.394000+00:00,9974,210,1261,0.8,0,40.9,21.6,49.0,1015.7
2025-05-24T11:01:13.403000+00:00,9974,281,1261,0.5,0,40.5,21.5,49.0,1015.7
2025-05-24T11:02:13.384000+00:00,9974,197,1261,0.9,0,40.6,21.4,49.0,1015.7
2025-05-24T11:03:13.447000+00:00,9974,194,1261,0.7,0,40.7,21.4,49.0,1015.7
2025-05-24T11:04:13.412000+00:00,9974,228,1261,0.9,0,40.7,21.5,50.0,1015.6
2025-05-24T11:05:13.466000+00:00,9974,275,1261,0.7,0,39.9,21.5,51.0,1015.6
2025-05-24T11:06:13.450000+00:00,9974,265,1261,0.7,0,39.9,21.5,52.0,1015.7
2025-05-24T11:07:13.454000+00:00,9974,302,1261,1.0,0,40.0,21.4,52.0,1015.6
2025-05-24T11:08:13.477000+00:00,9974,326,1261,1.3,0,40.7,21.2,53.0,1015.7
2025-05-24T11:09:13.499000+00:00,9974,332,1261,0.8,0,41.1,21.0,52.0,1015.7
2025-05-24T11:10:13.512000+00:00,9974,313,1261,0.7,0,41.0,21.0,53.0,1015.6
2025-05-24T11:11:13.515000+00:00,9974,0,1261,0.5,0,40.6,21.1,53.0,1015.6
2025-05-24T11:12:13.515000+00:00,9974,176,1261,0.5,0,41.7,21.1,52.0,1015.7
2025-05-24T11:13:13.531000+00:00,9974,253,1261,0.8,0,41.7,21.3,51.0,1015.7
2025-05-24T11:14:13.525000+00:00,9974,278,1261,0.7,0,41.8,21.4,50.0,1015.6
2025-05-24T11:15:13.526000+00:00,9974,12,1261,0.4,0,42.7,21.5,49.0,1015.6
2025-05-24T11:16:13.592000+00:00,9974,259,1261,0.8,0,42.7,21.7,48.0,1015.5
2025-05-24T11:17:13.542000+00:00,9974,318,1261,1.0,0,42.1,21.8,49.0,1015.6
2025-05-24T11:18:13.527000+00:00,9974,209,1261,0.8,0,41.3,21.5,50.0,1015.6
2025-05-24T11:19:13.532000+00:00,9974,151,1261,0.9,0,41.3,21.5,50.0,1015.5
2025-05-24T11:20:13.523000+00:00,9974,194,1261,0.8,0,42.7,21.5,49.0,1015.6
2025-05-24T11:21:13.537000+00:00,9974,172,1261,0.6,0,42.8,21.6,48.0,1015.6
2025-05-24T11:22:13.533000+00:00,9974,264,1261,0.7,0,42.8,21.6,48.0,1015.5
2025-05-24T11:23:13.522000+00:00,9974,330,1261,0.0,0,42.8,21.8,46.0,1015.5
2025-05-24T11:24:13.534000+00:00,9974,289,1261,0.6,0,42.6,22.0,47.0,1015.6
2025-05-24T11:25:13.535000+00:00,9974,202,1261,0.5,0,42.5,22.0,47.0,1015.5
2025-05-24T11:26:13.535000+00:00,9974,0,1261,0.7,0,42.3,22.0,48.0,1015.5
2025-05-24T11:27:13.542000+00:00,9974,261,1261,0.6,0,42.3,22.0,48.0,1015.6
2025-05-24T11:28:13.537000+00:00,9974,312,1261,0.8,0,42.1,21.9,49.0,1015.6
2025-05-24T11:29:13.536000+00:00,9974,300,1261,1.0,0,42.3,21.7,49.0,1015.4
2025-05-24T11:30:13.534000+00:00,9974,330,1261,1.3,0,42.8,21.7,49.0,1015.6
2025-05-18T12:08:08.577000+00:00,9987,292,1260,3.4,0,45.1,23.8,40.0,1010.2
2025-05-18T12:09:08.575000+00:00,9987,285,1260,3.4,0,45.0,23.7,39.0,1010.2
2025-05-18T12:10:08.568000+00:00,9987,297,1260,3.5,0,44.6,23.5,39.0,1010.1
2025-05-18T12:11:08.578000+00:00,9987,311,1260,3.4,0,45.0,23.4,39.0,1010.2
2025-05-18T12:12:08.579000+00:00,9987,291,1260,4.0,0,44.7,23.5,39.0,1010.2
2025-05-18T12:13:08.578000+00:00,9987,328,1260,3.0,0,44.7,23.5,38.0,1010.2
2025-05-18T12:14:08.573000+00:00,9987,314,1260,2.3,0,44.6,23.6,39.0,1010.1
2025-05-18T12:15:08.562000+00:00,9987,296,1260,3.5,0,45.5,23.6,39.0,1010.1
2025-05-18T12:16:08.571000+00:00,9987,283,1260,3.8,0,45.6,23.6,39.0,1010.2
2025-05-18T12:17:08.590000+00:00,9987,342,1260,3.4,0,45.2,23.8,38.0,1010.2
2025-05-18T12:18:08.575000+00:00,9987,287,1260,3.1,0,45.0,23.8,38.0,1010.1
2025-05-18T12:19:08.582000+00:00,9987,271,1260,3.1,0,45.0,23.7,38.0,1010.2
2025-05-18T12:20:08.582000+00:00,9987,305,1260,3.5,0,45.0,23.8,37.0,1010.2
2025-05-18T12:21:08.589000+00:00,9987,309,1260,2.7,0,45.0,23.8,37.0,1010.2
2025-05-18T12:22:08.603000+00:00,9987,287,1260,2.8,0,45.1,23.8,38.0,1010.1
2025-05-18T12:23:08.605000+00:00,9987,283,1260,2.8,0,45.1,23.9,39.0,1010.1
2025-05-18T12:24:08.578000+00:00,9987,292,1260,3.0,0,45.5,23.9,39.0,1010.0
2025-05-18T12:25:08.588000+00:00,9987,327,1260,3.6,0,45.6,23.9,38.0,1010.1
2025-05-18T12:26:08.606000+00:00,9987,298,1260,4.5,0,45.5,24.0,37.0,1010.1
2025-05-18T12:27:08.623000+00:00,9987,276,1260,3.2,0,45.2,24.0,37.0,1010.1
2025-05-18T12:28:08.637000+00:00,9987,287,1260,2.4,0,45.3,24.0,38.0,1010.1
2025-05-18T12:29:08.623000+00:00,9987,329,1260,2.9,0,45.6,24.0,38.0,1010.1
2025-05-18T12:30:08.642000+00:00,9987,284,1260,3.2,0,45.9,24.0,38.0,1010.1
2025-05-18T12:31:08.635000+00:00,9987,317,1260,2.2,0,45.9,24.1,38.0,1010.0
2025-05-18T12:32:08.653000+00:00,9987,310,1260,3.2,0,45.8,24.2,37.0,1010.2
2025-05-18T12:33:08.644000+00:00,9987,326,1260,3.5,0,45.7,24.2,37.0,1009.9
2025-05-18T12:34:08.670000+00:00,9987,288,1260,3.4,0,44.6,24.0,38.0,1010.1
2025-05-18T12:35:08.680000+00:00,9987,270,1260,3.1,0,44.6,23.9,37.0,1010.0
2025-05-18T12:36:08.681000+00:00,9987,256,1260,3.0,0,45.2,23.8,37.0,1010.1
2025-05-18T12:37:08.693000+00:00,9987,288,1260,3.0,0,45.2,23.6,39.0,1010.0
2025-05-18T12:38:08.687000+00:00,9987,267,1260,2.6,0,45.8,23.6,39.0,1009.9
2025-05-18T12:39:08.687000+00:00,9987,268,1260,2.9,0,45.8,23.5,39.0,1010.0
2025-05-18T12:40:08.690000+00:00,9987,312,1260,3.6,0,45.9,23.6,38.0,1010.0
2025-05-18T12:41:08.685000+00:00,9987,314,1260,3.9,0,45.5,23.8,37.0,1010.0
2025-05-18T12:42:08.713000+00:00,9987,288,1260,3.3,0,45.3,23.9,37.0,1010.1
2025-05-18T12:43:08.765000+00:00,9987,356,1260,2.7,0,45.0,23.9,39.0,1010.0
2025-05-18T12:44:08.721000+00:00,9987,264,1260,3.7,0,45.6,23.8,39.0,1010.2
2025-05-18T12:45:08.722000+00:00,9987,288,1260,3.2,0,45.9,23.8,39.0,1010.0
2025-05-18T12:46:08.722000+00:00,9987,320,1260,4.1,0,45.6,23.9,38.0,1010.0
2025-05-18T12:47:08.723000+00:00,9987,295,1260,5.0,0,45.0,24.0,38.0,1010.1
2025-05-18T12:48:08.714000+00:00,9987,313,1260,3.5,0,45.4,24.0,39.0,1010.2
2025-05-18T12:49:08.719000+00:00,9987,296,1260,3.1,0,45.4,24.0,39.0,1009.9
2025-05-18T12:50:08.747000+00:00,9987,291,1260,3.4,0,45.4,24.0,39.0,1010.1
2025-05-18T12:51:08.760000+00:00,9987,293,1260,2.6,0,45.3,23.9,40.0,1010.1
2025-05-18T12:52:08.754000+00:00,9987,291,1260,3.8,0,45.1,23.7,40.0,1010.0
2025-05-18T12:53:08.773000+00:00,9987,296,1260,3.9,0,45.2,23.8,39.0,1010.1
2025-05-18T12:54:08.768000+00:00,9987,288,1260,3.5,0,45.2,23.8,38.0,1010.0
2025-05-18T12:55:08.778000+00:00,9987,274,1260,4.7,0,44.8,23.9,37.0,1010.1
2025-05-18T12:56:08.771000+00:00,9987,279,1260,1.4,0,45.0,23.9,39.0,1009.9
2025-05-18T12:57:08.799000+00:00,9987,296,1260,2.8,0,45.1,23.9,39.0,1010.0
2025-05-18T12:58:08.800000+00:00,9987,298,1260,3.8,0,45.4,23.8,39.0,1009.8
2025-05-18T12:59:08.798000+00:00,9987,267,1260,3.9,0,45.3,24.0,39.0,1009.9
2025-05-18T13:00:08.821000+00:00,9987,307,1260,2.2,0,45.1,24.1,39.0,1009.9
2025-05-18T13:01:08.842000+00:00,9987,281,1260,3.7,0,45.1,24.1,39.0,1009.8
2025-05-18T13:02:08.839000+00:00,9987,278,1260,4.4,0,45.4,24.0,38.0,1010.1
2025-05-18T13:03:08.850000+00:00,9987,286,1260,4.7,0,44.8,24.0,39.0,1009.9
2025-05-18T13:04:08.867000+00:00,9987,298,1260,3.4,0,45.0,24.0,39.0,1009.9
2025-05-18T13:05:08.884000+00:00,9987,266,1260,3.5,0,45.2,24.0,39.0,1010.0
2025-05-18T13:06:08.867000+00:00,9987,296,1260,3.8,0,45.3,24.1,39.0,1010.0
2025-05-18T13:07:08.870000+00:00,9987,280,1260,2.6,0,45.4,24.0,39.0,1009.9
2025-05-18T13:08:08.855000+00:00,9987,286,1260,4.1,0,44.8,24.1,38.0,1009.9
2025-05-18T13:09:08.868000+00:00,9987,241,1260,4.6,0,44.7,24.0,38.0,1010.0
2025-05-18T13:10:08.871000+00:00,9987,286,1260,3.0,0,43.4,23.9,38.0,1010.0
2025-05-18T13:11:08.898000+00:00,9987,279,1260,1.5,0,43.4,23.9,40.0,1010.0
2025-05-18T13:12:08.885000+00:00,9987,277,1260,2.4,0,43.5,23.8,40.0,1009.9
2025-05-18T13:13:08.864000+00:00,9987,317,1260,4.3,0,43.2,23.9,39.0,1009.8
2025-05-18T13:14:08.867000+00:00,9987,284,1260,3.3,0,43.1,24.0,39.0,1010.1
2025-05-18T13:15:08.896000+00:00,9987,309,1260,3.6,0,43.2,24.1,39.0,1009.8
2025-05-18T13:16:08.877000+00:00,9987,120,1260,3.0,0,43.2,24.0,40.0,1009.8
2025-05-18T13:17:08.875000+00:00,9987,251,1260,2.2,0,43.2,24.0,38.0,1009.8
2025-05-18T13:18:08.865000+00:00,9987,297,1260,3.1,0,42.7,24.2,39.0,1009.7
2025-05-18T13:19:08.904000+00:00,9987,297,1260,4.1,0,42.9,24.2,39.0,1009.7
2025-05-18T13:20:08.970000+00:00,9987,315,1260,4.6,0,42.9,24.1,38.0,1010.0
2025-05-18T13:21:08.951000+00:00,9987,286,1260,3.9,0,42.7,24.1,38.0,1009.9
2025-05-18T13:22:08.918000+00:00,9987,342,1260,3.7,0,42.5,24.1,39.0,1009.8
2025-05-18T13:23:08.977000+00:00,9987,302,1260,2.6,0,42.7,24.1,39.0,1009.7
2025-05-18T13:24:08.928000+00:00,9987,305,1260,2.5,0,42.8,24.0,39.0,1009.8
2025-05-18T13:25:08.932000+00:00,9987,300,1260,3.1,0,42.5,24.0,39.0,1009.6
2025-05-18T13:26:08.949000+00:00,9987,353,1260,3.1,0,42.5,24.2,39.0,1009.8
2025-05-18T13:27:08.942000+00:00,9987,235,1260,3.5,0,42.5,24.1,39.0,1009.8
2025-05-18T13:28:08.949000+00:00,9987,290,1260,1.6,0,42.3,24.3,39.0,1009.9
2025-05-18T13:29:08.984000+00:00,9987,284,1260,4.8,0,41.7,24.3,39.0,1009.9
2025-05-18T13:30:08.959000+00:00,9987,243,1260,3.2,0,41.7,24.1,39.0,1009.9
2025-05-18T13:31:08.979000+00:00,9987,314,1260,3.2,0,41.7,24.0,40.0,1010.0
2025-05-18T13:32:09.024000+00:00,9987,329,1260,2.9,0,41.6,23.9,40.0,1009.8
2025-05-18T13:33:08.969000+00:00,9987,265,1260,2.1,0,41.8,23.9,40.0,1009.9
2025-05-18T13:34:08.976000+00:00,9987,285,1260,2.7,0,41.7,23.8,38.0,1009.9
2025-05-18T13:35:08.971000+00:00,9987,268,1260,3.3,0,41.7,23.8,40.0,1009.8
2025-05-18T13:36:08.982000+00:00,9987,288,1260,1.8,0,41.6,23.8,40.0,1009.7
2025-05-18T13:37:08.990000+00:00,9987,328,1260,2.5,0,41.8,23.8,39.0,1009.6
2025-05-18T13:38:08.984000+00:00,9987,132,1260,2.7,0,41.4,24.0,38.0,1009.7
2025-05-18T13:39:09.015000+00:00,9987,63,1260,2.5,0,41.5,24.2,40.0,1009.6
2025-05-18T13:40:09.011000+00:00,9987,344,1260,2.6,0,41.8,24.1,38.0,1009.6
2025-05-18T13:41:09.021000+00:00,9987,318,1260,1.4,0,41.8,24.0,39.0,1009.7
2025-05-18T13:42:09.028000+00:00,9987,289,1260,2.9,0,41.8,24.2,37.0,1009.6
2025-05-18T13:43:09.032000+00:00,9987,286,1260,2.4,0,41.7,24.3,38.0,1009.6
2025-05-18T13:44:09.042000+00:00,9987,276,1260,3.0,0,40.9,24.2,37.0,1009.7
2025-05-18T13:45:09.004000+00:00,9987,294,1260,3.8,0,40.9,24.3,37.0,1009.7
2025-05-18T13:46:09.013000+00:00,9987,288,1260,3.4,0,41.3,24.2,37.0,1009.6
2025-05-18T13:47:09.018000+00:00,9987,282,1260,3.8,0,41.6,24.0,38.0,1009.7
2025-05-18T13:48:09.025000+00:00,9987,292,1260,2.0,0,41.9,24.0,38.0,1009.8
2025-05-18T13:49:09.018000+00:00,9987,216,1260,3.2,0,41.9,23.9,38.0,1009.7
2025-05-18T13:50:09.019000+00:00,9987,328,1260,2.8,0,41.6,24.0,37.0,1009.7
2025-05-18T13:51:09.032000+00:00,9987,286,1260,3.9,0,41.4,24.2,38.0,1009.6
2025-05-18T13:52:09.018000+00:00,9987,286,1260,4.2,0,41.3,24.2,38.0,1009.6
2025-05-18T13:53:09.020000+00:00,9987,90,1260,3.0,0,41.2,24.1,38.0,1009.7
2025-05-18T13:54:09.022000+00:00,9987,244,1260,3.5,0,40.9,24.1,39.0,1009.7
2025-05-18T13:55:09.024000+00:00,9987,322,1260,3.0,0,39.9,24.1,39.0,1009.7
2025-05-18T13:56:09.017000+00:00,9987,288,1260,2.1,0,38.9,24.0,39.0,1009.7
2025-05-18T13:57:09.022000+00:00,9987,123,1260,3.1,0,38.6,23.9,39.0,1009.7
2025-05-18T13:58:09.047000+00:00,9987,331,1260,2.4,0,39.3,23.9,39.0,1009.5
2025-05-18T13:59:09.036000+00:00,9987,318,1260,2.9,0,39.8,23.7,38.0,1009.3
2025-05-18T14:00:09.038000+00:00,9987,272,1260,3.9,0,39.3,23.8,38.0,1009.6
2025-05-18T14:01:09.022000+00:00,9987,300,1260,3.1,0,38.7,24.0,38.0,1009.5
2025-05-18T14:02:09.037000+00:00,9987,292,1260,3.4,0,38.7,24.0,38.0,1009.6
2025-05-18T14:03:09.046000+00:00,9987,296,1260,1.9,0,39.4,24.0,38.0,1009.5
2025-05-18T14:04:09.053000+00:00,9987,251,1260,2.5,0,39.7,24.0,38.0,1009.6
2025-05-18T14:05:09.038000+00:00,9987,228,1260,3.1,0,39.7,24.1,38.0,1009.6
2025-05-18T14:06:09.041000+00:00,9987,291,1260,2.9,0,40.1,24.1,38.0,1009.5
2025-05-18T14:07:09.035000+00:00,9987,288,1260,2.6,0,40.1,24.1,37.0,1009.6
2025-05-18T14:08:09.039000+00:00,9987,291,1260,4.1,0,39.4,24.1,38.0,1009.7
2025-05-18T14:09:09.036000+00:00,9987,284,1260,3.2,0,39.5,24.0,38.0,1009.5
2025-05-18T14:10:09.040000+00:00,9987,323,1260,3.5,0,39.6,24.0,38.0,1009.5
2025-05-18T14:11:09.027000+00:00,9987,283,1260,3.3,0,40.1,24.0,37.0,1009.4
2025-05-18T14:12:09.042000+00:00,9987,332,1260,2.6,0,40.1,24.0,38.0,1009.4
2025-05-18T14:13:09.029000+00:00,9987,289,1260,3.3,0,40.5,24.2,38.0,1009.4
2025-05-18T14:14:09.030000+00:00,9987,315,1260,3.2,0,40.5,24.3,38.0,1009.5
2025-05-18T14:15:09.040000+00:00,9987,238,1260,3.8,0,40.2,24.3,37.0,1009.5
2025-05-18T14:16:09.028000+00:00,9987,294,1260,3.3,0,40.1,24.3,38.0,1009.5
2025-05-18T14:17:09.034000+00:00,9987,305,1260,4.1,0,39.7,24.3,37.0,1009.6
2025-05-18T14:18:09.053000+00:00,9987,302,1260,4.4,0,39.7,24.3,38.0,1009.3
2025-05-18T14:19:09.066000+00:00,9987,313,1260,4.7,0,39.6,24.3,38.0,1009.5
2025-05-18T14:20:09.077000+00:00,9987,287,1260,4.7,0,39.6,24.2,38.0,1009.6
2025-05-18T14:21:09.080000+00:00,9987,296,1260,4.9,0,39.6,24.1,38.0,1009.3
2025-05-18T14:22:09.114000+00:00,9987,284,1260,3.2,0,39.7,24.0,38.0,1009.5
2025-05-18T14:23:09.112000+00:00,9987,273,1260,3.0,0,39.7,24.0,39.0,1009.4
2025-05-18T14:24:09.153000+00:00,9987,329,1260,3.3,0,39.9,24.1,38.0,1009.3
2025-05-18T14:25:09.150000+00:00,9987,308,1260,4.0,0,39.9,24.0,37.0,1009.5
2025-05-18T14:26:09.174000+00:00,9987,324,1260,3.7,0,39.7,24.0,37.0,1009.3
2025-05-18T14:27:09.160000+00:00,9987,287,1260,3.1,0,39.3,24.0,37.0,1009.4
2025-05-18T14:28:09.161000+00:00,9987,282,1260,3.9,0,39.3,24.0,36.0,1009.5
2025-05-18T14:29:09.173000+00:00,9987,282,1260,3.8,0,39.5,24.0,38.0,1009.4
2025-05-18T14:30:09.171000+00:00,9987,336,1260,2.0,0,39.5,24.0,38.0,1009.3
2025-05-18T14:31:09.169000+00:00,9987,298,1260,3.9,0,39.4,23.9,37.0,1009.3
2025-05-18T14:32:09.170000+00:00,9987,310,1260,3.3,0,39.4,24.0,37.0,1009.3
2025-05-18T14:33:09.172000+00:00,9987,297,1260,3.3,0,39.0,23.9,37.0,1009.4
2025-05-18T14:34:09.173000+00:00,9987,328,1260,2.9,0,38.9,23.9,37.0,1009.5
2025-05-18T14:35:09.185000+00:00,9987,301,1260,1.7,0,38.6,23.8,37.0,1009.3
2025-05-18T14:36:09.182000+00:00,9987,276,1260,3.9,0,38.7,23.6,38.0,1009.2
2025-05-18T14:37:09.176000+00:00,9987,0,1260,3.2,0,38.7,23.7,38.0,1009.3
2025-05-24T13:45:14.082000+00:00,9975,289,1261,1.3,0,41.9,21.3,57.0,1015.2
2025-05-24T13:46:14.105000+00:00,9975,181,1261,0.4,0,41.8,21.4,57.0,1015.2
2025-05-24T13:47:14.105000+00:00,9975,148,1261,0.7,0,41.3,21.1,59.0,1015.2
2025-05-24T13:48:14.121000+00:00,9975,28,1261,0.8,0,41.3,21.0,60.0,1015.1
2025-05-24T13:49:14.106000+00:00,9975,338,1261,0.7,0,41.8,21.1,59.0,1015.1
2025-05-24T13:50:14.122000+00:00,9975,175,1261,0.8,0,41.8,21.2,58.0,1015.2
2025-05-24T13:51:14.154000+00:00,9975,347,1261,1.5,0,41.8,21.2,58.0,1015.0
2025-05-24T13:52:14.154000+00:00,9975,0,1261,0.6,0,42.0,21.3,57.0,1015.1
2025-05-24T13:53:14.151000+00:00,9975,211,1261,1.1,0,42.0,21.2,57.0,1015.0
2025-05-24T13:54:14.156000+00:00,9975,265,1261,1.8,0,40.5,21.0,60.0,1015.1
2025-05-24T13:55:14.134000+00:00,9975,283,1261,0.5,0,40.6,21.0,62.0,1015.0
2025-05-24T13:56:14.150000+00:00,9975,176,1261,0.6,0,40.6,21.0,61.0,1015.1
2025-05-24T13:57:14.151000+00:00,9975,189,1261,1.4,0,40.9,21.0,61.0,1015.0
2025-05-24T13:58:14.167000+00:00,9975,314,1261,0.7,0,40.8,21.0,62.0,1015.1
2025-05-24T13:59:14.152000+00:00,9975,281,1261,0.6,0,41.1,21.0,62.0,1015.1
2025-05-24T14:00:14.137000+00:00,9975,318,1261,0.3,0,41.3,21.0,60.0,1015.0
2025-05-24T14:01:14.153000+00:00,9975,148,1261,0.5,0,41.1,21.1,58.0,1015.1
2025-05-24T14:02:14.153000+00:00,9975,328,1261,1.0,0,41.1,21.0,59.0,1015.1
2025-05-24T14:03:14.161000+00:00,9975,187,1261,0.7,0,40.6,20.9,60.0,1015.0
2025-05-24T14:04:14.155000+00:00,9975,0,1261,0.4,0,41.1,21.0,59.0,1015.1
2025-05-24T14:05:14.140000+00:00,9975,300,1261,0.8,0,41.1,21.1,59.0,1015.1
2025-05-24T14:06:14.156000+00:00,9975,199,1261,0.8,0,41.7,21.2,59.0,1015.1
2025-05-24T14:07:14.154000+00:00,9975,220,1261,0.9,0,41.7,21.4,57.0,1015.1
2025-05-24T14:08:14.148000+00:00,9975,213,1261,1.3,0,41.8,21.6,58.0,1015.1
2025-05-24T14:09:14.156000+00:00,9975,228,1261,0.7,0,41.7,21.5,58.0,1015.1
2025-05-24T14:10:14.149000+00:00,9975,291,1261,0.8,0,41.4,21.5,58.0,1015.1
2025-05-24T14:11:14.165000+00:00,9975,337,1261,1.1,0,41.4,21.5,57.0,1015.1
2025-05-24T14:12:14.150000+00:00,9975,182,1261,0.8,0,41.5,21.5,58.0,1015.1
2025-05-24T14:13:14.150000+00:00,9975,320,1261,0.9,0,41.2,21.4,56.0,1015.2
2025-05-24T14:14:14.167000+00:00,9975,193,1261,0.7,0,41.3,21.4,58.0,1015.2
2025-05-24T14:15:14.152000+00:00,9975,183,1261,1.8,0,41.4,21.3,58.0,1015.1
2025-05-24T14:16:14.153000+00:00,9975,0,1261,0.7,0,41.5,21.3,58.0,1015.1
2025-05-24T14:17:14.153000+00:00,9975,182,1261,0.7,0,41.2,21.5,59.0,1015.1
2025-05-24T14:18:14.185000+00:00,9975,198,1261,2.0,0,41.2,21.5,59.0,1015.0
2025-05-24T14:19:14.170000+00:00,9975,188,1261,1.0,0,41.1,21.6,59.0,1014.9
2025-05-24T14:20:14.170000+00:00,9975,257,1261,0.7,0,41.1,21.7,58.0,1014.9
2025-05-24T14:21:14.202000+00:00,9975,299,1261,0.9,0,39.4,21.5,60.0,1015.0
2025-05-24T14:22:14.211000+00:00,9975,33,1261,0.6,0,39.4,21.3,62.0,1015.0
2025-05-24T14:23:14.206000+00:00,9975,24,1261,0.6,0,40.0,21.2,61.0,1015.0
2025-05-24T14:24:14.256000+00:00,9975,337,1261,0.8,0,40.5,21.3,59.0,1015.0
2025-05-24T14:25:14.220000+00:00,9975,304,1261,1.5,0,40.5,21.2,60.0,1015.0
2025-05-24T14:26:14.237000+00:00,9975,243,1261,0.8,0,40.1,21.3,61.0,1014.9
2025-05-24T14:27:14.222000+00:00,9975,311,1261,0.0,0,40.1,21.2,61.0,1014.9
2025-05-24T14:28:14.238000+00:00,9975,343,1261,1.0,0,40.3,21.0,61.0,1015.0
2025-05-24T14:29:14.270000+00:00,9975,0,1261,0.5,0,39.9,21.0,61.0,1014.9
2025-05-24T14:30:14.255000+00:00,9975,304,1261,0.7,0,40.5,21.1,60.0,1014.9
2025-05-24T14:31:14.271000+00:00,9975,343,1261,0.7,0,40.7,21.1,60.0,1014.9
2025-05-24T14:32:14.288000+00:00,9975,224,1261,1.0,0,40.8,21.1,59.0,1014.8
2025-05-24T14:33:14.288000+00:00,9975,251,1261,0.8,0,40.9,21.2,58.0,1014.9
2025-05-24T14:34:14.289000+00:00,9975,181,1261,0.7,0,41.3,21.2,57.0,1014.9
2025-05-24T14:35:14.289000+00:00,9975,145,1261,1.1,0,40.7,21.2,59.0,1014.9
2025-05-24T14:36:14.290000+00:00,9975,331,1261,0.4,0,40.6,21.2,58.0,1014.9
2025-05-24T14:37:14.290000+00:00,9975,314,1261,1.0,0,40.9,21.1,59.0,1014.9
2025-05-24T14:38:14.306000+00:00,9975,183,1261,1.1,0,40.1,21.1,57.0,1014.8
2025-05-24T14:39:14.291000+00:00,9975,344,1261,0.6,0,40.1,21.1,57.0,1014.8
2025-05-24T14:40:14.307000+00:00,9975,296,1261,1.1,0,40.1,21.1,57.0,1014.9
2025-05-24T14:41:14.292000+00:00,9975,338,1261,1.0,0,40.4,21.2,57.0,1014.9
2025-05-24T14:42:14.307000+00:00,9975,339,1261,1.9,0,39.7,21.2,58.0,1014.7
2025-05-24T14:43:14.292000+00:00,9975,344,1261,1.3,0,39.4,21.0,59.0,1014.8
2025-05-24T14:44:14.307000+00:00,9975,343,1261,1.5,0,38.7,20.9,60.0,1014.8
2025-05-24T14:45:14.308000+00:00,9975,313,1261,1.9,0,38.9,20.8,61.0,1014.7
2025-05-24T14:46:14.308000+00:00,9975,180,1261,1.9,0,39.4,20.8,60.0,1014.8
2025-05-24T14:47:14.308000+00:00,9975,183,1261,0.7,0,39.6,20.7,61.0,1014.7
2025-05-24T14:48:14.309000+00:00,9975,0,1261,1.0,0,39.9,20.8,60.0,1014.8
2025-05-24T14:49:14.309000+00:00,9975,179,1261,0.4,0,40.1,20.9,61.0,1014.9
2025-05-24T14:50:14.309000+00:00,9975,178,1261,1.0,0,39.6,21.1,60.0,1014.7
2025-05-24T14:51:14.310000+00:00,9975,204,1261,1.8,0,39.6,21.0,61.0,1014.8
2025-05-24T14:52:14.299000+00:00,9975,321,1261,0.6,0,40.2,21.1,60.0,1014.8
2025-05-24T14:53:14.327000+00:00,9975,0,1261,0.8,0,40.5,21.1,59.0,1014.7
2025-05-24T14:54:14.309000+00:00,9975,108,1261,0.4,0,39.9,21.1,60.0,1014.8
2025-05-24T14:55:14.331000+00:00,9975,178,1261,0.8,0,39.9,21.1,61.0,1014.6
2025-05-24T14:56:14.316000+00:00,9975,135,1261,1.0,0,40.0,21.2,60.0,1014.8
2025-05-24T14:57:14.301000+00:00,9975,211,1261,1.1,0,40.0,21.1,60.0,1014.7
2025-05-24T14:58:14.301000+00:00,9975,263,1261,1.0,0,40.3,21.2,58.0,1014.8
2025-05-24T14:59:14.302000+00:00,9975,325,1261,0.7,0,40.3,21.3,58.0,1014.7
2025-05-24T15:00:14.302000+00:00,9975,288,1261,1.2,0,40.0,21.1,58.0,1014.8
2025-05-24T15:01:14.319000+00:00,9975,281,1261,1.0,0,39.1,20.9,59.0,1014.8
2025-05-24T15:02:14.303000+00:00,9975,317,1261,0.6,0,38.6,20.9,59.0,1014.8
2025-05-24T15:03:14.304000+00:00,9975,0,1261,1.1,0,39.1,20.9,60.0,1014.8
2025-05-24T15:04:14.320000+00:00,9975,271,1261,0.8,0,39.2,20.9,60.0,1014.9
2025-05-24T15:05:14.320000+00:00,9975,0,1261,0.4,0,39.2,21.0,60.0,1014.9
2025-05-24T15:06:14.315000+00:00,9975,58,1261,0.0,0,38.9,21.0,60.0,1014.9
2025-05-24T15:07:14.316000+00:00,9975,314,1261,0.4,0,38.9,21.0,61.0,1014.8
2025-05-24T15:08:14.321000+00:00,9975,191,1261,0.7,0,39.8,21.1,61.0,1014.8
2025-05-24T15:09:14.317000+00:00,9975,194,1261,1.3,0,39.8,21.3,60.0,1014.8
2025-05-24T15:10:14.317000+00:00,9975,158,1261,1.2,0,39.8,21.3,59.0,1014.7
2025-05-24T15:11:14.318000+00:00,9975,125,1261,1.6,0,38.8,21.1,59.0,1014.7
2025-05-24T15:12:14.325000+00:00,9975,0,1261,0.7,0,37.2,21.0,62.0,1014.7
2025-05-24T15:13:14.325000+00:00,9975,0,1261,0.5,0,37.2,20.9,63.0,1014.7
2025-05-24T15:14:14.341000+00:00,9975,29,1261,0.5,0,37.3,20.8,62.0,1014.7
2025-05-24T15:15:14.326000+00:00,9975,0,1261,0.5,0,37.5,20.8,63.0,1014.8
2025-05-24T15:16:14.326000+00:00,9975,190,1261,0.0,0,37.5,20.9,64.0,1014.8
2025-05-24T15:17:14.327000+00:00,9975,179,1261,0.7,0,37.8,21.0,62.0,1014.7
2025-05-23T14:46:09.141000+00:00,9973,352,1261,0.6,0,41.9,23.3,34.0,1011.1
2025-05-23T14:47:09.155000+00:00,9973,341,1261,0.8,0,42.1,23.3,34.0,1011.1
2025-05-23T14:48:09.178000+00:00,9973,0,1261,0.0,0,42.0,23.1,35.0,1011.1
2025-05-23T14:49:09.183000+00:00,9973,289,1261,0.3,0,41.9,23.1,36.0,1011.0
2025-05-23T14:50:09.196000+00:00,9973,337,1261,1.7,0,41.8,23.2,36.0,1011.1
2025-05-23T14:51:09.222000+00:00,9973,0,1261,2.0,0,41.8,23.2,34.0,1011.1
2025-05-23T14:52:09.203000+00:00,9973,198,1261,0.4,0,41.5,23.4,34.0,1011.1
2025-05-23T14:53:09.228000+00:00,9973,205,1261,0.4,0,41.4,23.4,36.0,1011.0
2025-05-23T14:54:09.247000+00:00,9973,0,1261,0.9,0,41.9,23.2,37.0,1011.1
2025-05-23T14:55:09.254000+00:00,9973,335,1261,0.7,0,41.5,23.2,35.0,1011.1
2025-05-23T14:56:09.241000+00:00,9973,339,1261,1.6,0,41.1,23.4,35.0,1011.1
2025-05-23T14:57:09.256000+00:00,9973,343,1261,1.5,0,41.2,23.4,35.0,1011.1
2025-05-23T14:58:09.244000+00:00,9973,358,1261,1.4,0,41.2,23.3,35.0,1011.2
2025-05-23T14:59:09.244000+00:00,9973,326,1261,0.6,0,41.4,23.2,34.0,1011.1
2025-05-23T15:00:09.255000+00:00,9973,338,1261,0.8,0,41.2,23.3,34.0,1011.0
2025-05-23T15:01:09.262000+00:00,9973,309,1261,1.0,0,41.4,23.3,34.0,1011.0
2025-05-23T15:02:09.253000+00:00,9973,304,1261,0.9,0,41.3,23.5,32.0,1011.0
2025-05-23T15:03:09.256000+00:00,9973,280,1261,0.6,0,40.9,23.5,34.0,1011.0
2025-05-23T15:04:09.269000+00:00,9973,165,1261,1.5,0,41.2,23.3,35.0,1011.1
2025-05-23T15:05:09.262000+00:00,9973,190,1261,1.2,0,41.2,23.3,37.0,1011.1
2025-05-23T15:06:09.273000+00:00,9973,183,1261,1.5,0,41.2,23.2,36.0,1011.1
2025-05-23T15:07:09.279000+00:00,9973,0,1261,0.8,0,40.8,23.3,35.0,1011.1
2025-05-23T15:08:09.280000+00:00,9973,176,1261,0.7,0,40.0,23.3,35.0,1011.1
2025-05-23T15:09:09.305000+00:00,9973,341,1261,1.0,0,39.7,23.4,34.0,1011.0
2025-05-23T15:10:09.296000+00:00,9973,39,1261,2.1,0,38.8,23.5,33.0,1011.1
2025-05-23T15:11:09.301000+00:00,9973,330,1261,0.8,0,39.0,23.4,35.0,1011.1
2025-05-23T15:12:09.297000+00:00,9973,352,1261,1.2,0,39.4,23.2,34.0,1011.1
2025-05-23T15:13:09.297000+00:00,9973,335,1261,1.5,0,38.8,23.1,36.0,1011.1
2025-05-23T15:14:09.282000+00:00,9973,0,1261,0.9,0,38.1,23.0,36.0,1011.0
2025-05-23T15:15:09.301000+00:00,9973,328,1261,0.7,0,38.1,22.9,36.0,1011.1
2025-05-23T15:16:09.285000+00:00,9973,0,1261,0.9,0,38.5,22.9,36.0,1011.0
2025-05-23T15:17:09.282000+00:00,9973,130,1261,0.8,0,38.1,23.0,36.0,1011.0
2025-05-23T15:18:09.282000+00:00,9973,188,1261,0.9,0,38.5,23.0,36.0,1011.0
2025-05-23T15:19:09.301000+00:00,9973,185,1261,1.7,0,39.1,23.2,36.0,1011.0
2025-05-23T15:20:09.292000+00:00,9973,270,1261,0.7,0,39.1,23.3,36.0,1011.0
2025-05-23T15:21:09.303000+00:00,9973,232,1261,0.7,0,39.1,23.4,36.0,1011.1
2025-05-23T15:22:09.288000+00:00,9973,0,1261,0.6,0,38.9,23.2,36.0,1011.2
2025-05-23T15:23:09.306000+00:00,9973,0,1261,0.5,0,38.1,23.0,36.0,1011.1
2025-05-23T15:24:09.290000+00:00,9973,329,1261,0.6,0,37.4,22.9,38.0,1011.1
2025-05-23T15:25:09.286000+00:00,9973,342,1261,1.6,0,37.5,22.7,38.0,1011.2
2025-05-23T15:26:09.293000+00:00,9973,322,1261,1.3,0,37.5,22.6,37.0,1011.2
2025-05-23T15:27:09.305000+00:00,9973,166,1261,0.7,0,37.3,22.6,38.0,1011.2
2025-05-23T15:28:09.302000+00:00,9973,183,1261,1.8,0,37.3,22.6,39.0,1011.2
2025-05-23T15:29:09.305000+00:00,9973,173,1261,1.4,0,37.7,22.7,40.0,1011.1
2025-05-23T15:30:09.293000+00:00,9973,187,1261,1.2,0,37.7,22.7,40.0,1011.1
2025-05-23T15:31:09.306000+00:00,9973,176,1261,2.0,0,37.7,22.8,39.0,1011.1
2025-05-23T15:32:09.312000+00:00,9973,0,1261,1.3,0,37.9,22.7,39.0,1011.3
2025-05-23T15:33:09.296000+00:00,9973,155,1261,0.9,0,37.9,22.7,38.0,1011.2
2025-05-23T15:34:09.310000+00:00,9973,189,1261,0.8,0,38.6,22.6,40.0,1011.1
2025-05-23T15:35:09.310000+00:00,9973,95,1261,1.2,0,38.6,22.7,39.0,1011.2
2025-05-23T15:36:09.308000+00:00,9973,187,1261,0.8,0,37.7,22.7,41.0,1011.1
2025-05-23T15:37:09.308000+00:00,9973,190,1261,1.4,0,37.7,22.6,42.0,1011.1
2025-05-23T15:38:09.300000+00:00,9973,178,1261,1.1,0,37.7,22.7,40.0,1011.1
2025-05-23T15:39:09.311000+00:00,9973,219,1261,1.0,0,37.1,22.7,40.0,1011.1
2025-05-23T15:40:09.309000+00:00,9973,157,1261,1.1,0,36.8,22.8,39.0,1011.3
2025-05-23T15:41:09.308000+00:00,9973,172,1261,1.1,0,36.3,22.7,40.0,1011.1
2025-05-23T15:42:09.316000+00:00,9973,175,1261,1.5,0,36.3,22.6,40.0,1011.1
2025-05-23T15:43:09.310000+00:00,9973,172,1261,1.2,0,35.5,22.6,41.0,1011.1
2025-05-23T15:44:09.301000+00:00,9973,0,1261,0.6,0,35.5,22.7,42.0,1011.1
2025-05-23T15:45:09.311000+00:00,9973,0,1261,0.0,0,35.9,22.5,40.0,1011.1
2025-05-23T15:46:09.311000+00:00,9973,191,1261,0.7,0,36.0,22.4,39.0,1011.0
2025-05-23T15:47:09.317000+00:00,9973,178,1261,0.9,0,35.4,22.3,38.0,1011.1
2025-05-23T15:48:09.340000+00:00,9973,189,1261,1.1,0,35.4,22.3,42.0,1011.1
2025-05-23T15:49:09.318000+00:00,9973,200,1261,0.8,0,35.4,22.4,43.0,1011.0
2025-05-23T15:50:09.318000+00:00,9973,316,1261,1.0,0,35.7,22.3,43.0,1011.1
2025-05-23T15:51:09.319000+00:00,9973,108,1261,0.7,0,35.9,22.3,42.0,1011.1
2025-05-23T15:52:09.320000+00:00,9973,0,1261,0.4,0,36.2,22.5,41.0,1011.0
2025-05-23T15:53:09.313000+00:00,9973,118,1261,0.6,0,36.5,22.6,42.0,1010.9
2025-05-23T15:54:09.323000+00:00,9973,0,1261,0.9,0,36.5,22.7,39.0,1011.1
2025-05-23T15:55:09.323000+00:00,9973,338,1261,0.5,0,36.0,22.8,41.0,1011.1
2025-05-23T15:56:09.330000+00:00,9973,149,1261,0.3,0,34.9,22.8,43.0,1011.0
2025-05-23T15:57:09.336000+00:00,9973,233,1261,0.7,0,34.9,22.6,43.0,1011.1
2025-05-23T15:58:09.318000+00:00,9973,192,1261,0.9,0,34.6,22.5,42.0,1011.0
2025-05-23T15:59:09.327000+00:00,9973,197,1261,1.0,0,34.6,22.5,43.0,1011.0
2025-05-23T16:00:09.330000+00:00,9973,175,1261,1.5,0,34.8,22.4,42.0,1011.0
2025-05-23T16:01:09.328000+00:00,9973,160,1261,1.4,0,34.8,22.4,43.0,1011.0
2025-05-23T16:02:09.316000+00:00,9973,95,1261,1.3,0,34.6,22.5,44.0,1011.0
2025-05-23T16:03:09.321000+00:00,9973,154,1261,0.9,0,33.6,22.5,46.0,1011.2
2025-05-23T16:04:09.334000+00:00,9973,239,1261,0.8,0,33.4,22.3,46.0,1011.1
2025-05-23T16:05:09.333000+00:00,9973,335,1261,0.5,0,33.1,22.0,47.0,1011.2
2025-05-23T11:15:08.148000+00:00,9972,178,1261,0.6,0,42.0,22.3,40.0,1010.5
2025-05-23T11:16:08.148000+00:00,9972,198,1261,0.5,0,41.5,22.3,39.0,1010.5
2025-05-23T11:17:08.164000+00:00,9972,190,1261,0.8,0,40.6,22.3,39.0,1010.6
2025-05-23T11:18:08.154000+00:00,9972,210,1261,1.1,0,40.3,22.2,40.0,1010.7
2025-05-23T11:19:08.170000+00:00,9972,337,1261,0.6,0,40.2,22.1,41.0,1010.7
2025-05-23T11:20:08.202000+00:00,9972,347,1261,0.8,0,39.9,22.0,41.0,1010.6
2025-05-23T11:21:08.202000+00:00,9972,320,1261,0.9,0,39.5,22.0,41.0,1010.7
2025-05-23T11:22:08.218000+00:00,9972,328,1261,1.3,0,39.6,22.1,41.0,1010.6
2025-05-23T11:23:08.226000+00:00,9972,319,1261,1.3,0,39.5,22.1,41.0,1010.7
2025-05-23T11:24:08.239000+00:00,9972,204,1261,1.1,0,39.5,22.0,42.0,1010.7
2025-05-23T11:25:08.252000+00:00,9972,336,1261,0.6,0,38.8,21.9,42.0,1010.7
2025-05-23T11:26:08.238000+00:00,9972,345,1261,1.6,0,38.8,21.9,43.0,1010.7
2025-05-23T11:27:08.243000+00:00,9972,353,1261,1.3,0,39.7,21.8,43.0,1010.7
2025-05-23T11:28:08.243000+00:00,9972,4,1261,1.2,0,40.4,21.7,43.0,1010.7
2025-05-23T11:29:08.259000+00:00,9972,305,1261,1.1,0,40.4,21.7,41.0,1010.8
2025-05-23T11:30:08.260000+00:00,9972,193,1261,0.3,0,39.8,21.7,40.0,1010.7
2025-05-23T11:31:08.276000+00:00,9972,183,1261,0.7,0,39.8,21.8,40.0,1010.7
2025-05-23T11:32:08.292000+00:00,9972,355,1261,1.0,0,39.2,21.6,40.0,1010.8
2025-05-23T11:33:08.277000+00:00,9972,191,1261,1.0,0,37.6,21.6,41.0,1010.8
2025-05-23T11:34:08.293000+00:00,9972,77,1261,1.2,0,38.4,21.5,43.0,1010.8
2025-05-23T11:35:08.309000+00:00,9972,178,1261,0.8,0,37.9,21.5,43.0,1010.9
2025-05-23T11:36:08.322000+00:00,9972,0,1261,1.0,0,37.8,21.4,43.0,1010.7
2025-05-23T11:37:08.338000+00:00,9972,9,1261,0.5,0,37.6,21.5,42.0,1010.8
2025-05-23T11:38:08.329000+00:00,9972,183,1261,0.4,0,37.1,21.5,42.0,1010.8
2025-05-23T11:39:08.345000+00:00,9972,247,1261,0.6,0,37.0,21.5,44.0,1010.8
2025-05-23T11:40:08.362000+00:00,9972,293,1261,0.0,0,37.1,21.6,43.0,1010.8
2025-05-23T11:41:08.346000+00:00,9972,302,1261,0.7,0,36.7,21.6,43.0,1010.8
2025-05-23T11:42:08.362000+00:00,9972,76,1261,0.8,0,37.1,21.4,41.0,1010.8
2025-05-23T11:43:08.348000+00:00,9972,68,1261,0.7,0,37.1,21.3,42.0,1010.8
2025-05-23T11:44:08.354000+00:00,9972,259,1261,0.5,0,36.9,21.2,43.0,1010.8
2025-05-23T11:45:08.354000+00:00,9972,36,1261,0.5,0,36.6,21.1,43.0,1010.8
2025-05-23T11:46:08.355000+00:00,9972,324,1261,0.4,0,36.7,21.1,43.0,1010.8
2025-05-23T11:47:08.355000+00:00,9972,212,1261,0.7,0,38.4,21.3,43.0,1010.8
2025-05-23T11:48:08.363000+00:00,9972,319,1261,1.1,0,39.1,21.5,41.0,1010.8
2025-05-23T11:49:08.369000+00:00,9972,217,1261,0.7,0,39.5,21.5,40.0,1010.8
2025-05-23T11:50:08.369000+00:00,9972,208,1261,0.6,0,39.1,21.7,41.0,1010.8
2025-05-23T11:51:08.385000+00:00,9972,0,1261,0.5,0,38.6,21.7,39.0,1010.9
2025-05-23T11:52:08.386000+00:00,9972,23,1261,0.3,0,38.1,21.9,40.0,1010.8
2025-05-23T11:53:08.381000+00:00,9972,188,1261,0.6,0,37.9,21.9,40.0,1010.8
2025-05-23T11:54:08.382000+00:00,9972,77,1261,0.8,0,37.3,21.6,41.0,1010.8
2025-05-23T11:55:08.398000+00:00,9972,90,1261,0.8,0,37.5,21.5,41.0,1010.8
2025-05-23T11:56:08.383000+00:00,9972,236,1261,0.8,0,36.8,21.6,42.0,1010.8
2025-05-23T11:57:08.395000+00:00,9972,312,1261,0.5,0,36.8,21.6,43.0,1010.9
2025-05-23T11:58:08.426000+00:00,9972,6,1261,0.9,0,36.6,21.5,43.0,1010.8
2025-05-23T11:59:08.395000+00:00,9972,19,1261,0.7,0,36.6,21.3,44.0,1010.8
2025-05-23T12:00:08.396000+00:00,9972,235,1261,0.9,0,36.4,21.2,45.0,1010.9
2025-05-23T12:01:08.397000+00:00,9972,0,1261,0.4,0,36.8,21.1,44.0,1010.8
2025-05-23T12:02:08.413000+00:00,9972,233,1261,0.5,0,36.8,21.1,43.0,1010.8
2025-05-23T12:03:08.446000+00:00,9972,25,1261,0.4,0,36.9,21.0,43.0,1010.8
2025-05-23T12:04:08.423000+00:00,9972,333,1261,0.4,0,36.4,21.1,44.0,1010.8
2025-05-23T12:05:08.435000+00:00,9972,308,1261,1.0,0,35.5,21.1,43.0,1010.8
2025-05-23T12:06:08.436000+00:00,9972,0,1261,0.5,0,35.5,21.1,45.0,1010.8
2025-05-23T12:07:08.452000+00:00,9972,0,1261,1.0,0,35.9,21.0,45.0,1010.9
2025-05-23T12:08:08.452000+00:00,9972,282,1261,0.6,0,36.1,20.8,46.0,1010.8
2025-05-23T12:09:08.452000+00:00,9972,324,1261,0.8,0,36.2,20.8,45.0,1010.8
2025-05-23T12:10:08.453000+00:00,9972,0,1261,2.0,0,36.5,20.9,44.0,1010.8
2025-05-23T12:11:08.469000+00:00,9972,300,1261,0.7,0,36.5,20.9,45.0,1010.8
2025-05-23T12:12:08.503000+00:00,9972,0,1261,0.6,0,37.6,20.8,45.0,1010.8
2025-05-23T12:13:08.494000+00:00,9972,173,1261,0.5,0,38.0,20.9,45.0,1010.8
2025-05-23T12:14:08.510000+00:00,9972,177,1261,0.5,0,38.0,21.0,44.0,1010.9
2025-05-23T12:15:08.510000+00:00,9972,196,1261,1.0,0,37.8,21.0,44.0,1010.8
2025-05-23T12:16:08.526000+00:00,9972,188,1261,1.1,0,37.4,21.1,44.0,1010.9
2025-05-23T12:17:08.527000+00:00,9972,269,1261,0.8,0,38.0,21.1,45.0,1010.9
2025-05-23T12:18:08.528000+00:00,9972,193,1261,0.6,0,37.0,21.2,44.0,1010.8
2025-05-23T12:19:08.539000+00:00,9972,0,1261,0.8,0,37.0,21.2,45.0,1010.9
2025-05-23T12:20:08.555000+00:00,9972,29,1261,0.5,0,37.7,21.0,45.0,1010.8
2025-05-23T12:21:08.555000+00:00,9972,0,1261,1.1,0,38.2,21.1,44.0,1010.9
2025-05-23T12:22:08.556000+00:00,9972,337,1261,0.6,0,38.9,21.1,44.0,1010.9
2025-05-23T12:23:08.572000+00:00,9972,0,1261,0.4,0,39.9,21.2,44.0,1010.9
2025-05-23T12:24:08.588000+00:00,9972,198,1261,0.6,0,40.7,21.2,44.0,1010.9
2025-05-23T12:25:08.588000+00:00,9972,273,1261,1.2,0,40.8,21.2,42.0,1010.9
2025-05-23T12:26:08.589000+00:00,9972,336,1261,0.5,0,40.4,21.4,43.0,1010.8
2025-05-23T12:27:08.605000+00:00,9972,235,1261,1.0,0,40.8,21.5,44.0,1010.9
2025-05-23T12:28:08.590000+00:00,9972,167,1261,0.7,0,41.1,21.5,43.0,1010.9
2025-05-23T12:29:08.590000+00:00,9972,235,1261,0.7,0,41.2,21.5,43.0,1011.0
2025-05-23T12:30:08.596000+00:00,9972,164,1261,1.1,0,41.3,21.5,43.0,1010.9
2025-05-23T12:31:08.595000+00:00,9972,171,1261,0.8,0,39.3,21.4,43.0,1010.9
2025-05-23T12:32:08.597000+00:00,9972,312,1261,0.5,0,39.2,21.5,43.0,1010.9
2025-05-23T12:33:08.604000+00:00,9972,339,1261,0.5,0,39.1,21.4,44.0,1010.9
2025-05-23T12:34:08.620000+00:00,9972,312,1261,0.7,0,39.1,21.4,44.0,1010.9
2025-05-23T12:35:08.652000+00:00,9972,330,1261,0.9,0,39.3,21.5,43.0,1010.9
2025-05-23T12:36:08.661000+00:00,9972,325,1261,1.8,0,39.3,21.7,43.0,1010.9
2025-05-30T11:17:11.011000+00:00,9964,190,1262,1.2,0,46.7,30.2,36.0,1006.2
2025-05-30T11:18:11.018000+00:00,9964,199,1262,1.4,0,46.9,30.1,36.0,1006.2
2025-05-30T11:19:11.037000+00:00,9964,172,1262,1.0,0,46.8,30.1,36.0,1006.2
2025-05-30T11:20:11.042000+00:00,9964,196,1262,0.8,0,47.1,30.0,38.0,1006.2
2025-05-30T11:21:11.049000+00:00,9964,207,1262,1.5,0,47.4,30.0,36.0,1006.2
2025-05-30T11:22:11.049000+00:00,9964,301,1262,1.7,0,47.5,30.0,36.0,1006.2
2025-05-30T11:23:11.041000+00:00,9964,282,1262,0.9,0,47.5,30.1,37.0,1006.2
2025-05-30T11:24:11.036000+00:00,9964,222,1262,0.9,0,47.5,30.1,36.0,1006.1
2025-05-30T11:25:11.044000+00:00,9964,219,1262,1.0,0,47.8,30.1,36.0,1006.3
2025-05-30T11:26:11.040000+00:00,9964,184,1262,1.7,0,47.7,30.1,36.0,1006.2
2025-05-30T11:27:11.036000+00:00,9964,234,1262,2.2,0,47.5,30.2,35.0,1006.2
2025-05-30T11:28:11.041000+00:00,9964,208,1262,1.2,0,47.5,30.1,37.0,1006.2
2025-05-30T11:29:11.039000+00:00,9964,204,1262,1.3,0,47.6,30.1,37.0,1006.3
2025-05-30T11:30:11.037000+00:00,9964,246,1262,1.4,0,47.8,30.1,36.0,1006.2
2025-05-30T11:31:11.047000+00:00,9964,198,1262,2.1,0,47.9,30.1,38.0,1006.3
2025-05-30T11:32:11.042000+00:00,9964,225,1262,1.0,0,47.9,30.1,36.0,1006.2
2025-05-30T11:33:11.041000+00:00,9964,203,1262,1.7,0,47.9,30.2,36.0,1006.3
2025-05-30T11:34:11.040000+00:00,9964,224,1262,1.6,0,47.9,30.1,35.0,1006.2
2025-05-30T11:35:11.048000+00:00,9964,0,1262,1.1,0,47.9,30.2,36.0,1006.1
2025-05-30T11:36:11.042000+00:00,9964,200,1262,1.0,0,48.0,30.3,36.0,1006.1
2025-05-30T11:37:11.047000+00:00,9964,183,1262,1.2,0,48.3,30.3,35.0,1006.2
2025-05-30T11:38:11.055000+00:00,9964,292,1262,1.3,0,48.6,30.2,35.0,1006.2
2025-05-30T11:39:11.048000+00:00,9964,319,1262,1.1,0,48.7,30.2,35.0,1006.2
2025-05-30T11:40:11.048000+00:00,9964,354,1262,0.9,0,48.5,30.3,36.0,1006.2
2025-05-30T11:41:11.055000+00:00,9964,54,1262,0.9,0,48.3,30.2,35.0,1006.2
2025-05-30T11:42:11.046000+00:00,9964,192,1262,0.6,0,48.4,30.3,37.0,1006.2
2025-05-30T11:43:11.051000+00:00,9964,208,1262,1.1,0,48.8,30.4,36.0,1006.2
2025-05-30T11:44:11.052000+00:00,9964,176,1262,1.7,0,48.6,30.4,35.0,1006.3
2025-05-30T11:45:11.048000+00:00,9964,223,1262,1.6,0,48.6,30.4,35.0,1006.2
2025-05-30T11:46:11.052000+00:00,9964,199,1262,1.4,0,48.8,30.5,34.0,1006.2
2025-05-30T11:47:11.051000+00:00,9964,260,1262,1.7,0,48.8,30.5,35.0,1006.2
2025-05-30T11:48:11.059000+00:00,9964,196,1262,1.0,0,48.5,30.5,35.0,1006.2
2025-05-30T11:49:11.052000+00:00,9964,182,1262,1.1,0,48.5,30.5,35.0,1006.2
2025-05-30T11:50:11.067000+00:00,9964,159,1262,0.9,0,49.0,30.4,35.0,1006.2
2025-05-30T11:51:11.053000+00:00,9964,211,1262,1.3,0,49.0,30.4,36.0,1006.2
2025-05-30T11:52:11.054000+00:00,9964,210,1262,1.2,0,49.0,30.3,34.0,1006.2
2025-05-30T11:53:11.059000+00:00,9964,170,1262,1.3,0,48.8,30.4,34.0,1006.2
2025-05-30T11:54:11.059000+00:00,9964,212,1262,1.5,0,48.8,30.4,35.0,1006.2
2025-05-30T11:55:11.059000+00:00,9964,169,1262,1.8,0,48.7,30.3,34.0,1006.0
2025-05-30T11:56:11.061000+00:00,9964,205,1262,1.7,0,48.3,30.4,35.0,1006.2
2025-05-30T11:57:11.060000+00:00,9964,107,1262,1.7,0,48.7,30.4,34.0,1006.1
2025-05-30T11:58:11.064000+00:00,9964,226,1262,0.8,0,48.8,30.4,35.0,1006.2
2025-05-30T11:59:11.061000+00:00,9964,175,1262,1.5,0,48.8,30.3,34.0,1006.1
2025-05-30T12:00:11.062000+00:00,9964,206,1262,2.0,0,48.8,30.3,34.0,1006.1
2025-05-30T12:01:11.065000+00:00,9964,221,1262,1.9,0,48.9,30.2,33.0,1006.1
2025-05-30T12:02:11.060000+00:00,9964,209,1262,1.6,0,49.4,30.3,32.0,1006.1
2025-05-30T12:03:11.064000+00:00,9964,204,1262,2.2,0,49.1,30.2,34.0,1006.2
2025-05-30T12:04:11.075000+00:00,9964,207,1262,1.2,0,49.0,30.2,35.0,1006.2
2025-05-30T12:05:11.064000+00:00,9964,198,1262,1.1,0,49.1,30.1,35.0,1006.2
2025-05-30T12:06:11.067000+00:00,9964,206,1262,1.4,0,49.1,30.1,35.0,1006.1
2025-05-30T12:07:11.069000+00:00,9964,201,1262,1.3,0,49.1,30.2,34.0,1006.0
2025-05-30T12:08:11.065000+00:00,9964,187,1262,1.4,0,48.8,30.2,34.0,1006.1
2025-05-30T12:09:11.068000+00:00,9964,209,1262,1.6,0,48.9,30.4,35.0,1006.1
2025-05-30T12:10:11.069000+00:00,9964,212,1262,2.1,0,48.8,30.3,33.0,1006.2
2025-05-30T12:11:11.072000+00:00,9964,206,1262,1.2,0,48.7,30.3,33.0,1006.1
2025-05-30T12:12:11.071000+00:00,9964,202,1262,1.4,0,49.0,30.1,33.0,1006.2
2025-05-30T12:13:11.073000+00:00,9964,199,1262,1.2,0,49.1,30.1,33.0,1006.0
2025-05-30T12:14:11.074000+00:00,9964,203,1262,1.5,0,49.8,30.2,34.0,1006.1
2025-05-30T12:15:11.073000+00:00,9964,190,1262,1.6,0,49.9,30.3,33.0,1006.1
2025-05-30T12:16:11.075000+00:00,9964,166,1262,1.5,0,49.9,30.4,32.0,1006.1
2025-05-30T12:17:11.076000+00:00,9964,191,1262,1.5,0,49.9,30.5,31.0,1006.1
2025-05-30T12:18:11.076000+00:00,9964,125,1262,0.9,0,50.0,30.6,32.0,1006.1
2025-05-30T12:19:11.090000+00:00,9964,321,1262,1.3,0,50.1,30.7,32.0,1006.1
2025-05-30T12:20:11.090000+00:00,9964,209,1262,1.4,0,50.1,30.6,32.0,1005.9
2025-05-30T12:21:11.095000+00:00,9964,108,1262,1.2,0,50.2,30.7,32.0,1006.0
2025-05-30T12:22:11.098000+00:00,9964,189,1262,1.1,0,50.2,30.8,33.0,1005.9
2025-05-30T12:23:11.097000+00:00,9964,18,1262,0.7,0,50.1,30.8,32.0,1006.0
2025-05-30T12:24:11.114000+00:00,9964,269,1262,1.7,0,50.1,30.6,31.0,1005.9
2025-05-30T12:25:11.118000+00:00,9964,51,1262,1.2,0,49.8,30.8,30.0,1006.0
2025-05-30T12:26:11.125000+00:00,9964,226,1262,0.7,0,49.8,30.8,30.0,1005.9
2025-05-30T12:27:11.128000+00:00,9964,20,1262,0.7,0,50.2,30.9,29.0,1006.0
2025-05-30T12:28:11.130000+00:00,9964,25,1262,1.8,0,50.2,31.0,30.0,1006.0
2025-05-30T12:29:11.136000+00:00,9964,33,1262,2.2,0,49.6,31.0,29.0,1005.9
2025-05-30T12:30:11.131000+00:00,9964,22,1262,2.1,0,49.6,30.9,30.0,1006.0
2025-05-30T12:31:11.134000+00:00,9964,34,1262,2.4,0,49.7,30.8,30.0,1005.9
2025-05-30T12:32:11.163000+00:00,9964,32,1262,2.0,0,49.6,30.9,30.0,1005.9
2025-05-30T12:33:11.152000+00:00,9964,34,1262,2.8,0,49.6,30.8,31.0,1005.7
2025-05-30T12:34:11.180000+00:00,9964,201,1262,1.8,0,49.2,30.8,32.0,1005.9
2025-05-30T12:35:11.196000+00:00,9964,338,1262,1.2,0,49.2,30.7,31.0,1005.8
2025-05-30T12:36:11.214000+00:00,9964,0,1262,1.6,0,49.6,30.7,30.0,1005.9
2025-05-30T14:45:11.424000+00:00,9965,199,1262,2.5,0,48.0,31.0,28.0,1005.2
2025-05-30T14:46:11.443000+00:00,9965,240,1262,1.5,0,47.8,31.0,29.0,1005.2
2025-05-30T14:47:11.428000+00:00,9965,261,1262,1.5,0,47.8,31.1,29.0,1005.2
2025-05-30T14:48:11.453000+00:00,9965,210,1262,1.3,0,48.2,31.0,30.0,1005.1
2025-05-30T14:49:11.438000+00:00,9965,205,1262,1.6,0,48.2,31.0,30.0,1005.1
2025-05-30T14:50:11.433000+00:00,9965,179,1262,1.9,0,47.7,31.1,29.0,1005.2
2025-05-30T14:51:11.438000+00:00,9965,216,1262,1.9,0,47.7,31.1,29.0,1005.1
2025-05-30T14:52:11.443000+00:00,9965,213,1262,0.8,0,47.8,31.2,29.0,1005.1
2025-05-30T14:53:11.436000+00:00,9965,281,1262,0.7,0,48.1,31.1,29.0,1005.2
2025-05-30T14:54:11.433000+00:00,9965,254,1262,1.6,0,48.1,31.0,29.0,1005.1
2025-05-30T14:55:11.435000+00:00,9965,272,1262,1.3,0,47.8,31.0,29.0,1005.2
2025-05-30T14:56:11.433000+00:00,9965,30,1262,1.3,0,47.6,30.9,31.0,1005.2
2025-05-30T14:57:11.444000+00:00,9965,202,1262,1.0,0,47.6,30.8,31.0,1005.1
2025-05-30T14:58:11.440000+00:00,9965,185,1262,1.9,0,47.4,30.8,32.0,1005.2
2025-05-30T14:59:11.448000+00:00,9965,181,1262,1.5,0,47.4,30.7,33.0,1005.1
2025-05-30T15:00:11.438000+00:00,9965,276,1262,1.4,0,47.3,30.6,32.0,1005.2
2025-05-30T15:01:11.492000+00:00,9965,182,1262,0.9,0,47.5,30.5,34.0,1005.1
2025-05-30T15:02:11.431000+00:00,9965,164,1262,0.8,0,47.5,30.5,34.0,1005.0
2025-05-30T15:03:11.447000+00:00,9965,216,1262,0.7,0,47.5,30.6,34.0,1005.2
2025-05-30T15:04:11.449000+00:00,9965,293,1262,1.1,0,47.6,30.6,33.0,1005.1
2025-05-30T15:05:11.477000+00:00,9965,65,1262,1.4,0,47.6,30.5,33.0,1005.0
2025-05-30T15:06:11.461000+00:00,9965,69,1262,1.6,0,47.3,30.5,33.0,1005.1
2025-05-30T15:07:11.484000+00:00,9965,30,1262,2.4,0,47.0,30.4,33.0,1005.0
2025-05-30T15:08:11.495000+00:00,9965,0,1262,1.5,0,47.0,30.4,34.0,1005.1
2025-05-30T15:09:11.499000+00:00,9965,215,1262,1.1,0,47.1,30.3,34.0,1005.0
2025-05-30T15:10:11.492000+00:00,9965,19,1262,1.1,0,47.1,30.4,33.0,1005.2
2025-05-30T15:11:11.511000+00:00,9965,36,1262,2.0,0,47.1,30.5,34.0,1005.1
2025-05-30T15:12:11.522000+00:00,9965,23,1262,1.9,0,47.0,30.5,34.0,1005.0
2025-05-30T15:13:11.511000+00:00,9965,333,1262,2.1,0,47.0,30.5,33.0,1005.1
2025-05-30T15:14:11.533000+00:00,9965,24,1262,1.5,0,46.8,30.4,33.0,1005.1
2025-05-30T15:15:11.552000+00:00,9965,273,1262,0.9,0,47.4,30.5,33.0,1005.1
2025-05-30T15:16:11.552000+00:00,9965,271,1262,1.3,0,47.4,30.5,33.0,1005.0
2025-05-30T15:17:11.543000+00:00,9965,38,1262,1.3,0,47.0,30.4,33.0,1005.0
2025-05-30T15:18:11.541000+00:00,9965,188,1262,0.8,0,46.9,30.3,34.0,1005.1
2025-05-30T15:19:11.561000+00:00,9965,201,1262,1.1,0,47.1,30.4,34.0,1005.1
2025-05-30T15:20:11.550000+00:00,9965,171,1262,2.1,0,46.7,30.4,33.0,1005.1
2025-05-30T15:21:11.548000+00:00,9965,0,1262,1.1,0,46.5,30.4,34.0,1005.0
2025-05-30T15:22:11.551000+00:00,9965,176,1262,0.8,0,46.5,30.4,34.0,1005.0
2025-05-30T15:23:11.560000+00:00,9965,220,1262,1.4,0,46.1,30.5,34.0,1005.0
2025-05-30T15:24:11.574000+00:00,9965,0,1262,1.1,0,46.4,30.5,34.0,1005.0
2025-05-30T15:25:11.593000+00:00,9965,190,1262,0.9,0,46.4,30.5,34.0,1005.0
2025-05-30T15:26:11.592000+00:00,9965,172,1262,1.6,0,46.1,30.3,34.0,1005.0
2025-05-30T15:27:11.584000+00:00,9965,238,1262,0.7,0,46.0,30.3,34.0,1005.0
2025-05-30T15:28:11.594000+00:00,9965,134,1262,1.3,0,46.1,30.0,35.0,1005.0
2025-05-30T15:29:11.588000+00:00,9965,355,1262,1.1,0,46.0,30.0,35.0,1005.1
2025-05-30T15:30:11.595000+00:00,9965,294,1262,1.0,0,46.0,30.0,35.0,1005.0
2025-05-30T15:31:11.602000+00:00,9965,20,1262,1.4,0,46.1,30.0,34.0,1005.1
2025-05-30T15:32:11.593000+00:00,9965,320,1262,1.6,0,45.8,30.0,35.0,1005.0
2025-05-30T15:33:11.586000+00:00,9965,333,1262,1.6,0,45.5,29.9,35.0,1005.0
2025-05-30T15:34:11.605000+00:00,9965,343,1262,0.7,0,45.7,29.8,35.0,1005.0
2025-05-30T15:35:11.599000+00:00,9965,13,1262,1.1,0,45.6,29.9,35.0,1005.0
2025-05-30T15:36:11.585000+00:00,9965,326,1262,1.2,0,45.3,29.9,36.0,1005.0
2025-05-30T15:37:11.589000+00:00,9965,0,1262,1.2,0,45.4,30.0,36.0,1005.0
2025-05-30T15:38:11.613000+00:00,9965,64,1262,1.2,0,45.3,30.0,36.0,1005.0
2025-05-30T15:39:11.625000+00:00,9965,306,1262,2.1,0,45.3,29.9,36.0,1005.0
2025-05-30T15:40:11.596000+00:00,9965,20,1262,1.6,0,45.3,29.8,37.0,1005.0
2025-05-30T15:41:11.603000+00:00,9965,168,1262,1.9,0,44.8,29.8,37.0,1005.0
2025-05-30T15:42:11.607000+00:00,9965,354,1262,1.7,0,44.7,29.7,37.0,1005.0
2025-05-30T15:43:11.618000+00:00,9965,79,1262,2.3,0,44.4,29.6,37.0,1005.0
2025-05-30T15:44:11.624000+00:00,9965,1,1262,1.6,0,44.3,29.6,38.0,1004.9
2025-05-30T15:45:11.625000+00:00,9965,49,1262,1.4,0,44.3,29.6,38.0,1005.1
2025-05-30T15:46:11.638000+00:00,9965,5,1262,2.0,0,44.4,29.5,38.0,1004.9
2025-05-30T15:47:11.626000+00:00,9965,70,1262,1.6,0,44.2,29.6,38.0,1005.0
2025-05-30T15:48:11.662000+00:00,9965,30,1262,2.4,0,44.2,29.6,38.0,1005.0
2025-05-30T15:49:11.654000+00:00,9965,76,1262,1.2,0,44.2,29.6,38.0,1004.9
2025-05-30T15:50:11.651000+00:00,9965,334,1262,2.4,0,43.8,29.6,37.0,1005.0
2025-05-30T15:51:11.657000+00:00,9965,349,1262,1.5,0,43.8,29.7,38.0,1004.9
2025-05-30T15:52:11.660000+00:00,9965,21,1262,1.5,0,43.8,29.5,38.0,1004.9
2025-05-30T15:53:11.675000+00:00,9965,61,1262,1.5,0,43.7,29.5,38.0,1004.9
2025-05-30T15:54:11.659000+00:00,9965,52,1262,1.7,0,43.7,29.4,39.0,1004.9
2025-05-30T15:55:11.713000+00:00,9965,44,1262,2.2,0,43.5,29.4,38.0,1004.9
2025-05-30T15:56:11.671000+00:00,9965,64,1262,1.8,0,43.0,29.4,39.0,1004.9
2025-05-30T15:57:11.663000+00:00,9965,353,1262,1.6,0,43.0,29.4,39.0,1004.8
2025-05-30T15:58:11.673000+00:00,9965,28,1262,2.3,0,43.0,29.4,38.0,1004.9
2025-05-30T15:59:11.685000+00:00,9965,25,1262,2.2,0,42.6,29.4,39.0,1004.8
2025-05-30T16:00:11.704000+00:00,9965,25,1262,2.2,0,42.5,29.3,39.0,1004.9
2025-05-30T16:01:11.702000+00:00,9965,354,1262,2.1,0,42.6,29.1,39.0,1004.6
2025-05-30T16:02:11.709000+00:00,9965,16,1262,1.2,0,42.4,29.0,40.0,1004.9
2025-05-30T16:03:11.716000+00:00,9965,354,1262,1.4,0,41.9,28.9,40.0,1004.8
2025-05-30T16:04:11.718000+00:00,9965,43,1262,1.5,0,41.6,28.8,41.0,1004.8
2025-05-30T16:05:11.736000+00:00,9965,0,1262,1.8,0,41.6,28.8,41.0,1004.8
2025-05-30T16:06:11.736000+00:00,9965,286,1262,1.5,0,41.6,28.7,41.0,1004.9
2025-05-31T10:53:23.314000+00:00,9966,44,1262,0.6,0,46.4,29.8,38.0,1006.1
2025-05-31T10:54:16.664000+00:00,9966,82,1262,1.8,0,46.4,29.8,37.0,1006.1
2025-05-31T10:55:16.680000+00:00,9966,65,1262,1.5,0,46.3,29.8,37.0,1006.2
2025-05-31T10:56:16.679000+00:00,9966,57,1262,1.8,0,46.2,29.8,37.0,1006.1
2025-05-31T10:57:16.699000+00:00,9966,36,1262,2.0,0,45.9,29.6,37.0,1006.2
2025-05-31T10:58:16.698000+00:00,9966,78,1262,1.0,0,46.1,29.7,38.0,1006.2
2025-05-31T10:59:16.716000+00:00,9966,22,1262,1.4,0,46.8,29.8,37.0,1006.2
2025-05-31T11:00:16.715000+00:00,9966,46,1262,1.2,0,46.8,30.0,36.0,1006.2
2025-05-31T11:01:16.716000+00:00,9966,23,1262,1.2,0,46.6,30.0,36.0,1006.2
2025-05-31T11:02:16.716000+00:00,9966,45,1262,1.1,0,46.6,30.1,35.0,1006.2
2025-05-31T11:03:16.728000+00:00,9966,14,1262,1.8,0,47.3,30.2,35.0,1006.1
2025-05-31T11:04:16.716000+00:00,9966,74,1262,1.3,0,46.8,30.2,35.0,1006.1
2025-05-31T11:05:16.726000+00:00,9966,284,1262,0.9,0,46.8,30.0,35.0,1006.2
2025-05-31T11:06:16.839000+00:00,9966,189,1262,0.6,0,46.8,30.0,35.0,1006.2
2025-05-31T11:07:16.720000+00:00,9966,55,1262,1.0,0,47.2,30.3,34.0,1006.1
2025-05-31T11:08:16.726000+00:00,9966,45,1262,1.6,0,46.9,30.3,34.0,1006.1
2025-05-31T11:09:16.723000+00:00,9966,57,1262,1.2,0,46.8,30.1,34.0,1006.2
2025-05-31T11:10:16.736000+00:00,9966,0,1262,2.2,0,46.8,30.0,34.0,1006.1
2025-05-31T11:11:16.719000+00:00,9966,0,1262,1.0,0,46.8,30.0,35.0,1006.1
2025-05-31T11:12:16.726000+00:00,9966,270,1262,0.5,0,46.8,30.0,35.0,1006.0
2025-05-31T11:13:16.731000+00:00,9966,249,1262,0.9,0,47.0,30.0,36.0,1006.0
2025-05-31T11:14:16.732000+00:00,9966,209,1262,1.7,0,47.3,30.0,35.0,1006.2
2025-05-31T11:15:16.717000+00:00,9966,230,1262,0.8,0,47.3,30.0,34.0,1006.0
2025-05-31T11:16:16.730000+00:00,9966,0,1262,0.9,0,47.0,30.1,34.0,1005.9
2025-05-31T11:17:16.725000+00:00,9966,166,1262,0.9,0,47.1,30.0,34.0,1006.1
2025-05-31T11:18:16.730000+00:00,9966,74,1262,1.2,0,47.0,30.0,34.0,1006.1
2025-05-31T11:19:16.728000+00:00,9966,207,1262,0.9,0,47.0,29.8,34.0,1006.0
2025-05-31T11:20:16.730000+00:00,9966,0,1262,1.6,0,47.2,29.9,35.0,1006.0
2025-05-31T11:21:16.728000+00:00,9966,296,1262,0.9,0,47.2,30.0,34.0,1006.0
2025-05-31T11:22:16.732000+00:00,9966,332,1262,0.7,0,47.1,30.1,33.0,1006.0
2025-05-31T11:23:16.740000+00:00,9966,7,1262,1.7,0,47.1,30.1,33.0,1006.0
2025-05-31T11:24:16.730000+00:00,9966,254,1262,1.1,0,47.1,30.1,33.0,1006.0
2025-05-31T11:25:16.738000+00:00,9966,182,1262,2.4,0,47.0,30.0,32.0,1005.9
2025-05-31T11:26:16.736000+00:00,9966,209,1262,1.6,0,47.1,29.9,33.0,1006.0
2025-05-31T11:27:16.733000+00:00,9966,227,1262,1.6,0,46.9,29.7,33.0,1006.0
2025-05-31T11:28:16.913000+00:00,9966,183,1262,1.0,0,46.8,29.6,33.0,1006.0
2025-05-31T11:29:16.732000+00:00,9966,255,1262,1.7,0,46.9,29.5,33.0,1006.1
2025-05-31T11:30:16.736000+00:00,9966,208,1262,1.1,0,47.0,29.6,33.0,1006.1
2025-05-31T11:31:16.736000+00:00,9966,257,1262,1.0,0,47.6,29.8,32.0,1006.0
2025-05-31T11:32:16.738000+00:00,9966,289,1262,1.1,0,47.6,30.0,33.0,1006.0
2025-05-31T11:33:16.746000+00:00,9966,312,1262,1.6,0,47.7,30.0,32.0,1006.0
2025-05-31T11:34:16.738000+00:00,9966,152,1262,1.1,0,47.7,29.9,32.0,1005.9
2025-05-31T11:35:16.746000+00:00,9966,199,1262,1.6,0,47.4,29.7,33.0,1006.0
2025-05-31T11:36:16.746000+00:00,9966,199,1262,1.4,0,47.1,29.8,32.0,1006.1
2025-05-31T13:47:17.180000+00:00,9967,221,1262,2.0,0,48.8,29.5,33.0,1005.5
2025-05-31T13:48:17.183000+00:00,9967,208,1262,2.3,0,48.5,29.5,33.0,1005.5
2025-05-31T13:49:17.182000+00:00,9967,194,1262,2.9,0,48.4,29.5,33.0,1005.4
2025-05-31T13:50:17.188000+00:00,9967,195,1262,2.2,0,48.4,29.4,34.0,1005.4
2025-05-31T13:51:17.185000+00:00,9967,200,1262,1.6,0,48.4,29.3,34.0,1005.5
2025-05-31T13:52:17.201000+00:00,9967,172,1262,1.5,0,48.7,29.3,35.0,1005.5
2025-05-31T13:53:17.217000+00:00,9967,193,1262,1.9,0,48.4,29.3,34.0,1005.4
2025-05-31T13:54:17.225000+00:00,9967,202,1262,1.9,0,48.0,29.3,34.0,1005.4
2025-05-31T13:55:17.219000+00:00,9967,204,1262,2.3,0,47.7,29.4,34.0,1005.4
2025-05-31T13:56:17.221000+00:00,9967,208,1262,1.7,0,47.8,29.4,34.0,1005.5
2025-05-31T13:57:17.222000+00:00,9967,167,1262,1.5,0,48.1,29.3,34.0,1005.5
2025-05-31T13:58:17.229000+00:00,9967,223,1262,1.4,0,48.2,29.3,34.0,1005.5
2025-05-31T13:59:17.222000+00:00,9967,237,1262,1.8,0,48.2,29.1,34.0,1005.5
2025-05-31T14:00:17.253000+00:00,9967,209,1262,1.4,0,48.2,29.1,34.0,1005.6
2025-05-31T14:01:17.223000+00:00,9967,177,1262,2.0,0,48.2,29.1,34.0,1005.6
2025-05-31T14:02:17.227000+00:00,9967,200,1262,2.2,0,48.2,29.3,34.0,1005.6
2025-05-31T14:03:17.245000+00:00,9967,200,1262,2.1,0,48.2,29.2,34.0,1005.7
2025-05-31T14:04:17.226000+00:00,9967,219,1262,1.9,0,48.1,29.2,34.0,1005.6
2025-05-31T14:05:17.227000+00:00,9967,172,1262,1.6,0,48.1,29.2,35.0,1005.7
2025-05-31T14:06:17.231000+00:00,9967,182,1262,1.1,0,48.3,29.4,34.0,1005.6
2025-05-31T14:07:17.227000+00:00,9967,193,1262,2.1,0,47.8,29.4,34.0,1005.6
2025-05-31T14:08:17.227000+00:00,9967,197,1262,1.7,0,48.0,29.4,35.0,1005.7
2025-05-31T14:09:17.231000+00:00,9967,339,1262,1.2,0,47.9,29.1,35.0,1005.6
2025-05-31T14:10:17.231000+00:00,9967,0,1262,0.7,0,47.9,29.0,35.0,1005.7
2025-05-31T14:11:17.234000+00:00,9967,211,1262,0.8,0,47.8,29.1,34.0,1005.6
2025-05-31T14:12:17.236000+00:00,9967,218,1262,1.9,0,48.2,29.1,34.0,1005.5
2025-05-31T14:13:17.231000+00:00,9967,172,1262,1.4,0,48.2,29.3,34.0,1005.7
2025-05-31T14:14:17.233000+00:00,9967,197,1262,0.8,0,48.3,29.4,34.0,1005.6
2025-05-31T14:15:17.224000+00:00,9967,173,1262,1.9,0,48.3,29.5,34.0,1005.6
2025-05-31T14:16:17.232000+00:00,9967,200,1262,1.7,0,48.1,29.4,34.0,1005.5
2025-05-31T14:17:17.249000+00:00,9967,84,1262,1.9,0,48.5,29.3,34.0,1005.6
2025-05-31T14:18:17.237000+00:00,9967,89,1262,1.5,0,48.1,29.4,33.0,1005.5
2025-05-31T14:19:17.242000+00:00,9967,39,1262,1.5,0,48.1,29.5,33.0,1005.4
2025-05-31T14:20:17.236000+00:00,9967,79,1262,2.1,0,48.0,29.3,33.0,1005.5
2025-05-31T14:21:17.255000+00:00,9967,273,1262,1.9,0,47.9,29.3,33.0,1005.5
2025-05-31T14:22:17.256000+00:00,9967,202,1262,1.7,0,47.9,29.3,34.0,1005.5
2025-05-31T14:23:17.236000+00:00,9967,272,1262,1.0,0,47.8,29.4,35.0,1005.5
2025-05-31T14:24:17.240000+00:00,9967,264,1262,1.6,0,47.5,29.5,35.0,1005.5
2025-05-31T14:25:17.240000+00:00,9967,214,1262,2.1,0,47.5,29.3,36.0,1005.5
2025-05-31T14:26:17.239000+00:00,9967,201,1262,1.5,0,47.5,29.1,36.0,1005.3
2025-05-31T14:27:17.246000+00:00,9967,199,1262,1.9,0,47.7,29.1,36.0,1005.5
2025-05-31T14:28:17.244000+00:00,9967,168,1262,1.9,0,46.8,29.1,36.0,1005.5
2025-05-31T14:29:17.240000+00:00,9967,227,1262,2.1,0,46.8,29.2,37.0,1005.3
2025-05-31T14:30:17.245000+00:00,9967,178,1262,1.2,0,47.2,29.0,37.0,1005.5
2025-05-31T14:31:17.250000+00:00,9967,183,1262,1.2,0,47.8,28.9,37.0,1005.4
2025-05-31T14:32:17.262000+00:00,9967,219,1262,1.1,0,48.0,29.0,38.0,1005.3
2025-05-31T14:33:17.274000+00:00,9967,195,1262,1.1,0,47.8,29.1,37.0,1005.5
2025-05-31T14:34:17.276000+00:00,9967,169,1262,1.1,0,48.0,29.1,39.0,1005.4
2025-05-31T14:35:17.297000+00:00,9967,188,1262,1.2,0,47.8,29.2,37.0,1005.4
2025-05-31T14:36:17.293000+00:00,9967,198,1262,1.2,0,48.0,29.3,37.0,1005.4
2025-05-31T14:37:17.305000+00:00,9967,175,1262,1.8,0,48.0,29.4,38.0,1005.3
2025-05-31T14:38:17.326000+00:00,9967,154,1262,1.7,0,47.6,29.3,38.0,1005.4
2025-05-31T14:39:17.347000+00:00,9967,233,1262,0.8,0,47.0,29.3,39.0,1005.4
2025-05-31T14:40:17.345000+00:00,9967,208,1262,2.0,0,47.0,29.3,40.0,1005.4
2025-05-31T14:41:17.347000+00:00,9967,210,1262,1.5,0,47.1,29.3,40.0,1005.4
2025-05-31T14:42:17.348000+00:00,9967,196,1262,1.1,0,47.0,29.3,40.0,1005.5
2025-05-31T14:43:17.347000+00:00,9967,168,1262,1.8,0,46.5,29.1,41.0,1005.5
2025-05-31T14:44:17.349000+00:00,9967,228,1262,1.8,0,46.1,29.0,40.0,1005.4
2025-05-31T14:45:17.341000+00:00,9967,0,1262,1.7,0,47.1,29.0,41.0,1005.4
2025-05-31T14:46:17.373000+00:00,9967,233,1262,0.6,0,47.7,29.1,41.0,1005.4
2025-05-31T14:47:17.373000+00:00,9967,205,1262,1.1,0,47.7,29.2,40.0,1005.4
2025-05-31T14:48:17.400000+00:00,9967,193,1262,2.3,0,47.6,29.2,41.0,1005.5
2025-05-31T14:49:17.382000+00:00,9967,193,1262,1.6,0,45.1,29.3,41.0,1005.6
2025-05-31T14:50:17.386000+00:00,9967,188,1262,1.7,0,44.5,29.3,41.0,1005.5
2025-05-31T14:51:17.384000+00:00,9967,198,1262,1.3,0,44.1,29.0,42.0,1005.5
2025-05-31T14:52:17.390000+00:00,9967,205,1262,2.1,0,43.9,28.9,43.0,1005.4
2025-05-31T14:53:17.385000+00:00,9967,216,1262,1.4,0,43.6,28.8,42.0,1005.4
2025-05-31T14:54:17.388000+00:00,9967,200,1262,1.2,0,43.2,28.6,42.0,1005.5
2025-05-31T14:55:17.382000+00:00,9967,223,1262,1.2,0,42.6,28.6,43.0,1005.5
2025-05-31T14:56:17.395000+00:00,9967,212,1262,1.4,0,42.3,28.5,43.0,1005.4
2025-05-31T14:57:17.398000+00:00,9967,176,1262,2.1,0,42.0,28.5,43.0,1005.5
2025-05-31T14:58:17.401000+00:00,9967,173,1262,1.8,0,41.9,28.5,43.0,1005.4
2025-05-31T14:59:17.397000+00:00,9967,198,1262,1.7,0,41.3,28.5,43.0,1005.4
2025-05-31T15:00:17.390000+00:00,9967,169,1262,1.9,0,41.1,28.4,44.0,1005.4
2025-05-31T15:01:17.384000+00:00,9967,206,1262,1.6,0,41.1,28.4,44.0,1005.3
2025-05-31T15:02:17.395000+00:00,9967,236,1262,1.7,0,41.1,28.3,44.0,1005.3
2025-05-31T15:03:17.396000+00:00,9967,218,1262,1.2,0,41.1,28.2,44.0,1005.4
2025-05-25T12:07:18.971000+00:00,9979,298,1261,1.0,0,42.6,21.5,55.0,1017.3
2025-05-25T12:08:18.969000+00:00,9979,176,1261,0.7,0,43.6,21.6,54.0,1017.3
2025-05-25T12:09:19+00:00,9979,180,1261,2.2,0,43.5,21.6,54.0,1017.3
2025-05-25T12:10:19+00:00,9979,0,1261,1.2,0,43.3,21.4,55.0,1017.2
2025-05-25T12:11:19.017000+00:00,9979,341,1261,0.4,0,43.2,21.3,55.0,1017.1
2025-05-25T12:12:19.027000+00:00,9979,319,1261,1.1,0,43.0,21.4,55.0,1017.2
2025-05-25T12:13:19.024000+00:00,9979,327,1261,1.6,0,43.0,21.5,54.0,1017.2
2025-05-25T12:14:19.033000+00:00,9979,330,1261,2.2,0,43.0,21.5,56.0,1017.1
2025-05-25T12:15:19.028000+00:00,9979,334,1261,1.1,0,43.0,21.6,56.0,1017.2
2025-05-25T12:16:19.064000+00:00,9979,331,1261,1.1,0,44.1,21.8,53.0,1017.0
2025-05-25T12:17:19.072000+00:00,9979,315,1261,0.9,0,44.1,21.8,51.0,1017.1
2025-05-25T12:18:19.072000+00:00,9979,332,1261,1.4,0,43.5,21.6,53.0,1017.1
2025-05-25T12:19:19.088000+00:00,9979,345,1261,1.3,0,43.2,21.5,54.0,1017.1
2025-05-25T12:20:19.077000+00:00,9979,333,1261,1.0,0,42.7,21.5,55.0,1017.0
2025-05-25T12:21:19.075000+00:00,9979,302,1261,1.8,0,43.2,21.5,56.0,1017.1
2025-05-25T12:22:19.067000+00:00,9979,330,1261,1.2,0,44.2,21.6,55.0,1017.1
2025-05-25T12:23:19.073000+00:00,9979,337,1261,1.4,0,44.4,21.6,55.0,1017.0
2025-05-25T12:24:19.084000+00:00,9979,323,1261,1.5,0,44.5,21.8,54.0,1017.0
2025-05-25T12:25:19.078000+00:00,9979,242,1261,1.3,0,44.5,21.9,54.0,1017.0
2025-05-25T12:26:19.067000+00:00,9979,0,1261,0.9,0,44.1,21.7,54.0,1017.0
2025-05-25T12:27:19.073000+00:00,9979,327,1261,0.6,0,43.7,21.7,55.0,1017.0
2025-05-25T12:28:19.082000+00:00,9979,335,1261,0.6,0,44.1,21.9,54.0,1016.9
2025-05-25T12:29:19.092000+00:00,9979,327,1261,1.7,0,44.2,21.8,54.0,1017.0
2025-05-25T12:30:19.111000+00:00,9979,305,1261,1.5,0,43.9,21.8,54.0,1016.9
2025-05-25T12:31:19.114000+00:00,9979,325,1261,0.8,0,43.9,21.8,55.0,1017.0
2025-05-25T12:32:19.117000+00:00,9979,216,1261,0.9,0,43.9,22.1,52.0,1017.0
2025-05-25T12:33:19.114000+00:00,9979,2,1261,0.8,0,44.5,22.1,52.0,1017.1
2025-05-25T12:34:19.115000+00:00,9979,321,1261,0.9,0,44.5,22.0,53.0,1017.1
2025-05-25T12:35:19.104000+00:00,9979,325,1261,0.9,0,43.5,21.9,54.0,1017.0
2025-05-25T12:36:19.105000+00:00,9979,328,1261,0.7,0,43.5,22.0,54.0,1017.1
2025-05-25T12:37:19.117000+00:00,9979,252,1261,1.1,0,43.7,21.8,54.0,1017.0
2025-05-25T12:38:19.129000+00:00,9979,302,1261,1.3,0,43.7,21.7,54.0,1017.0
2025-05-25T12:39:19.112000+00:00,9979,0,1261,1.0,0,43.4,21.5,56.0,1017.0
2025-05-25T12:40:19.124000+00:00,9979,221,1261,0.7,0,42.7,21.5,56.0,1017.0
2025-05-25T12:41:19.121000+00:00,9979,332,1261,0.3,0,43.0,21.4,56.0,1017.0
2025-05-25T12:42:19.115000+00:00,9979,335,1261,1.1,0,43.3,21.4,55.0,1017.0
2025-05-25T12:43:19.125000+00:00,9979,328,1261,0.4,0,43.3,21.5,53.0,1017.1
2025-05-25T12:44:19.118000+00:00,9979,335,1261,1.5,0,42.9,21.6,53.0,1017.0
2025-05-25T12:45:19.118000+00:00,9979,338,1261,0.9,0,42.2,21.7,53.0,1017.1
2025-05-25T12:46:19.125000+00:00,9979,240,1261,1.3,0,42.1,21.8,53.0,1017.1
2025-05-25T12:47:19.116000+00:00,9979,145,1261,0.5,0,42.6,21.8,53.0,1017.1
2025-05-25T12:48:19.127000+00:00,9979,0,1261,0.8,0,43.3,21.9,52.0,1017.0
2025-05-25T12:49:19.125000+00:00,9979,330,1261,1.0,0,44.0,22.1,51.0,1016.9
2025-05-25T12:50:19.133000+00:00,9979,328,1261,0.9,0,44.8,22.1,49.0,1016.9
2025-05-25T12:51:19.125000+00:00,9979,230,1261,0.7,0,44.8,22.0,50.0,1016.9
2025-05-25T12:52:19.126000+00:00,9979,191,1261,0.5,0,44.4,22.1,50.0,1017.0
2025-05-25T12:53:19.124000+00:00,9979,192,1261,0.7,0,44.4,22.1,49.0,1017.0
2025-05-25T12:54:19.140000+00:00,9979,222,1261,0.6,0,44.1,22.1,50.0,1016.9
2025-05-25T12:55:19.141000+00:00,9979,189,1261,0.4,0,44.1,22.0,50.0,1017.1
2025-05-25T12:56:19.135000+00:00,9979,335,1261,1.4,0,43.7,21.9,51.0,1017.0
2025-05-25T12:57:19.129000+00:00,9979,355,1261,1.0,0,43.5,21.9,52.0,1016.9
2025-05-25T12:58:19.130000+00:00,9979,339,1261,1.7,0,44.5,21.9,51.0,1016.9
2025-05-25T12:59:19.149000+00:00,9979,330,1261,1.8,0,44.7,21.9,51.0,1016.9
2025-05-25T13:00:19.130000+00:00,9979,329,1261,1.5,0,44.6,21.9,51.0,1016.9
2025-05-25T13:01:19.131000+00:00,9979,295,1261,1.8,0,44.6,21.9,51.0,1016.9
2025-05-25T13:02:19.147000+00:00,9979,318,1261,1.1,0,45.0,21.9,51.0,1016.9
2025-05-25T13:03:19.132000+00:00,9979,345,1261,0.8,0,45.2,22.0,51.0,1016.8
2025-05-25T13:04:19.138000+00:00,9979,44,1261,1.2,0,43.9,22.0,51.0,1016.9
2025-05-25T13:05:19.148000+00:00,9979,331,1261,0.9,0,42.7,21.9,53.0,1016.9
2025-05-25T13:06:19.139000+00:00,9979,205,1261,0.9,0,42.7,21.7,53.0,1016.9
2025-05-25T13:07:19.155000+00:00,9979,346,1261,1.6,0,43.2,21.8,52.0,1016.9
2025-05-25T13:08:19.203000+00:00,9979,0,1261,1.0,0,43.2,21.9,51.0,1016.9
2025-05-25T13:09:19.215000+00:00,9979,190,1261,0.8,0,42.7,22.0,53.0,1016.9
2025-05-25T13:10:19.275000+00:00,9979,318,1261,0.5,0,41.3,22.0,55.0,1016.9
2025-05-25T13:11:19.251000+00:00,9979,171,1261,0.9,0,42.0,21.9,54.0,1016.8
2025-05-25T13:12:19.282000+00:00,9979,294,1261,1.1,0,42.2,21.9,54.0,1016.9
2025-05-25T13:13:19.267000+00:00,9979,341,1261,1.0,0,43.1,22.0,54.0,1016.9
2025-05-25T13:14:19.278000+00:00,9979,317,1261,0.8,0,44.1,22.1,52.0,1016.9
2025-05-25T13:15:19.283000+00:00,9979,16,1261,1.3,0,44.2,22.3,51.0,1016.9
2025-05-25T13:16:19.305000+00:00,9979,0,1261,1.1,0,44.6,22.4,50.0,1017.0
2025-05-25T13:17:19.290000+00:00,9979,331,1261,1.3,0,44.7,22.5,48.0,1017.0
2025-05-25T13:18:19.299000+00:00,9979,162,1261,1.1,0,45.0,22.6,49.0,1017.0
2025-05-25T13:19:19.331000+00:00,9979,29,1261,1.5,0,43.7,22.6,50.0,1016.9
2025-05-25T13:20:19.310000+00:00,9979,0,1261,0.4,0,43.7,22.5,52.0,1016.9
2025-05-25T13:21:19.366000+00:00,9979,265,1261,0.9,0,44.0,22.3,52.0,1017.0
2025-05-25T13:22:19.348000+00:00,9979,149,1261,0.8,0,44.0,22.4,53.0,1017.0
2025-05-25T13:23:19.333000+00:00,9979,0,1261,0.6,0,44.0,22.4,53.0,1016.9
2025-05-25T13:24:19.348000+00:00,9979,327,1261,0.8,0,44.3,22.5,51.0,1016.9
2025-05-25T13:25:19.361000+00:00,9979,173,1261,1.2,0,45.2,22.5,50.0,1016.9
2025-05-25T13:26:19.375000+00:00,9979,189,1261,0.5,0,45.2,22.6,48.0,1016.7
2025-05-25T13:27:19.369000+00:00,9979,238,1261,0.6,0,44.9,22.7,49.0,1016.9
2025-05-25T13:28:19.372000+00:00,9979,163,1261,1.2,0,44.5,22.8,49.0,1016.9
2025-05-25T13:29:19.388000+00:00,9979,177,1261,1.6,0,44.5,22.8,50.0,1016.9
2025-05-25T13:30:19.371000+00:00,9979,157,1261,0.8,0,44.0,22.6,51.0,1016.8
2025-05-25T13:31:19.386000+00:00,9979,349,1261,0.8,0,44.0,22.5,51.0,1016.8
2025-05-25T13:32:19.370000+00:00,9979,259,1261,0.5,0,44.0,22.4,52.0,1016.9
2025-05-25T13:33:19.371000+00:00,9979,295,1261,0.6,0,43.8,22.4,51.0,1016.9
2025-05-25T13:34:19.384000+00:00,9979,192,1261,0.8,0,43.1,22.5,52.0,1016.8
2025-05-25T13:35:19.393000+00:00,9979,193,1261,0.6,0,43.2,22.3,53.0,1016.9
2025-05-25T13:36:19.393000+00:00,9979,86,1261,1.4,0,43.8,22.4,53.0,1016.9
2025-05-25T13:37:19.383000+00:00,9979,169,1261,0.7,0,43.8,22.4,54.0,1016.8
2025-05-25T13:38:19.401000+00:00,9979,0,1261,0.6,0,43.6,22.3,53.0,1016.8
2025-05-25T13:39:19.418000+00:00,9979,165,1261,0.9,0,43.6,22.4,52.0,1016.8
2025-05-25T13:40:19.419000+00:00,9979,335,1261,1.0,0,43.7,22.4,52.0,1016.8
2025-05-25T13:41:19.403000+00:00,9979,196,1261,1.3,0,43.6,22.4,53.0,1016.9
2025-05-25T13:42:19.417000+00:00,9979,51,1261,1.1,0,43.3,22.5,54.0,1016.8
2025-05-25T13:43:19.417000+00:00,9979,117,1261,0.8,0,43.7,22.5,55.0,1016.8
2025-05-25T13:44:19.433000+00:00,9979,181,1261,1.0,0,43.7,22.4,54.0,1016.8
2025-05-25T13:45:19.434000+00:00,9979,353,1261,0.8,0,43.7,22.5,54.0,1016.8
2025-05-25T13:46:19.443000+00:00,9979,185,1261,1.1,0,43.6,22.7,53.0,1016.9
2025-05-25T13:47:19.434000+00:00,9979,169,1261,1.5,0,43.2,22.6,54.0,1016.8
2025-05-25T13:48:19.440000+00:00,9979,0,1261,0.8,0,43.1,22.5,53.0,1016.7
2025-05-25T13:49:19.456000+00:00,9979,141,1261,0.9,0,43.2,22.6,54.0,1016.8
2025-05-25T13:50:19.490000+00:00,9979,289,1261,0.0,0,43.6,22.5,55.0,1016.7
2025-05-25T13:51:19.490000+00:00,9979,75,1261,0.8,0,43.7,22.5,55.0,1016.6
2025-05-25T13:52:19.493000+00:00,9979,183,1261,0.6,0,43.7,22.5,54.0,1016.6
2025-05-25T13:53:19.509000+00:00,9979,202,1261,0.7,0,43.5,22.6,53.0,1016.7
2025-05-25T13:54:19.509000+00:00,9979,197,1261,0.7,0,43.2,22.8,52.0,1016.7
2025-05-25T13:55:19.521000+00:00,9979,203,1261,0.6,0,43.2,22.7,54.0,1016.7
2025-05-25T13:56:19.515000+00:00,9979,260,1261,0.9,0,43.4,22.8,54.0,1016.6
2025-05-25T13:57:19.526000+00:00,9979,0,1261,0.7,0,43.5,22.9,52.0,1016.7
2025-05-25T13:58:19.542000+00:00,9979,0,1261,0.5,0,43.7,22.9,51.0,1016.7
2025-05-25T13:59:19.548000+00:00,9979,345,1261,0.8,0,42.9,22.6,54.0,1016.6
2025-05-25T14:00:19.539000+00:00,9979,194,1261,0.5,0,42.7,22.5,55.0,1016.6
2025-05-25T14:01:19.563000+00:00,9979,180,1261,0.9,0,43.0,22.5,54.0,1016.5
2025-05-25T14:02:19.555000+00:00,9979,304,1261,0.8,0,43.4,22.5,54.0,1016.6
2025-05-25T14:03:19.561000+00:00,9979,170,1261,0.7,0,43.2,22.5,55.0,1016.7
2025-05-25T14:04:19.572000+00:00,9979,34,1261,0.5,0,43.2,22.5,53.0,1016.5
2025-05-25T14:05:19.595000+00:00,9979,181,1261,0.9,0,42.4,22.5,55.0,1016.7
2025-05-25T14:06:19.591000+00:00,9979,178,1261,0.9,0,42.4,22.5,56.0,1016.7
2025-05-25T14:07:19.607000+00:00,9979,146,1261,1.1,0,42.3,22.5,56.0,1016.7
2025-05-25T14:08:19.607000+00:00,9979,151,1261,1.7,0,42.2,22.5,56.0,1016.6
2025-05-25T14:09:19.623000+00:00,9979,197,1261,1.1,0,42.2,22.6,55.0,1016.5
2025-05-25T14:10:19.617000+00:00,9979,296,1261,0.9,0,42.2,22.5,55.0,1016.5
2025-05-25T14:11:19.640000+00:00,9979,70,1261,0.8,0,42.1,22.4,55.0,1016.5
2025-05-25T14:12:19.638000+00:00,9979,239,1261,0.8,0,42.2,22.5,55.0,1016.5
2025-05-25T14:13:19.665000+00:00,9979,331,1261,1.0,0,42.2,22.4,54.0,1016.6
2025-05-25T14:14:19.651000+00:00,9979,245,1261,1.1,0,42.2,22.5,54.0,1016.5
2025-05-25T14:15:19.663000+00:00,9979,225,1261,0.7,0,42.9,22.5,53.0,1016.5
2025-05-25T14:16:19.659000+00:00,9979,195,1261,0.7,0,42.9,22.6,53.0,1016.4
2025-05-25T14:17:19.682000+00:00,9979,348,1261,1.3,0,43.9,22.6,53.0,1016.5
2025-05-25T14:18:19.686000+00:00,9979,196,1261,0.8,0,43.9,22.7,51.0,1016.5
2025-05-25T14:19:19.700000+00:00,9979,4,1261,1.1,0,43.9,22.8,50.0,1016.5
2025-05-25T14:20:19.687000+00:00,9979,0,1261,1.0,0,42.2,22.6,52.0,1016.5
2025-05-25T14:21:19.703000+00:00,9979,0,1261,0.6,0,42.2,22.5,52.0,1016.4
2025-05-25T14:22:19.681000+00:00,9979,324,1261,0.0,0,42.5,22.5,52.0,1016.4
2025-05-25T14:23:19.694000+00:00,9979,201,1261,1.0,0,42.5,22.5,52.0,1016.4
2025-05-25T14:24:19.689000+00:00,9979,147,1261,0.4,0,43.0,22.6,51.0,1016.3
2025-05-25T14:25:19.690000+00:00,9979,179,1261,0.8,0,43.0,22.7,50.0,1016.4
2025-05-25T14:26:19.713000+00:00,9979,65,1261,1.0,0,42.8,22.8,49.0,1016.4
2025-05-25T14:27:19.708000+00:00,9979,197,1261,1.0,0,42.8,22.8,48.0,1016.5
2025-05-25T14:28:19.703000+00:00,9979,0,1261,1.0,0,43.1,22.7,48.0,1016.4
2025-05-25T14:29:19.718000+00:00,9979,314,1261,0.8,0,42.7,22.6,48.0,1016.4
2025-05-25T14:30:19.699000+00:00,9979,0,1261,0.9,0,42.7,22.5,49.0,1016.3
2025-05-25T14:31:19.709000+00:00,9979,195,1261,0.4,0,41.7,22.5,50.0,1016.5
2025-05-25T14:32:19.703000+00:00,9979,0,1261,1.5,0,41.3,22.4,51.0,1016.3
2025-05-25T14:33:19.711000+00:00,9979,0,1261,0.4,0,41.8,22.4,51.0,1016.4
2025-05-25T14:34:19.711000+00:00,9979,0,1261,0.8,0,42.6,22.5,51.0,1016.2
2025-05-25T14:35:19.706000+00:00,9979,198,1261,0.6,0,42.2,22.5,50.0,1016.3
2025-05-25T14:36:19.721000+00:00,9979,182,1261,1.9,0,42.3,22.5,51.0,1016.3
2025-05-25T14:37:19.711000+00:00,9979,185,1261,1.4,0,42.7,22.6,50.0,1016.3
2025-05-25T14:38:19.708000+00:00,9979,151,1261,1.2,0,42.0,22.5,50.0,1016.3
2025-05-25T14:39:19.705000+00:00,9979,242,1261,1.6,0,41.8,22.3,51.0,1016.3
2025-05-25T14:40:19.717000+00:00,9979,169,1261,1.5,0,41.6,22.3,51.0,1016.3
2025-05-25T14:41:19.718000+00:00,9979,203,1261,1.5,0,41.3,22.2,52.0,1016.2
2025-05-25T14:42:19.722000+00:00,9979,185,1261,0.9,0,41.3,22.3,51.0,1016.2
2025-05-25T14:43:19.722000+00:00,9979,195,1261,1.5,0,41.9,22.4,50.0,1016.2
2025-05-25T14:44:19.722000+00:00,9979,264,1261,1.0,0,41.7,22.4,50.0,1016.2
2025-05-25T14:45:19.707000+00:00,9979,192,1261,1.5,0,41.4,22.4,51.0,1016.2
2025-05-25T14:46:19.712000+00:00,9979,159,1261,0.8,0,41.6,22.5,50.0,1016.2
2025-06-13T17:16:29.364000+00:00,9956,193,1263,2.0,0,41.4,16.1,44.0,1021.1
2025-06-13T17:17:29.398000+00:00,9956,193,1263,2.0,0,41.4,16.1,44.0,1021.1
2025-06-13T17:18:29.393000+00:00,9956,190,1263,1.2,0,41.4,16.1,43.0,1021.0
2025-06-13T17:19:29.393000+00:00,9956,202,1263,2.6,0,41.4,16.0,44.0,1021.1
2025-06-13T17:20:29.381000+00:00,9956,201,1263,3.0,0,41.4,16.0,45.0,1021.1
2025-06-13T17:21:29.381000+00:00,9956,199,1263,2.5,0,41.2,16.0,44.0,1021.1
2025-06-13T17:22:29.397000+00:00,9956,210,1263,3.0,0,40.6,16.0,44.0,1021.1
2025-06-13T17:23:29.429000+00:00,9956,184,1263,2.4,0,40.8,16.1,43.0,1021.1
2025-06-13T17:24:29.429000+00:00,9956,193,1263,2.7,0,40.8,16.2,44.0,1021.1
2025-06-13T17:25:29.427000+00:00,9956,195,1263,2.3,0,40.0,16.4,43.0,1021.0
2025-06-13T17:26:29.452000+00:00,9956,218,1263,2.1,0,40.0,16.5,45.0,1021.1
2025-06-13T17:27:29.437000+00:00,9956,240,1263,1.8,0,40.3,16.4,45.0,1021.1
2025-06-13T17:28:29.428000+00:00,9956,191,1263,1.7,0,41.0,16.3,44.0,1021.0
2025-06-13T17:29:29.444000+00:00,9956,199,1263,2.5,0,41.2,16.3,46.0,1021.1
2025-06-13T17:30:29.460000+00:00,9956,203,1263,2.8,0,41.6,16.3,44.0,1021.0
2025-06-13T17:31:29.461000+00:00,9956,190,1263,3.1,0,41.6,16.4,44.0,1020.9
2025-06-13T17:32:29.445000+00:00,9956,192,1263,2.9,0,41.6,16.3,44.0,1021.0
2025-06-13T17:33:29.461000+00:00,9956,204,1263,2.6,0,41.7,16.2,45.0,1021.0
2025-06-13T17:34:29.478000+00:00,9956,186,1263,3.2,0,41.7,16.2,46.0,1021.0
2025-06-13T17:35:29.463000+00:00,9956,188,1263,2.4,0,42.0,16.3,47.0,1021.0
2025-06-13T17:36:29.463000+00:00,9956,204,1263,2.0,0,42.2,16.5,45.0,1021.0
2025-06-13T17:37:29.466000+00:00,9956,194,1263,3.0,0,42.2,16.6,45.0,1021.1
2025-06-13T17:38:29.467000+00:00,9956,179,1263,1.2,0,42.2,16.6,45.0,1021.0
2025-06-13T17:39:29.461000+00:00,9956,202,1263,2.0,0,42.3,16.7,42.0,1021.0
2025-06-13T17:40:29.462000+00:00,9956,184,1263,2.0,0,42.4,16.7,44.0,1020.9
2025-06-13T17:41:29.462000+00:00,9956,213,1263,1.9,0,42.4,16.7,43.0,1021.0
2025-06-13T17:42:29.469000+00:00,9956,204,1263,2.3,0,42.4,16.8,44.0,1020.9
2025-06-13T17:43:29.476000+00:00,9956,190,1263,1.4,0,42.5,16.8,45.0,1020.9
2025-06-13T17:44:29.476000+00:00,9956,174,1263,0.9,0,42.6,16.8,44.0,1021.0
2025-06-13T17:45:29.476000+00:00,9956,189,1263,1.5,0,42.7,16.8,41.0,1020.9
2025-06-13T17:46:29.477000+00:00,9956,218,1263,2.6,0,42.5,16.7,44.0,1020.9
2025-06-13T17:47:29.477000+00:00,9956,188,1263,1.4,0,42.6,16.8,43.0,1020.9
2025-06-13T17:48:29.478000+00:00,9956,221,1263,2.4,0,42.9,16.7,43.0,1020.9
2025-06-13T17:49:29.478000+00:00,9956,204,1263,3.1,0,42.8,16.6,42.0,1020.9
2025-06-13T17:50:29.463000+00:00,9956,204,1263,2.6,0,42.6,16.6,44.0,1020.9
2025-06-13T17:51:29.479000+00:00,9956,216,1263,2.8,0,42.5,16.7,44.0,1020.9
2025-06-13T17:52:29.473000+00:00,9956,208,1263,2.8,0,42.6,16.6,44.0,1020.9
2025-06-13T17:53:29.474000+00:00,9956,211,1263,2.8,0,42.7,16.5,45.0,1020.9
2025-06-13T17:54:29.474000+00:00,9956,191,1263,2.8,0,42.7,16.5,46.0,1020.8
2025-06-13T17:55:29.475000+00:00,9956,202,1263,2.7,0,43.0,16.5,45.0,1020.9
2025-06-13T17:56:29.466000+00:00,9956,192,1263,1.6,0,43.0,16.6,46.0,1020.9
2025-06-13T17:57:29.498000+00:00,9956,249,1263,1.8,0,43.2,16.6,43.0,1020.9
2025-06-13T17:58:29.483000+00:00,9956,173,1263,1.1,0,43.2,16.7,44.0,1021.0
2025-06-13T17:59:29.483000+00:00,9956,168,1263,1.6,0,43.0,16.7,43.0,1020.8
2025-06-13T18:00:29.484000+00:00,9956,165,1263,0.9,0,43.3,16.8,44.0,1020.9
2025-06-13T18:01:29.484000+00:00,9956,223,1263,2.0,0,43.3,17.0,44.0,1020.9
2025-06-13T18:02:29.485000+00:00,9956,210,1263,2.0,0,43.3,17.0,43.0,1020.9
2025-06-13T18:03:29.485000+00:00,9956,251,1263,2.0,0,43.3,17.0,43.0,1020.8
2025-06-13T18:04:29.485000+00:00,9956,45,1263,1.0,0,43.1,17.1,44.0,1020.8
2025-06-13T18:05:29.470000+00:00,9956,181,1263,2.0,0,43.0,17.1,43.0,1020.9
2025-06-13T18:06:29.486000+00:00,9956,203,1263,2.6,0,43.1,17.0,42.0,1020.8
2025-06-13T18:07:29.484000+00:00,9956,197,1263,2.4,0,42.9,16.9,43.0,1020.7
2025-06-13T18:08:29.484000+00:00,9956,203,1263,2.2,0,42.9,16.9,44.0,1020.9
2025-06-13T18:09:29.485000+00:00,9956,197,1263,3.0,0,43.2,16.9,43.0,1020.8
2025-06-13T18:10:29.485000+00:00,9956,208,1263,3.1,0,43.2,16.9,43.0,1020.8
2025-06-13T18:11:29.501000+00:00,9956,224,1263,2.1,0,43.1,16.9,45.0,1020.9
2025-06-13T18:12:29.501000+00:00,9956,244,1263,1.8,0,43.2,16.9,44.0,1020.9
2025-06-13T18:13:29.486000+00:00,9956,208,1263,2.4,0,43.4,16.9,43.0,1020.9
2025-06-13T18:14:29.487000+00:00,9956,240,1263,1.9,0,43.5,17.1,44.0,1020.9
2025-06-13T18:15:29.487000+00:00,9956,228,1263,2.4,0,43.5,17.1,43.0,1020.8
2025-06-13T18:16:29.488000+00:00,9956,205,1263,2.5,0,43.5,16.9,43.0,1020.8
2025-06-13T18:17:29.504000+00:00,9956,236,1263,2.7,0,43.3,16.8,43.0,1020.8
2025-06-13T18:18:29.489000+00:00,9956,209,1263,2.1,0,43.2,16.7,43.0,1020.8
2025-06-13T18:19:29.489000+00:00,9956,192,1263,2.0,0,43.3,16.7,45.0,1020.7
2025-06-13T18:20:29.521000+00:00,9956,207,1263,2.4,0,43.2,16.8,44.0,1020.8
2025-06-13T18:21:29.490000+00:00,9956,214,1263,3.2,0,43.4,16.8,44.0,1020.7
2025-06-13T18:22:29.490000+00:00,9956,208,1263,2.9,0,43.4,16.7,45.0,1020.8
2025-06-13T18:23:29.491000+00:00,9956,207,1263,2.3,0,43.4,16.8,45.0,1020.8
2025-06-13T18:24:29.491000+00:00,9956,227,1263,2.4,0,43.5,16.8,45.0,1020.8
2025-06-13T18:25:29.492000+00:00,9956,200,1263,2.6,0,43.6,16.8,44.0,1020.7
2025-06-13T18:26:29.492000+00:00,9956,199,1263,2.0,0,43.6,16.6,45.0,1020.7
2025-06-13T18:27:29.492000+00:00,9956,178,1263,1.8,0,43.8,16.8,43.0,1020.6
2025-06-13T18:28:29.493000+00:00,9956,179,1263,2.1,0,44.0,16.9,44.0,1020.7
2025-06-13T18:29:29.499000+00:00,9956,194,1263,1.4,0,44.0,17.0,42.0,1020.7
2025-06-13T18:30:29.516000+00:00,9956,213,1263,2.6,0,43.8,16.9,43.0,1020.6
2025-06-13T18:31:29.501000+00:00,9956,201,1263,2.0,0,43.8,17.0,43.0,1020.7
2025-06-13T18:32:29.508000+00:00,9956,196,1263,1.8,0,44.0,17.0,43.0,1020.6
2025-06-13T18:33:29.508000+00:00,9956,189,1263,1.9,0,44.0,17.1,42.0,1020.7
2025-06-13T18:34:29.515000+00:00,9956,188,1263,2.8,0,44.0,17.2,42.0,1020.8
2025-06-13T18:35:29.506000+00:00,9956,190,1263,2.7,0,44.1,17.2,44.0,1020.8
2025-06-14T19:46:35.008000+00:00,9959,356,1263,3.1,0,45.4,21.2,29.0,1019.0
2025-06-14T19:47:35.024000+00:00,9959,27,1263,1.6,0,45.2,21.3,31.0,1019.2
2025-06-14T19:48:35.040000+00:00,9959,32,1263,2.7,0,45.0,21.2,31.0,1019.1
2025-06-14T19:49:35.056000+00:00,9959,13,1263,2.4,0,45.0,21.2,32.0,1019.3
2025-06-14T19:50:35.072000+00:00,9959,31,1263,3.1,0,45.0,21.2,30.0,1019.1
2025-06-14T19:51:35.073000+00:00,9959,22,1263,2.8,0,45.0,21.1,31.0,1019.2
2025-06-14T19:52:35.092000+00:00,9959,25,1263,3.0,0,44.7,21.1,31.0,1019.2
2025-06-14T19:53:35.093000+00:00,9959,30,1263,2.5,0,44.7,21.1,32.0,1019.0
2025-06-14T19:54:35.077000+00:00,9959,36,1263,2.8,0,44.7,21.2,31.0,1019.2
2025-06-14T19:55:35.101000+00:00,9959,42,1263,2.4,0,44.6,21.2,34.0,1019.1
2025-06-14T19:56:35.110000+00:00,9959,24,1263,2.8,0,44.5,21.2,32.0,1019.1
2025-06-14T19:57:35.095000+00:00,9959,29,1263,2.1,0,44.5,21.3,32.0,1019.1
2025-06-14T19:58:35.095000+00:00,9959,31,1263,2.6,0,44.5,21.4,32.0,1019.1
2025-06-14T19:59:35.096000+00:00,9959,34,1263,2.5,0,44.3,21.4,31.0,1019.2
2025-06-14T20:00:35.112000+00:00,9959,34,1263,2.7,0,44.2,21.3,32.0,1019.1
2025-06-14T20:01:35.112000+00:00,9959,21,1263,3.0,0,44.0,21.2,32.0,1019.0
2025-06-14T20:02:35.103000+00:00,9959,37,1263,2.3,0,44.2,21.3,32.0,1019.1
2025-06-14T20:03:35.104000+00:00,9959,22,1263,2.6,0,44.3,21.3,30.0,1019.1
2025-06-14T20:04:35.116000+00:00,9959,29,1263,2.9,0,43.8,21.4,30.0,1019.1
2025-06-14T20:05:35.107000+00:00,9959,6,1263,3.0,0,43.8,21.3,31.0,1019.0
2025-06-14T20:06:35.124000+00:00,9959,16,1263,2.6,0,43.6,21.3,33.0,1019.0
2025-06-14T20:07:35.140000+00:00,9959,22,1263,1.9,0,43.9,21.2,33.0,1019.0
2025-06-14T20:08:35.156000+00:00,9959,29,1263,2.3,0,43.9,21.1,32.0,1019.0
2025-06-14T20:09:35.150000+00:00,9959,21,1263,2.3,0,43.9,21.1,31.0,1019.1
2025-06-14T20:10:35.160000+00:00,9959,37,1263,2.9,0,43.9,21.1,31.0,1019.0
2025-06-14T20:11:35.179000+00:00,9959,23,1263,2.9,0,43.3,21.2,30.0,1019.0
2025-06-14T20:12:35.179000+00:00,9959,17,1263,3.2,0,43.4,21.3,31.0,1018.9
2025-06-14T20:13:35.180000+00:00,9959,30,1263,2.6,0,43.8,21.2,32.0,1019.0
2025-06-14T20:14:35.209000+00:00,9959,36,1263,3.1,0,43.2,21.1,32.0,1018.9
2025-06-14T20:15:35.225000+00:00,9959,26,1263,3.1,0,43.2,21.3,33.0,1019.1
2025-06-14T20:16:35.225000+00:00,9959,19,1263,2.8,0,43.3,21.3,32.0,1019.0
2025-06-14T20:17:35.242000+00:00,9959,34,1263,2.6,0,43.2,21.3,33.0,1019.0
2025-06-14T20:18:35.258000+00:00,9959,20,1263,2.4,0,43.4,21.3,30.0,1018.9
2025-06-14T20:19:35.267000+00:00,9959,25,1263,1.7,0,43.5,21.4,30.0,1019.0
2025-06-14T20:20:35.283000+00:00,9959,39,1263,2.2,0,43.6,21.5,30.0,1018.9
2025-06-14T20:21:35.284000+00:00,9959,1,1263,1.9,0,43.5,21.4,30.0,1018.9
2025-06-14T20:22:35.300000+00:00,9959,19,1263,2.6,0,43.4,21.4,30.0,1018.9
2025-06-14T20:23:35.316000+00:00,9959,35,1263,2.4,0,43.4,21.3,31.0,1018.8
2025-06-14T20:24:35.316000+00:00,9959,41,1263,2.1,0,43.3,21.4,31.0,1018.9
2025-06-14T20:25:35.301000+00:00,9959,17,1263,2.1,0,43.1,21.4,30.0,1018.9
2025-06-14T20:26:35.321000+00:00,9959,28,1263,1.9,0,43.1,21.4,31.0,1018.9
2025-06-14T20:27:35.337000+00:00,9959,34,1263,1.6,0,43.2,21.5,32.0,1018.8
2025-06-14T20:28:35.368000+00:00,9959,32,1263,2.2,0,43.3,21.5,30.0,1018.9
2025-06-14T20:29:35.369000+00:00,9959,35,1263,2.5,0,43.3,21.4,31.0,1018.7
2025-06-14T20:30:35.372000+00:00,9959,28,1263,2.7,0,43.1,21.4,32.0,1018.8
2025-06-14T20:31:35.373000+00:00,9959,8,1263,2.4,0,43.1,21.3,30.0,1018.9
2025-06-14T20:32:35.374000+00:00,9959,29,1263,1.3,0,43.1,21.3,31.0,1018.8
2025-06-14T20:33:35.388000+00:00,9959,15,1263,1.8,0,43.1,21.3,32.0,1018.8
2025-06-14T20:34:35.377000+00:00,9959,29,1263,2.7,0,43.1,21.3,31.0,1018.8
2025-06-14T20:35:35.393000+00:00,9959,35,1263,2.0,0,42.9,21.3,30.0,1018.9
2025-06-14T20:36:35.394000+00:00,9959,44,1263,2.5,0,42.9,21.3,32.0,1018.8
2025-06-14T20:37:35.379000+00:00,9959,29,1263,2.0,0,42.9,21.3,29.0,1018.9
2025-06-14T20:38:35.379000+00:00,9959,13,1263,2.0,0,42.9,21.4,28.0,1018.9
2025-06-14T20:39:35.380000+00:00,9959,357,1263,2.0,0,42.9,21.3,29.0,1019.0
2025-06-14T20:40:35.380000+00:00,9959,13,1263,1.6,0,42.9,21.4,29.0,1018.9
2025-06-14T20:41:35.384000+00:00,9959,24,1263,2.0,0,42.6,21.5,30.0,1019.0
2025-06-14T20:42:35.385000+00:00,9959,14,1263,2.0,0,42.5,21.5,30.0,1019.0
2025-06-14T20:43:35.385000+00:00,9959,18,1263,1.8,0,42.4,21.4,31.0,1018.9
2025-06-14T20:44:35.386000+00:00,9959,34,1263,2.1,0,42.4,21.4,31.0,1018.9
2025-06-14T20:45:35.386000+00:00,9959,36,1263,2.0,0,42.3,21.3,32.0,1018.9
2025-06-14T20:46:35.403000+00:00,9959,31,1263,1.9,0,42.3,21.3,31.0,1019.0
2025-06-14T20:47:35.403000+00:00,9959,16,1263,1.2,0,42.4,21.3,33.0,1019.0
2025-06-14T20:48:35.435000+00:00,9959,61,1263,1.7,0,42.4,21.3,32.0,1018.9
2025-06-14T20:49:35.432000+00:00,9959,345,1263,1.6,0,42.6,21.3,29.0,1019.0
2025-06-14T20:50:35.448000+00:00,9959,9,1263,1.8,0,42.7,21.3,29.0,1019.0
2025-06-14T20:51:35.480000+00:00,9959,353,1263,1.2,0,42.7,21.2,28.0,1018.9
2025-06-14T20:52:35.512000+00:00,9959,18,1263,1.4,0,42.5,21.2,27.0,1018.9
2025-06-14T20:53:35.478000+00:00,9959,55,1263,0.9,0,42.5,21.2,28.0,1019.0
2025-06-14T20:54:35.497000+00:00,9959,8,1263,1.2,0,42.6,21.3,28.0,1019.0
2025-06-14T20:55:35.482000+00:00,9959,29,1263,2.5,0,42.5,21.4,29.0,1018.9
2025-06-14T20:56:35.482000+00:00,9959,20,1263,2.6,0,42.3,21.4,30.0,1019.0
2025-06-14T20:57:35.483000+00:00,9959,22,1263,2.2,0,41.9,21.4,30.0,1018.9
2025-06-14T20:58:35.468000+00:00,9959,20,1263,2.5,0,41.9,21.3,31.0,1018.8
2025-06-14T20:59:35.491000+00:00,9959,26,1263,3.3,0,41.6,21.3,30.0,1018.8
2025-06-14T21:00:35.484000+00:00,9959,33,1263,3.1,0,41.6,21.3,30.0,1018.8
2025-06-14T21:01:35.532000+00:00,9959,27,1263,3.0,0,41.5,21.3,30.0,1018.9
2025-06-14T21:02:35.516000+00:00,9959,4,1263,3.0,0,41.3,21.4,30.0,1018.9
2025-06-14T21:03:35.501000+00:00,9959,8,1263,2.5,0,41.1,21.4,31.0,1018.8
2025-06-14T21:04:35.533000+00:00,9959,4,1263,1.8,0,41.1,21.4,31.0,1018.9
2025-06-14T21:05:35.518000+00:00,9959,23,1263,1.9,0,41.3,21.2,31.0,1018.8
2025-06-14T21:06:35.518000+00:00,9959,353,1263,2.2,0,41.3,21.2,30.0,1018.9
2025-06-14T21:07:35.519000+00:00,9959,353,1263,2.2,0,41.3,21.3,30.0,1018.9
2025-06-14T21:08:35.535000+00:00,9959,13,1263,1.7,0,41.5,21.3,30.0,1018.9
2025-06-14T21:09:35.520000+00:00,9959,358,1263,0.8,0,41.5,21.2,30.0,1018.8
2025-06-14T21:10:35.517000+00:00,9959,18,1263,1.4,0,41.8,21.3,29.0,1018.9
2025-06-01T12:04:21.972000+00:00,9971,224,1262,2.3,0,48.2,29.9,49.0,1003.5
2025-06-01T12:05:21.970000+00:00,9971,221,1262,1.1,0,48.4,30.0,49.0,1003.6
2025-06-01T12:06:21.971000+00:00,9971,291,1262,1.6,0,48.6,30.0,49.0,1003.5
2025-06-01T12:07:21.959000+00:00,9971,217,1262,1.1,0,48.8,30.0,49.0,1003.5
2025-06-01T12:08:21.998000+00:00,9971,6,1262,1.1,0,48.8,30.0,49.0,1003.4
2025-06-01T12:09:21.977000+00:00,9971,34,1262,1.1,0,48.1,30.0,50.0,1003.4
2025-06-01T12:10:21.999000+00:00,9971,345,1262,1.1,0,49.2,30.0,50.0,1003.4
2025-06-01T12:11:22.002000+00:00,9971,345,1262,1.4,0,49.2,29.7,49.0,1003.4
2025-06-01T12:12:22.007000+00:00,9971,324,1262,1.3,0,49.0,29.6,49.0,1003.4
2025-06-01T12:13:22.001000+00:00,9971,212,1262,1.8,0,48.9,29.6,49.0,1003.5
2025-06-01T12:14:22.014000+00:00,9971,166,1262,1.2,0,48.5,29.6,49.0,1003.3
2025-06-01T12:15:22.021000+00:00,9971,191,1262,1.9,0,48.5,29.5,50.0,1003.4
2025-06-01T12:16:22.018000+00:00,9971,234,1262,1.8,0,49.1,29.6,49.0,1003.5
2025-06-01T12:17:22.025000+00:00,9971,217,1262,1.6,0,48.7,29.5,49.0,1003.4
2025-06-01T12:18:22.057000+00:00,9971,187,1262,1.2,0,49.4,29.5,49.0,1003.4
2025-06-01T12:19:22.050000+00:00,9971,205,1262,0.8,0,49.4,29.5,49.0,1003.4
2025-06-01T12:20:22.068000+00:00,9971,163,1262,1.4,0,49.4,29.6,48.0,1003.4
2025-06-01T12:21:22.072000+00:00,9971,166,1262,1.3,0,48.6,29.6,48.0,1003.4
2025-06-01T12:22:22.094000+00:00,9971,302,1262,1.6,0,48.3,29.5,48.0,1003.3
2025-06-01T12:23:22.092000+00:00,9971,306,1262,1.5,0,48.3,29.4,49.0,1003.3
2025-06-01T12:24:22.096000+00:00,9971,1,1262,1.1,0,48.7,29.3,49.0,1003.3
2025-06-01T12:25:22.106000+00:00,9971,0,1262,1.1,0,49.4,29.3,49.0,1003.3
2025-06-01T12:26:22.091000+00:00,9971,311,1262,0.8,0,49.4,29.2,49.0,1003.3
2025-06-01T12:27:22.087000+00:00,9971,188,1262,1.3,0,49.6,29.3,48.0,1003.3
2025-06-01T12:28:22.088000+00:00,9971,236,1262,1.5,0,48.9,29.3,48.0,1003.4
2025-06-01T12:29:22.096000+00:00,9971,163,1262,0.9,0,49.4,29.4,48.0,1003.1
2025-06-01T12:30:22.091000+00:00,9971,310,1262,1.1,0,49.4,29.5,48.0,1003.3
2025-06-01T12:31:22.096000+00:00,9971,35,1262,1.3,0,49.7,29.5,48.0,1003.3
2025-06-01T12:32:22.087000+00:00,9971,242,1262,1.1,0,49.2,29.5,49.0,1003.3
2025-06-01T12:33:22.097000+00:00,9971,238,1262,1.4,0,49.3,29.5,49.0,1003.1
2025-06-01T12:34:22.094000+00:00,9971,199,1262,2.5,0,49.3,29.6,49.0,1003.1
2025-06-01T12:35:22.120000+00:00,9971,170,1262,1.8,0,49.2,29.4,50.0,1003.3
2025-06-01T12:36:22.105000+00:00,9971,203,1262,1.7,0,48.8,29.2,51.0,1003.2
2025-06-01T12:37:22.100000+00:00,9971,265,1262,0.7,0,49.1,29.2,52.0,1003.2
2025-06-01T12:38:22.114000+00:00,9971,32,1262,1.4,0,50.3,29.1,51.0,1003.3
2025-06-01T12:39:22.116000+00:00,9971,265,1262,1.5,0,50.4,29.3,50.0,1003.1
2025-06-01T12:40:22.095000+00:00,9971,35,1262,1.1,0,50.3,29.3,51.0,1003.1
2025-06-01T12:41:22.115000+00:00,9971,6,1262,1.9,0,50.1,29.4,50.0,1003.2
2025-06-01T12:42:22.116000+00:00,9971,291,1262,1.1,0,48.8,29.4,51.0,1003.1
2025-06-01T12:43:22.102000+00:00,9971,83,1262,2.8,0,48.8,29.3,52.0,1003.0
2025-06-01T12:44:22.108000+00:00,9971,316,1262,1.4,0,49.4,29.3,52.0,1003.1
2025-06-01T12:45:22.118000+00:00,9971,200,1262,1.5,0,49.4,29.1,51.0,1003.1
2025-06-01T12:46:22.117000+00:00,9971,266,1262,1.4,0,49.6,29.1,51.0,1003.0
2025-06-01T12:47:22.119000+00:00,9971,216,1262,1.3,0,49.1,29.1,51.0,1003.1
2025-06-01T12:48:22.108000+00:00,9971,145,1262,1.7,0,49.4,29.1,51.0,1003.1
2025-06-01T12:49:22.107000+00:00,9971,177,1262,1.3,0,49.5,29.2,51.0,1003.0
2025-06-01T12:50:22.122000+00:00,9971,164,1262,2.2,0,49.5,29.4,50.0,1003.0
2025-06-01T12:51:22.121000+00:00,9971,243,1262,0.9,0,49.5,29.5,51.0,1003.0
2025-06-01T12:52:22.118000+00:00,9971,207,1262,1.3,0,49.7,29.5,50.0,1003.1
2025-06-01T12:53:22.133000+00:00,9971,249,1262,1.4,0,50.2,29.4,50.0,1003.0
2025-06-01T12:54:22.115000+00:00,9971,180,1262,1.2,0,49.7,29.5,50.0,1003.0
2025-06-01T12:55:22.118000+00:00,9971,195,1262,1.5,0,50.3,29.6,50.0,1003.0
2025-06-01T12:56:22.132000+00:00,9971,61,1262,1.1,0,50.3,29.6,50.0,1003.0
2025-06-01T12:57:22.131000+00:00,9971,320,1262,1.5,0,50.3,29.6,50.0,1003.1
2025-06-01T12:58:22.140000+00:00,9971,0,1262,0.9,0,50.4,29.6,50.0,1002.9
2025-06-01T12:59:22.174000+00:00,9971,258,1262,1.1,0,50.4,29.6,50.0,1003.0
2025-06-01T13:00:22.171000+00:00,9971,193,1262,1.0,0,49.7,29.6,49.0,1003.0
2025-06-01T13:01:22.172000+00:00,9971,191,1262,1.1,0,49.4,29.8,50.0,1003.0
2025-06-01T13:02:22.180000+00:00,9971,349,1262,1.0,0,49.4,29.7,50.0,1002.9
2025-06-01T13:03:22.191000+00:00,9971,275,1262,2.0,0,49.5,29.6,51.0,1002.9
2025-06-01T13:04:22.245000+00:00,9971,351,1262,1.0,0,49.4,29.5,51.0,1003.1
2025-06-01T13:05:22.175000+00:00,9971,261,1262,1.2,0,49.4,29.6,51.0,1003.0
2025-06-01T13:06:22.166000+00:00,9971,48,1262,1.1,0,49.0,29.5,52.0,1002.8
2025-06-01T13:07:22.227000+00:00,9971,275,1262,2.6,0,49.4,29.4,53.0,1002.9
2025-06-01T13:08:22.228000+00:00,9971,276,1262,1.8,0,49.4,29.4,54.0,1002.8
2025-06-01T13:09:22.179000+00:00,9971,345,1262,1.8,0,49.9,29.3,53.0,1002.9
2025-06-01T13:10:22.246000+00:00,9971,310,1262,1.8,0,48.9,29.3,52.0,1002.8
2025-06-01T13:11:22.163000+00:00,9971,29,1262,2.0,0,48.2,29.2,53.0,1002.9
2025-06-01T13:12:22.176000+00:00,9971,79,1262,1.5,0,49.1,29.1,54.0,1002.8
2025-06-01T13:13:22.237000+00:00,9971,34,1262,1.9,0,49.4,29.0,54.0,1002.8
2025-06-01T13:14:22.233000+00:00,9971,353,1262,2.8,0,49.4,28.9,54.0,1002.9
2025-06-01T13:15:22.242000+00:00,9971,298,1262,2.5,0,49.1,28.9,56.0,1002.7
2025-06-01T13:16:22.239000+00:00,9971,3,1262,2.0,0,49.1,28.9,56.0,1002.8
2025-06-01T13:17:22.231000+00:00,9971,75,1262,2.5,0,49.1,29.0,55.0,1002.8
2025-06-01T13:18:22.225000+00:00,9971,251,1262,1.1,0,49.1,29.0,55.0,1002.8
2025-06-01T13:19:22.246000+00:00,9971,51,1262,3.5,0,49.6,29.1,55.0,1002.6
2025-06-01T13:20:22.244000+00:00,9971,58,1262,2.1,0,49.6,29.3,55.0,1002.8
2025-06-01T13:21:22.268000+00:00,9971,323,1262,2.7,0,49.0,29.3,55.0,1002.8
2025-06-01T13:22:22.257000+00:00,9971,0,1262,1.9,0,49.0,29.2,56.0,1002.8
2025-06-01T13:23:22.256000+00:00,9971,61,1262,2.1,0,49.1,29.2,55.0,1002.7
2025-06-01T13:24:22.263000+00:00,9971,305,1262,2.2,0,49.1,29.3,55.0,1002.7
2025-06-01T13:25:22.272000+00:00,9971,113,1262,1.4,0,49.2,29.3,56.0,1002.7
2025-06-01T13:26:22.259000+00:00,9971,22,1262,1.2,0,49.4,29.4,56.0,1002.7
2025-06-01T13:27:22.267000+00:00,9971,57,1262,1.9,0,48.7,29.3,55.0,1002.6
2025-06-01T13:28:22.276000+00:00,9971,41,1262,2.5,0,48.4,29.3,55.0,1002.8
2025-06-01T13:29:22.266000+00:00,9971,339,1262,2.3,0,47.2,29.2,56.0,1002.6
2025-06-01T13:30:22.285000+00:00,9971,44,1262,1.8,0,47.0,29.1,57.0,1002.5
2025-06-01T13:31:22.285000+00:00,9971,0,1262,1.2,0,47.0,29.0,57.0,1002.6
2025-06-01T13:32:22.367000+00:00,9971,3,1262,1.5,0,47.4,29.0,57.0,1002.7
2025-06-01T13:33:22.323000+00:00,9971,39,1262,1.1,0,47.5,28.8,56.0,1002.7
2025-06-01T13:34:22.334000+00:00,9971,15,1262,1.2,0,47.9,28.7,56.0,1002.7
2025-06-01T13:35:22.359000+00:00,9971,183,1262,1.3,0,47.9,28.8,56.0,1002.5
2025-06-01T13:36:22.360000+00:00,9971,258,1262,0.7,0,48.6,28.9,56.0,1002.6
2025-06-01T13:37:22.375000+00:00,9971,63,1262,1.5,0,49.2,29.0,56.0,1002.7
2025-06-01T13:38:22.365000+00:00,9971,270,1262,1.3,0,48.7,29.0,55.0,1002.6
2025-06-01T13:39:22.384000+00:00,9971,55,1262,1.4,0,48.5,29.1,57.0,1002.7
2025-06-01T13:40:22.396000+00:00,9971,11,1262,2.7,0,48.7,29.1,57.0,1002.5
2025-06-01T13:41:22.380000+00:00,9971,69,1262,2.5,0,48.3,29.1,57.0,1002.5
2025-06-01T13:42:22.403000+00:00,9971,60,1262,1.8,0,47.9,29.1,57.0,1002.6
2025-06-01T13:43:22.404000+00:00,9971,61,1262,1.9,0,47.9,29.0,58.0,1002.5
2025-06-01T13:44:22.408000+00:00,9971,46,1262,1.4,0,47.9,29.0,58.0,1002.4
2025-06-01T13:45:22.410000+00:00,9971,52,1262,2.5,0,47.9,28.9,58.0,1002.5
2025-06-01T13:46:22.399000+00:00,9971,51,1262,2.6,0,47.7,28.9,59.0,1002.4
2025-06-01T13:47:22.401000+00:00,9971,41,1262,2.4,0,48.0,29.0,59.0,1002.5
2025-06-01T13:48:22.404000+00:00,9971,36,1262,2.5,0,48.6,29.0,59.0,1002.5
2025-06-01T13:49:22.405000+00:00,9971,36,1262,2.1,0,48.1,28.9,58.0,1002.5
2025-06-01T13:50:22.416000+00:00,9971,64,1262,2.2,0,47.7,28.7,59.0,1002.4
2025-06-01T13:51:22.400000+00:00,9971,14,1262,2.1,0,49.0,28.6,58.0,1002.4
2025-06-01T13:52:22.457000+00:00,9971,0,1262,1.4,0,47.6,28.6,59.0,1002.4
2025-06-01T13:53:22.405000+00:00,9971,352,1262,1.7,0,47.1,28.6,59.0,1002.3
2025-06-01T13:54:22.408000+00:00,9971,0,1262,1.3,0,46.9,28.5,59.0,1002.3
2025-06-01T13:55:22.421000+00:00,9971,64,1262,2.3,0,47.1,28.3,60.0,1002.3
2025-06-01T13:56:22.406000+00:00,9971,33,1262,2.5,0,46.7,28.1,60.0,1002.4
2025-06-01T13:57:22.407000+00:00,9971,345,1262,2.8,0,47.0,28.2,60.0,1002.4
2025-06-01T13:58:22.425000+00:00,9971,86,1262,1.3,0,47.5,28.3,60.0,1002.3
2025-06-01T13:59:22.409000+00:00,9971,61,1262,2.2,0,47.0,28.3,60.0,1002.4
2025-06-01T14:00:22.401000+00:00,9971,24,1262,2.8,0,46.9,28.2,60.0,1002.2
2025-06-01T14:01:22.401000+00:00,9971,35,1262,2.6,0,46.9,28.3,61.0,1002.2
2025-06-01T14:02:22.419000+00:00,9971,29,1262,2.5,0,46.8,28.3,61.0,1002.3
2025-06-01T14:03:22.425000+00:00,9971,2,1262,2.0,0,46.8,28.4,61.0,1002.3
2025-06-01T14:04:22.431000+00:00,9971,60,1262,2.0,0,47.4,28.4,61.0,1002.3
2025-06-01T14:05:22.414000+00:00,9971,268,1262,1.3,0,47.5,28.4,62.0,1002.3
2025-06-01T14:06:22.422000+00:00,9971,35,1262,1.5,0,47.5,28.3,61.0,1002.4
2025-06-01T14:07:22.460000+00:00,9971,62,1262,1.3,0,48.0,28.2,61.0,1002.3
2025-06-01T14:08:22.464000+00:00,9971,59,1262,1.1,0,48.2,28.2,61.0,1002.4
2025-06-01T14:09:22.467000+00:00,9971,77,1262,2.1,0,48.5,28.3,61.0,1002.4
2025-06-01T14:10:22.461000+00:00,9971,75,1262,1.5,0,48.0,28.3,60.0,1002.3
2025-06-01T14:11:22.476000+00:00,9971,31,1262,2.5,0,48.5,28.5,59.0,1002.4
2025-06-01T14:12:22.472000+00:00,9971,252,1262,1.8,0,48.5,28.6,60.0,1002.3
2025-06-01T14:13:22.478000+00:00,9971,49,1262,1.4,0,47.5,28.6,60.0,1002.3
2025-06-01T14:14:22.492000+00:00,9971,343,1262,2.2,0,47.5,28.6,59.0,1002.4
2025-06-01T14:15:22.479000+00:00,9971,52,1262,2.2,0,47.0,28.6,60.0,1002.3
2025-06-01T14:16:22.471000+00:00,9971,15,1262,2.1,0,47.7,28.6,60.0,1002.4
2025-06-01T14:17:22.474000+00:00,9971,59,1262,1.5,0,47.7,28.6,60.0,1002.3
2025-06-01T14:18:22.481000+00:00,9971,76,1262,1.6,0,47.9,28.7,60.0,1002.4
2025-06-01T14:19:22.468000+00:00,9971,65,1262,2.4,0,47.9,28.7,60.0,1002.3
2025-06-01T14:20:22.490000+00:00,9971,161,1262,1.1,0,47.6,28.7,60.0,1002.4
2025-06-01T14:21:22.472000+00:00,9971,277,1262,1.4,0,47.4,28.7,59.0,1002.3
2025-06-01T14:22:22.482000+00:00,9971,222,1262,1.8,0,47.5,28.7,60.0,1002.3
2025-06-01T14:23:22.476000+00:00,9971,178,1262,0.9,0,47.6,28.8,60.0,1002.3
2025-06-01T14:24:22.484000+00:00,9971,338,1262,0.6,0,48.1,28.9,60.0,1002.4
2025-06-01T14:25:22.512000+00:00,9971,147,1262,0.8,0,47.8,28.9,59.0,1002.3
2025-06-01T14:26:22.527000+00:00,9971,82,1262,0.8,0,48.9,28.8,60.0,1002.3
2025-06-01T14:27:22.551000+00:00,9971,75,1262,1.9,0,48.9,28.9,58.0,1002.2
2025-06-01T14:28:22.552000+00:00,9971,50,1262,1.3,0,47.5,28.9,59.0,1002.3
2025-06-01T14:29:22.563000+00:00,9971,17,1262,2.3,0,47.5,28.9,59.0,1002.3
2025-06-01T14:30:22.564000+00:00,9971,5,1262,2.0,0,46.5,29.0,59.0,1002.2
2025-06-01T14:31:22.573000+00:00,9971,192,1262,1.4,0,46.5,29.0,60.0,1002.3
2025-06-01T14:32:22.574000+00:00,9971,221,1262,1.5,0,47.3,29.0,60.0,1002.2
2025-06-01T14:33:22.592000+00:00,9971,235,1262,1.6,0,46.9,29.0,60.0,1002.2
2025-06-01T14:34:22.597000+00:00,9971,20,1262,1.3,0,47.4,29.2,60.0,1002.3
2025-06-01T14:35:22.607000+00:00,9971,75,1262,1.1,0,46.9,29.3,61.0,1002.2
2025-06-01T14:36:22.611000+00:00,9971,127,1262,0.8,0,47.5,29.5,59.0,1002.0
2025-06-01T14:37:22.624000+00:00,9971,36,1262,1.0,0,47.6,29.6,59.0,1002.1
2025-06-01T14:38:22.625000+00:00,9971,72,1262,1.4,0,47.4,29.5,58.0,1002.1
2025-06-14T16:16:34.662000+00:00,9958,346,1263,1.0,0,42.7,19.9,32.0,1020.5
2025-06-14T16:17:34.741000+00:00,9958,15,1263,1.3,0,42.7,19.8,33.0,1020.4
2025-06-14T16:18:34.804000+00:00,9958,351,1263,1.1,0,42.7,19.8,33.0,1020.5
2025-06-14T16:19:34.242000+00:00,9958,331,1263,1.2,0,42.9,19.8,34.0,1020.4
2025-06-14T16:20:34.258000+00:00,9958,4,1263,1.6,0,42.9,19.9,34.0,1020.4
2025-06-14T16:21:34.274000+00:00,9958,24,1263,2.2,0,43.5,19.9,34.0,1020.4
2025-06-14T16:22:34.271000+00:00,9958,9,1263,2.6,0,43.5,19.9,34.0,1020.2
2025-06-14T16:23:34.271000+00:00,9958,1,1263,2.4,0,43.5,19.8,35.0,1020.3
2025-06-14T16:24:34.288000+00:00,9958,354,1263,2.7,0,43.3,19.9,34.0,1020.4
2025-06-14T16:25:34.304000+00:00,9958,354,1263,2.0,0,43.3,19.9,36.0,1020.3
2025-06-14T16:26:34.304000+00:00,9958,353,1263,2.1,0,43.5,20.0,35.0,1020.3
2025-06-14T16:27:34.320000+00:00,9958,5,1263,1.6,0,43.8,20.1,34.0,1020.2
2025-06-14T16:28:34.321000+00:00,9958,349,1263,1.8,0,43.9,20.0,33.0,1020.3
2025-06-14T16:29:34.321000+00:00,9958,348,1263,2.0,0,43.8,20.1,35.0,1020.3
2025-06-14T16:30:34.322000+00:00,9958,286,1263,1.3,0,43.7,20.0,35.0,1020.2
2025-06-14T16:31:34.322000+00:00,9958,260,1263,0.8,0,44.1,20.0,35.0,1020.3
2025-06-14T16:32:34.322000+00:00,9958,358,1263,1.1,0,44.6,20.0,36.0,1020.2
2025-06-14T16:33:34.314000+00:00,9958,353,1263,1.6,0,44.6,20.0,34.0,1020.3
2025-06-14T16:34:34.314000+00:00,9958,282,1263,1.6,0,44.8,20.0,34.0,1020.2
2025-06-14T16:35:34.346000+00:00,9958,242,1263,1.0,0,44.8,20.1,34.0,1020.1
2025-06-14T16:36:34.344000+00:00,9958,225,1263,1.4,0,45.4,20.2,33.0,1020.2
2025-06-14T16:37:34.328000+00:00,9958,235,1263,1.6,0,45.4,20.3,33.0,1020.2
2025-06-14T16:38:34.345000+00:00,9958,199,1263,1.3,0,45.4,20.5,33.0,1020.2
2025-06-14T16:39:34.330000+00:00,9958,226,1263,0.8,0,45.7,20.6,33.0,1020.2
2025-06-14T16:40:34.330000+00:00,9958,259,1263,1.1,0,45.8,20.6,32.0,1020.2
2025-06-14T16:41:34.331000+00:00,9958,118,1263,0.9,0,45.8,20.5,31.0,1020.2
2025-06-14T16:42:34.325000+00:00,9958,258,1263,1.1,0,45.7,20.5,31.0,1020.1
2025-06-14T16:43:34.341000+00:00,9958,164,1263,1.2,0,46.1,20.6,31.0,1020.3
2025-06-14T16:44:34.341000+00:00,9958,0,1263,1.3,0,46.1,20.7,32.0,1020.1
2025-06-14T16:45:34.342000+00:00,9958,304,1263,2.0,0,45.9,20.7,31.0,1020.1
2025-06-14T16:46:34.342000+00:00,9958,352,1263,1.4,0,45.7,20.6,31.0,1020.2
2025-06-14T16:47:34.358000+00:00,9958,353,1263,2.0,0,45.7,20.5,32.0,1020.1
2025-06-14T16:48:34.374000+00:00,9958,341,1263,2.6,0,45.6,20.3,32.0,1020.1
2025-06-14T16:49:34.375000+00:00,9958,359,1263,2.2,0,45.6,20.1,32.0,1020.1
2025-06-14T16:50:34.360000+00:00,9958,351,1263,2.2,0,45.7,20.2,33.0,1020.1
2025-06-14T16:51:34.366000+00:00,9958,4,1263,1.5,0,45.7,20.3,33.0,1020.1
2025-06-14T16:52:34.380000+00:00,9958,357,1263,2.0,0,45.8,20.5,33.0,1020.1
2025-06-14T16:53:34.396000+00:00,9958,35,1263,2.0,0,44.8,20.5,33.0,1020.1
2025-06-14T16:54:34.396000+00:00,9958,38,1263,2.2,0,44.8,20.7,32.0,1020.0
2025-06-14T16:55:34.444000+00:00,9958,43,1263,2.5,0,44.9,20.7,32.0,1020.2
2025-06-14T16:56:34.447000+00:00,9958,30,1263,2.3,0,44.9,20.6,32.0,1020.0
2025-06-14T16:57:34.444000+00:00,9958,1,1263,2.2,0,44.8,20.6,33.0,1020.0
2025-06-14T16:58:34.429000+00:00,9958,33,1263,2.1,0,44.8,20.5,33.0,1020.1
2025-06-14T16:59:34.430000+00:00,9958,19,1263,2.0,0,43.6,20.5,34.0,1020.1
2025-06-14T17:00:34.446000+00:00,9958,6,1263,2.7,0,42.2,20.5,34.0,1019.9
2025-06-14T17:01:34.446000+00:00,9958,339,1263,3.4,0,42.2,20.4,33.0,1020.1
2025-06-14T17:02:34.431000+00:00,9958,8,1263,2.1,0,42.9,20.3,34.0,1020.1
2025-06-14T17:03:34.447000+00:00,9958,39,1263,2.0,0,44.1,20.6,34.0,1020.1
2025-06-14T17:04:34.463000+00:00,9958,28,1263,2.6,0,44.5,20.5,33.0,1020.1
2025-06-14T17:05:34.479000+00:00,9958,11,1263,2.0,0,44.7,20.5,33.0,1020.1
2025-06-14T17:06:34.474000+00:00,9958,37,1263,1.8,0,44.7,20.6,33.0,1020.0
2025-06-14T17:07:34.480000+00:00,9958,10,1263,1.7,0,44.9,20.6,33.0,1020.1
2025-06-14T17:08:34.481000+00:00,9958,47,1263,1.7,0,45.0,20.5,32.0,1020.2
2025-06-14T17:09:34.481000+00:00,9958,26,1263,1.5,0,45.0,20.5,33.0,1020.2
2025-06-14T17:10:34.466000+00:00,9958,37,1263,1.7,0,45.4,20.6,32.0,1020.1
2025-06-14T17:11:34.474000+00:00,9958,35,1263,2.3,0,45.5,20.6,33.0,1020.1
2025-06-14T17:12:34.474000+00:00,9958,51,1263,2.0,0,45.6,20.7,33.0,1020.2
2025-06-14T17:13:34.475000+00:00,9958,1,1263,2.2,0,45.6,20.7,34.0,1020.2
2025-06-14T17:14:34.475000+00:00,9958,21,1263,2.3,0,45.5,20.6,33.0,1020.2
2025-06-14T17:15:34.476000+00:00,9958,18,1263,2.3,0,45.5,20.5,32.0,1020.0
2025-06-14T17:16:34.476000+00:00,9958,343,1263,2.3,0,45.6,20.6,33.0,1020.1
2025-06-14T17:17:34.483000+00:00,9958,25,1263,2.0,0,45.8,20.7,33.0,1020.2
2025-06-14T17:18:34.486000+00:00,9958,332,1263,1.8,0,45.8,20.7,33.0,1020.0
2025-06-14T17:19:34.477000+00:00,9958,3,1263,2.0,0,45.7,20.6,31.0,1020.1
2025-06-14T17:20:34.478000+00:00,9958,2,1263,2.8,0,45.7,20.6,32.0,1020.0
2025-06-14T17:21:34.494000+00:00,9958,4,1263,2.0,0,45.8,20.6,31.0,1020.1
2025-06-14T17:22:34.478000+00:00,9958,14,1263,2.5,0,45.8,20.7,31.0,1020.0
2025-06-14T17:23:34.485000+00:00,9958,1,1263,2.8,0,45.8,20.6,32.0,1020.0
2025-06-14T17:24:34.486000+00:00,9958,356,1263,2.9,0,45.7,20.5,32.0,1020.1
2025-06-14T17:25:34.486000+00:00,9958,18,1263,2.4,0,45.6,20.5,32.0,1020.1
2025-06-14T17:26:34.487000+00:00,9958,19,1263,1.8,0,45.6,20.5,32.0,1020.0
2025-06-14T17:27:34.503000+00:00,9958,17,1263,1.6,0,45.7,20.5,33.0,1020.0
2025-06-14T17:28:34.497000+00:00,9958,11,1263,1.3,0,45.9,20.6,32.0,1020.1
2025-06-14T17:29:34.485000+00:00,9958,32,1263,2.7,0,46.1,20.6,32.0,1020.1
2025-06-14T17:30:34.486000+00:00,9958,32,1263,2.1,0,46.1,20.6,31.0,1020.1
2025-06-14T17:31:34.486000+00:00,9958,34,1263,2.1,0,46.0,20.8,31.0,1020.0
2025-06-14T17:32:34.502000+00:00,9958,3,1263,2.4,0,46.0,20.8,31.0,1020.0
2025-06-14T17:33:34.500000+00:00,9958,17,1263,2.5,0,46.0,20.9,34.0,1020.0
2025-06-14T17:34:34.494000+00:00,9958,18,1263,2.3,0,46.0,20.8,32.0,1020.0
2025-06-14T17:35:34.494000+00:00,9958,31,1263,2.2,0,46.2,20.6,31.0,1020.0
2025-06-27T11:16:09.524000+00:00,9948,62,1264,1.7,0,37.2,23.2,55.0,944.2
2025-06-27T11:17:09.536000+00:00,9948,48,1264,1.4,0,37.1,23.1,55.0,944.2
2025-06-27T11:18:09.530000+00:00,9948,24,1264,2.3,0,36.9,23.3,55.0,944.1
2025-06-27T11:19:09.537000+00:00,9948,53,1264,2.6,0,36.8,23.3,55.0,944.1
2025-06-27T11:20:09.550000+00:00,9948,70,1264,1.3,0,37.0,23.4,56.0,944.2
2025-06-27T11:21:09.568000+00:00,9948,32,1264,1.6,0,38.6,23.6,55.0,944.2
2025-06-27T11:22:09.569000+00:00,9948,7,1264,1.9,0,39.5,23.7,54.0,944.2
2025-06-27T11:23:09.581000+00:00,9948,61,1264,1.3,0,40.3,23.7,54.0,944.2
2025-06-27T11:24:09.578000+00:00,9948,48,1264,1.6,0,40.8,23.9,54.0,944.2
2025-06-27T11:25:09.597000+00:00,9948,84,1264,1.5,0,41.2,23.9,53.0,944.2
2025-06-27T11:26:09.626000+00:00,9948,57,1264,1.1,0,40.9,23.9,54.0,944.2
2025-06-27T11:27:09.617000+00:00,9948,0,1264,0.8,0,40.7,23.8,54.0,944.2
2025-06-27T11:28:09.623000+00:00,9948,44,1264,0.5,0,41.4,23.8,54.0,944.2
2025-06-27T11:29:09.642000+00:00,9948,31,1264,0.7,0,42.0,24.0,53.0,944.1
2025-06-27T11:30:09.651000+00:00,9948,48,1264,1.1,0,42.6,24.0,52.0,944.2
2025-06-27T11:31:09.664000+00:00,9948,52,1264,2.9,0,42.6,24.2,52.0,944.1
2025-06-27T11:32:09.662000+00:00,9948,43,1264,2.1,0,42.6,24.1,53.0,944.2
2025-06-27T11:33:09.674000+00:00,9948,67,1264,1.3,0,42.4,24.1,53.0,944.1
2025-06-27T11:34:09.663000+00:00,9948,65,1264,2.2,0,43.0,23.9,54.0,944.0
2025-06-27T11:35:09.666000+00:00,9948,75,1264,3.7,0,42.9,23.9,52.0,944.0
2025-06-27T11:36:09.673000+00:00,9948,68,1264,2.9,0,43.3,23.9,52.0,944.1
2025-06-27T11:37:09.666000+00:00,9948,63,1264,2.9,0,42.8,23.8,52.0,944.1
2025-06-27T11:38:09.676000+00:00,9948,37,1264,2.7,0,42.8,23.8,52.0,944.2
2025-06-27T11:39:09.698000+00:00,9948,41,1264,2.0,0,43.4,24.0,52.0,944.1
2025-06-27T11:40:09.701000+00:00,9948,52,1264,2.2,0,43.1,24.0,50.0,944.0
2025-06-27T11:41:09.726000+00:00,9948,35,1264,1.5,0,41.4,24.0,51.0,944.1
2025-06-27T11:42:09.720000+00:00,9948,33,1264,2.2,0,41.5,23.9,50.0,944.1
2025-06-27T11:43:09.725000+00:00,9948,23,1264,1.8,0,41.5,23.9,50.0,944.1
2025-06-27T11:44:09.732000+00:00,9948,328,1264,2.2,0,42.1,23.9,52.0,944.1
2025-06-27T11:45:09.732000+00:00,9948,49,1264,1.6,0,42.2,23.9,53.0,944.1
2025-06-27T11:46:09.748000+00:00,9948,79,1264,1.6,0,42.2,24.0,52.0,944.1
2025-06-27T11:47:09.807000+00:00,9948,0,1264,2.0,0,42.0,24.1,53.0,944.0
2025-06-27T11:48:09.781000+00:00,9948,59,1264,1.0,0,41.7,24.1,53.0,944.0
2025-06-27T11:49:09.785000+00:00,9948,50,1264,1.6,0,41.1,24.2,51.0,944.0
2025-06-27T11:50:09.807000+00:00,9948,60,1264,1.1,0,40.9,24.3,51.0,944.1
2025-06-27T11:51:09.817000+00:00,9948,31,1264,1.8,0,40.7,24.3,50.0,944.1
2025-06-27T11:52:09.817000+00:00,9948,73,1264,1.3,0,41.0,24.2,50.0,944.1
2025-06-27T11:53:09.821000+00:00,9948,349,1264,1.5,0,40.9,24.3,51.0,944.1
2025-06-27T11:54:09.835000+00:00,9948,320,1264,1.3,0,40.0,24.3,51.0,944.3
2025-06-27T11:55:09.844000+00:00,9948,358,1264,1.0,0,39.2,24.3,51.0,944.2
2025-06-27T11:56:09.859000+00:00,9948,335,1264,0.7,0,38.6,24.1,52.0,944.2
2025-06-27T11:57:09.863000+00:00,9948,302,1264,0.8,0,38.6,24.1,52.0,944.3
2025-06-27T11:58:09.866000+00:00,9948,214,1264,1.2,0,38.5,24.0,53.0,944.1
2025-06-27T11:59:09.869000+00:00,9948,272,1264,0.9,0,38.8,24.0,53.0,944.1
2025-06-27T12:00:09.863000+00:00,9948,144,1264,0.5,0,38.8,24.0,52.0,944.1
2025-06-27T12:01:09.867000+00:00,9948,351,1264,0.8,0,38.7,24.1,52.0,944.2
2025-06-27T12:02:09.885000+00:00,9948,282,1264,0.6,0,38.7,24.0,52.0,944.2
2025-06-27T12:03:09.899000+00:00,9948,261,1264,1.0,0,38.7,24.1,52.0,944.2
2025-06-27T12:04:09.893000+00:00,9948,152,1264,0.5,0,38.2,24.2,52.0,944.1
2025-06-27T12:05:09.921000+00:00,9948,4,1264,0.4,0,38.5,24.1,52.0,944.1
2025-06-27T12:06:09.922000+00:00,9948,81,1264,1.1,0,38.9,24.1,52.0,944.1
2025-06-27T12:07:09.938000+00:00,9948,279,1264,1.1,0,38.7,24.1,50.0,944.1
2025-06-27T12:08:09.924000+00:00,9948,297,1264,0.6,0,38.4,24.1,50.0,944.1
2025-06-27T12:09:09.947000+00:00,9948,139,1264,0.7,0,37.9,24.2,49.0,944.1
2025-06-27T12:10:09.959000+00:00,9948,30,1264,1.1,0,37.6,24.2,51.0,944.1
2025-06-27T12:11:09.956000+00:00,9948,61,1264,0.7,0,37.6,24.1,51.0,944.1
2025-06-27T12:12:09.953000+00:00,9948,56,1264,1.3,0,37.6,24.1,51.0,944.1
2025-06-27T12:13:09.956000+00:00,9948,26,1264,1.2,0,37.3,24.1,50.0,944.1
2025-06-27T12:14:09.953000+00:00,9948,79,1264,0.8,0,37.1,24.2,50.0,944.1
2025-06-27T12:15:09.954000+00:00,9948,95,1264,1.0,0,36.7,24.2,50.0,944.1
2025-06-27T12:16:09.956000+00:00,9948,157,1264,0.8,0,36.8,24.1,51.0,944.0
2025-06-27T12:17:09.952000+00:00,9948,214,1264,0.0,0,36.8,24.1,50.0,944.0
2025-06-27T12:18:09.944000+00:00,9948,153,1264,0.7,0,36.9,24.0,51.0,944.1
2025-06-27T12:19:09.957000+00:00,9948,33,1264,0.0,0,36.9,24.0,50.0,944.1
2025-06-27T12:20:09.949000+00:00,9948,24,1264,0.8,0,36.7,24.0,50.0,944.2
2025-06-27T12:21:09.968000+00:00,9948,9,1264,1.2,0,36.4,24.1,50.0,944.1
2025-06-27T12:22:09.964000+00:00,9948,87,1264,0.9,0,36.4,24.0,50.0,944.0
2025-06-27T12:23:09.955000+00:00,9948,69,1264,1.2,0,36.0,24.0,50.0,944.0
2025-06-27T12:24:09.987000+00:00,9948,72,1264,1.9,0,36.0,24.0,50.0,944.1
2025-06-27T12:25:10.007000+00:00,9948,0,1264,0.8,0,36.0,24.0,50.0,944.1
2025-06-27T12:26:10.028000+00:00,9948,80,1264,0.7,0,35.7,23.9,50.0,944.1
2025-06-27T12:27:10.016000+00:00,9948,80,1264,1.3,0,35.9,23.9,51.0,944.0
2025-06-27T12:28:10.022000+00:00,9948,45,1264,1.5,0,37.2,23.9,50.0,944.0
2025-06-27T12:29:10.040000+00:00,9948,304,1264,0.9,0,37.2,24.1,50.0,944.1
2025-06-27T12:30:10.058000+00:00,9948,64,1264,0.9,0,37.5,24.2,50.0,944.2
2025-06-27T12:31:10.071000+00:00,9948,342,1264,1.0,0,38.0,24.3,51.0,944.1
2025-06-27T12:32:10.071000+00:00,9948,84,1264,1.2,0,38.1,24.5,50.0,944.1
2025-06-27T12:33:10.080000+00:00,9948,86,1264,1.2,0,38.0,24.5,50.0,944.0
2025-06-27T12:34:10.105000+00:00,9948,276,1264,0.5,0,38.0,24.6,49.0,944.0
2025-06-27T12:35:10.095000+00:00,9948,327,1264,0.8,0,37.1,24.5,50.0,944.0
2025-06-13T20:45:29.956000+00:00,9957,236,1263,2.0,0,41.3,18.7,38.0,1020.1
2025-06-13T20:46:29.973000+00:00,9957,203,1263,1.1,0,41.3,18.8,38.0,1020.0
2025-06-13T20:47:29.957000+00:00,9957,176,1263,1.5,0,41.4,18.8,36.0,1020.1
2025-06-13T20:48:29.958000+00:00,9957,260,1263,1.2,0,41.3,18.8,37.0,1020.0
2025-06-13T20:49:29.958000+00:00,9957,0,1263,0.6,0,41.2,18.7,38.0,1020.0
2025-06-13T20:50:29.974000+00:00,9957,0,1263,0.4,0,41.4,18.8,39.0,1020.0
2025-06-13T20:51:29.975000+00:00,9957,8,1263,0.8,0,41.6,18.9,37.0,1020.0
2025-06-13T20:52:29.975000+00:00,9957,77,1263,0.6,0,41.6,18.8,35.0,1020.0
2025-06-13T20:53:29.979000+00:00,9957,0,1263,0.0,0,41.1,18.9,37.0,1020.0
2025-06-13T20:54:29.980000+00:00,9957,246,1263,0.0,0,41.2,19.0,35.0,1020.0
2025-06-13T20:55:29.980000+00:00,9957,284,1263,0.5,0,40.9,18.9,37.0,1019.9
2025-06-13T20:56:29.980000+00:00,9957,147,1263,0.3,0,40.9,19.0,37.0,1019.9
2025-06-13T20:57:29.981000+00:00,9957,205,1263,1.8,0,41.1,19.1,36.0,1020.0
2025-06-13T20:58:29.981000+00:00,9957,195,1263,1.4,0,40.9,19.1,36.0,1020.0
2025-06-13T20:59:29.982000+00:00,9957,215,1263,0.7,0,40.8,19.0,36.0,1020.0
2025-06-13T21:00:29.982000+00:00,9957,174,1263,0.6,0,41.0,19.0,36.0,1020.0
2025-06-13T21:01:29.998000+00:00,9957,216,1263,0.9,0,41.0,19.0,37.0,1020.1
2025-06-13T21:02:29.999000+00:00,9957,202,1263,0.9,0,40.9,19.0,37.0,1020.1
2025-06-13T21:03:30.030000+00:00,9957,0,1263,0.8,0,40.9,19.0,36.0,1019.9
2025-06-13T21:04:30.047000+00:00,9957,258,1263,0.3,0,40.8,19.3,38.0,1019.9
2025-06-13T21:05:30.041000+00:00,9957,9,1263,0.8,0,40.5,19.5,37.0,1019.9
2025-06-13T21:06:30.025000+00:00,9957,82,1263,0.6,0,40.0,19.4,37.0,1019.7
2025-06-13T21:07:30.042000+00:00,9957,299,1263,1.0,0,39.7,19.2,39.0,1019.7
2025-06-13T21:08:30.042000+00:00,9957,178,1263,0.6,0,39.6,19.1,38.0,1019.7
2025-06-13T21:09:30.042000+00:00,9957,303,1263,0.4,0,39.4,19.1,39.0,1019.7
2025-06-13T21:10:30.033000+00:00,9957,6,1263,0.8,0,39.0,19.0,38.0,1019.7
2025-06-13T21:11:30.034000+00:00,9957,112,1263,0.8,0,38.9,19.0,38.0,1019.7
2025-06-13T21:12:30.034000+00:00,9957,74,1263,0.8,0,38.9,19.0,39.0,1019.6
2025-06-13T21:13:30.035000+00:00,9957,90,1263,1.3,0,38.9,19.0,40.0,1019.6
2025-06-13T21:14:30.051000+00:00,9957,99,1263,1.1,0,38.8,19.0,38.0,1019.6
2025-06-13T21:15:30.051000+00:00,9957,65,1263,1.2,0,38.5,19.0,38.0,1019.6
2025-06-13T21:16:30.067000+00:00,9957,0,1263,1.1,0,38.5,18.9,37.0,1019.6
2025-06-13T21:17:30.083000+00:00,9957,36,1263,0.9,0,38.5,18.9,38.0,1019.7
2025-06-13T21:18:30.115000+00:00,9957,7,1263,1.4,0,38.4,18.8,38.0,1019.6
2025-06-13T21:19:30.100000+00:00,9957,341,1263,1.1,0,38.1,18.8,37.0,1019.7
2025-06-13T21:20:30.085000+00:00,9957,42,1263,0.9,0,38.0,18.8,37.0,1019.6
2025-06-13T21:21:30.086000+00:00,9957,3,1263,1.5,0,38.1,18.9,38.0,1019.7
2025-06-13T21:22:30.102000+00:00,9957,53,1263,1.2,0,38.1,19.0,37.0,1019.7
2025-06-13T21:23:30.121000+00:00,9957,104,1263,0.8,0,38.1,19.0,38.0,1019.7
2025-06-13T21:24:30.122000+00:00,9957,194,1263,1.0,0,38.1,19.0,38.0,1019.7
2025-06-13T21:25:30.122000+00:00,9957,166,1263,0.5,0,38.1,19.0,39.0,1019.7
2025-06-13T21:26:30.123000+00:00,9957,159,1263,0.9,0,38.3,19.0,39.0,1019.7
2025-06-13T21:27:30.123000+00:00,9957,0,1263,0.7,0,38.0,19.0,40.0,1019.9
2025-06-13T21:28:30.124000+00:00,9957,47,1263,0.7,0,38.0,19.0,39.0,1019.8
2025-06-13T21:29:30.140000+00:00,9957,184,1263,0.9,0,38.0,19.0,40.0,1019.8
2025-06-13T21:30:30.140000+00:00,9957,211,1263,0.9,0,38.0,19.2,39.0,1019.8
2025-06-13T21:31:30.141000+00:00,9957,160,1263,0.6,0,37.9,19.4,38.0,1019.9
2025-06-13T21:32:30.141000+00:00,9957,0,1263,0.6,0,38.1,19.3,39.0,1019.8
2025-06-13T21:33:30.126000+00:00,9957,327,1263,1.1,0,37.6,19.3,38.0,1019.7
2025-06-13T21:34:30.123000+00:00,9957,192,1263,0.7,0,37.6,19.3,40.0,1019.7
2025-06-13T21:35:30.144000+00:00,9957,208,1263,0.5,0,37.6,19.4,38.0,1019.7
2025-06-13T21:36:30.129000+00:00,9957,177,1263,1.1,0,37.5,19.4,38.0,1019.7
2025-06-13T21:37:30.145000+00:00,9957,0,1263,0.9,0,37.7,19.4,38.0,1019.7
2025-06-13T21:38:30.130000+00:00,9957,327,1263,0.7,0,37.7,19.5,38.0,1019.7
2025-06-13T21:39:30.128000+00:00,9957,241,1263,0.7,0,37.7,19.5,38.0,1019.8
2025-06-13T21:40:30.128000+00:00,9957,235,1263,0.6,0,37.4,19.5,37.0,1019.7
2025-06-13T21:41:30.144000+00:00,9957,238,1263,0.6,0,37.4,19.4,38.0,1019.7
2025-06-13T21:42:30.145000+00:00,9957,0,1263,0.6,0,37.2,19.2,39.0,1019.8
2025-06-13T21:43:30.139000+00:00,9957,196,1263,0.9,0,37.2,19.0,38.0,1019.8
2025-06-13T21:44:30.144000+00:00,9957,240,1263,1.2,0,37.5,19.0,37.0,1019.8
2025-06-13T21:45:30.146000+00:00,9957,201,1263,1.8,0,37.5,19.0,37.0,1019.7
2025-06-13T21:46:30.131000+00:00,9957,211,1263,2.0,0,37.0,19.1,38.0,1019.8
2025-06-13T21:47:30.147000+00:00,9957,299,1263,2.2,0,37.0,19.0,38.0,1019.7
2025-06-13T21:48:30.132000+00:00,9957,189,1263,1.2,0,36.7,18.9,37.0,1019.7
2025-06-13T21:49:30.148000+00:00,9957,306,1263,1.1,0,36.7,19.0,39.0,1019.8
2025-06-13T21:50:30.145000+00:00,9957,351,1263,1.3,0,36.6,19.1,40.0,1019.7
2025-06-13T21:51:30.149000+00:00,9957,11,1263,1.0,0,36.6,19.1,42.0,1019.7
2025-06-13T21:52:30.149000+00:00,9957,347,1263,0.7,0,36.6,19.2,41.0,1019.7
2025-06-13T21:53:30.149000+00:00,9957,344,1263,1.1,0,36.6,19.3,41.0,1019.7
2025-06-13T21:54:30.150000+00:00,9957,307,1263,1.1,0,36.5,19.3,39.0,1019.7
2025-06-13T21:55:30.151000+00:00,9957,175,1263,0.8,0,36.5,19.4,38.0,1019.7
2025-06-13T21:56:30.136000+00:00,9957,272,1263,1.8,0,36.4,19.3,39.0,1019.7
2025-06-13T21:57:30.152000+00:00,9957,326,1263,1.0,0,36.4,19.2,38.0,1019.8
2025-06-13T21:58:30.152000+00:00,9957,15,1263,1.0,0,36.4,19.2,37.0,1019.7
2025-06-13T21:59:30.147000+00:00,9957,3,1263,1.2,0,36.4,19.3,40.0,1019.8
2025-06-13T22:00:30.147000+00:00,9957,14,1263,1.3,0,36.2,19.2,41.0,1019.7
2025-06-13T22:01:30.148000+00:00,9957,3,1263,1.2,0,36.2,19.1,38.0,1019.8
2025-06-13T22:02:30.151000+00:00,9957,33,1263,1.2,0,36.0,19.1,37.0,1019.8
2025-06-13T22:03:30.152000+00:00,9957,356,1263,1.1,0,36.0,19.1,36.0,1019.9
2025-06-13T22:04:30.152000+00:00,9957,2,1263,1.1,0,35.8,19.0,38.0,1019.8
2025-06-27T14:47:10.447000+00:00,9949,233,1264,1.6,0,39.5,26.3,35.0,943.8
2025-06-27T14:48:10.444000+00:00,9949,220,1264,2.6,0,39.4,26.3,34.0,943.7
2025-06-27T14:49:10.439000+00:00,9949,188,1264,2.9,0,39.2,26.3,35.0,943.8
2025-06-27T14:50:10.451000+00:00,9949,238,1264,1.8,0,38.4,26.2,36.0,943.8
2025-06-27T14:51:10.451000+00:00,9949,229,1264,2.8,0,38.2,26.0,36.0,943.8
2025-06-27T14:52:10.436000+00:00,9949,253,1264,2.5,0,38.1,25.8,36.0,943.8
2025-06-27T14:53:10.461000+00:00,9949,214,1264,2.2,0,38.0,25.7,36.0,943.8
2025-06-27T14:54:10.480000+00:00,9949,187,1264,1.4,0,38.0,25.6,37.0,943.7
2025-06-27T14:55:10.489000+00:00,9949,239,1264,1.2,0,38.3,25.6,37.0,943.7
2025-06-27T14:56:10.489000+00:00,9949,225,1264,1.7,0,38.2,25.6,36.0,943.7
2025-06-27T14:57:10.495000+00:00,9949,292,1264,1.3,0,38.1,25.6,37.0,943.6
2025-06-27T14:58:10.530000+00:00,9949,218,1264,1.0,0,38.1,25.6,37.0,943.6
2025-06-27T14:59:10.542000+00:00,9949,257,1264,0.7,0,37.8,25.6,37.0,943.6
2025-06-27T15:00:10.556000+00:00,9949,192,1264,0.6,0,37.6,25.6,37.0,943.6
2025-06-27T15:01:10.557000+00:00,9949,188,1264,1.1,0,37.6,25.6,37.0,943.6
2025-06-27T15:02:10.543000+00:00,9949,224,1264,1.4,0,37.8,25.6,37.0,943.6
2025-06-27T15:03:10.578000+00:00,9949,246,1264,1.5,0,37.7,25.6,36.0,943.5
2025-06-27T15:04:10.575000+00:00,9949,4,1264,1.2,0,37.6,25.6,37.0,943.6
2025-06-27T15:05:10.591000+00:00,9949,200,1264,1.0,0,37.6,25.7,37.0,943.6
2025-06-27T15:06:10.576000+00:00,9949,133,1264,1.0,0,37.6,25.7,36.0,943.6
2025-06-27T15:07:10.576000+00:00,9949,271,1264,0.9,0,37.1,25.6,37.0,943.6
2025-06-27T15:08:10.586000+00:00,9949,207,1264,0.6,0,37.2,25.6,37.0,943.5
2025-06-27T15:09:10.577000+00:00,9949,29,1264,0.7,0,37.3,25.5,36.0,943.5
2025-06-27T15:10:10.593000+00:00,9949,73,1264,2.1,0,37.3,25.6,36.0,943.5
2025-06-27T15:11:10.579000+00:00,9949,80,1264,2.1,0,36.7,25.6,36.0,943.5
2025-06-27T15:12:10.596000+00:00,9949,46,1264,1.1,0,36.7,25.6,37.0,943.6
2025-06-27T15:13:10.583000+00:00,9949,85,1264,1.2,0,37.2,25.6,36.0,943.5
2025-06-27T15:14:10.590000+00:00,9949,9,1264,0.9,0,37.3,25.7,36.0,943.5
2025-06-27T15:15:10.609000+00:00,9949,196,1264,0.7,0,37.3,25.8,37.0,943.6
2025-06-27T15:16:10.622000+00:00,9949,286,1264,1.0,0,37.2,25.9,36.0,943.4
2025-06-27T15:17:10.648000+00:00,9949,132,1264,1.4,0,36.9,25.8,36.0,943.5
2025-06-27T15:18:10.654000+00:00,9949,84,1264,0.6,0,36.8,25.8,36.0,943.5
2025-06-27T15:19:10.661000+00:00,9949,124,1264,1.0,0,36.8,25.6,37.0,943.4
2025-06-27T15:20:10.671000+00:00,9949,44,1264,0.7,0,36.8,25.5,37.0,943.6
2025-06-27T15:21:10.683000+00:00,9949,281,1264,0.9,0,36.6,25.5,37.0,943.6
2025-06-27T15:22:10.682000+00:00,9949,239,1264,1.1,0,36.6,25.5,37.0,943.6
2025-06-27T15:23:10.688000+00:00,9949,47,1264,1.2,0,36.5,25.5,37.0,943.6
2025-06-27T15:24:10.696000+00:00,9949,127,1264,0.8,0,36.5,25.5,37.0,943.6
2025-06-27T15:25:10.713000+00:00,9949,211,1264,1.1,0,36.5,25.5,37.0,943.5
2025-06-27T15:26:10.710000+00:00,9949,211,1264,0.7,0,36.5,25.5,38.0,943.6
2025-06-27T15:27:10.729000+00:00,9949,232,1264,1.1,0,36.1,25.4,38.0,943.5
2025-06-27T15:28:10.726000+00:00,9949,172,1264,0.8,0,36.1,25.4,39.0,943.5
2025-06-27T15:29:10.732000+00:00,9949,353,1264,0.9,0,36.1,25.3,39.0,943.5
2025-06-27T15:30:10.717000+00:00,9949,229,1264,1.4,0,36.0,25.3,39.0,943.6
2025-06-27T15:31:10.731000+00:00,9949,226,1264,1.4,0,36.0,25.4,39.0,943.5
2025-06-27T15:32:10.743000+00:00,9949,209,1264,1.0,0,35.9,25.4,39.0,943.6
2025-06-27T15:33:10.746000+00:00,9949,199,1264,1.3,0,36.0,25.4,38.0,943.6
2025-06-27T15:34:10.720000+00:00,9949,217,1264,1.7,0,36.0,25.3,38.0,943.6
2025-06-27T15:35:10.733000+00:00,9949,235,1264,1.8,0,36.0,25.4,38.0,943.6
2025-06-27T15:36:10.718000+00:00,9949,43,1264,1.0,0,35.9,25.4,38.0,943.5
2025-06-27T15:37:10.727000+00:00,9949,93,1264,0.9,0,35.8,25.5,39.0,943.6
2025-06-27T15:38:10.738000+00:00,9949,103,1264,0.9,0,35.8,25.5,38.0,943.5
2025-06-27T15:39:10.731000+00:00,9949,201,1264,0.8,0,35.8,25.5,38.0,943.6
2025-06-27T15:40:10.729000+00:00,9949,205,1264,1.0,0,35.7,25.4,38.0,943.5
2025-06-27T15:41:10.738000+00:00,9949,285,1264,0.8,0,35.1,25.4,39.0,943.5
2025-06-27T15:42:10.730000+00:00,9949,82,1264,0.6,0,35.1,25.3,40.0,943.5
2025-06-27T15:43:10.735000+00:00,9949,260,1264,0.7,0,35.1,25.2,41.0,943.4
2025-06-27T15:44:10.742000+00:00,9949,0,1264,0.4,0,35.5,25.2,41.0,943.5
2025-06-27T15:45:10.736000+00:00,9949,37,1264,0.8,0,35.5,25.2,40.0,943.4
2025-06-27T15:46:10.745000+00:00,9949,215,1264,0.3,0,35.4,25.3,40.0,943.4
2025-06-27T15:47:10.725000+00:00,9949,264,1264,1.2,0,35.4,25.3,39.0,943.4
2025-06-27T15:48:10.737000+00:00,9949,250,1264,0.9,0,35.1,25.3,40.0,943.4
2025-06-27T15:49:10.743000+00:00,9949,73,1264,1.1,0,35.2,25.3,40.0,943.5
2025-06-27T15:50:10.743000+00:00,9949,359,1264,0.8,0,35.3,25.2,40.0,943.4
2025-06-27T15:51:10.741000+00:00,9949,297,1264,1.3,0,35.3,25.2,39.0,943.4
2025-06-27T15:52:10.731000+00:00,9949,0,1264,0.4,0,35.1,25.3,39.0,943.4
2025-06-27T15:53:10.745000+00:00,9949,43,1264,0.6,0,34.8,25.3,40.0,943.4
2025-06-27T15:54:10.759000+00:00,9949,0,1264,1.2,0,34.4,25.2,41.0,943.3
2025-06-27T15:55:10.758000+00:00,9949,29,1264,0.7,0,34.4,25.1,41.0,943.3
2025-06-27T15:56:10.758000+00:00,9949,356,1264,0.9,0,34.3,25.2,41.0,943.4
2025-06-27T15:57:10.790000+00:00,9949,295,1264,0.9,0,34.3,25.1,41.0,943.4
2025-06-27T15:58:10.793000+00:00,9949,220,1264,1.1,0,34.1,25.1,41.0,943.3
2025-06-27T15:59:10.786000+00:00,9949,262,1264,2.7,0,33.9,25.0,41.0,943.5
2025-06-27T16:00:10.787000+00:00,9949,253,1264,2.3,0,33.8,25.0,41.0,943.3
2025-06-27T16:01:10.797000+00:00,9949,15,1264,1.0,0,33.8,24.9,42.0,943.4
2025-06-27T16:02:10.795000+00:00,9949,48,1264,0.9,0,34.2,24.8,42.0,943.4
2025-06-27T16:03:10.808000+00:00,9949,224,1264,0.8,0,34.1,24.8,41.0,943.4
2025-06-27T16:04:10.799000+00:00,9949,252,1264,1.1,0,33.8,24.9,42.0,943.4
2025-06-27T16:05:10.807000+00:00,9949,181,1264,1.2,0,33.8,24.9,42.0,943.5
2025-06-28T10:17:15.306000+00:00,9950,235,1264,0.7,0,32.5,23.5,50.0,947.0
2025-06-28T10:18:15.279000+00:00,9950,230,1264,0.9,0,32.5,23.6,50.0,947.0
2025-06-28T10:19:15.301000+00:00,9950,236,1264,1.2,0,32.5,23.6,49.0,947.0
2025-06-28T10:20:15.305000+00:00,9950,272,1264,1.0,0,32.4,23.6,49.0,947.1
2025-06-28T10:21:15.321000+00:00,9950,0,1264,0.0,0,32.5,23.8,49.0,947.0
2025-06-28T10:22:15.322000+00:00,9950,0,1264,0.0,0,32.4,23.8,48.0,947.0
2025-06-28T10:23:15.297000+00:00,9950,110,1264,0.0,0,32.4,23.8,49.0,946.9
2025-06-28T10:24:15.319000+00:00,9950,325,1264,0.0,0,32.5,23.8,49.0,946.9
2025-06-28T10:25:15.308000+00:00,9950,201,1264,0.7,0,32.6,23.8,48.0,946.9
2025-06-28T10:26:15.344000+00:00,9950,292,1264,0.6,0,32.6,23.8,48.0,946.9
2025-06-28T10:27:15.323000+00:00,9950,222,1264,0.9,0,32.8,23.9,48.0,946.9
2025-06-28T10:28:15.325000+00:00,9950,269,1264,1.2,0,32.7,24.0,48.0,946.9
2025-06-28T10:29:15.326000+00:00,9950,208,1264,1.0,0,32.6,24.0,48.0,946.9
2025-06-28T10:30:15.311000+00:00,9950,337,1264,0.4,0,32.5,24.0,48.0,946.9
2025-06-28T10:31:15.325000+00:00,9950,0,1264,0.4,0,32.3,23.9,48.0,946.9
2025-06-28T10:32:15.313000+00:00,9950,256,1264,0.7,0,32.3,23.9,48.0,946.9
2025-06-28T10:33:15.314000+00:00,9950,264,1264,0.8,0,32.4,23.9,49.0,946.9
2025-06-28T10:34:15.324000+00:00,9950,314,1264,0.5,0,33.3,23.9,48.0,946.9
2025-06-28T10:35:15.326000+00:00,9950,242,1264,0.0,0,33.6,24.0,48.0,946.8
2025-06-28T10:36:15.335000+00:00,9950,279,1264,0.6,0,33.6,24.1,47.0,946.8
2025-06-28T10:37:15.334000+00:00,9950,202,1264,0.6,0,33.5,24.2,48.0,946.7
2025-06-28T10:38:15.328000+00:00,9950,236,1264,0.9,0,33.5,24.2,48.0,946.8
2025-06-28T10:39:15.332000+00:00,9950,241,1264,1.4,0,33.3,24.1,49.0,946.8
2025-06-28T10:40:15.337000+00:00,9950,253,1264,1.3,0,33.0,24.1,48.0,946.9
2025-06-28T10:41:15.350000+00:00,9950,221,1264,1.1,0,32.8,24.0,49.0,946.8
2025-06-28T10:42:15.333000+00:00,9950,219,1264,0.6,0,33.1,24.0,49.0,946.7
2025-06-28T10:43:15.338000+00:00,9950,104,1264,0.5,0,34.1,24.1,49.0,946.7
2025-06-28T10:44:15.327000+00:00,9950,321,1264,0.4,0,34.6,24.2,49.0,946.7
2025-06-28T10:45:15.335000+00:00,9950,278,1264,0.6,0,35.1,24.4,50.0,946.7
2025-06-28T10:46:15.356000+00:00,9950,222,1264,1.0,0,36.3,24.5,50.0,946.7
2025-06-28T10:47:15.328000+00:00,9950,267,1264,1.2,0,36.9,24.6,48.0,946.8
2025-06-28T10:48:15.348000+00:00,9950,261,1264,0.4,0,37.0,24.6,49.0,946.8
2025-06-28T10:49:15.334000+00:00,9950,263,1264,1.1,0,37.4,24.7,49.0,946.7
2025-06-28T10:50:15.333000+00:00,9950,201,1264,1.5,0,36.8,24.8,48.0,946.8
2025-06-28T10:51:15.335000+00:00,9950,136,1264,1.2,0,36.8,24.9,49.0,946.7
2025-06-28T10:52:15.332000+00:00,9950,102,1264,0.7,0,37.3,24.8,49.0,946.7
2025-06-28T10:53:15.338000+00:00,9950,191,1264,0.7,0,37.4,24.8,49.0,946.7
2025-06-28T10:54:15.337000+00:00,9950,139,1264,1.2,0,38.0,24.7,48.0,946.8
2025-06-28T10:55:15.336000+00:00,9950,106,1264,0.4,0,37.6,24.8,47.0,946.8
2025-06-28T10:56:15.342000+00:00,9950,84,1264,0.6,0,36.5,24.8,47.0,946.7
2025-06-28T10:57:15.349000+00:00,9950,247,1264,1.5,0,36.4,24.8,47.0,946.8
2025-06-28T10:58:15.375000+00:00,9950,228,1264,2.1,0,35.9,24.8,48.0,946.7
2025-06-28T10:59:15.349000+00:00,9950,261,1264,1.5,0,35.4,24.7,48.0,946.7
2025-06-28T11:00:15.348000+00:00,9950,222,1264,1.3,0,35.2,24.6,49.0,946.8
2025-06-28T11:01:15.340000+00:00,9950,219,1264,1.7,0,34.9,24.6,49.0,946.7
2025-06-28T11:02:15.359000+00:00,9950,224,1264,1.7,0,34.6,24.5,50.0,946.7
2025-06-28T11:03:15.352000+00:00,9950,176,1264,1.3,0,34.6,24.3,50.0,946.7
2025-06-28T11:04:15.351000+00:00,9950,222,1264,0.6,0,36.5,24.3,50.0,946.7
2025-06-28T11:05:15.352000+00:00,9950,180,1264,0.8,0,37.3,24.5,49.0,946.7
2025-06-28T11:06:15.350000+00:00,9950,0,1264,0.5,0,37.3,24.5,49.0,946.7
2025-06-28T11:07:15.347000+00:00,9950,93,1264,0.7,0,37.6,24.5,49.0,946.7
2025-06-28T11:08:15.351000+00:00,9950,38,1264,1.1,0,37.6,24.5,49.0,946.6
2025-06-28T11:09:15.352000+00:00,9950,93,1264,0.7,0,38.1,24.5,48.0,946.6
2025-06-28T11:10:15.357000+00:00,9950,98,1264,1.1,0,38.1,24.5,48.0,946.5
2025-06-28T11:11:15.348000+00:00,9950,134,1264,1.0,0,38.3,24.5,47.0,946.6
2025-06-28T11:12:15.348000+00:00,9950,0,1264,0.5,0,39.2,24.6,46.0,946.6
2025-06-28T11:13:15.396000+00:00,9950,304,1264,0.4,0,39.2,24.8,46.0,946.5
2025-06-28T11:14:15.357000+00:00,9950,324,1264,0.5,0,38.9,24.9,46.0,946.6
2025-06-28T11:15:15.346000+00:00,9950,339,1264,0.5,0,38.4,24.8,47.0,946.6
2025-06-28T11:16:15.346000+00:00,9950,261,1264,0.5,0,38.9,24.8,47.0,946.5
2025-06-28T11:17:15.351000+00:00,9950,228,1264,0.9,0,39.5,24.9,45.0,946.5
2025-06-28T11:18:15.361000+00:00,9950,302,1264,0.7,0,39.7,25.0,44.0,946.5
2025-06-28T11:19:15.355000+00:00,9950,284,1264,0.8,0,39.6,25.0,44.0,946.5
2025-06-28T11:20:15.346000+00:00,9950,213,1264,0.7,0,38.5,25.1,45.0,946.5
2025-06-28T11:21:15.356000+00:00,9950,0,1264,0.8,0,38.5,25.0,46.0,946.5
2025-06-28T11:22:15.374000+00:00,9950,261,1264,0.5,0,38.7,25.1,45.0,946.5
2025-06-28T11:23:15.370000+00:00,9950,233,1264,0.9,0,39.6,25.2,45.0,946.5
2025-06-28T11:24:15.367000+00:00,9950,221,1264,1.4,0,39.9,25.3,44.0,946.6
2025-06-28T11:25:15.358000+00:00,9950,110,1264,1.1,0,40.0,25.4,44.0,946.6
2025-06-28T11:26:15.371000+00:00,9950,322,1264,0.8,0,39.0,25.3,44.0,946.5
2025-06-28T11:27:15.369000+00:00,9950,42,1264,0.4,0,38.9,25.3,44.0,946.5
2025-06-28T11:28:15.369000+00:00,9950,67,1264,0.9,0,40.1,25.3,44.0,946.4
2025-06-28T11:29:15.370000+00:00,9950,32,1264,1.3,0,40.4,25.4,44.0,946.5
2025-06-28T11:30:15.364000+00:00,9950,57,1264,1.3,0,40.7,25.5,44.0,946.4
2025-06-28T11:31:15.366000+00:00,9950,0,1264,0.4,0,40.8,25.6,44.0,946.5
2025-06-28T11:32:15.386000+00:00,9950,80,1264,0.7,0,41.3,25.8,45.0,946.4
2025-06-28T11:33:15.362000+00:00,9950,0,1264,1.6,0,42.2,26.0,43.0,946.4
2025-06-28T11:34:15.364000+00:00,9950,293,1264,1.1,0,42.0,26.0,43.0,946.4
2025-06-28T11:35:15.362000+00:00,9950,0,1264,0.6,0,41.9,26.1,44.0,946.3
2025-06-15T17:05:39.507000+00:00,9963,53,1263,1.3,0,47.1,23.0,28.0,1019.1
2025-06-15T17:06:39.508000+00:00,9963,153,1263,0.7,0,47.0,23.0,28.0,1019.1
2025-06-15T17:07:39.508000+00:00,9963,153,1263,0.7,0,47.0,23.0,28.0,1019.1
2025-06-15T17:08:39.509000+00:00,9963,3,1263,0.8,0,47.3,23.0,27.0,1019.0
2025-06-15T17:09:39.509000+00:00,9963,345,1263,1.0,0,47.0,23.1,28.0,1019.1
2025-06-15T17:10:39.510000+00:00,9963,326,1263,1.2,0,47.3,23.1,28.0,1019.0
2025-06-15T17:11:39.526000+00:00,9963,7,1263,0.5,0,47.3,23.1,30.0,1018.9
2025-06-15T17:12:39.526000+00:00,9963,8,1263,0.8,0,47.1,23.3,29.0,1019.0
2025-06-15T17:13:39.527000+00:00,9963,12,1263,1.1,0,48.0,23.3,26.0,1019.0
2025-06-15T17:14:39.543000+00:00,9963,40,1263,1.2,0,48.0,23.4,26.0,1019.0
2025-06-15T17:15:39.575000+00:00,9963,43,1263,1.2,0,47.9,23.4,26.0,1018.9
2025-06-15T17:16:39.585000+00:00,9963,27,1263,1.2,0,47.9,23.3,26.0,1018.9
2025-06-15T17:17:39.591000+00:00,9963,28,1263,1.5,0,48.3,23.3,25.0,1018.9
2025-06-15T17:18:39.607000+00:00,9963,357,1263,1.1,0,48.1,23.3,25.0,1019.0
2025-06-15T17:19:39.611000+00:00,9963,11,1263,1.5,0,48.0,23.3,25.0,1018.9
2025-06-15T17:20:39.627000+00:00,9963,62,1263,0.4,0,47.8,23.2,26.0,1019.0
2025-06-15T17:21:39.612000+00:00,9963,39,1263,0.7,0,47.9,23.2,25.0,1019.0
2025-06-15T17:22:39.628000+00:00,9963,291,1263,0.6,0,48.0,23.1,25.0,1019.0
2025-06-15T17:23:39.609000+00:00,9963,340,1263,0.7,0,48.0,23.2,26.0,1019.1
2025-06-15T17:24:39.625000+00:00,9963,354,1263,1.0,0,48.4,23.1,26.0,1019.0
2025-06-15T17:25:39.641000+00:00,9963,34,1263,1.2,0,48.0,23.1,28.0,1019.1
2025-06-15T17:26:39.657000+00:00,9963,329,1263,0.5,0,47.5,23.1,32.0,1019.0
2025-06-15T17:27:39.646000+00:00,9963,305,1263,0.6,0,47.5,23.3,30.0,1019.0
2025-06-15T17:28:39.662000+00:00,9963,127,1263,0.0,0,48.2,23.3,32.0,1019.0
2025-06-15T17:29:39.678000+00:00,9963,0,1263,0.0,0,47.9,23.2,30.0,1019.0
2025-06-15T17:30:39.647000+00:00,9963,248,1263,0.3,0,48.0,23.3,30.0,1019.1
2025-06-15T17:31:39.647000+00:00,9963,198,1263,0.8,0,47.9,23.3,29.0,1019.1
2025-06-15T17:32:39.669000+00:00,9963,211,1263,1.1,0,47.9,23.3,29.0,1019.0
2025-06-15T17:33:39.655000+00:00,9963,190,1263,1.1,0,47.9,23.3,30.0,1019.0
2025-06-15T17:34:39.655000+00:00,9963,177,1263,1.4,0,48.0,23.1,30.0,1019.1
2025-06-15T17:35:39.656000+00:00,9963,173,1263,2.0,0,48.0,23.1,31.0,1019.0
2025-06-15T17:36:39.656000+00:00,9963,149,1263,0.7,0,48.2,22.8,31.0,1019.1
2025-06-15T17:37:39.657000+00:00,9963,276,1263,1.2,0,48.2,22.8,31.0,1019.1
2025-06-15T17:38:39.655000+00:00,9963,202,1263,1.0,0,48.1,22.8,32.0,1019.2
2025-06-15T17:39:39.664000+00:00,9963,175,1263,1.5,0,48.4,22.9,34.0,1019.0
2025-06-15T17:40:39.664000+00:00,9963,175,1263,1.9,0,48.4,22.8,33.0,1019.1
2025-06-15T17:41:39.649000+00:00,9963,180,1263,1.8,0,48.7,22.8,34.0,1019.0
2025-06-15T17:42:39.649000+00:00,9963,157,1263,2.2,0,49.0,22.8,31.0,1019.1
2025-06-15T17:43:39.666000+00:00,9963,172,1263,1.6,0,49.1,22.8,33.0,1019.0
2025-06-15T17:44:39.651000+00:00,9963,160,1263,0.6,0,49.3,22.8,33.0,1019.0
2025-06-15T17:45:39.651000+00:00,9963,147,1263,1.0,0,49.3,23.0,33.0,1019.0
2025-06-15T17:46:39.664000+00:00,9963,19,1263,0.8,0,48.9,23.0,32.0,1018.9
2025-06-15T17:47:39.665000+00:00,9963,334,1263,0.8,0,48.7,23.0,31.0,1019.0
2025-06-15T17:48:39.665000+00:00,9963,344,1263,0.7,0,48.7,23.0,31.0,1019.0
2025-06-15T17:49:39.666000+00:00,9963,104,1263,0.4,0,48.7,23.1,30.0,1019.1
2025-06-15T17:50:39.666000+00:00,9963,353,1263,0.6,0,48.7,23.2,31.0,1019.0
2025-06-15T17:51:39.667000+00:00,9963,140,1263,0.6,0,48.9,23.0,31.0,1019.0
2025-06-15T17:52:39.683000+00:00,9963,192,1263,0.7,0,49.3,23.0,30.0,1019.0
2025-06-15T17:53:39.668000+00:00,9963,169,1263,1.4,0,49.3,23.0,29.0,1018.9
2025-06-15T17:54:39.668000+00:00,9963,194,1263,1.8,0,50.0,23.0,28.0,1019.0
2025-06-15T17:55:39.669000+00:00,9963,133,1263,1.0,0,49.5,23.0,28.0,1019.0
2025-06-15T17:56:39.669000+00:00,9963,175,1263,1.0,0,49.5,23.0,29.0,1019.0
2025-06-15T17:57:39.685000+00:00,9963,174,1263,1.2,0,49.4,23.0,29.0,1019.0
2025-06-15T17:58:39.676000+00:00,9963,238,1263,1.4,0,49.8,23.0,29.0,1019.0
2025-06-15T17:59:39.676000+00:00,9963,211,1263,1.3,0,49.9,23.1,29.0,1019.1
2025-06-15T18:00:39.661000+00:00,9963,333,1263,1.0,0,49.7,23.4,29.0,1019.1
2025-06-15T18:01:39.683000+00:00,9963,344,1263,1.0,0,49.6,23.4,29.0,1019.0
2025-06-15T18:02:39.682000+00:00,9963,18,1263,0.6,0,49.6,23.3,30.0,1018.9
2025-06-15T18:03:39.682000+00:00,9963,2,1263,0.7,0,49.7,23.3,30.0,1019.1
2025-06-15T18:04:39.667000+00:00,9963,104,1263,0.5,0,50.0,23.4,30.0,1019.1
2025-06-15T18:05:39.667000+00:00,9963,3,1263,1.0,0,50.1,23.6,29.0,1018.9
2025-06-15T18:06:39.668000+00:00,9963,353,1263,0.9,0,50.2,23.6,29.0,1019.0
2025-06-15T18:07:39.681000+00:00,9963,343,1263,1.6,0,50.2,23.6,29.0,1019.1
2025-06-15T18:08:39.681000+00:00,9963,158,1263,1.4,0,50.3,23.7,28.0,1019.1
2025-06-15T18:09:39.682000+00:00,9963,103,1263,0.8,0,50.1,23.9,28.0,1019.1
2025-06-15T18:10:39.682000+00:00,9963,29,1263,0.8,0,50.0,24.0,27.0,1019.1
2025-06-15T18:11:39.683000+00:00,9963,19,1263,1.3,0,49.9,24.0,27.0,1019.0
2025-06-15T18:12:39.683000+00:00,9963,354,1263,2.2,0,49.9,23.9,26.0,1019.0
2025-06-15T18:13:39.684000+00:00,9963,4,1263,2.9,0,49.9,23.8,26.0,1019.0
2025-06-15T18:14:39.684000+00:00,9963,4,1263,2.9,0,49.9,23.6,26.0,1019.0
2025-06-15T18:15:39.685000+00:00,9963,263,1263,1.1,0,50.4,23.8,26.0,1019.0
2025-06-15T18:16:39.676000+00:00,9963,202,1263,1.5,0,50.3,23.8,27.0,1019.1
2025-06-15T18:17:39.676000+00:00,9963,262,1263,2.0,0,50.2,23.7,26.0,1019.1
2025-06-15T18:18:39.685000+00:00,9963,253,1263,1.6,0,50.1,23.8,27.0,1019.0
2025-06-15T18:19:39.693000+00:00,9963,159,1263,1.6,0,50.1,23.8,26.0,1019.0
2025-06-15T18:20:39.678000+00:00,9963,239,1263,1.9,0,50.1,23.7,26.0,1019.1
2025-06-15T18:21:39.694000+00:00,9963,292,1263,0.9,0,50.0,23.8,29.0,1019.0
2025-06-15T18:22:39.682000+00:00,9963,124,1263,0.9,0,50.0,23.8,29.0,1019.0
2025-06-15T18:23:39.682000+00:00,9963,106,1263,1.1,0,49.8,23.9,27.0,1019.1
2025-06-15T18:24:39.698000+00:00,9963,106,1263,1.1,0,49.8,23.8,27.0,1019.1
2025-06-15T18:25:39.683000+00:00,9963,326,1263,1.9,0,50.0,23.7,29.0,1019.0
2025-06-15T18:26:39.684000+00:00,9963,32,1263,0.8,0,50.2,23.8,28.0,1019.0
2025-06-15T18:27:39.684000+00:00,9963,31,1263,1.3,0,49.9,23.8,27.0,1019.0
2025-06-15T18:28:39.685000+00:00,9963,324,1263,1.1,0,49.7,23.8,28.0,1019.0
2025-06-15T18:29:39.702000+00:00,9963,0,1263,0.5,0,49.7,23.9,27.0,1019.0
2025-06-15T18:30:39.720000+00:00,9963,151,1263,0.8,0,49.4,24.0,29.0,1018.9
2025-06-15T18:31:39.699000+00:00,9963,151,1263,0.8,0,49.4,24.0,29.0,1018.9
2025-06-15T18:32:39.699000+00:00,9963,0,1263,1.1,0,49.4,24.0,28.0,1018.9
2025-06-15T18:33:39.700000+00:00,9963,0,1263,1.1,0,49.6,23.9,30.0,1018.9
2025-06-15T18:34:39.697000+00:00,9963,166,1263,0.9,0,49.6,24.0,29.0,1019.1
2025-06-15T18:35:39.695000+00:00,9963,230,1263,2.0,0,49.7,24.1,30.0,1019.1
2025-06-15T18:36:39.695000+00:00,9963,10,1263,0.7,0,49.9,24.1,29.0,1019.0
2025-06-15T18:37:39.696000+00:00,9963,27,1263,0.7,0,49.8,24.3,29.0,1019.0
2025-06-15T18:38:39.705000+00:00,9963,197,1263,0.8,0,49.9,24.3,29.0,1018.9
2025-06-15T18:39:39.709000+00:00,9963,123,1263,0.8,0,50.0,24.4,28.0,1018.9
2025-06-15T18:40:39.728000+00:00,9963,327,1263,0.7,0,49.8,24.4,29.0,1019.1
2025-06-15T18:41:39.745000+00:00,9963,335,1263,0.8,0,49.6,24.5,29.0,1018.9
2025-06-15T18:42:39.749000+00:00,9963,149,1263,1.1,0,49.7,24.5,29.0,1018.9
2025-06-15T18:43:39.761000+00:00,9963,357,1263,0.7,0,49.8,24.5,29.0,1018.9
2025-06-15T18:44:39.762000+00:00,9963,252,1263,0.8,0,49.7,24.6,28.0,1019.0
2025-06-15T18:45:39.793000+00:00,9963,0,1263,0.6,0,49.7,24.6,28.0,1018.9
2025-06-15T18:46:39.787000+00:00,9963,159,1263,0.5,0,49.8,24.6,28.0,1019.0
2025-06-15T18:47:39.803000+00:00,9963,143,1263,1.1,0,49.8,24.6,29.0,1018.9
2025-06-15T18:48:39.795000+00:00,9963,180,1263,0.9,0,50.1,24.5,28.0,1018.9
2025-06-15T18:49:39.795000+00:00,9963,0,1263,0.9,0,49.9,24.5,28.0,1018.9
2025-06-15T18:50:39.811000+00:00,9963,314,1263,0.8,0,49.9,24.6,27.0,1018.9
2025-06-15T18:51:39.827000+00:00,9963,167,1263,0.7,0,49.8,24.7,28.0,1018.9
2025-06-15T18:52:39.843000+00:00,9963,163,1263,1.5,0,49.9,24.7,27.0,1018.9
2025-06-15T18:53:39.828000+00:00,9963,160,1263,1.4,0,50.0,24.7,28.0,1018.8
2025-06-15T18:54:39.841000+00:00,9963,140,1263,2.0,0,50.3,24.6,28.0,1018.9
2025-06-15T18:55:39.842000+00:00,9963,207,1263,1.4,0,50.3,24.6,28.0,1018.9
2025-06-15T18:56:39.858000+00:00,9963,183,1263,1.2,0,49.9,24.6,28.0,1018.8
2025-06-15T18:57:39.874000+00:00,9963,284,1263,1.6,0,49.9,24.8,27.0,1018.9
2025-06-15T18:58:39.875000+00:00,9963,188,1263,1.1,0,50.2,25.1,28.0,1018.9
2025-06-15T18:59:39.862000+00:00,9963,338,1263,0.8,0,49.8,25.2,27.0,1018.9
2025-06-15T19:00:39.894000+00:00,9963,168,1263,1.0,0,49.8,25.2,29.0,1018.9
2025-06-15T19:01:39.891000+00:00,9963,353,1263,1.5,0,49.6,25.1,30.0,1018.9
2025-06-15T19:02:39.883000+00:00,9963,0,1263,0.7,0,49.9,25.0,28.0,1018.9
2025-06-15T19:03:39.883000+00:00,9963,44,1263,0.9,0,49.9,24.9,27.0,1019.0
2025-06-15T19:04:39.884000+00:00,9963,178,1263,0.9,0,49.9,25.0,27.0,1018.8
2025-06-15T19:05:39.900000+00:00,9963,64,1263,1.0,0,50.0,25.0,27.0,1018.8
2025-06-15T19:06:39.884000+00:00,9963,61,1263,0.9,0,50.0,25.1,28.0,1018.8
2025-06-15T19:07:39.901000+00:00,9963,359,1263,1.0,0,49.8,25.1,28.0,1018.9
2025-06-15T19:08:39.904000+00:00,9963,337,1263,0.8,0,49.8,25.1,28.0,1018.8
2025-06-15T19:09:39.920000+00:00,9963,176,1263,1.1,0,49.3,25.1,27.0,1018.8
2025-06-15T19:10:39.952000+00:00,9963,0,1263,0.9,0,49.3,25.1,29.0,1018.8
2025-06-15T19:11:39.937000+00:00,9963,336,1263,0.6,0,49.9,25.2,29.0,1018.8
2025-06-15T19:12:39.937000+00:00,9963,162,1263,1.1,0,49.6,25.3,27.0,1018.8
2025-06-15T19:13:39.953000+00:00,9963,215,1263,1.1,0,49.7,25.4,29.0,1018.8
2025-06-15T19:14:39.954000+00:00,9963,91,1263,0.5,0,49.7,25.6,27.0,1018.8
2025-06-15T19:15:39.970000+00:00,9963,4,1263,0.5,0,49.8,25.6,27.0,1018.8
2025-06-15T19:16:39.980000+00:00,9963,343,1263,0.9,0,49.2,25.5,26.0,1018.7
2025-06-15T19:17:39.980000+00:00,9963,0,1263,0.7,0,49.2,25.4,26.0,1018.9
2025-06-15T19:18:39.981000+00:00,9963,338,1263,1.1,0,49.4,25.2,27.0,1018.8
2025-06-15T19:19:39.982000+00:00,9963,216,1263,0.6,0,49.4,25.1,27.0,1018.8
2025-06-15T19:20:39.982000+00:00,9963,321,1263,1.1,0,49.5,25.0,27.0,1018.8
2025-06-15T19:21:39.983000+00:00,9963,4,1263,1.3,0,49.5,24.9,27.0,1018.7
2025-06-15T19:22:39.983000+00:00,9963,197,1263,0.8,0,49.5,25.0,27.0,1018.8
2025-06-15T19:23:39.984000+00:00,9963,139,1263,1.0,0,49.6,25.1,26.0,1018.8
2025-06-15T19:24:39.984000+00:00,9963,168,1263,0.8,0,49.6,25.1,27.0,1018.9
2025-06-15T19:25:39.985000+00:00,9963,161,1263,1.0,0,49.7,25.1,27.0,1018.8
2025-06-15T19:26:39.988000+00:00,9963,6,1263,0.8,0,49.4,25.1,27.0,1018.8
2025-06-15T19:27:39.982000+00:00,9963,174,1263,0.7,0,49.7,25.2,27.0,1018.9
2025-06-15T19:28:39.982000+00:00,9963,143,1263,0.9,0,49.5,25.3,27.0,1018.8
2025-06-15T19:29:39.992000+00:00,9963,17,1263,0.6,0,49.5,25.1,27.0,1018.9
2025-06-15T19:30:39.996000+00:00,9963,175,1263,0.6,0,49.3,25.1,27.0,1018.8
2025-06-15T19:31:40.025000+00:00,9963,196,1263,0.8,0,49.6,25.2,26.0,1018.8
2025-06-15T19:32:40.010000+00:00,9963,187,1263,0.6,0,49.6,25.4,25.0,1018.8
2025-06-15T19:33:40.010000+00:00,9963,155,1263,0.6,0,49.5,25.3,25.0,1018.7
2025-06-15T19:34:40.010000+00:00,9963,230,1263,0.4,0,49.4,25.1,26.0,1018.8
2025-06-15T19:35:40.027000+00:00,9963,179,1263,1.0,0,49.5,25.1,26.0,1018.7
2025-06-15T19:36:40.027000+00:00,9963,187,1263,1.7,0,49.6,24.8,25.0,1018.9
2025-06-15T19:37:40.058000+00:00,9963,245,1263,2.0,0,49.4,24.7,27.0,1018.8
2025-06-15T19:38:40.073000+00:00,9963,212,1263,1.5,1,49.4,24.6,26.0,1018.8
2025-06-15T19:39:40.075000+00:00,9963,190,1263,0.9,0,49.3,24.5,26.0,1018.8
2025-06-15T19:40:40.091000+00:00,9963,0,1263,0.8,0,49.3,24.5,26.0,1018.8
2025-06-15T19:41:40.108000+00:00,9963,51,1263,0.4,0,49.4,24.6,26.0,1018.6
2025-06-15T19:42:40.096000+00:00,9963,179,1263,0.7,0,49.4,24.6,25.0,1018.7
2025-06-15T19:43:40.112000+00:00,9963,225,1263,1.1,0,49.3,24.5,25.0,1018.6
2025-06-15T19:44:40.128000+00:00,9963,225,1263,1.1,0,49.3,24.5,25.0,1018.6
2025-06-15T19:45:40.129000+00:00,9963,225,1263,1.1,0,49.3,24.5,25.0,1018.6
2025-06-15T19:46:40.129000+00:00,9963,225,1263,1.1,0,49.3,24.5,25.0,1018.6
2025-06-15T19:47:40.135000+00:00,9963,225,1263,1.1,0,49.3,24.5,25.0,1018.6
2025-06-15T19:48:40.127000+00:00,9963,225,1263,1.1,0,49.3,24.5,25.0,1018.6
2025-06-15T19:49:40.128000+00:00,9963,225,1263,1.1,0,49.3,24.5,25.0,1018.6
2025-06-15T19:50:40.144000+00:00,9963,225,1263,1.1,0,49.3,24.5,25.0,1018.6
2025-06-15T19:51:40.129000+00:00,9963,225,1263,1.1,0,49.3,24.5,25.0,1018.6
2025-07-04T14:46:00.655000+00:00,9941,241,1277,3.5,0,42.0,24.5,33.0,1006.1
2025-07-04T14:47:00.671000+00:00,9941,254,1277,3.0,0,42.2,24.6,33.0,1006.1
2025-07-04T14:48:00.656000+00:00,9941,261,1277,2.4,0,42.4,24.5,33.0,1006.0
2025-07-04T14:49:00.656000+00:00,9941,243,1277,2.3,0,42.6,24.5,33.0,1006.0
2025-07-04T14:50:00.654000+00:00,9941,232,1277,3.2,0,42.4,24.5,33.0,1006.1
2025-07-04T14:51:00.663000+00:00,9941,223,1277,5.1,0,42.4,24.5,33.0,1006.0
2025-07-04T14:52:00.686000+00:00,9941,224,1277,4.4,0,41.8,24.5,32.0,1006.1
2025-07-04T14:53:00.698000+00:00,9941,220,1277,4.2,0,41.7,24.5,32.0,1006.1
2025-07-04T14:54:00.702000+00:00,9941,230,1277,5.9,0,41.6,24.4,33.0,1006.1
2025-07-04T14:55:00.717000+00:00,9941,191,1277,2.8,0,41.6,24.4,33.0,1006.0
2025-07-04T14:56:00.702000+00:00,9941,229,1277,4.4,0,41.6,24.5,33.0,1006.0
2025-07-04T14:57:00.712000+00:00,9941,239,1277,3.1,0,41.7,24.6,34.0,1005.9
2025-07-04T14:58:00.711000+00:00,9941,188,1277,4.6,0,41.9,24.6,33.0,1005.9
2025-07-04T14:59:00.714000+00:00,9941,203,1277,4.6,0,41.3,24.5,33.0,1006.0
2025-07-04T15:00:00.719000+00:00,9941,253,1277,4.6,0,41.3,24.5,34.0,1006.0
2025-07-04T15:01:00.718000+00:00,9941,235,1277,4.4,0,41.1,24.4,34.0,1006.0
2025-07-04T15:02:00.729000+00:00,9941,236,1277,4.4,0,40.8,24.4,34.0,1005.9
2025-07-04T15:03:00.718000+00:00,9941,264,1277,3.2,0,40.8,24.2,34.0,1005.9
2025-07-04T15:04:00.710000+00:00,9941,237,1277,3.2,0,40.8,24.2,34.0,1005.9
2025-07-04T15:05:00.717000+00:00,9941,256,1277,3.7,0,40.8,24.3,34.0,1006.1
2025-07-04T15:06:00.730000+00:00,9941,240,1277,1.8,0,40.5,24.5,35.0,1005.9
2025-07-04T15:07:00.737000+00:00,9941,195,1277,3.4,0,40.4,24.4,35.0,1005.9
2025-07-04T15:08:00.744000+00:00,9941,202,1277,4.5,0,40.4,24.4,34.0,1005.8
2025-07-04T15:09:00.762000+00:00,9941,201,1277,5.2,0,40.4,24.4,35.0,1005.9
2025-07-04T15:10:00.773000+00:00,9941,208,1277,3.6,0,40.3,24.4,35.0,1005.9
2025-07-04T15:11:00.789000+00:00,9941,200,1277,3.7,0,40.4,24.4,36.0,1005.9
2025-07-04T15:12:00.801000+00:00,9941,218,1277,4.4,0,40.2,24.4,36.0,1005.9
2025-07-04T15:13:00.802000+00:00,9941,213,1277,3.0,0,40.2,24.4,36.0,1005.8
2025-07-04T15:14:00.802000+00:00,9941,225,1277,3.7,0,40.5,24.2,36.0,1005.9
2025-07-04T15:15:00.824000+00:00,9941,255,1277,3.1,0,40.8,24.2,36.0,1005.7
2025-07-04T15:16:00.811000+00:00,9941,236,1277,3.9,0,40.8,24.3,35.0,1005.8
2025-07-04T15:17:00.809000+00:00,9941,214,1277,2.9,0,41.0,24.4,35.0,1005.8
2025-07-04T15:18:00.812000+00:00,9941,227,1277,3.0,0,41.0,24.5,35.0,1005.8
2025-07-04T15:19:00.812000+00:00,9941,248,1277,3.2,0,40.9,24.4,36.0,1005.8
2025-07-04T15:20:00.808000+00:00,9941,207,1277,4.2,0,40.7,24.3,36.0,1005.9
2025-07-04T15:21:00.805000+00:00,9941,238,1277,3.4,0,40.7,24.2,36.0,1005.8
2025-07-04T15:22:00.812000+00:00,9941,248,1277,2.8,0,40.4,24.1,36.0,1005.7
2025-07-04T15:23:00.818000+00:00,9941,258,1277,2.9,0,39.9,24.1,36.0,1005.8
2025-07-04T15:24:00.820000+00:00,9941,228,1277,2.7,0,39.9,24.1,36.0,1005.8
2025-07-04T15:25:00.815000+00:00,9941,255,1277,2.4,0,39.7,24.0,37.0,1005.7
2025-07-04T15:26:00.815000+00:00,9941,247,1277,2.3,0,39.6,23.9,37.0,1005.7
2025-07-04T15:27:00.810000+00:00,9941,215,1277,3.2,0,39.7,23.9,36.0,1005.6
2025-07-04T15:28:00.814000+00:00,9941,202,1277,3.2,0,39.3,24.0,36.0,1005.7
2025-07-04T15:29:00.817000+00:00,9941,242,1277,4.3,0,39.0,23.9,35.0,1005.7
2025-07-04T15:30:00.817000+00:00,9941,215,1277,4.5,0,38.7,23.9,35.0,1005.6
2025-07-04T15:31:00.816000+00:00,9941,231,1277,4.2,0,39.0,23.9,36.0,1005.6
2025-07-04T15:32:00.815000+00:00,9941,231,1277,4.2,0,39.0,23.8,36.0,1005.6
2025-07-04T15:33:00.821000+00:00,9941,203,1277,3.4,0,39.1,23.8,36.0,1005.6
2025-07-04T15:34:00.816000+00:00,9941,222,1277,4.4,0,39.1,23.8,36.0,1005.6
2025-07-04T15:35:00.816000+00:00,9941,247,1277,2.9,0,39.2,23.9,36.0,1005.6
2025-07-04T15:36:00.830000+00:00,9941,238,1277,4.7,0,39.8,23.9,36.0,1005.6
2025-07-04T15:37:00.817000+00:00,9941,244,1277,4.1,0,39.8,24.0,36.0,1005.6
2025-07-04T15:38:00.831000+00:00,9941,243,1277,3.8,0,39.6,24.1,36.0,1005.7
2025-07-04T15:39:00.816000+00:00,9941,247,1277,3.9,0,39.5,24.3,36.0,1005.6
2025-07-04T15:40:00.818000+00:00,9941,210,1277,3.3,0,39.0,24.3,36.0,1005.6
2025-07-04T15:41:00.831000+00:00,9941,243,1277,3.8,0,39.0,24.2,35.0,1005.6
2025-07-04T15:42:00.824000+00:00,9941,207,1277,3.1,0,38.6,24.2,35.0,1005.6
2025-07-04T15:43:00.834000+00:00,9941,238,1277,4.3,0,38.8,24.1,36.0,1005.5
2025-07-04T15:44:00.890000+00:00,9941,252,1277,3.9,0,38.3,24.0,35.0,1005.5
2025-07-04T15:45:00.833000+00:00,9941,247,1277,3.4,0,38.3,23.9,35.0,1005.6
2025-07-04T15:46:00.826000+00:00,9941,218,1277,3.7,0,38.4,23.8,36.0,1005.6
2025-07-04T15:47:00.828000+00:00,9941,220,1277,5.4,0,38.2,23.7,36.0,1005.5
2025-07-04T15:48:00.834000+00:00,9941,246,1277,4.2,0,37.9,23.7,36.0,1005.6
2025-07-04T15:49:00.819000+00:00,9941,203,1277,4.6,0,37.8,23.8,36.0,1005.6
2025-07-04T15:50:00.819000+00:00,9941,224,1277,3.6,0,38.2,23.8,37.0,1005.6
2025-07-04T15:51:00.835000+00:00,9941,247,1277,4.1,0,38.4,23.9,36.0,1005.5
2025-07-04T15:52:00.872000+00:00,9941,237,1277,4.9,0,38.3,24.0,36.0,1005.6
2025-07-04T15:53:00.834000+00:00,9941,223,1277,4.0,0,38.4,24.0,36.0,1005.4
2025-07-04T15:54:00.849000+00:00,9941,209,1277,4.9,0,38.4,23.9,36.0,1005.6
2025-07-04T15:55:00.848000+00:00,9941,231,1277,4.1,0,38.4,24.0,36.0,1005.5
2025-07-04T15:56:00.854000+00:00,9941,246,1277,4.8,0,38.4,24.0,35.0,1005.5
2025-07-04T15:57:00.876000+00:00,9941,230,1277,3.2,0,38.4,23.9,35.0,1005.5
2025-07-04T15:58:00.881000+00:00,9941,328,1277,3.7,0,38.3,23.9,35.0,1005.4
2025-07-04T15:59:00.879000+00:00,9941,252,1277,2.6,0,38.4,23.9,35.0,1005.5
2025-07-04T16:00:00.879000+00:00,9941,215,1277,3.0,0,38.4,23.9,35.0,1005.4
2025-07-04T16:01:00.892000+00:00,9941,233,1277,2.5,0,38.0,23.9,35.0,1005.3
2025-07-04T16:02:00.886000+00:00,9941,244,1277,3.3,0,38.0,24.0,35.0,1005.4
2025-07-04T16:03:00.882000+00:00,9941,264,1277,2.8,0,38.0,24.0,35.0,1005.5
2025-07-04T16:04:00.893000+00:00,9941,244,1277,3.2,0,37.9,24.0,35.0,1005.3
2025-07-04T16:05:00.881000+00:00,9941,238,1277,3.6,0,37.9,23.9,36.0,1005.5
2025-07-04T16:06:00.909000+00:00,9941,239,1277,3.1,0,38.0,23.9,36.0,1005.5
2025-07-04T11:16:00.325000+00:00,9940,218,1277,1.9,0,36.7,21.7,46.0,1008.5
2025-07-04T11:17:00.338000+00:00,9940,227,1277,2.4,0,37.0,21.7,46.0,1008.7
2025-07-04T11:18:00.353000+00:00,9940,248,1277,3.0,0,37.0,21.8,45.0,1008.7
2025-07-04T11:19:00.353000+00:00,9940,210,1277,3.2,0,37.1,21.8,45.0,1008.5
2025-07-04T11:20:00.512000+00:00,9940,245,1277,2.6,0,37.5,21.8,45.0,1008.5
2025-07-04T11:21:00.351000+00:00,9940,242,1277,2.7,0,37.5,21.9,45.0,1008.5
2025-07-04T11:22:00.363000+00:00,9940,230,1277,3.0,0,37.8,21.9,44.0,1008.5
2025-07-04T11:23:00.354000+00:00,9940,225,1277,4.1,0,37.8,22.1,43.0,1008.5
2025-07-04T11:24:00.346000+00:00,9940,200,1277,5.2,0,37.6,22.1,43.0,1008.5
2025-07-04T11:25:00.357000+00:00,9940,211,1277,4.1,0,37.6,22.2,44.0,1008.6
2025-07-04T11:26:00.357000+00:00,9940,193,1277,3.8,0,37.5,22.0,44.0,1008.5
2025-07-04T11:27:00.365000+00:00,9940,199,1277,3.6,0,37.4,21.9,44.0,1008.4
2025-07-04T11:28:00.378000+00:00,9940,231,1277,4.2,0,37.4,21.8,44.0,1008.4
2025-07-04T11:29:00.378000+00:00,9940,264,1277,4.0,0,37.7,21.9,44.0,1008.4
2025-07-04T11:30:00.381000+00:00,9940,194,1277,1.8,0,38.1,21.9,44.0,1008.3
2025-07-04T11:31:00.376000+00:00,9940,235,1277,2.2,0,38.3,22.0,43.0,1008.3
2025-07-04T11:32:00.400000+00:00,9940,199,1277,4.4,0,38.4,22.0,43.0,1008.4
2025-07-04T11:33:00.399000+00:00,9940,210,1277,3.1,0,38.4,22.0,42.0,1008.3
2025-07-04T11:34:00.397000+00:00,9940,226,1277,4.5,0,38.3,22.1,42.0,1008.3
2025-07-04T11:35:00.403000+00:00,9940,221,1277,3.9,0,37.9,22.1,43.0,1008.3
2025-07-04T11:36:00.399000+00:00,9940,246,1277,3.5,0,38.4,22.0,45.0,1008.2
2025-07-04T11:37:00.401000+00:00,9940,210,1277,3.9,0,38.4,22.0,45.0,1008.2
2025-07-04T11:38:00.401000+00:00,9940,196,1277,3.5,0,38.6,22.1,46.0,1008.3
2025-07-04T11:39:00.401000+00:00,9940,223,1277,4.6,0,38.7,22.2,46.0,1008.2
2025-07-04T11:40:00.398000+00:00,9940,180,1277,3.1,0,38.7,22.2,46.0,1008.2
2025-07-04T11:41:00.402000+00:00,9940,222,1277,2.7,0,38.8,22.3,46.0,1008.2
2025-07-04T11:42:00.407000+00:00,9940,211,1277,3.4,0,38.9,22.3,45.0,1008.2
2025-07-04T11:43:00.403000+00:00,9940,203,1277,2.1,0,38.9,22.1,45.0,1008.1
2025-07-04T11:44:00.403000+00:00,9940,191,1277,3.0,0,38.9,22.1,46.0,1008.1
2025-07-04T11:45:00.403000+00:00,9940,208,1277,4.1,0,38.9,22.1,44.0,1008.1
2025-07-04T11:46:00.403000+00:00,9940,208,1277,3.7,0,38.9,22.3,45.0,1008.1
2025-07-04T11:47:00.389000+00:00,9940,179,1277,4.1,0,39.0,22.3,46.0,1008.0
2025-07-04T11:48:00.443000+00:00,9940,200,1277,5.1,0,39.1,22.2,47.0,1008.2
2025-07-04T11:49:00.404000+00:00,9940,211,1277,4.7,0,38.8,22.2,47.0,1008.1
2025-07-04T11:50:00.404000+00:00,9940,214,1277,4.5,0,38.8,22.3,47.0,1008.2
2025-07-04T11:51:00.424000+00:00,9940,211,1277,3.9,0,38.8,22.3,46.0,1008.1
2025-07-04T11:52:00.405000+00:00,9940,196,1277,3.3,0,39.2,22.4,46.0,1008.1
2025-07-04T11:53:00.405000+00:00,9940,171,1277,3.5,0,39.2,22.4,46.0,1008.1
2025-07-04T11:54:00.411000+00:00,9940,251,1277,3.0,0,39.1,22.5,46.0,1008.1
2025-07-04T11:55:00.406000+00:00,9940,233,1277,3.6,0,39.6,22.6,45.0,1008.2
2025-07-04T11:56:00.412000+00:00,9940,223,1277,3.2,0,39.7,22.6,44.0,1008.1
2025-07-04T11:57:00.406000+00:00,9940,198,1277,2.4,0,39.7,22.5,43.0,1008.1
2025-07-04T11:58:00.422000+00:00,9940,247,1277,3.3,0,39.7,22.6,44.0,1008.2
2025-07-04T11:59:00.409000+00:00,9940,208,1277,2.1,0,39.4,22.6,43.0,1008.0
2025-07-04T12:00:00.412000+00:00,9940,228,1277,2.6,0,39.9,22.6,44.0,1008.0
2025-07-04T12:01:00.408000+00:00,9940,200,1277,2.7,0,40.1,22.6,44.0,1008.0
2025-07-04T12:02:00.409000+00:00,9940,229,1277,3.9,0,39.9,22.6,43.0,1008.0
2025-07-04T12:03:00.427000+00:00,9940,216,1277,2.8,0,40.2,22.6,43.0,1007.9
2025-07-04T12:04:00.424000+00:00,9940,205,1277,3.7,0,40.2,22.7,43.0,1007.8
2025-07-04T12:05:00.438000+00:00,9940,253,1277,3.5,0,40.3,22.8,43.0,1007.8
2025-07-04T12:06:00.435000+00:00,9940,256,1277,3.4,0,40.3,22.8,43.0,1008.0
2025-07-04T12:07:00.449000+00:00,9940,202,1277,3.0,0,40.9,22.8,40.0,1007.8
2025-07-04T12:08:00.482000+00:00,9940,212,1277,4.0,0,40.9,22.9,39.0,1007.9
2025-07-04T12:09:00.491000+00:00,9940,249,1277,4.1,0,40.3,23.1,40.0,1007.9
2025-07-04T12:10:00.497000+00:00,9940,217,1277,2.9,0,40.3,23.1,41.0,1007.9
2025-07-04T12:11:00.497000+00:00,9940,209,1277,2.9,0,40.5,23.1,40.0,1007.9
2025-07-04T12:12:00.521000+00:00,9940,248,1277,3.8,0,40.5,23.1,41.0,1007.8
2025-07-04T12:13:00.529000+00:00,9940,249,1277,4.5,0,40.7,23.4,41.0,1007.8
2025-07-04T12:14:00.528000+00:00,9940,210,1277,3.7,0,40.6,23.4,41.0,1007.9
2025-07-04T12:15:00.549000+00:00,9940,237,1277,3.5,0,40.6,23.3,41.0,1007.8
2025-07-04T12:16:00.555000+00:00,9940,221,1277,4.4,0,40.2,23.3,41.0,1007.7
2025-07-04T12:17:00.560000+00:00,9940,182,1277,4.3,0,40.2,23.3,41.0,1007.8
2025-07-04T12:18:00.549000+00:00,9940,196,1277,6.3,0,40.3,23.2,38.0,1007.8
2025-07-04T12:19:00.557000+00:00,9940,206,1277,5.0,0,40.0,23.3,39.0,1007.8
2025-07-04T12:20:00.559000+00:00,9940,257,1277,4.9,0,40.2,23.3,37.0,1007.7
2025-07-04T12:21:00.558000+00:00,9940,248,1277,4.8,0,40.3,23.2,37.0,1008.0
2025-07-04T12:22:00.557000+00:00,9940,230,1277,4.3,0,40.3,23.3,37.0,1007.8
2025-07-04T12:23:00.557000+00:00,9940,193,1277,3.3,0,40.3,23.4,38.0,1007.9
2025-07-04T12:24:00.558000+00:00,9940,271,1277,2.8,0,40.6,23.4,38.0,1007.7
2025-07-04T12:25:00.566000+00:00,9940,210,1277,1.8,0,40.7,23.4,38.0,1007.6
2025-07-04T12:26:00.558000+00:00,9940,203,1277,3.3,0,41.3,23.4,37.0,1007.6
2025-07-04T12:27:00.558000+00:00,9940,207,1277,5.0,0,41.3,23.4,38.0,1007.4
2025-07-04T12:28:00.561000+00:00,9940,208,1277,4.3,0,41.3,23.4,37.0,1007.6
2025-07-04T12:29:00.555000+00:00,9940,234,1277,3.6,0,41.3,23.4,37.0,1007.5
2025-07-04T12:30:00.561000+00:00,9940,211,1277,4.6,0,41.5,23.6,37.0,1007.6
2025-07-04T12:31:00.573000+00:00,9940,207,1277,6.1,0,41.3,23.8,37.0,1007.6
2025-07-04T12:32:00.587000+00:00,9940,230,1277,5.6,0,41.1,23.9,38.0,1007.6
2025-07-04T12:33:00.585000+00:00,9940,219,1277,3.2,0,41.0,24.0,38.0,1007.4
2025-07-04T12:34:00.612000+00:00,9940,199,1277,3.0,0,41.0,24.1,38.0,1007.4
2025-07-04T12:35:00.626000+00:00,9940,236,1277,3.5,0,41.0,23.9,38.0,1007.6
2025-07-04T12:36:00.625000+00:00,9940,255,1277,4.0,0,41.4,23.9,37.0,1007.5
2025-06-28T13:48:15.851000+00:00,9951,243,1264,0.9,0,45.1,27.0,37.0,945.4
2025-06-28T13:49:15.853000+00:00,9951,199,1264,0.9,0,45.7,27.0,36.0,945.4
2025-06-28T13:50:15.846000+00:00,9951,11,1264,0.9,0,45.9,27.1,36.0,945.3
2025-06-28T13:51:15.846000+00:00,9951,161,1264,0.8,0,46.4,27.1,36.0,945.3
2025-06-28T13:52:15.846000+00:00,9951,286,1264,0.8,0,46.9,27.1,36.0,945.3
2025-06-28T13:53:15.839000+00:00,9951,217,1264,0.8,0,47.2,27.2,36.0,945.3
2025-06-28T13:54:15.852000+00:00,9951,219,1264,3.4,0,47.0,27.3,34.0,945.3
2025-06-28T13:55:15.853000+00:00,9951,238,1264,2.3,0,47.3,27.3,35.0,945.3
2025-06-28T13:56:15.844000+00:00,9951,259,1264,1.9,0,47.4,27.3,34.0,945.3
2025-06-28T13:57:15.852000+00:00,9951,245,1264,1.1,0,47.3,27.4,34.0,945.3
2025-06-28T13:58:15.859000+00:00,9951,243,1264,1.1,0,46.8,27.4,34.0,945.3
2025-06-28T13:59:15.857000+00:00,9951,202,1264,2.0,0,47.3,27.6,35.0,945.3
2025-06-28T14:00:15.839000+00:00,9951,223,1264,1.2,0,47.5,27.6,35.0,945.4
2025-06-28T14:01:15.854000+00:00,9951,48,1264,1.3,0,48.0,27.5,35.0,945.3
2025-06-28T14:02:15.861000+00:00,9951,73,1264,0.7,0,48.0,27.5,34.0,945.3
2025-06-28T14:03:15.853000+00:00,9951,65,1264,1.3,0,48.0,27.5,34.0,945.3
2025-06-28T14:04:15.866000+00:00,9951,141,1264,1.4,0,48.0,27.5,34.0,945.2
2025-06-28T14:05:15.864000+00:00,9951,65,1264,1.7,0,47.8,27.5,34.0,945.3
2025-06-28T14:06:15.855000+00:00,9951,259,1264,1.1,0,47.8,27.6,35.0,945.3
2025-06-28T14:07:15.849000+00:00,9951,211,1264,1.6,0,47.9,27.5,34.0,945.4
2025-06-28T14:08:15.849000+00:00,9951,153,1264,1.1,0,48.1,27.6,34.0,945.3
2025-06-28T14:09:15.861000+00:00,9951,253,1264,1.1,0,48.4,27.5,34.0,945.2
2025-06-28T14:10:15.858000+00:00,9951,195,1264,0.6,0,48.5,27.5,34.0,945.4
2025-06-28T14:11:15.863000+00:00,9951,0,1264,2.3,0,48.5,27.5,33.0,945.3
2025-06-28T14:12:15.880000+00:00,9951,84,1264,0.8,0,48.4,27.6,33.0,945.2
2025-06-28T14:13:15.856000+00:00,9951,31,1264,1.3,0,48.1,27.7,33.0,945.2
2025-06-28T14:14:15.868000+00:00,9951,253,1264,1.0,0,48.3,27.8,33.0,945.3
2025-06-28T14:15:15.870000+00:00,9951,192,1264,1.2,0,48.3,27.8,32.0,945.3
2025-06-28T14:16:15.879000+00:00,9951,147,1264,1.1,0,48.3,27.9,33.0,945.3
2025-06-28T14:17:15.864000+00:00,9951,22,1264,1.3,0,48.4,27.9,33.0,945.3
2025-06-28T14:18:15.871000+00:00,9951,94,1264,1.5,0,47.8,27.8,33.0,945.3
2025-06-28T14:19:15.866000+00:00,9951,226,1264,1.6,0,47.8,27.7,34.0,945.3
2025-06-28T14:20:15.862000+00:00,9951,251,1264,0.8,0,47.8,27.6,34.0,945.3
2025-06-28T14:21:15.872000+00:00,9951,222,1264,1.2,0,47.2,27.5,34.0,945.4
2025-06-28T14:22:15.861000+00:00,9951,0,1264,1.2,0,47.2,27.5,34.0,945.3
2025-06-28T14:23:15.865000+00:00,9951,270,1264,1.2,0,47.3,27.6,34.0,945.4
2025-06-28T14:24:15.927000+00:00,9951,82,1264,1.0,0,47.2,27.6,33.0,945.2
2025-06-28T14:25:15.862000+00:00,9951,216,1264,1.2,0,47.5,27.8,34.0,945.3
2025-06-28T14:26:15.867000+00:00,9951,237,1264,1.4,0,47.5,27.8,34.0,945.3
2025-06-28T14:27:15.876000+00:00,9951,236,1264,1.3,0,47.5,27.9,34.0,945.2
2025-06-28T14:28:15.879000+00:00,9951,220,1264,1.5,0,47.9,27.9,34.0,945.3
2025-06-28T14:29:15.882000+00:00,9951,169,1264,1.8,0,48.1,27.9,33.0,945.3
2025-06-28T14:30:15.876000+00:00,9951,142,1264,1.3,0,47.4,27.9,34.0,945.3
2025-06-28T14:31:15.876000+00:00,9951,208,1264,1.3,0,47.1,28.0,34.0,945.3
2025-06-28T14:32:15.881000+00:00,9951,241,1264,1.7,0,47.2,28.0,34.0,945.4
2025-06-28T14:33:15.881000+00:00,9951,166,1264,2.5,0,47.2,28.0,34.0,945.4
2025-06-28T14:34:15.884000+00:00,9951,67,1264,1.4,0,47.2,28.2,33.0,945.3
2025-06-28T14:35:15.876000+00:00,9951,245,1264,1.7,0,46.8,28.1,34.0,945.3
2025-06-28T14:36:15.877000+00:00,9951,240,1264,1.4,0,47.2,28.1,34.0,945.4
2025-06-28T14:37:15.873000+00:00,9951,209,1264,0.9,0,47.7,28.1,33.0,945.3
2025-06-28T14:38:15.878000+00:00,9951,213,1264,2.0,0,47.6,28.0,33.0,945.4
2025-06-28T14:39:15.879000+00:00,9951,246,1264,2.1,0,46.8,28.0,32.0,945.4
2025-06-28T14:40:15.889000+00:00,9951,210,1264,2.4,0,46.9,27.9,33.0,945.4
2025-06-28T14:41:15.899000+00:00,9951,246,1264,1.2,0,46.9,27.8,34.0,945.4
2025-06-28T14:42:15.885000+00:00,9951,202,1264,1.1,0,46.9,27.7,34.0,945.5
2025-06-28T14:43:15.884000+00:00,9951,27,1264,1.1,0,46.8,27.8,34.0,945.4
2025-06-28T14:44:15.885000+00:00,9951,140,1264,1.3,0,46.8,27.8,34.0,945.4
2025-06-28T14:45:15.885000+00:00,9951,147,1264,1.1,0,47.1,27.9,34.0,945.4
2025-06-28T14:46:15.885000+00:00,9951,214,1264,1.2,0,47.5,28.0,34.0,945.4
2025-06-28T14:47:15.880000+00:00,9951,239,1264,1.6,0,47.4,28.0,34.0,945.4
2025-06-28T14:48:15.890000+00:00,9951,0,1264,1.3,0,47.4,28.1,34.0,945.4
2025-06-28T14:49:15.904000+00:00,9951,235,1264,1.7,0,47.4,28.2,33.0,945.4
2025-06-28T14:50:15.885000+00:00,9951,240,1264,1.7,0,47.4,28.2,33.0,945.3
2025-06-28T14:51:15.979000+00:00,9951,245,1264,1.1,0,47.0,28.0,34.0,945.4
2025-06-28T14:52:15.887000+00:00,9951,293,1264,1.4,0,47.1,28.0,33.0,945.3
2025-06-28T14:53:15.903000+00:00,9951,128,1264,1.0,0,47.1,28.0,34.0,945.3
2025-06-28T14:54:15.888000+00:00,9951,233,1264,0.6,0,47.1,27.9,33.0,945.3
2025-06-28T14:55:15.902000+00:00,9951,285,1264,1.0,0,47.0,28.1,33.0,945.3
2025-06-28T14:56:15.896000+00:00,9951,220,1264,1.2,0,47.0,28.1,33.0,945.3
2025-06-28T14:57:15.891000+00:00,9951,0,1264,2.4,0,46.8,28.0,34.0,945.3
2025-06-28T14:58:15.906000+00:00,9951,37,1264,0.8,0,46.6,28.0,34.0,945.3
2025-06-28T14:59:15.905000+00:00,9951,30,1264,1.1,0,46.5,28.0,35.0,945.3
2025-06-28T15:00:15.888000+00:00,9951,308,1264,0.9,0,47.4,28.1,34.0,945.3
2025-06-28T15:01:15.908000+00:00,9951,222,1264,1.5,0,47.3,28.1,33.0,945.3
2025-06-28T15:02:15.906000+00:00,9951,232,1264,1.7,0,47.2,28.1,33.0,945.3
2025-06-28T15:03:15.904000+00:00,9951,211,1264,1.5,0,46.8,28.1,33.0,945.4
2025-06-28T15:04:15.920000+00:00,9951,235,1264,1.6,0,46.8,28.1,33.0,945.3
2025-06-28T15:05:15.908000+00:00,9951,164,1264,1.0,0,46.8,28.0,34.0,945.4
2025-06-28T15:06:15.907000+00:00,9951,176,1264,1.4,0,47.1,28.0,34.0,945.3
2025-06-28T15:07:15.904000+00:00,9951,174,1264,0.9,0,46.6,28.0,33.0,945.4
2025-06-28T15:08:15.909000+00:00,9951,200,1264,1.4,0,46.6,28.1,34.0,945.4
2025-06-28T15:09:15.909000+00:00,9951,211,1264,1.9,0,46.6,28.1,32.0,945.4
2025-06-28T15:10:15.912000+00:00,9951,224,1264,2.4,0,45.7,28.1,34.0,945.4
2025-06-28T15:11:15.899000+00:00,9951,292,1264,2.2,0,45.7,27.9,34.0,945.5
2025-06-28T15:12:15.913000+00:00,9951,219,1264,1.1,0,45.6,27.8,35.0,945.4
2025-06-28T15:13:15.911000+00:00,9951,219,1264,1.5,0,45.9,27.8,34.0,945.4
2025-06-28T15:14:15.910000+00:00,9951,218,1264,2.0,0,45.5,27.8,34.0,945.4
2025-06-28T15:15:15.910000+00:00,9951,232,1264,2.4,0,45.4,27.7,35.0,945.3
2025-06-29T12:07:21.340000+00:00,9955,31,1264,1.9,0,51.3,29.6,34.0,944.0
2025-06-29T12:08:21.342000+00:00,9955,25,1264,1.5,0,51.9,29.5,34.0,944.0
2025-06-29T12:09:21.337000+00:00,9955,358,1264,2.4,0,51.9,29.4,32.0,944.0
2025-06-29T12:10:21.346000+00:00,9955,141,1264,1.2,0,50.4,29.4,34.0,944.0
2025-06-29T12:11:21.358000+00:00,9955,182,1264,0.4,0,49.2,29.3,34.0,943.9
2025-06-29T12:12:21.340000+00:00,9955,0,1264,0.7,0,48.7,29.3,34.0,944.0
2025-06-29T12:13:21.339000+00:00,9955,227,1264,0.0,0,48.7,29.3,34.0,944.0
2025-06-29T12:14:21.343000+00:00,9955,271,1264,0.4,0,49.9,29.5,34.0,944.1
2025-06-29T12:15:21.338000+00:00,9955,57,1264,0.9,0,50.7,29.6,33.0,944.1
2025-06-29T12:16:21.340000+00:00,9955,174,1264,0.7,0,50.4,29.7,33.0,944.1
2025-06-29T12:17:21.347000+00:00,9955,283,1264,0.7,0,50.6,29.7,33.0,944.0
2025-06-29T12:18:21.363000+00:00,9955,326,1264,0.7,0,51.2,29.9,33.0,944.1
2025-06-29T12:19:21.341000+00:00,9955,6,1264,1.3,0,51.2,30.0,33.0,944.0
2025-06-29T12:20:21.344000+00:00,9955,278,1264,0.9,0,50.6,30.0,33.0,944.0
2025-06-29T12:21:21.347000+00:00,9955,242,1264,2.4,0,49.4,30.0,34.0,944.0
2025-06-29T12:22:21.350000+00:00,9955,192,1264,2.2,0,49.4,29.9,34.0,944.0
2025-06-29T12:23:21.346000+00:00,9955,74,1264,1.2,0,49.3,29.8,34.0,944.1
2025-06-29T12:24:21.355000+00:00,9955,63,1264,2.5,0,48.3,29.6,34.0,944.0
2025-06-29T12:25:21.352000+00:00,9955,72,1264,2.1,0,47.8,29.5,34.0,944.0
2025-06-29T12:26:21.354000+00:00,9955,74,1264,1.9,0,47.4,29.3,34.0,944.2
2025-06-29T12:27:21.346000+00:00,9955,73,1264,1.6,0,46.8,29.1,34.0,944.1
2025-06-29T12:28:21.345000+00:00,9955,40,1264,1.1,0,46.1,29.1,35.0,944.0
2025-06-29T12:29:21.354000+00:00,9955,48,1264,1.4,0,48.1,29.1,35.0,944.0
2025-06-29T12:30:21.376000+00:00,9955,63,1264,1.0,0,49.1,29.2,34.0,944.0
2025-06-29T12:31:21.354000+00:00,9955,66,1264,1.1,0,49.1,29.3,33.0,944.0
2025-06-29T12:32:21.367000+00:00,9955,88,1264,1.9,0,48.6,29.5,32.0,943.9
2025-06-29T12:33:21.368000+00:00,9955,67,1264,1.4,0,49.2,29.5,33.0,943.9
2025-06-29T12:34:21.392000+00:00,9955,97,1264,1.2,0,48.5,29.3,34.0,944.0
2025-06-29T12:35:21.409000+00:00,9955,73,1264,0.5,0,48.1,29.4,34.0,944.0
2025-06-29T12:36:21.408000+00:00,9955,208,1264,1.8,0,48.2,29.4,34.0,944.0
2025-06-29T12:37:21.416000+00:00,9955,62,1264,0.8,0,48.7,29.4,34.0,944.0
2025-06-29T12:38:21.429000+00:00,9955,172,1264,0.5,0,49.4,29.4,33.0,944.0
2025-06-29T12:39:21.430000+00:00,9955,53,1264,0.4,0,49.4,29.6,33.0,944.0
2025-06-29T12:40:21.441000+00:00,9955,123,1264,0.9,0,49.5,29.9,34.0,943.9
2025-06-29T12:41:21.457000+00:00,9955,46,1264,0.9,0,49.7,29.9,33.0,944.0
2025-06-29T12:42:21.456000+00:00,9955,21,1264,1.0,0,50.0,29.9,33.0,943.8
2025-06-29T12:43:21.465000+00:00,9955,14,1264,0.9,0,50.5,29.9,33.0,943.8
2025-06-29T12:44:21.498000+00:00,9955,64,1264,0.9,0,51.0,30.0,32.0,943.8
2025-06-29T12:45:21.492000+00:00,9955,103,1264,1.4,0,50.6,30.1,31.0,943.8
2025-06-29T12:46:21.490000+00:00,9955,257,1264,0.7,0,49.9,30.1,32.0,943.8
2025-06-29T12:47:21.488000+00:00,9955,203,1264,0.6,0,49.5,30.0,33.0,943.7
2025-06-29T12:48:21.496000+00:00,9955,56,1264,0.4,0,50.5,30.0,33.0,943.8
2025-06-29T12:49:21.487000+00:00,9955,39,1264,1.3,0,50.5,30.1,32.0,943.8
2025-06-29T12:50:21.503000+00:00,9955,21,1264,0.9,0,50.3,30.2,32.0,943.8
2025-06-29T12:51:21.497000+00:00,9955,35,1264,1.0,0,49.2,30.3,33.0,943.7
2025-06-29T12:52:21.490000+00:00,9955,303,1264,0.5,0,49.2,30.4,33.0,943.8
2025-06-29T12:53:21.490000+00:00,9955,251,1264,1.3,0,50.1,30.4,33.0,943.7
2025-06-29T12:54:21.497000+00:00,9955,256,1264,2.5,0,50.2,30.2,33.0,943.7
2025-06-29T12:55:21.505000+00:00,9955,188,1264,1.9,0,49.7,30.0,32.0,943.7
2025-06-29T12:56:21.516000+00:00,9955,214,1264,1.1,0,49.7,30.0,33.0,943.7
2025-06-29T12:57:21.514000+00:00,9955,299,1264,0.9,0,50.2,30.0,33.0,943.6
2025-06-29T12:58:21.514000+00:00,9955,265,1264,1.0,0,50.4,30.1,33.0,943.7
2025-06-29T12:59:21.536000+00:00,9955,255,1264,1.4,0,50.5,30.1,33.0,943.6
2025-06-29T13:00:21.540000+00:00,9955,233,1264,1.1,0,50.4,30.2,33.0,943.6
2025-06-29T13:01:21.570000+00:00,9955,241,1264,1.0,0,50.4,30.2,33.0,943.6
2025-06-29T13:02:21.566000+00:00,9955,276,1264,1.6,0,50.4,30.2,33.0,943.5
2025-06-29T13:03:21.566000+00:00,9955,275,1264,1.3,0,50.7,30.1,33.0,943.6
2025-06-29T13:04:21.574000+00:00,9955,9,1264,0.5,0,50.8,30.3,32.0,943.6
2025-06-29T13:05:21.592000+00:00,9955,38,1264,1.0,0,50.7,30.3,32.0,943.5
2025-06-29T13:06:21.598000+00:00,9955,26,1264,1.4,0,50.1,30.3,32.0,943.5
2025-06-29T13:07:21.612000+00:00,9955,90,1264,1.0,0,50.3,30.3,33.0,943.5
2025-06-29T13:08:21.614000+00:00,9955,59,1264,0.9,0,50.4,30.1,32.0,943.5
2025-06-29T13:09:21.625000+00:00,9955,51,1264,2.3,0,50.8,30.3,31.0,943.4
2025-06-29T13:10:21.613000+00:00,9955,64,1264,3.0,0,50.8,30.3,31.0,943.5
2025-06-29T13:11:21.624000+00:00,9955,19,1264,2.4,0,49.8,30.4,31.0,943.5
2025-06-29T13:12:21.640000+00:00,9955,95,1264,1.7,0,49.7,30.4,32.0,943.4
2025-06-29T13:13:21.643000+00:00,9955,189,1264,0.9,0,50.5,30.3,33.0,943.5
2025-06-29T13:14:21.634000+00:00,9955,35,1264,1.0,0,50.5,30.3,32.0,943.5
2025-06-29T13:15:21.636000+00:00,9955,102,1264,0.6,0,50.8,30.3,32.0,943.4
2025-06-29T13:16:21.657000+00:00,9955,25,1264,1.2,0,50.3,30.5,32.0,943.4
2025-06-29T13:17:21.663000+00:00,9955,0,1264,1.1,0,48.7,30.4,31.0,943.5
2025-06-29T13:18:21.652000+00:00,9955,207,1264,0.9,0,47.8,30.2,33.0,943.4
2025-06-29T13:19:21.657000+00:00,9955,216,1264,0.9,0,48.6,30.2,33.0,943.4
2025-06-29T13:20:21.669000+00:00,9955,0,1264,1.0,0,49.7,30.4,32.0,943.4
2025-06-29T13:21:21.683000+00:00,9955,57,1264,0.8,0,49.3,30.4,31.0,943.3
2025-06-29T13:22:21.680000+00:00,9955,336,1264,1.5,0,49.2,30.6,32.0,943.4
2025-06-29T13:23:21.761000+00:00,9955,68,1264,0.8,0,49.6,30.7,32.0,943.3
2025-06-29T13:24:21.698000+00:00,9955,74,1264,1.4,0,49.8,30.7,32.0,943.4
2025-06-29T13:25:21.694000+00:00,9955,43,1264,0.6,0,49.8,30.8,32.0,943.3
2025-06-29T13:26:21.712000+00:00,9955,40,1264,1.4,0,49.7,30.7,32.0,943.2
2025-06-29T13:27:21.712000+00:00,9955,61,1264,1.9,0,50.3,30.6,32.0,943.3
2025-06-29T13:28:21.734000+00:00,9955,59,1264,2.1,0,50.4,30.6,32.0,943.2
2025-06-29T13:29:21.730000+00:00,9955,40,1264,2.2,0,50.3,30.6,32.0,943.3
2025-06-29T13:30:21.722000+00:00,9955,66,1264,3.1,0,50.3,30.7,31.0,943.2
2025-06-29T13:31:21.747000+00:00,9955,58,1264,3.7,0,49.9,30.8,31.0,943.3
2025-06-29T13:32:21.754000+00:00,9955,45,1264,2.4,0,49.2,30.6,31.0,943.2
2025-06-29T13:33:21.758000+00:00,9955,65,1264,2.1,0,49.1,30.6,32.0,943.4
2025-06-29T13:34:21.772000+00:00,9955,82,1264,2.1,0,49.2,30.5,31.0,943.2
2025-06-29T13:35:21.796000+00:00,9955,67,1264,2.7,0,49.9,30.4,32.0,943.3
2025-06-29T13:36:21.785000+00:00,9955,72,1264,3.1,0,49.5,30.4,31.0,943.2
2025-06-29T13:37:21.783000+00:00,9955,63,1264,2.1,0,49.5,30.4,32.0,943.3
2025-06-29T13:38:21.786000+00:00,9955,50,1264,2.6,0,49.5,30.5,31.0,943.2
2025-06-29T13:39:21.784000+00:00,9955,43,1264,1.9,0,49.6,30.5,31.0,943.1
2025-06-29T13:40:21.786000+00:00,9955,49,1264,1.9,0,49.7,30.6,30.0,943.1
2025-06-29T13:41:21.798000+00:00,9955,79,1264,2.5,0,49.4,30.6,31.0,943.1
2025-06-29T13:42:21.785000+00:00,9955,61,1264,2.2,0,49.4,30.6,32.0,943.1
2025-06-29T13:43:21.788000+00:00,9955,34,1264,1.8,0,49.0,30.6,31.0,943.1
2025-06-29T13:44:21.786000+00:00,9955,50,1264,1.0,0,49.0,30.5,31.0,943.2
2025-06-29T13:45:21.789000+00:00,9955,63,1264,1.6,0,49.3,30.6,31.0,943.2
2025-06-29T13:46:21.796000+00:00,9955,47,1264,1.9,0,49.3,30.7,31.0,943.2
2025-06-29T13:47:21.780000+00:00,9955,50,1264,1.8,0,49.3,30.6,31.0,943.1
2025-06-29T13:48:21.786000+00:00,9955,23,1264,1.9,0,49.6,30.6,31.0,943.0
2025-06-29T13:49:21.781000+00:00,9955,55,1264,2.4,0,49.6,30.6,30.0,943.1
2025-06-29T13:50:21.786000+00:00,9955,67,1264,1.3,0,49.1,30.5,31.0,943.2
2025-06-29T13:51:21.794000+00:00,9955,72,1264,1.9,0,49.1,30.5,31.0,943.1
2025-06-29T13:52:21.788000+00:00,9955,88,1264,2.4,0,48.8,30.6,31.0,943.1
2025-06-29T13:53:21.796000+00:00,9955,63,1264,1.5,0,49.7,30.6,31.0,943.0
2025-06-29T13:54:21.796000+00:00,9955,66,1264,3.2,0,49.4,30.6,31.0,943.1
2025-06-29T13:55:21.790000+00:00,9955,44,1264,2.5,0,48.8,30.6,31.0,943.2
2025-06-29T13:56:21.790000+00:00,9955,65,1264,2.0,0,48.8,30.5,31.0,943.0
2025-06-29T13:57:21.809000+00:00,9955,54,1264,2.8,0,48.7,30.5,31.0,943.0
2025-06-29T13:58:21.796000+00:00,9955,53,1264,2.2,0,48.7,30.6,32.0,943.0
2025-06-29T13:59:21.790000+00:00,9955,40,1264,2.2,0,48.8,30.6,32.0,943.1
2025-06-29T14:00:21.797000+00:00,9955,20,1264,2.0,0,48.5,30.5,31.0,943.0
2025-06-29T14:01:21.804000+00:00,9955,65,1264,1.6,0,48.5,30.4,32.0,943.1
2025-06-29T14:02:21.806000+00:00,9955,24,1264,1.7,0,48.4,30.5,32.0,943.0
2025-06-29T14:03:21.794000+00:00,9955,353,1264,1.2,0,48.4,30.5,31.0,942.9
2025-06-29T14:04:21.794000+00:00,9955,271,1264,0.0,0,48.1,30.4,31.0,943.0
2025-06-29T14:05:21.794000+00:00,9955,15,1264,1.1,0,48.3,30.4,32.0,942.9
2025-06-29T14:06:21.792000+00:00,9955,359,1264,0.8,0,48.7,30.5,31.0,943.1
2025-06-29T14:07:21.807000+00:00,9955,35,1264,0.7,0,49.3,30.8,31.0,942.9
2025-06-29T14:08:21.817000+00:00,9955,43,1264,3.3,0,48.6,30.9,30.0,943.0
2025-06-29T14:09:21.808000+00:00,9955,5,1264,2.7,0,48.4,30.9,31.0,943.0
2025-06-29T14:10:21.802000+00:00,9955,68,1264,1.1,0,48.4,30.8,32.0,943.0
2025-06-29T14:11:21.808000+00:00,9955,72,1264,1.4,0,48.7,30.8,32.0,942.8
2025-06-29T14:12:21.809000+00:00,9955,43,1264,1.2,0,49.3,31.0,31.0,942.9
2025-06-29T14:13:21.809000+00:00,9955,28,1264,2.1,0,49.1,31.1,31.0,942.9
2025-06-29T14:14:21.810000+00:00,9955,51,1264,2.8,0,49.1,31.2,30.0,942.9
2025-06-29T14:15:21.820000+00:00,9955,54,1264,2.5,0,48.9,31.2,30.0,942.9
2025-06-29T14:16:21.821000+00:00,9955,57,1264,1.8,0,48.0,31.3,31.0,942.8
2025-06-29T14:17:21.829000+00:00,9955,55,1264,0.8,0,48.2,31.3,32.0,942.9
2025-06-29T14:18:21.809000+00:00,9955,72,1264,1.4,0,48.9,31.1,31.0,942.9
2025-06-29T14:19:21.811000+00:00,9955,48,1264,3.2,0,48.9,31.1,31.0,942.7
2025-06-29T14:20:21.817000+00:00,9955,46,1264,2.0,0,48.7,31.1,31.0,942.7
2025-06-29T14:21:21.822000+00:00,9955,60,1264,2.8,0,48.7,31.1,31.0,942.8
2025-06-29T14:22:21.807000+00:00,9955,49,1264,2.5,0,48.7,31.1,31.0,942.9
2025-06-29T14:23:21.822000+00:00,9955,72,1264,3.1,0,48.4,31.1,31.0,942.8
2025-06-29T14:24:21.812000+00:00,9955,41,1264,2.2,0,48.4,31.0,31.0,942.7
2025-06-29T14:25:21.811000+00:00,9955,66,1264,1.9,0,48.6,31.0,31.0,942.6
2025-06-29T14:26:21.825000+00:00,9955,55,1264,2.5,0,48.5,30.9,31.0,942.8
2025-06-29T14:27:21.824000+00:00,9955,40,1264,2.9,0,48.2,30.9,30.0,942.8
2025-06-29T14:28:21.818000+00:00,9955,82,1264,1.7,0,47.5,30.9,31.0,942.7
2025-06-29T14:29:21.825000+00:00,9955,39,1264,1.5,0,48.2,30.7,31.0,942.7
2025-06-29T14:30:21.814000+00:00,9955,60,1264,2.3,0,48.6,30.7,31.0,942.7
2025-06-29T14:31:21.826000+00:00,9955,69,1264,2.0,0,48.6,30.9,30.0,942.7
2025-06-29T14:32:21.817000+00:00,9955,65,1264,2.1,0,48.6,31.0,30.0,942.7
2025-06-29T14:33:21.826000+00:00,9955,72,1264,1.9,0,48.3,31.1,30.0,942.7
2025-06-29T14:34:21.825000+00:00,9955,72,1264,2.8,0,48.2,31.2,30.0,942.6
2025-06-29T14:35:21.819000+00:00,9955,42,1264,2.2,0,48.0,31.3,30.0,942.7
2025-06-29T14:36:21.825000+00:00,9955,28,1264,2.4,0,47.5,31.3,30.0,942.7
2025-06-29T14:37:21.816000+00:00,9955,68,1264,1.6,0,47.5,31.0,32.0,942.6
2025-06-29T14:38:21.829000+00:00,9955,49,1264,2.8,0,47.3,30.8,32.0,942.6
2025-06-29T14:39:21.841000+00:00,9955,19,1264,1.5,0,45.9,30.7,31.0,942.7
2025-06-29T14:40:21.830000+00:00,9955,44,1264,0.9,0,45.9,30.7,32.0,942.6
2025-06-29T14:41:21.820000+00:00,9955,60,1264,1.3,0,46.3,30.6,32.0,942.7
2025-06-29T14:42:21.833000+00:00,9955,41,1264,1.9,0,47.6,30.6,32.0,942.5
2025-06-29T14:43:21.842000+00:00,9955,41,1264,2.0,0,47.8,30.7,31.0,942.5
2025-06-29T14:44:21.827000+00:00,9955,47,1264,3.0,0,46.9,30.7,30.0,942.6
2025-06-29T14:45:21.829000+00:00,9955,34,1264,2.2,0,45.8,30.7,30.0,942.6
2025-06-29T14:46:21.842000+00:00,9955,3,1264,1.8,0,45.7,30.8,31.0,942.6
2025-06-29T14:47:21.837000+00:00,9955,39,1264,0.8,0,46.1,30.8,32.0,942.6
2025-07-05T10:15:53.904000+00:00,9942,199,1277,2.9,0,26.1,19.7,70.0,996.9
2025-07-05T10:16:53.913000+00:00,9942,201,1277,2.9,0,26.2,19.6,70.0,997.0
2025-07-05T10:17:53.938000+00:00,9942,194,1277,3.3,0,26.2,19.6,69.0,997.0
2025-07-05T10:18:53.947000+00:00,9942,235,1277,3.1,0,25.8,19.6,70.0,996.9
2025-07-05T10:19:53.965000+00:00,9942,237,1277,3.1,0,25.8,19.6,70.0,996.9
2025-07-05T10:20:53.978000+00:00,9942,225,1277,2.7,0,25.8,19.6,70.0,996.9
2025-07-05T10:21:53.986000+00:00,9942,267,1277,3.3,0,25.8,19.6,70.0,996.9
2025-07-05T10:22:54.006000+00:00,9942,208,1277,2.4,0,25.7,19.7,70.0,996.9
2025-07-05T10:23:54.004000+00:00,9942,201,1277,2.5,0,25.7,19.7,70.0,996.9
2025-07-05T10:24:54.028000+00:00,9942,205,1277,2.9,0,25.5,19.7,70.0,996.9
2025-07-05T10:25:54.014000+00:00,9942,203,1277,3.4,0,25.4,19.7,70.0,996.9
2025-07-05T10:26:54.004000+00:00,9942,210,1277,3.3,0,25.3,19.8,70.0,997.0
2025-07-05T10:27:54.004000+00:00,9942,210,1277,3.3,0,25.3,19.8,70.0,997.0
2025-07-05T10:28:54.013000+00:00,9942,231,1277,3.4,0,25.1,19.8,70.0,996.9
2025-07-05T10:29:54.013000+00:00,9942,215,1277,2.9,0,25.1,19.8,70.0,996.9
2025-07-05T10:30:54.006000+00:00,9942,232,1277,4.2,0,25.1,19.8,70.0,996.9
2025-07-05T10:31:54.025000+00:00,9942,254,1277,3.1,0,25.1,19.7,70.0,996.9
2025-07-05T10:32:54.014000+00:00,9942,202,1277,3.0,0,25.1,19.6,70.0,996.9
2025-07-05T10:33:54.026000+00:00,9942,238,1277,4.6,0,24.9,19.6,70.0,997.0
2025-07-05T10:34:54.015000+00:00,9942,208,1277,4.0,0,24.8,19.6,70.0,996.8
2025-07-05T10:35:54.016000+00:00,9942,222,1277,4.6,0,24.8,19.5,70.0,996.8
2025-07-05T10:36:54.023000+00:00,9942,223,1277,4.2,0,24.8,19.5,70.0,996.7
2025-07-05T10:37:54.029000+00:00,9942,231,1277,4.4,0,24.8,19.5,70.0,996.8
2025-07-05T10:38:54.026000+00:00,9942,188,1277,3.7,0,24.9,19.5,70.0,996.8
2025-07-05T10:39:54.008000+00:00,9942,247,1277,4.5,0,24.9,19.5,70.0,996.8
2025-07-05T10:40:54.018000+00:00,9942,208,1277,4.3,0,25.0,19.5,70.0,996.8
2025-07-05T10:41:54.012000+00:00,9942,247,1277,4.0,0,25.0,19.6,70.0,996.7
2025-07-05T10:42:54.025000+00:00,9942,201,1277,4.5,0,25.0,19.6,70.0,996.7
2025-07-05T10:43:54.009000+00:00,9942,252,1277,3.6,0,25.0,19.6,70.0,996.8
2025-07-05T10:44:54.013000+00:00,9942,237,1277,4.2,0,24.8,19.6,69.0,996.8
2025-07-05T10:45:54.014000+00:00,9942,225,1277,4.9,0,24.8,19.6,69.0,996.7
2025-07-05T10:46:54.021000+00:00,9942,203,1277,4.0,0,24.8,19.6,69.0,996.7
2025-07-05T10:47:54.010000+00:00,9942,256,1277,3.7,0,24.9,19.6,70.0,996.8
2025-07-05T10:48:54.016000+00:00,9942,195,1277,3.6,0,25.0,19.7,69.0,996.8
2025-07-05T10:49:54.024000+00:00,9942,250,1277,4.9,0,24.9,19.7,69.0,996.6
2025-07-05T10:50:54.028000+00:00,9942,249,1277,4.3,0,25.0,19.7,70.0,996.7
2025-07-05T10:51:54.019000+00:00,9942,215,1277,3.5,0,25.2,19.7,70.0,996.7
2025-07-05T10:52:54.024000+00:00,9942,199,1277,3.2,0,25.3,19.7,69.0,996.7
2025-07-05T10:53:54.029000+00:00,9942,223,1277,3.0,0,25.5,19.8,69.0,996.6
2025-07-05T10:54:54.012000+00:00,9942,194,1277,3.9,0,25.5,19.8,69.0,996.6
2025-07-05T10:55:54.031000+00:00,9942,219,1277,4.5,0,25.5,19.9,68.0,996.6
2025-07-05T10:56:54.033000+00:00,9942,196,1277,3.0,0,25.5,19.9,69.0,996.6
2025-07-05T10:57:54.033000+00:00,9942,198,1277,4.1,0,25.6,20.0,68.0,996.7
2025-07-05T10:58:54.030000+00:00,9942,207,1277,5.0,0,25.6,20.0,69.0,996.7
2025-07-05T10:59:54.045000+00:00,9942,235,1277,3.7,0,25.7,20.0,69.0,996.6
2025-07-05T11:00:54.076000+00:00,9942,214,1277,3.8,0,25.6,20.0,69.0,996.6
2025-07-05T11:01:54.036000+00:00,9942,199,1277,2.4,0,25.5,20.0,69.0,996.5
2025-07-05T11:02:54.036000+00:00,9942,206,1277,3.1,0,25.5,20.0,69.0,996.6
2025-07-05T11:03:54.024000+00:00,9942,206,1277,3.9,0,25.4,20.1,69.0,996.8
2025-07-05T11:04:54.045000+00:00,9942,203,1277,3.5,0,25.4,20.0,70.0,996.5
2025-07-05T11:05:54.040000+00:00,9942,197,1277,4.5,0,25.2,20.0,70.0,996.6
2025-07-05T11:06:54.032000+00:00,9942,194,1277,4.2,0,25.0,20.0,70.0,996.4
2025-07-05T11:07:54.040000+00:00,9942,204,1277,4.2,0,24.9,19.9,70.0,996.6
2025-07-05T11:08:54.054000+00:00,9942,207,1277,4.1,0,24.8,19.9,70.0,996.6
2025-07-05T11:09:54.088000+00:00,9942,219,1277,3.7,0,24.8,19.9,71.0,996.6
2025-07-05T11:10:54.088000+00:00,9942,206,1277,4.2,0,24.6,19.9,70.0,996.4
2025-07-05T11:11:54.095000+00:00,9942,199,1277,4.9,0,24.5,19.9,70.0,996.5
2025-07-05T11:12:54.104000+00:00,9942,216,1277,4.5,0,24.5,19.8,70.0,996.6
2025-07-05T11:13:54.100000+00:00,9942,237,1277,4.0,0,24.5,19.8,70.0,996.6
2025-07-05T11:14:54.119000+00:00,9942,233,1277,4.1,0,24.6,19.8,70.0,996.6
2025-07-05T11:15:54.157000+00:00,9942,220,1277,4.3,0,24.7,19.8,70.0,996.4
2025-07-05T11:16:54.139000+00:00,9942,215,1277,3.0,0,24.7,19.8,70.0,996.5
2025-07-05T11:17:54.158000+00:00,9942,233,1277,3.1,0,24.7,19.7,70.0,996.4
2025-07-05T11:18:54.165000+00:00,9942,227,1277,3.6,0,24.6,19.8,70.0,996.5
2025-07-05T11:19:54.180000+00:00,9942,224,1277,4.6,0,24.6,19.8,70.0,996.5
2025-07-05T11:20:54.183000+00:00,9942,221,1277,3.5,0,24.4,19.8,70.0,996.5
2025-07-05T11:21:54.172000+00:00,9942,239,1277,2.0,0,24.5,19.8,70.0,996.5
2025-07-05T11:22:54.188000+00:00,9942,193,1277,2.2,0,24.8,19.8,71.0,996.4
2025-07-05T11:23:54.180000+00:00,9942,223,1277,4.3,0,24.8,19.8,70.0,996.3
2025-07-05T11:24:54.181000+00:00,9942,186,1277,4.7,0,24.9,19.8,71.0,996.4
2025-07-05T11:25:54.181000+00:00,9942,194,1277,4.2,0,25.0,19.8,71.0,996.4
2025-07-05T11:26:54.177000+00:00,9942,223,1277,4.3,0,25.0,19.8,71.0,996.3
2025-07-05T11:27:54.188000+00:00,9942,224,1277,4.7,0,25.0,19.8,70.0,996.4
2025-07-05T11:28:54.213000+00:00,9942,208,1277,5.2,0,24.8,19.9,70.0,996.4
2025-07-05T11:29:54.171000+00:00,9942,201,1277,4.0,0,24.8,19.9,70.0,996.4
2025-07-05T11:30:54.187000+00:00,9942,229,1277,4.4,0,24.9,19.9,70.0,996.3
2025-07-05T11:31:54.173000+00:00,9942,202,1277,3.8,0,24.9,19.9,70.0,996.3
2025-07-05T11:32:54.182000+00:00,9942,209,1277,4.4,0,25.0,19.8,70.0,996.3
2025-07-05T11:33:54.180000+00:00,9942,200,1277,4.4,0,25.0,19.8,70.0,996.3
2025-07-05T11:34:54.184000+00:00,9942,218,1277,4.1,0,24.9,19.8,70.0,996.4
2025-07-05T11:35:54.182000+00:00,9942,191,1277,4.8,0,24.7,19.8,71.0,996.4
2025-07-05T11:36:54.197000+00:00,9942,224,1277,4.6,0,24.6,19.8,71.0,996.3
2025-07-25T10:16:46.397000+00:00,9929,322,1265,2.6,0,34.7,20.1,71.0,969.3
2025-07-25T10:17:46.402000+00:00,9929,346,1265,2.0,0,35.0,20.1,72.0,969.3
2025-07-25T10:18:46.415000+00:00,9929,338,1265,1.8,0,35.4,20.1,72.0,969.2
2025-07-25T10:19:46.433000+00:00,9929,291,1265,2.0,0,35.1,20.1,69.0,969.2
2025-07-25T10:20:46.426000+00:00,9929,262,1265,1.6,0,34.8,20.2,70.0,969.3
2025-07-25T10:21:46.422000+00:00,9929,306,1265,1.1,0,35.1,20.2,72.0,969.3
2025-07-25T10:22:46.444000+00:00,9929,297,1265,0.9,0,35.8,20.2,70.0,969.2
2025-07-25T10:23:46.472000+00:00,9929,291,1265,1.4,0,35.8,20.2,71.0,969.2
2025-07-25T10:24:46.473000+00:00,9929,305,1265,1.2,0,34.4,20.3,70.0,969.3
2025-07-25T10:25:46.467000+00:00,9929,300,1265,3.0,0,34.0,20.3,69.0,969.3
2025-07-25T10:26:46.478000+00:00,9929,328,1265,1.8,0,33.8,20.3,70.0,969.1
2025-07-25T10:27:46.470000+00:00,9929,350,1265,2.2,0,33.6,20.3,70.0,969.3
2025-07-25T10:28:46.480000+00:00,9929,336,1265,1.2,0,33.9,20.3,70.0,969.1
2025-07-25T10:29:46.471000+00:00,9929,358,1265,1.4,0,34.6,20.4,70.0,969.1
2025-07-25T10:30:46.474000+00:00,9929,299,1265,1.0,0,34.6,20.5,70.0,969.2
2025-07-25T10:31:46.490000+00:00,9929,316,1265,1.7,0,34.0,20.5,71.0,969.1
2025-07-25T10:32:46.474000+00:00,9929,281,1265,1.7,0,33.8,20.6,71.0,969.1
2025-07-25T10:33:46.469000+00:00,9929,313,1265,1.7,0,33.5,20.6,71.0,969.2
2025-07-25T10:34:46.466000+00:00,9929,331,1265,1.9,0,33.0,20.7,71.0,969.2
2025-07-25T10:35:46.482000+00:00,9929,0,1265,2.4,0,32.5,20.6,72.0,969.2
2025-07-25T10:36:46.470000+00:00,9929,336,1265,2.0,0,31.8,20.6,72.0,969.1
2025-07-25T10:37:46.484000+00:00,9929,324,1265,2.3,1,32.9,20.7,72.0,969.3
2025-07-25T10:38:46.479000+00:00,9929,334,1265,1.8,0,33.6,20.7,72.0,969.2
2025-07-25T10:39:46.480000+00:00,9929,318,1265,1.6,0,34.2,20.6,72.0,969.1
2025-07-25T10:40:46.482000+00:00,9929,329,1265,1.2,0,34.7,20.6,71.0,969.3
2025-07-25T10:41:46.484000+00:00,9929,356,1265,1.4,0,34.9,20.7,69.0,969.0
2025-07-25T10:42:46.480000+00:00,9929,356,1265,1.4,0,34.9,20.7,69.0,969.0
2025-07-25T10:43:46.481000+00:00,9929,26,1265,0.9,0,34.9,20.7,70.0,969.2
2025-07-25T10:44:46.490000+00:00,9929,343,1265,0.7,0,34.5,20.8,71.0,969.1
2025-07-25T10:45:46.479000+00:00,9929,333,1265,1.4,0,34.5,20.7,70.0,969.2
2025-07-25T10:46:46.462000+00:00,9929,299,1265,1.4,0,34.6,20.6,69.0,969.2
2025-07-25T10:47:46.475000+00:00,9929,188,1265,1.0,0,35.2,20.7,70.0,969.2
2025-07-25T10:48:46.475000+00:00,9929,0,1265,0.6,0,35.7,20.8,70.0,969.2
2025-07-25T10:49:46.475000+00:00,9929,338,1265,1.0,0,35.9,20.9,69.0,969.2
2025-07-25T10:50:46.491000+00:00,9929,358,1265,2.1,0,36.3,20.9,68.0,969.1
2025-07-25T10:51:46.477000+00:00,9929,336,1265,2.1,0,36.5,21.0,67.0,969.2
2025-07-25T10:52:46.493000+00:00,9929,5,1265,2.0,0,36.5,21.1,65.0,969.1
2025-07-25T10:53:46.480000+00:00,9929,349,1265,1.4,0,35.2,21.1,66.0,969.2
2025-07-25T10:54:46.499000+00:00,9929,333,1265,1.6,0,35.6,21.1,67.0,969.2
2025-07-25T10:55:46.488000+00:00,9929,306,1265,1.8,0,36.0,21.0,68.0,969.2
2025-07-25T10:56:46.548000+00:00,9929,319,1265,2.9,0,36.0,21.0,67.0,969.2
2025-07-25T10:57:46.514000+00:00,9929,303,1265,1.3,0,35.8,20.9,68.0,969.2
2025-07-25T10:58:46.503000+00:00,9929,321,1265,1.4,0,36.0,21.0,68.0,969.3
2025-07-25T10:59:46.515000+00:00,9929,312,1265,1.6,0,36.4,21.0,66.0,969.3
2025-07-25T11:00:46.538000+00:00,9929,316,1265,1.7,0,36.2,21.0,65.0,969.2
2025-07-25T11:01:46.533000+00:00,9929,324,1265,1.2,0,36.2,20.9,66.0,969.2
2025-07-25T11:02:46.531000+00:00,9929,301,1265,0.8,0,36.8,20.9,68.0,969.2
2025-07-25T11:03:46.533000+00:00,9929,336,1265,1.3,0,37.2,21.0,66.0,969.2
2025-07-25T11:04:46.541000+00:00,9929,334,1265,2.3,0,37.7,21.0,67.0,969.2
2025-07-25T11:05:46.534000+00:00,9929,329,1265,2.1,0,37.2,21.2,66.0,969.2
2025-07-25T11:06:46.535000+00:00,9929,345,1265,1.4,0,36.4,21.3,65.0,969.2
2025-07-25T11:07:46.539000+00:00,9929,350,1265,1.1,0,35.5,21.2,66.0,969.2
2025-07-25T11:08:46.553000+00:00,9929,344,1265,1.2,0,35.5,21.2,67.0,969.3
2025-07-25T11:09:46.541000+00:00,9929,343,1265,1.0,0,36.1,21.2,68.0,969.3
2025-07-25T11:10:46.555000+00:00,9929,349,1265,0.8,0,37.1,21.3,65.0,969.3
2025-07-25T11:11:46.562000+00:00,9929,209,1265,1.3,0,37.2,21.2,63.0,969.3
2025-07-25T11:12:46.564000+00:00,9929,153,1265,1.3,0,37.5,21.1,63.0,969.3
2025-07-25T11:13:46.599000+00:00,9929,298,1265,0.6,0,38.0,21.2,63.0,969.3
2025-07-25T11:14:46.601000+00:00,9929,337,1265,1.8,0,38.2,21.3,64.0,969.3
2025-07-25T11:15:46.621000+00:00,9929,0,1265,0.8,0,38.2,21.2,61.0,969.3
2025-07-25T11:16:46.644000+00:00,9929,331,1265,0.6,0,38.2,21.3,63.0,969.3
2025-07-25T11:17:46.624000+00:00,9929,336,1265,1.6,0,38.2,21.3,63.0,969.3
2025-07-25T11:18:46.656000+00:00,9929,332,1265,1.3,0,38.2,21.3,64.0,969.2
2025-07-25T11:19:46.645000+00:00,9929,357,1265,1.0,0,38.6,21.5,63.0,969.3
2025-07-25T11:20:46.669000+00:00,9929,336,1265,1.5,0,38.6,21.3,64.0,969.3
2025-07-25T11:21:46.659000+00:00,9929,322,1265,0.7,0,38.9,21.3,65.0,969.2
2025-07-25T11:22:46.666000+00:00,9929,335,1265,1.4,0,38.6,21.5,64.0,969.3
2025-07-25T11:23:46.665000+00:00,9929,310,1265,2.9,0,36.9,21.6,63.0,969.2
2025-07-25T11:24:46.706000+00:00,9929,288,1265,1.7,0,36.6,21.6,64.0,969.3
2025-07-25T11:25:46.712000+00:00,9929,324,1265,1.1,0,36.3,21.6,66.0,969.3
2025-07-25T11:26:46.710000+00:00,9929,316,1265,1.6,0,35.9,21.7,66.0,969.3
2025-07-25T11:27:46.730000+00:00,9929,326,1265,2.3,0,35.2,21.5,64.0,969.2
2025-07-25T11:28:46.738000+00:00,9929,309,1265,1.1,0,36.0,21.5,65.0,969.2
2025-07-25T11:29:46.730000+00:00,9929,293,1265,1.4,0,37.0,21.4,65.0,969.3
2025-07-25T11:30:46.759000+00:00,9929,301,1265,1.6,0,37.3,21.3,67.0,969.2
2025-07-25T11:31:46.759000+00:00,9929,310,1265,2.3,0,37.3,21.4,65.0,969.2
2025-07-25T11:32:46.753000+00:00,9929,338,1265,2.2,0,37.4,21.4,65.0,969.3
2025-07-25T11:33:46.777000+00:00,9929,2,1265,1.8,0,37.8,21.3,66.0,969.2
2025-07-25T11:34:46.782000+00:00,9929,316,1265,0.9,0,38.7,21.3,66.0,969.2
2025-07-25T11:35:46.772000+00:00,9929,354,1265,1.4,0,39.2,21.3,66.0,969.3
2025-07-25T11:36:46.772000+00:00,9929,344,1265,2.4,0,39.1,21.4,64.0,969.1
2025-07-25T14:15:47.820000+00:00,9930,279,1265,2.2,0,37.5,22.4,55.0,968.8
2025-07-25T14:16:47.805000+00:00,9930,294,1265,1.4,0,37.4,22.4,56.0,968.7
2025-07-25T14:17:47.820000+00:00,9930,303,1265,2.0,0,36.9,22.3,57.0,968.8
2025-07-25T14:18:47.852000+00:00,9930,344,1265,1.6,0,36.7,22.3,57.0,968.7
2025-07-25T14:19:47.868000+00:00,9930,329,1265,1.5,0,36.8,22.3,57.0,968.8
2025-07-25T14:20:47.868000+00:00,9930,317,1265,1.6,0,36.8,22.3,58.0,968.8
2025-07-25T14:21:47.883000+00:00,9930,349,1265,1.2,0,36.7,22.3,58.0,968.7
2025-07-25T14:22:47.898000+00:00,9930,346,1265,2.1,0,36.5,22.2,57.0,968.8
2025-07-25T14:23:47.876000+00:00,9930,294,1265,2.3,0,36.7,22.1,57.0,968.7
2025-07-25T14:24:47.892000+00:00,9930,347,1265,2.1,0,36.8,22.1,57.0,968.7
2025-07-25T14:25:47.898000+00:00,9930,357,1265,1.2,0,37.8,22.0,57.0,968.8
2025-07-25T14:26:47.876000+00:00,9930,6,1265,1.7,0,38.5,22.0,57.0,968.7
2025-07-25T14:27:47.904000+00:00,9930,341,1265,1.1,0,38.9,22.0,56.0,968.7
2025-07-25T14:28:47.902000+00:00,9930,356,1265,1.7,0,38.9,22.0,55.0,968.7
2025-07-25T14:29:47.899000+00:00,9930,319,1265,2.2,0,39.2,22.0,57.0,968.6
2025-07-25T14:30:47.912000+00:00,9930,332,1265,2.2,0,39.3,21.9,57.0,968.6
2025-07-25T14:31:47.895000+00:00,9930,341,1265,1.8,0,39.3,22.0,56.0,968.8
2025-07-25T14:32:47.911000+00:00,9930,274,1265,1.5,0,39.6,22.0,57.0,968.7
2025-07-25T14:33:47.912000+00:00,9930,45,1265,1.6,0,40.1,22.2,56.0,968.7
2025-07-25T14:34:47.920000+00:00,9930,292,1265,1.1,0,40.3,22.3,56.0,968.6
2025-07-25T14:35:47.912000+00:00,9930,359,1265,2.3,0,40.3,22.5,55.0,968.6
2025-07-25T14:36:47.942000+00:00,9930,327,1265,3.2,0,40.0,22.5,55.0,968.7
2025-07-25T14:37:47.977000+00:00,9930,311,1265,2.0,0,40.2,22.5,56.0,968.6
2025-07-25T14:38:47.962000+00:00,9930,345,1265,3.3,0,40.3,22.8,55.0,968.5
2025-07-25T14:39:47.966000+00:00,9930,327,1265,3.2,0,39.7,22.9,54.0,968.6
2025-07-25T14:40:47.991000+00:00,9930,347,1265,3.4,0,39.6,22.9,55.0,968.6
2025-07-25T14:41:47.991000+00:00,9930,324,1265,2.2,0,39.7,23.0,55.0,968.5
2025-07-25T14:42:47.997000+00:00,9930,269,1265,1.3,0,39.7,23.0,55.0,968.5
2025-07-25T14:43:48.016000+00:00,9930,261,1265,2.3,0,39.6,23.0,54.0,968.6
2025-07-25T14:44:48.042000+00:00,9930,328,1265,1.9,0,39.7,23.2,55.0,968.6
2025-07-25T14:45:48.045000+00:00,9930,348,1265,2.0,0,40.0,23.4,55.0,968.6
2025-07-25T14:46:48.046000+00:00,9930,321,1265,2.7,0,39.5,23.4,56.0,968.6
2025-07-25T14:47:48.065000+00:00,9930,342,1265,2.4,0,39.4,23.3,58.0,968.6
2025-07-25T14:48:48.077000+00:00,9930,346,1265,2.0,0,39.4,23.3,58.0,968.5
2025-07-25T14:49:48.100000+00:00,9930,335,1265,1.8,0,39.3,23.2,59.0,968.7
2025-07-25T14:50:48.125000+00:00,9930,343,1265,1.5,0,39.2,23.1,60.0,968.6
2025-07-25T14:51:48.144000+00:00,9930,17,1265,1.7,0,39.1,23.0,60.0,968.5
2025-07-25T14:52:48.149000+00:00,9930,325,1265,1.7,0,39.0,22.9,60.0,968.7
2025-07-25T14:53:48.143000+00:00,9930,350,1265,1.1,0,38.7,22.8,61.0,968.5
2025-07-25T14:54:48.145000+00:00,9930,350,1265,1.1,0,38.7,22.6,61.0,968.5
2025-07-25T14:55:48.138000+00:00,9930,168,1265,0.8,0,39.2,22.7,61.0,968.6
2025-07-25T14:56:48.137000+00:00,9930,357,1265,0.9,0,39.2,22.7,61.0,968.6
2025-07-25T14:57:48.171000+00:00,9930,279,1265,1.6,0,39.2,22.8,62.0,968.6
2025-07-25T14:58:48.162000+00:00,9930,347,1265,1.4,0,39.1,22.8,61.0,968.6
2025-07-25T14:59:48.178000+00:00,9930,328,1265,0.8,0,38.9,22.8,61.0,968.6
2025-07-25T15:00:48.163000+00:00,9930,16,1265,1.9,0,38.9,22.9,61.0,968.6
2025-07-25T15:01:48.177000+00:00,9930,314,1265,1.6,0,38.0,22.8,60.0,968.6
2025-07-25T15:02:48.186000+00:00,9930,310,1265,2.0,0,37.5,22.5,62.0,968.6
2025-07-25T15:03:48.186000+00:00,9930,301,1265,2.4,0,37.6,22.5,63.0,968.6
2025-07-25T15:04:48.214000+00:00,9930,343,1265,2.7,0,37.7,22.4,64.0,968.6
2025-07-25T15:05:48.214000+00:00,9930,300,1265,2.2,0,37.7,22.4,64.0,968.6
2025-07-25T15:06:48.214000+00:00,9930,331,1265,2.7,0,37.4,22.3,63.0,968.7
2025-07-25T15:07:48.226000+00:00,9930,348,1265,3.0,0,36.2,22.2,65.0,968.6
2025-07-25T15:08:48.227000+00:00,9930,349,1265,2.4,0,36.2,22.1,65.0,968.6
2025-07-25T15:09:48.236000+00:00,9930,352,1265,1.8,0,37.0,22.1,65.0,968.6
2025-07-25T15:10:48.307000+00:00,9930,310,1265,1.3,0,37.4,22.1,65.0,968.5
2025-07-25T15:11:48.277000+00:00,9930,346,1265,1.7,0,37.8,22.2,64.0,968.5
2025-07-25T15:12:48.261000+00:00,9930,358,1265,2.5,0,38.0,22.2,63.0,968.5
2025-07-25T15:13:48.282000+00:00,9930,338,1265,1.6,0,37.2,22.1,64.0,968.4
2025-07-25T15:14:48.277000+00:00,9930,311,1265,1.6,0,37.4,22.0,66.0,968.5
2025-07-25T15:15:48.273000+00:00,9930,315,1265,2.2,0,37.9,22.0,64.0,968.6
2025-07-25T15:16:48.300000+00:00,9930,6,1265,1.8,0,37.4,22.1,63.0,968.6
2025-07-25T15:17:48.313000+00:00,9930,305,1265,2.1,0,37.6,22.1,63.0,968.5
2025-07-25T15:18:48.313000+00:00,9930,331,1265,2.7,0,37.6,22.2,64.0,968.6
2025-07-25T15:19:48.392000+00:00,9930,296,1265,2.1,0,37.6,22.2,63.0,968.5
2025-07-25T15:20:48.421000+00:00,9930,264,1265,0.8,0,37.5,22.1,63.0,968.5
2025-07-25T15:21:48.422000+00:00,9930,317,1265,1.5,0,38.0,22.2,63.0,968.4
2025-07-25T15:22:48.406000+00:00,9930,285,1265,2.7,0,36.3,22.1,63.0,968.5
2025-07-25T15:23:48.611000+00:00,9930,321,1265,2.2,0,36.3,22.0,64.0,968.4
2025-07-25T15:24:48.471000+00:00,9930,269,1265,2.9,0,36.4,22.0,64.0,968.6
2025-07-25T15:25:48.452000+00:00,9930,350,1265,3.3,0,36.7,21.9,66.0,968.6
2025-07-25T15:26:48.451000+00:00,9930,275,1265,2.2,0,37.1,21.9,66.0,968.6
2025-07-25T15:27:48.459000+00:00,9930,286,1265,1.6,0,37.1,22.0,64.0,968.4
2025-07-25T15:28:48.436000+00:00,9930,332,1265,1.0,0,36.8,21.9,64.0,968.6
2025-07-25T15:29:48.454000+00:00,9930,296,1265,1.2,0,36.8,22.0,64.0,968.5
2025-07-25T15:30:48.440000+00:00,9930,291,1265,2.0,0,36.0,22.0,65.0,968.6
2025-07-05T13:46:54.709000+00:00,9943,225,1277,4.5,0,25.3,19.5,75.0,995.3
2025-07-05T13:47:54.703000+00:00,9943,205,1277,3.9,0,25.3,19.5,76.0,995.2
2025-07-05T13:48:54.727000+00:00,9943,208,1277,3.9,0,25.3,19.4,76.0,995.3
2025-07-05T13:49:54.724000+00:00,9943,199,1277,5.5,0,25.2,19.4,76.0,995.2
2025-07-05T13:50:54.737000+00:00,9943,204,1277,4.3,0,25.3,19.4,76.0,995.2
2025-07-05T13:51:54.748000+00:00,9943,203,1277,4.9,0,25.4,19.4,76.0,995.2
2025-07-05T13:52:54.747000+00:00,9943,226,1277,4.9,0,25.3,19.4,76.0,995.2
2025-07-05T13:53:54.776000+00:00,9943,204,1277,4.2,0,25.3,19.3,77.0,995.2
2025-07-05T13:54:54.782000+00:00,9943,223,1277,3.5,0,25.3,19.3,77.0,995.2
2025-07-05T13:55:54.821000+00:00,9943,214,1277,3.8,0,25.3,19.3,77.0,995.2
2025-07-05T13:56:54.827000+00:00,9943,193,1277,4.0,0,25.1,19.2,77.0,995.1
2025-07-05T13:57:54.785000+00:00,9943,210,1277,4.8,0,25.1,19.2,77.0,995.2
2025-07-05T13:58:54.787000+00:00,9943,221,1277,4.0,0,25.1,19.2,77.0,995.2
2025-07-05T13:59:54.790000+00:00,9943,222,1277,3.2,0,25.1,19.2,77.0,995.2
2025-07-05T14:00:54.787000+00:00,9943,209,1277,4.1,0,25.3,19.2,77.0,995.2
2025-07-05T14:01:54.785000+00:00,9943,195,1277,3.9,0,25.5,19.2,77.0,995.1
2025-07-05T14:02:54.780000+00:00,9943,190,1277,3.9,0,25.8,19.2,77.0,995.1
2025-07-05T14:03:54.785000+00:00,9943,243,1277,3.8,0,25.9,19.2,77.0,995.1
2025-07-05T14:04:54.798000+00:00,9943,215,1277,4.7,0,26.1,19.3,77.0,995.1
2025-07-05T14:05:54.788000+00:00,9943,209,1277,4.5,0,26.3,19.3,77.0,995.1
2025-07-05T14:06:54.787000+00:00,9943,203,1277,4.4,0,26.3,19.4,77.0,995.1
2025-07-05T14:07:54.792000+00:00,9943,219,1277,3.5,0,26.3,19.5,77.0,995.0
2025-07-05T14:08:54.808000+00:00,9943,193,1277,3.2,0,26.4,19.5,77.0,994.9
2025-07-05T14:09:54.817000+00:00,9943,202,1277,5.1,0,26.4,19.6,76.0,995.0
2025-07-05T14:10:54.800000+00:00,9943,210,1277,4.5,0,26.4,19.7,76.0,995.0
2025-07-05T14:11:54.828000+00:00,9943,205,1277,4.9,0,26.4,19.7,76.0,995.0
2025-07-05T14:12:54.848000+00:00,9943,235,1277,4.1,0,26.3,19.8,76.0,995.1
2025-07-05T14:13:54.852000+00:00,9943,176,1277,2.6,0,26.4,19.7,76.0,994.9
2025-07-05T14:14:54.842000+00:00,9943,205,1277,3.7,0,26.4,19.8,77.0,995.0
2025-07-05T14:15:54.851000+00:00,9943,212,1277,4.6,0,26.4,19.9,76.0,995.0
2025-07-05T14:16:54.849000+00:00,9943,214,1277,4.6,0,26.1,19.9,76.0,994.9
2025-07-05T14:17:54.851000+00:00,9943,215,1277,3.7,0,26.0,19.9,76.0,994.9
2025-07-05T14:18:54.857000+00:00,9943,194,1277,3.5,0,26.1,19.9,77.0,995.0
2025-07-05T14:19:54.861000+00:00,9943,191,1277,4.7,0,26.2,19.8,76.0,995.0
2025-07-05T14:20:54.880000+00:00,9943,207,1277,4.0,0,26.2,19.7,77.0,994.9
2025-07-05T14:21:54.903000+00:00,9943,203,1277,5.0,0,26.1,19.6,77.0,994.8
2025-07-05T14:22:54.899000+00:00,9943,199,1277,4.4,0,26.0,19.6,77.0,994.9
2025-07-05T14:23:54.904000+00:00,9943,199,1277,4.1,0,26.0,19.6,77.0,994.9
2025-07-05T14:24:54.908000+00:00,9943,211,1277,3.9,0,26.3,19.6,77.0,994.9
2025-07-05T14:25:54.905000+00:00,9943,203,1277,4.1,0,26.5,19.6,77.0,994.9
2025-07-05T14:26:54.921000+00:00,9943,206,1277,5.4,0,26.6,19.7,76.0,994.9
2025-07-05T14:27:54.908000+00:00,9943,241,1277,4.2,0,26.6,19.7,77.0,994.9
2025-07-05T14:28:54.937000+00:00,9943,222,1277,3.8,0,26.7,19.7,77.0,994.8
2025-07-05T14:29:54.942000+00:00,9943,237,1277,4.0,0,27.4,19.8,76.0,994.9
2025-07-05T14:30:54.935000+00:00,9943,237,1277,3.6,0,28.0,19.9,76.0,994.9
2025-07-05T14:31:54.929000+00:00,9943,201,1277,4.9,0,28.0,20.0,75.0,994.7
2025-07-05T14:32:54.954000+00:00,9943,248,1277,3.7,0,28.0,20.1,75.0,994.8
2025-07-05T14:33:54.954000+00:00,9943,241,1277,2.9,0,28.0,20.1,74.0,994.9
2025-07-05T14:34:54.967000+00:00,9943,203,1277,3.6,0,28.0,20.2,74.0,994.8
2025-07-05T14:35:54.991000+00:00,9943,192,1277,4.2,0,28.0,20.2,73.0,994.7
2025-07-05T14:36:54.992000+00:00,9943,265,1277,4.2,0,28.0,20.3,73.0,994.8
2025-07-05T14:37:55.015000+00:00,9943,233,1277,3.3,0,27.9,20.3,73.0,994.8
2025-07-05T14:38:54.991000+00:00,9943,249,1277,2.8,0,27.9,20.4,72.0,994.7
2025-07-05T14:39:55.042000+00:00,9943,221,1277,3.2,0,27.9,20.4,72.0,994.7
2025-07-05T14:40:55.027000+00:00,9943,202,1277,3.2,0,27.9,20.4,72.0,994.9
2025-07-05T14:41:55.041000+00:00,9943,219,1277,4.1,0,27.9,20.5,71.0,994.8
2025-07-05T14:42:55.030000+00:00,9943,234,1277,3.9,0,28.0,20.5,71.0,994.9
2025-07-05T14:43:55.059000+00:00,9943,196,1277,4.0,0,28.1,20.6,71.0,994.8
2025-07-05T14:44:55.059000+00:00,9943,202,1277,4.7,0,28.2,20.6,71.0,994.8
2025-07-05T14:45:55.065000+00:00,9943,249,1277,3.8,0,28.4,20.7,70.0,994.8
2025-07-05T14:46:55.073000+00:00,9943,257,1277,4.6,0,28.2,20.7,70.0,994.7
2025-07-05T14:47:55.083000+00:00,9943,230,1277,4.1,0,28.4,20.7,71.0,994.6
2025-07-05T14:48:55.065000+00:00,9943,215,1277,4.2,0,28.7,20.6,70.0,994.7
2025-07-05T14:49:55.075000+00:00,9943,245,1277,3.4,0,28.7,20.8,70.0,994.7
2025-07-05T14:50:55.066000+00:00,9943,204,1277,3.7,0,28.9,20.9,69.0,994.7
2025-07-05T14:51:55.069000+00:00,9943,244,1277,3.3,0,28.9,20.9,68.0,994.7
2025-07-05T14:52:55.067000+00:00,9943,239,1277,4.0,0,28.7,21.0,68.0,994.6
2025-07-05T14:53:55.070000+00:00,9943,226,1277,3.2,0,28.7,21.1,68.0,994.6
2025-07-05T14:54:55.067000+00:00,9943,234,1277,4.9,0,29.2,21.1,67.0,994.6
2025-07-05T14:55:55.083000+00:00,9943,239,1277,3.6,0,30.1,21.2,67.0,994.6
2025-07-05T14:56:55.068000+00:00,9943,212,1277,4.1,0,31.2,21.3,67.0,994.5
2025-07-05T14:57:55.084000+00:00,9943,250,1277,4.2,0,31.2,21.4,66.0,994.6
2025-07-05T14:58:55.086000+00:00,9943,206,1277,4.3,0,31.0,21.5,65.0,994.5
2025-07-05T14:59:55.086000+00:00,9943,222,1277,4.5,0,30.4,21.5,65.0,994.5
2025-07-05T15:00:55.086000+00:00,9943,217,1277,4.4,0,30.3,21.6,65.0,994.4
2025-07-05T15:01:55.087000+00:00,9943,238,1277,3.7,0,30.9,21.5,65.0,994.5
2025-07-05T15:02:55.091000+00:00,9943,199,1277,3.9,0,31.1,21.5,65.0,994.6
2025-07-05T15:03:55.088000+00:00,9943,196,1277,4.2,0,30.5,21.5,65.0,994.5
2025-07-05T15:04:55.088000+00:00,9943,229,1277,4.0,0,30.1,21.5,65.0,994.5
2025-07-05T15:05:55.088000+00:00,9943,204,1277,3.5,0,29.6,21.4,65.0,994.5
2025-07-05T15:06:55.088000+00:00,9943,260,1277,3.5,0,29.3,21.4,65.0,994.4
2025-07-05T15:07:55.090000+00:00,9943,208,1277,3.7,0,29.1,21.3,66.0,994.6
2025-07-05T15:08:55.089000+00:00,9943,178,1277,3.3,0,29.0,21.3,66.0,994.4
2025-07-05T15:09:55.089000+00:00,9943,235,1277,2.6,0,28.8,21.3,66.0,994.4
2025-07-05T15:10:55.090000+00:00,9943,198,1277,5.2,0,29.0,21.3,65.0,994.5
2025-07-05T15:11:55.091000+00:00,9943,228,1277,5.1,0,28.8,21.4,65.0,994.5
2025-07-05T15:12:55.090000+00:00,9943,208,1277,3.3,0,28.8,21.4,66.0,994.6
2025-07-26T09:16:54.292000+00:00,9934,331,1265,1.8,0,32.8,20.8,62.0,969.2
2025-07-26T09:17:54.276000+00:00,9934,318,1265,2.3,0,31.9,20.8,63.0,969.0
2025-07-26T09:18:54.317000+00:00,9934,307,1265,1.3,0,31.8,20.7,63.0,969.1
2025-07-26T09:19:54.334000+00:00,9934,323,1265,1.8,0,31.6,20.6,63.0,969.1
2025-07-26T09:20:54.334000+00:00,9934,1,1265,1.4,0,31.5,20.6,63.0,969.0
2025-07-26T09:21:54.350000+00:00,9934,284,1265,1.0,0,31.0,20.7,64.0,969.1
2025-07-26T09:22:54.366000+00:00,9934,315,1265,1.4,0,31.0,20.7,64.0,969.0
2025-07-26T09:23:54.365000+00:00,9934,314,1265,1.8,0,31.0,20.9,64.0,969.0
2025-07-26T09:24:54.348000+00:00,9934,321,1265,1.9,0,31.1,21.0,64.0,969.1
2025-07-26T09:25:54.364000+00:00,9934,318,1265,1.3,0,32.0,20.9,64.0,968.9
2025-07-26T09:26:54.365000+00:00,9934,0,1265,0.5,0,33.1,20.9,64.0,969.0
2025-07-26T09:27:54.353000+00:00,9934,208,1265,1.2,0,33.2,21.0,64.0,969.1
2025-07-26T09:28:54.370000+00:00,9934,292,1265,0.9,0,33.9,21.0,64.0,969.0
2025-07-26T09:29:54.365000+00:00,9934,5,1265,0.5,0,34.6,21.1,64.0,969.0
2025-07-26T09:30:54.366000+00:00,9934,334,1265,1.4,0,34.6,21.3,62.0,969.0
2025-07-26T09:31:54.381000+00:00,9934,85,1265,0.5,0,34.8,21.3,61.0,969.0
2025-07-26T09:32:54.397000+00:00,9934,3,1265,0.5,0,35.2,21.2,61.0,969.0
2025-07-26T09:33:54.407000+00:00,9934,0,1265,0.4,0,35.4,21.2,61.0,969.1
2025-07-26T09:34:54.411000+00:00,9934,155,1265,0.7,0,35.8,21.0,58.0,969.0
2025-07-26T09:35:54.427000+00:00,9934,164,1265,1.1,0,35.8,21.0,58.0,969.0
2025-07-26T09:36:54.423000+00:00,9934,0,1265,0.5,0,35.8,21.0,60.0,969.1
2025-07-26T09:37:54.423000+00:00,9934,122,1265,0.7,0,36.1,21.0,58.0,969.0
2025-07-26T09:38:54.423000+00:00,9934,347,1265,0.6,0,36.6,21.1,57.0,969.0
2025-07-26T09:39:54.401000+00:00,9934,303,1265,1.3,0,36.4,21.1,57.0,969.0
2025-07-26T09:40:54.413000+00:00,9934,326,1265,1.3,0,36.4,20.9,58.0,969.1
2025-07-26T09:41:54.426000+00:00,9934,322,1265,2.1,0,37.0,20.9,57.0,969.0
2025-07-26T09:42:54.432000+00:00,9934,309,1265,1.6,0,37.0,20.9,59.0,969.1
2025-07-26T09:43:54.428000+00:00,9934,352,1265,1.2,0,37.4,21.0,58.0,969.1
2025-07-26T09:44:54.413000+00:00,9934,334,1265,0.7,0,37.4,20.9,58.0,969.0
2025-07-26T09:45:54.433000+00:00,9934,297,1265,1.0,0,37.0,20.9,58.0,969.0
2025-07-26T09:46:54.418000+00:00,9934,203,1265,1.1,0,35.7,20.9,58.0,969.0
2025-07-26T09:47:54.428000+00:00,9934,220,1265,1.3,0,34.7,20.7,60.0,968.9
2025-07-26T09:48:54.428000+00:00,9934,299,1265,0.7,0,34.6,20.8,62.0,969.0
2025-07-26T09:49:54.434000+00:00,9934,4,1265,0.7,0,34.2,20.8,63.0,969.0
2025-07-26T09:50:54.431000+00:00,9934,312,1265,1.4,0,34.2,20.8,63.0,968.9
2025-07-26T09:51:54.435000+00:00,9934,350,1265,1.5,0,33.8,20.9,63.0,969.0
2025-07-26T09:52:54.435000+00:00,9934,336,1265,1.8,0,33.8,20.9,63.0,969.0
2025-07-26T09:53:54.420000+00:00,9934,273,1265,0.9,0,33.5,20.9,63.0,969.0
2025-07-26T09:54:54.438000+00:00,9934,339,1265,0.7,0,33.9,21.0,64.0,969.0
2025-07-26T09:55:54.465000+00:00,9934,0,1265,0.9,0,34.5,21.0,65.0,969.1
2025-07-26T09:56:54.475000+00:00,9934,294,1265,1.2,0,34.9,21.0,63.0,969.1
2025-07-26T09:57:54.488000+00:00,9934,337,1265,1.6,0,35.0,21.0,63.0,969.1
2025-07-26T09:58:54.512000+00:00,9934,335,1265,1.0,0,34.7,20.9,63.0,969.0
2025-07-26T09:59:54.498000+00:00,9934,316,1265,2.3,0,34.2,21.0,63.0,969.0
2025-07-26T10:00:54.515000+00:00,9934,350,1265,1.8,0,33.5,21.0,63.0,969.1
2025-07-26T10:01:54.534000+00:00,9934,358,1265,1.4,0,33.4,20.9,64.0,969.0
2025-07-26T10:02:54.523000+00:00,9934,331,1265,1.3,0,33.4,20.9,64.0,969.1
2025-07-26T10:03:54.519000+00:00,9934,337,1265,0.9,0,33.4,20.9,64.0,969.1
2025-07-26T10:04:54.519000+00:00,9934,10,1265,1.2,0,33.5,20.9,63.0,969.0
2025-07-26T10:05:54.520000+00:00,9934,306,1265,0.6,0,33.5,20.9,64.0,969.1
2025-07-26T10:06:54.525000+00:00,9934,194,1265,1.0,0,33.0,20.9,64.0,969.1
2025-07-26T10:07:54.540000+00:00,9934,324,1265,0.9,0,32.8,20.7,64.0,969.1
2025-07-26T10:08:54.537000+00:00,9934,305,1265,1.0,0,32.8,20.7,64.0,969.1
2025-07-26T10:09:54.543000+00:00,9934,172,1265,1.0,0,33.5,20.8,64.0,969.1
2025-07-26T10:10:54.556000+00:00,9934,180,1265,1.2,0,34.8,20.8,63.0,969.0
2025-07-26T10:11:54.577000+00:00,9934,127,1265,1.2,0,35.2,20.9,63.0,969.1
2025-07-26T10:12:54.578000+00:00,9934,155,1265,1.3,0,35.5,21.0,63.0,969.0
2025-07-26T10:13:54.601000+00:00,9934,190,1265,2.1,0,35.8,21.1,62.0,969.0
2025-07-26T10:14:54.603000+00:00,9934,163,1265,0.8,0,35.9,21.0,63.0,969.0
2025-07-26T10:15:54.611000+00:00,9934,161,1265,1.6,0,36.2,21.0,62.0,969.0
2025-07-26T10:16:54.618000+00:00,9934,24,1265,0.7,0,36.5,21.0,62.0,969.0
2025-07-26T10:17:54.629000+00:00,9934,0,1265,0.5,0,36.5,20.9,62.0,969.0
2025-07-26T10:18:54.603000+00:00,9934,176,1265,0.6,0,37.1,20.9,62.0,969.1
2025-07-26T10:19:54.627000+00:00,9934,359,1265,1.7,0,37.2,20.9,60.0,969.0
2025-07-26T10:20:54.623000+00:00,9934,328,1265,1.1,0,37.6,20.9,59.0,969.0
2025-07-26T10:21:54.642000+00:00,9934,290,1265,1.3,0,37.9,21.0,59.0,969.0
2025-07-26T10:22:54.644000+00:00,9934,3,1265,1.8,0,38.3,21.0,60.0,969.0
2025-07-26T10:23:54.658000+00:00,9934,63,1265,1.1,0,38.3,21.0,58.0,969.0
2025-07-26T10:24:54.658000+00:00,9934,293,1265,1.2,0,38.1,21.0,59.0,968.9
2025-07-26T10:25:54.660000+00:00,9934,202,1265,1.8,0,37.9,21.0,59.0,969.0
2025-07-26T10:26:54.657000+00:00,9934,160,1265,1.5,0,38.3,21.0,59.0,969.0
2025-07-26T10:27:54.662000+00:00,9934,137,1265,1.3,0,38.3,20.9,57.0,969.0
2025-07-26T10:28:54.645000+00:00,9934,255,1265,1.3,0,38.3,20.9,56.0,969.0
2025-07-26T10:29:54.656000+00:00,9934,0,1265,0.0,0,38.5,20.9,57.0,969.0
2025-07-26T10:30:54.699000+00:00,9934,0,1265,0.0,0,38.5,21.0,58.0,969.0
2025-07-26T10:31:54.714000+00:00,9934,212,1265,0.6,0,38.5,21.0,58.0,969.0
2025-07-26T10:32:54.703000+00:00,9934,355,1265,1.3,0,38.5,21.1,56.0,969.0
2025-07-26T10:33:54.696000+00:00,9934,277,1265,1.4,0,38.0,21.2,56.0,969.0
2025-07-26T10:34:54.697000+00:00,9934,258,1265,1.1,0,38.8,21.2,57.0,969.0
2025-07-26T10:35:54.704000+00:00,9934,276,1265,1.3,0,38.9,21.2,55.0,969.1
2025-07-26T13:45:55.910000+00:00,9935,343,1265,1.1,0,37.1,22.5,55.0,968.0
2025-07-26T13:46:55.910000+00:00,9935,348,1265,1.4,0,36.7,22.5,53.0,968.1
2025-07-26T13:47:55.931000+00:00,9935,284,1265,1.7,0,36.6,22.5,54.0,968.0
2025-07-26T13:48:56.198000+00:00,9935,331,1265,1.2,0,36.5,22.5,55.0,968.0
2025-07-26T13:49:55.922000+00:00,9935,305,1265,1.4,0,36.9,22.4,55.0,967.9
2025-07-26T13:50:55.907000+00:00,9935,0,1265,1.4,0,37.0,22.4,55.0,968.0
2025-07-26T13:51:55.938000+00:00,9935,348,1265,0.6,0,36.7,22.4,55.0,968.0
2025-07-26T13:52:55.939000+00:00,9935,299,1265,1.9,0,36.8,22.4,55.0,968.0
2025-07-26T13:53:55.934000+00:00,9935,330,1265,2.3,0,36.8,22.4,55.0,967.9
2025-07-26T13:54:55.932000+00:00,9935,304,1265,1.9,0,37.1,22.4,55.0,967.9
2025-07-26T13:55:55.933000+00:00,9935,323,1265,1.4,0,37.0,22.3,55.0,967.9
2025-07-26T13:56:55.950000+00:00,9935,347,1265,1.5,0,37.0,22.3,56.0,967.9
2025-07-26T13:57:55.931000+00:00,9935,316,1265,1.8,0,37.1,22.3,55.0,967.9
2025-07-26T13:58:55.932000+00:00,9935,352,1265,1.8,0,37.0,22.3,54.0,967.9
2025-07-26T13:59:55.936000+00:00,9935,355,1265,2.2,0,36.9,22.3,55.0,967.8
2025-07-26T14:00:55.928000+00:00,9935,343,1265,1.0,0,37.0,22.3,57.0,967.8
2025-07-26T14:01:55.917000+00:00,9935,299,1265,1.4,0,37.2,22.3,56.0,967.8
2025-07-26T14:02:55.944000+00:00,9935,331,1265,1.4,0,36.6,22.4,56.0,967.9
2025-07-26T14:03:55.944000+00:00,9935,337,1265,1.8,0,36.5,22.3,55.0,967.9
2025-07-26T14:04:55.941000+00:00,9935,28,1265,1.7,0,36.6,22.3,55.0,967.9
2025-07-26T14:05:55.947000+00:00,9935,97,1265,0.7,0,36.5,22.3,55.0,967.9
2025-07-26T14:06:55.964000+00:00,9935,8,1265,0.4,0,36.4,22.3,56.0,967.9
2025-07-26T14:07:55.969000+00:00,9935,266,1265,0.9,0,36.6,22.3,57.0,967.9
2025-07-26T14:08:55.993000+00:00,9935,283,1265,1.1,0,37.1,22.4,57.0,967.9
2025-07-26T14:09:56.001000+00:00,9935,263,1265,0.8,0,37.4,22.4,56.0,967.9
2025-07-26T14:10:56.001000+00:00,9935,354,1265,0.7,0,37.7,22.4,56.0,967.9
2025-07-26T14:11:56.025000+00:00,9935,293,1265,0.7,0,38.2,22.6,54.0,967.8
2025-07-26T14:12:56.046000+00:00,9935,337,1265,1.2,0,38.3,22.6,54.0,967.8
2025-07-26T14:13:56.035000+00:00,9935,249,1265,1.6,0,38.3,22.6,54.0,967.9
2025-07-26T14:14:56.732000+00:00,9935,251,1265,2.6,0,37.9,22.6,53.0,967.8
2025-07-26T14:15:56.299000+00:00,9935,348,1265,1.3,0,38.1,22.7,56.0,967.7
2025-07-26T14:16:56.068000+00:00,9935,322,1265,2.0,0,38.0,22.8,53.0,967.7
2025-07-26T14:17:56.411000+00:00,9935,347,1265,1.3,0,37.9,23.0,54.0,967.9
2025-07-26T14:18:56.078000+00:00,9935,337,1265,2.0,0,37.8,23.0,52.0,967.8
2025-07-26T14:19:56.078000+00:00,9935,328,1265,2.2,0,37.4,23.1,52.0,967.8
2025-07-26T14:20:56.059000+00:00,9935,346,1265,1.9,0,37.3,23.0,52.0,967.8
2025-07-26T14:21:56.069000+00:00,9935,300,1265,1.8,0,37.3,22.9,53.0,967.7
2025-07-26T14:22:56.069000+00:00,9935,296,1265,1.1,0,36.9,22.8,52.0,967.8
2025-07-26T14:23:56.060000+00:00,9935,278,1265,1.1,0,36.8,22.7,54.0,967.7
2025-07-26T14:24:56.085000+00:00,9935,288,1265,1.3,0,36.8,22.7,54.0,967.9
2025-07-26T14:25:56.436000+00:00,9935,226,1265,1.8,0,36.6,22.7,54.0,967.8
2025-07-26T14:26:56.103000+00:00,9935,285,1265,1.0,0,36.0,22.5,54.0,967.8
2025-07-26T14:27:56.120000+00:00,9935,0,1265,0.9,0,36.2,22.4,55.0,967.8
2025-07-26T14:28:56.106000+00:00,9935,315,1265,0.3,0,36.6,22.4,55.0,967.7
2025-07-26T14:29:56.117000+00:00,9935,349,1265,1.3,0,36.6,22.4,54.0,967.8
2025-07-26T14:30:56.138000+00:00,9935,29,1265,2.1,0,35.9,22.5,54.0,967.8
2025-07-26T14:31:56.113000+00:00,9935,46,1265,1.5,0,36.0,22.3,55.0,967.7
2025-07-26T14:32:56.358000+00:00,9935,241,1265,0.8,0,36.4,22.2,55.0,967.7
2025-07-26T14:33:56.157000+00:00,9935,6,1265,0.9,0,36.5,22.3,55.0,967.7
2025-07-26T14:34:56.475000+00:00,9935,0,1265,0.8,0,37.0,22.4,55.0,967.6
2025-07-26T14:35:56.204000+00:00,9935,285,1265,1.2,0,37.3,22.4,55.0,967.8
2025-07-26T14:36:56.213000+00:00,9935,0,1265,1.2,0,37.5,22.5,56.0,967.7
2025-07-26T14:37:56.209000+00:00,9935,244,1265,0.5,0,37.5,22.5,57.0,967.7
2025-07-26T14:38:56.219000+00:00,9935,12,1265,1.3,0,37.1,22.5,55.0,967.7
2025-07-26T14:39:56.211000+00:00,9935,10,1265,1.0,0,37.1,22.6,55.0,967.6
2025-07-26T14:40:56.202000+00:00,9935,233,1265,0.8,0,38.0,22.8,56.0,967.6
2025-07-26T14:41:56.233000+00:00,9935,3,1265,1.5,0,38.1,22.9,55.0,967.6
2025-07-26T14:42:56.242000+00:00,9935,226,1265,0.6,0,38.2,23.0,56.0,967.5
2025-07-26T14:43:56.243000+00:00,9935,9,1265,0.9,0,38.6,23.0,55.0,967.6
2025-07-26T14:44:56.268000+00:00,9935,330,1265,1.8,0,39.2,23.1,54.0,967.6
2025-07-26T14:45:56.269000+00:00,9935,339,1265,1.5,0,39.3,23.3,55.0,967.6
2025-07-26T14:46:56.270000+00:00,9935,294,1265,1.1,0,39.3,23.3,54.0,967.6
2025-07-26T14:47:56.273000+00:00,9935,288,1265,1.0,0,38.6,23.3,55.0,967.5
2025-07-26T14:48:56.270000+00:00,9935,239,1265,1.3,0,38.6,23.3,54.0,967.6
2025-07-26T14:49:56.290000+00:00,9935,264,1265,1.6,0,38.9,23.2,55.0,967.5
2025-07-26T14:50:56.325000+00:00,9935,342,1265,1.8,0,39.6,22.9,57.0,967.5
2025-07-26T14:51:56.327000+00:00,9935,15,1265,1.3,0,39.6,22.8,51.0,967.4
2025-07-26T14:52:56.327000+00:00,9935,327,1265,1.0,0,39.6,22.9,51.0,967.5
2025-07-26T14:53:56.322000+00:00,9935,304,1265,0.8,0,39.6,22.7,52.0,967.4
2025-07-26T14:54:56.313000+00:00,9935,322,1265,1.9,0,40.1,22.7,51.0,967.5
2025-07-26T14:55:56.339000+00:00,9935,324,1265,2.5,0,40.1,22.8,49.0,967.4
2025-07-26T14:56:56.366000+00:00,9935,317,1265,2.7,0,39.5,22.9,50.0,967.5
2025-07-26T14:57:56.367000+00:00,9935,353,1265,1.1,0,39.5,22.8,51.0,967.4
2025-07-26T14:58:56.364000+00:00,9935,341,1265,1.5,0,39.8,22.9,52.0,967.4
2025-07-26T14:59:56.365000+00:00,9935,256,1265,2.0,0,40.0,23.0,52.0,967.4
2025-07-26T15:00:56.536000+00:00,9935,3,1265,1.2,0,40.0,23.0,52.0,967.4
2025-07-26T15:01:56.343000+00:00,9935,208,1265,1.0,0,40.1,23.0,51.0,967.4
2025-07-26T15:02:56.353000+00:00,9935,347,1265,1.0,0,40.0,23.0,51.0,967.3
2025-07-26T15:03:56.695000+00:00,9935,342,1265,1.3,0,40.0,23.1,51.0,967.5
2025-08-01T14:46:23.086000+00:00,9922,296,1266,0.6,0,41.5,26.8,37.0,984.4
2025-08-01T14:47:23.083000+00:00,9922,198,1266,0.5,0,41.7,26.9,37.0,984.5
2025-08-01T14:48:23.077000+00:00,9922,235,1266,1.3,0,41.5,26.9,37.0,984.5
2025-08-01T14:49:23.093000+00:00,9922,32,1266,1.0,0,41.3,27.0,37.0,984.4
2025-08-01T14:50:23.090000+00:00,9922,148,1266,0.8,0,41.5,27.0,37.0,984.4
2025-08-01T14:51:23.079000+00:00,9922,239,1266,1.0,0,41.6,27.0,37.0,984.4
2025-08-01T14:52:23.092000+00:00,9922,151,1266,1.8,0,41.6,27.1,37.0,984.3
2025-08-01T14:53:23.084000+00:00,9922,148,1266,2.0,0,41.7,27.2,38.0,984.4
2025-08-01T14:54:23.079000+00:00,9922,110,1266,2.2,0,42.0,27.2,38.0,984.4
2025-08-01T14:55:23.096000+00:00,9922,169,1266,2.3,0,41.7,27.2,38.0,984.4
2025-08-01T14:56:23.088000+00:00,9922,151,1266,2.5,0,40.9,27.2,38.0,984.4
2025-08-01T14:57:23.086000+00:00,9922,218,1266,1.5,0,40.4,27.1,38.0,984.5
2025-08-01T14:58:23.092000+00:00,9922,218,1266,2.3,0,39.9,27.3,38.0,984.4
2025-08-01T14:59:23.093000+00:00,9922,206,1266,1.1,0,39.5,27.2,38.0,984.4
2025-08-01T15:00:23.090000+00:00,9922,199,1266,1.3,0,39.7,27.2,38.0,984.4
2025-08-01T15:01:23.094000+00:00,9922,211,1266,1.4,0,39.5,27.1,38.0,984.5
2025-08-01T15:02:23.100000+00:00,9922,201,1266,1.3,0,39.3,27.1,38.0,984.4
2025-08-01T15:03:23.097000+00:00,9922,225,1266,1.4,0,39.8,27.0,38.0,984.5
2025-08-01T15:04:23.103000+00:00,9922,99,1266,1.2,0,40.2,26.9,37.0,984.5
2025-08-01T15:05:23.100000+00:00,9922,142,1266,1.3,0,40.2,27.0,37.0,984.5
2025-08-01T15:06:23.105000+00:00,9922,206,1266,1.3,0,39.6,27.1,37.0,984.5
2025-08-01T15:07:23.091000+00:00,9922,213,1266,1.0,0,39.0,27.2,37.0,984.4
2025-08-01T15:08:23.097000+00:00,9922,124,1266,0.8,0,39.3,27.2,37.0,984.5
2025-08-01T15:09:23.097000+00:00,9922,185,1266,0.8,0,40.0,27.2,36.0,984.4
2025-08-01T15:10:23.097000+00:00,9922,181,1266,1.2,0,40.0,27.3,36.0,984.5
2025-08-01T15:11:23.109000+00:00,9922,0,1266,1.3,0,39.9,27.3,36.0,984.4
2025-08-01T15:12:23.098000+00:00,9922,56,1266,0.7,0,39.7,27.3,36.0,984.4
2025-08-01T15:13:23.109000+00:00,9922,149,1266,0.7,0,39.1,27.3,37.0,984.3
2025-08-01T15:14:23.106000+00:00,9922,99,1266,1.5,0,39.1,27.3,37.0,984.4
2025-08-01T15:15:23.104000+00:00,9922,128,1266,1.6,0,39.0,27.2,37.0,984.3
2025-08-01T15:16:23.112000+00:00,9922,151,1266,1.9,0,38.7,27.2,36.0,984.3
2025-08-01T15:17:23.112000+00:00,9922,144,1266,1.3,0,38.4,27.0,37.0,984.3
2025-08-01T15:18:23.107000+00:00,9922,172,1266,0.8,0,38.7,27.1,37.0,984.3
2025-08-01T15:19:23.109000+00:00,9922,159,1266,1.6,0,39.3,27.1,37.0,984.3
2025-08-01T15:20:23.098000+00:00,9922,172,1266,1.4,0,39.1,27.2,37.0,984.3
2025-08-01T15:21:23.102000+00:00,9922,341,1266,1.0,0,38.5,27.2,37.0,984.2
2025-08-01T15:22:23.113000+00:00,9922,146,1266,1.7,0,38.5,27.1,37.0,984.2
2025-08-01T15:23:23.106000+00:00,9922,287,1266,1.0,0,38.3,27.1,37.0,984.3
2025-08-01T15:24:23.112000+00:00,9922,269,1266,2.6,0,38.2,27.0,37.0,984.2
2025-08-01T15:25:23.102000+00:00,9922,284,1266,2.4,0,37.9,26.9,37.0,984.3
2025-08-01T15:26:23.100000+00:00,9922,293,1266,2.7,0,37.6,26.8,37.0,984.2
2025-08-01T15:27:23.113000+00:00,9922,299,1266,2.5,0,37.7,26.8,37.0,984.3
2025-08-01T15:28:23.112000+00:00,9922,311,1266,2.3,0,37.8,26.7,38.0,984.1
2025-08-01T15:29:23.107000+00:00,9922,292,1266,2.0,0,37.9,26.8,37.0,984.2
2025-08-01T15:30:23.114000+00:00,9922,274,1266,1.0,0,37.9,26.9,37.0,984.1
2025-08-01T15:31:23.137000+00:00,9922,203,1266,0.6,0,38.7,27.1,36.0,984.1
2025-08-01T15:32:23.134000+00:00,9922,161,1266,0.7,0,39.2,27.3,36.0,984.1
2025-08-01T15:33:23.151000+00:00,9922,112,1266,0.6,0,39.1,27.5,36.0,984.1
2025-08-01T15:34:23.143000+00:00,9922,0,1266,0.9,0,38.9,27.5,36.0,984.1
2025-08-01T15:35:23.145000+00:00,9922,192,1266,0.0,0,38.8,27.5,36.0,984.0
2025-08-01T15:36:23.152000+00:00,9922,176,1266,1.6,0,38.6,27.5,36.0,983.9
2025-08-01T15:37:23.140000+00:00,9922,128,1266,1.2,0,38.4,27.5,37.0,984.0
2025-08-01T15:38:23.173000+00:00,9922,199,1266,0.5,0,38.3,27.5,37.0,984.1
2025-08-01T15:39:23.157000+00:00,9922,163,1266,0.9,0,38.0,27.5,37.0,984.0
2025-08-01T15:40:23.160000+00:00,9922,138,1266,0.8,0,37.6,27.5,37.0,983.9
2025-08-01T15:41:23.176000+00:00,9922,166,1266,1.0,0,37.2,27.5,37.0,983.9
2025-08-01T15:42:23.161000+00:00,9922,144,1266,1.1,0,37.1,27.5,37.0,983.9
2025-08-01T15:43:23.174000+00:00,9922,132,1266,0.9,0,36.5,27.4,37.0,984.0
2025-08-01T15:44:23.211000+00:00,9922,149,1266,1.0,0,36.3,27.3,37.0,984.0
2025-08-01T15:45:23.221000+00:00,9922,160,1266,0.6,0,36.2,27.2,37.0,983.9
2025-08-01T15:46:23.223000+00:00,9922,0,1266,0.4,0,36.2,27.1,37.0,983.9
2025-08-01T15:47:23.220000+00:00,9922,74,1266,0.0,0,36.3,27.1,37.0,984.0
2025-08-01T15:48:23.224000+00:00,9922,105,1266,1.6,0,36.3,27.1,37.0,984.0
2025-08-01T15:49:23.215000+00:00,9922,63,1266,0.9,0,36.2,27.1,37.0,984.0
2025-08-01T15:50:23.221000+00:00,9922,0,1266,0.7,0,36.0,27.0,37.0,984.0
2025-08-01T15:51:23.243000+00:00,9922,138,1266,1.4,0,35.8,27.0,37.0,984.1
2025-08-01T15:52:23.241000+00:00,9922,123,1266,1.4,0,36.0,27.0,37.0,984.1
2025-08-01T15:53:23.250000+00:00,9922,99,1266,1.6,0,36.0,27.0,37.0,984.0
2025-08-01T15:54:23.247000+00:00,9922,68,1266,1.9,0,35.8,26.9,37.0,984.0
2025-08-01T15:55:23.282000+00:00,9922,110,1266,1.8,0,35.7,26.9,38.0,984.0
2025-08-01T15:56:23.263000+00:00,9922,86,1266,2.2,0,35.7,26.9,37.0,984.0
2025-08-01T15:57:23.261000+00:00,9922,74,1266,1.2,0,35.7,26.9,37.0,984.0
2025-08-01T15:58:23.260000+00:00,9922,85,1266,1.9,0,35.4,26.9,37.0,984.0
2025-08-01T15:59:23.261000+00:00,9922,84,1266,1.6,0,35.4,26.9,38.0,983.9
2025-08-01T16:00:23.258000+00:00,9922,88,1266,2.2,0,35.6,26.9,38.0,983.9
2025-08-01T16:01:23.265000+00:00,9922,112,1266,2.3,0,35.6,26.9,37.0,984.0
2025-08-01T16:02:23.266000+00:00,9922,135,1266,1.9,0,35.6,26.9,38.0,983.9
2025-08-01T16:03:23.275000+00:00,9922,117,1266,1.7,0,35.4,26.9,37.0,983.9
2025-08-01T16:04:23.299000+00:00,9922,125,1266,2.2,0,35.4,26.8,38.0,983.9
2025-08-01T16:05:23.307000+00:00,9922,118,1266,1.8,0,35.4,26.8,37.0,983.9
2025-08-01T16:06:23.309000+00:00,9922,114,1266,1.4,0,35.4,26.8,37.0,983.9
2025-07-06T13:08:00.335000+00:00,9947,174,1277,0.7,0,24.2,18.0,85.0,988.6
2025-07-06T13:09:00.287000+00:00,9947,111,1277,0.9,0,24.6,18.0,83.0,988.5
2025-07-06T13:10:00.295000+00:00,9947,61,1277,2.2,0,24.6,18.1,82.0,988.6
2025-07-06T13:11:00.297000+00:00,9947,71,1277,3.1,0,24.1,18.0,81.0,988.6
2025-07-06T13:12:00.295000+00:00,9947,28,1277,3.0,0,23.9,18.0,79.0,988.5
2025-07-06T13:13:00.297000+00:00,9947,23,1277,0.9,0,24.0,17.9,82.0,988.7
2025-07-06T13:14:00.281000+00:00,9947,248,1277,1.9,0,24.2,18.0,78.0,988.6
2025-07-06T13:15:00.296000+00:00,9947,25,1277,1.3,0,25.4,18.1,79.0,988.5
2025-07-06T13:16:00.297000+00:00,9947,310,1277,1.3,0,25.9,18.3,78.0,988.6
2025-07-06T13:17:00.291000+00:00,9947,344,1277,1.1,0,26.0,18.4,78.0,988.5
2025-07-06T13:18:00.291000+00:00,9947,210,1277,1.2,0,26.0,18.4,78.0,988.6
2025-07-06T13:19:00.298000+00:00,9947,78,1277,1.6,0,24.9,18.5,77.0,988.7
2025-07-06T13:20:00.296000+00:00,9947,63,1277,1.9,0,24.6,18.5,77.0,988.6
2025-07-06T13:21:00.299000+00:00,9947,316,1277,1.7,0,24.0,18.4,78.0,988.6
2025-07-06T13:22:00.301000+00:00,9947,82,1277,1.2,1,24.0,18.3,78.0,988.7
2025-07-06T13:23:00.300000+00:00,9947,352,1277,2.6,1,23.9,18.3,78.0,988.8
2025-07-06T13:24:00.350000+00:00,9947,319,1277,1.0,1,22.6,18.3,77.0,988.6
2025-07-06T13:25:00.306000+00:00,9947,0,1277,1.9,1,22.3,18.1,78.0,988.7
2025-07-06T13:26:00.301000+00:00,9947,6,1277,1.0,1,21.8,18.1,79.0,988.7
2025-07-06T13:27:00.298000+00:00,9947,296,1277,1.2,1,21.4,18.0,79.0,988.7
2025-07-06T13:28:00.302000+00:00,9947,18,1277,2.0,1,21.4,17.8,81.0,988.6
2025-07-06T13:29:00.321000+00:00,9947,13,1277,1.1,1,21.6,17.6,81.0,988.7
2025-07-06T13:30:00.333000+00:00,9947,15,1277,1.0,1,21.7,17.6,82.0,988.8
2025-07-06T13:31:00.344000+00:00,9947,62,1277,0.9,1,21.9,17.5,83.0,988.7
2025-07-06T13:32:00.365000+00:00,9947,94,1277,0.7,1,21.9,17.5,84.0,988.8
2025-07-06T13:33:00.372000+00:00,9947,284,1277,1.2,1,23.4,17.5,85.0,988.7
2025-07-06T13:34:00.360000+00:00,9947,69,1277,1.1,1,22.3,17.4,85.0,988.8
2025-07-06T13:35:00.368000+00:00,9947,89,1277,1.0,1,22.3,17.3,85.0,988.8
2025-07-06T13:36:00.366000+00:00,9947,52,1277,1.7,1,22.8,17.3,85.0,988.7
2025-07-06T13:37:00.374000+00:00,9947,42,1277,1.8,1,22.8,17.2,86.0,988.8
2025-07-06T13:38:00.376000+00:00,9947,72,1277,0.5,1,22.2,17.2,86.0,988.8
2025-07-06T13:39:00.410000+00:00,9947,287,1277,0.6,0,22.2,17.2,87.0,988.7
2025-07-06T13:40:00.419000+00:00,9947,52,1277,0.8,0,22.8,17.3,87.0,988.7
2025-07-06T13:41:00.449000+00:00,9947,301,1277,1.0,0,24.4,17.3,87.0,988.6
2025-07-06T13:42:00.426000+00:00,9947,154,1277,0.7,0,23.9,17.4,88.0,988.7
2025-07-06T13:43:00.432000+00:00,9947,334,1277,0.7,0,23.5,17.5,87.0,988.7
2025-07-06T13:44:00.437000+00:00,9947,318,1277,0.8,0,23.4,17.4,87.0,988.6
2025-07-06T13:45:00.438000+00:00,9947,266,1277,0.9,0,23.4,17.4,85.0,988.6
2025-07-06T13:46:00.432000+00:00,9947,350,1277,0.7,0,23.6,17.2,86.0,988.7
2025-07-06T13:47:00.446000+00:00,9947,81,1277,1.1,0,24.5,17.1,85.0,988.6
2025-07-06T13:48:00.442000+00:00,9947,70,1277,1.3,0,25.9,17.2,85.0,988.6
2025-07-06T13:49:00.462000+00:00,9947,102,1277,1.0,0,26.4,17.1,85.0,988.7
2025-07-06T13:50:00.433000+00:00,9947,9,1277,1.4,0,24.5,17.1,84.0,988.7
2025-07-06T13:51:00.440000+00:00,9947,313,1277,0.6,0,24.5,17.1,84.0,988.6
2025-07-06T13:52:00.446000+00:00,9947,238,1277,1.2,0,25.2,17.3,83.0,988.6
2025-07-06T13:53:00.449000+00:00,9947,213,1277,0.6,0,24.2,17.3,83.0,988.6
2025-07-06T13:54:00.447000+00:00,9947,261,1277,0.8,0,24.3,17.4,84.0,988.6
2025-07-06T13:55:00.440000+00:00,9947,301,1277,0.8,0,24.7,17.5,83.0,988.7
2025-07-06T13:56:00.438000+00:00,9947,148,1277,0.8,0,26.1,17.7,83.0,988.7
2025-07-06T13:57:00.450000+00:00,9947,7,1277,0.9,0,26.0,17.7,84.0,988.7
2025-07-06T13:58:00.445000+00:00,9947,167,1277,0.7,0,26.0,17.7,83.0,988.7
2025-07-06T13:59:00.448000+00:00,9947,272,1277,1.3,0,26.5,17.7,82.0,988.7
2025-07-06T14:00:00.447000+00:00,9947,205,1277,0.6,0,26.8,18.0,84.0,988.6
2025-07-06T14:01:00.453000+00:00,9947,285,1277,1.0,0,27.7,17.9,82.0,988.7
2025-07-06T14:02:00.450000+00:00,9947,89,1277,1.1,0,29.6,18.1,83.0,988.7
2025-07-06T14:03:00.456000+00:00,9947,93,1277,1.3,0,26.3,18.2,82.0,988.7
2025-07-06T14:04:00.459000+00:00,9947,0,1277,0.9,0,24.1,18.3,80.0,988.7
2025-07-06T14:05:00.469000+00:00,9947,260,1277,1.2,0,24.1,18.3,80.0,988.7
2025-07-06T14:06:00.477000+00:00,9947,8,1277,1.0,0,24.5,18.5,82.0,988.6
2025-07-06T14:07:00.489000+00:00,9947,289,1277,1.1,0,24.5,18.5,78.0,988.6
2025-07-06T14:08:00.492000+00:00,9947,66,1277,1.5,0,24.5,18.4,80.0,988.6
2025-07-06T14:09:00.493000+00:00,9947,121,1277,1.2,0,24.8,18.5,80.0,988.7
2025-07-06T14:10:00.511000+00:00,9947,332,1277,1.1,0,24.8,18.6,78.0,988.7
2025-07-06T14:11:00.498000+00:00,9947,0,1277,1.3,0,24.8,18.7,75.0,988.7
2025-07-06T14:12:00.523000+00:00,9947,313,1277,0.9,0,24.9,18.6,75.0,988.7
2025-07-06T14:13:00.546000+00:00,9947,156,1277,0.7,0,24.9,18.6,75.0,988.7
2025-07-06T14:14:00.544000+00:00,9947,93,1277,1.2,0,25.2,18.8,77.0,988.8
2025-07-06T14:15:00.548000+00:00,9947,274,1277,1.5,0,25.0,19.1,74.0,988.7
2025-07-06T14:16:00.558000+00:00,9947,82,1277,1.3,0,24.4,19.1,75.0,988.7
2025-07-06T14:17:00.557000+00:00,9947,16,1277,2.6,0,24.0,19.1,73.0,988.6
2025-07-06T14:18:00.560000+00:00,9947,186,1277,1.1,0,24.0,19.2,74.0,988.7
2025-07-06T14:19:00.556000+00:00,9947,40,1277,1.0,0,24.2,19.2,75.0,988.6
2025-07-06T14:20:00.556000+00:00,9947,238,1277,1.1,0,24.8,19.2,74.0,988.4
2025-07-06T14:21:00.569000+00:00,9947,71,1277,0.7,0,24.8,19.2,74.0,988.6
2025-07-06T14:22:00.591000+00:00,9947,29,1277,1.9,0,24.3,19.2,72.0,988.6
2025-07-06T14:23:00.549000+00:00,9947,275,1277,0.7,0,24.1,19.0,74.0,988.6
2025-07-06T14:24:00.571000+00:00,9947,292,1277,1.2,1,24.0,19.0,74.0,988.8
2025-07-06T14:25:00.558000+00:00,9947,105,1277,1.1,1,23.3,18.9,73.0,988.8
2025-07-06T14:26:00.581000+00:00,9947,70,1277,3.1,1,22.5,18.7,72.0,988.7
2025-07-06T14:27:00.600000+00:00,9947,69,1277,5.8,1,21.5,18.5,72.0,988.6
2025-07-06T14:28:00.604000+00:00,9947,67,1277,4.5,1,21.0,18.1,74.0,988.8
2025-07-06T14:29:00.601000+00:00,9947,65,1277,3.9,1,20.5,17.8,77.0,988.8
2025-07-06T14:30:00.601000+00:00,9947,71,1277,5.4,1,20.1,17.4,78.0,988.8
2025-07-06T14:31:00.602000+00:00,9947,75,1277,4.2,1,20.0,17.1,80.0,988.9
2025-07-06T14:32:00.599000+00:00,9947,89,1277,2.9,1,20.0,16.7,82.0,988.9
2025-07-06T14:33:00.613000+00:00,9947,63,1277,3.0,1,20.2,16.5,83.0,988.9
2025-07-06T14:34:00.609000+00:00,9947,71,1277,2.1,1,20.3,16.3,84.0,989.0
2025-07-06T14:35:00.616000+00:00,9947,67,1277,2.8,0,20.5,16.2,85.0,988.9
2025-07-06T14:36:00.627000+00:00,9947,73,1277,2.3,0,20.8,16.1,85.0,989.0
2025-07-06T14:37:00.633000+00:00,9947,51,1277,1.4,0,21.1,16.0,85.0,989.0
2025-07-06T14:38:00.653000+00:00,9947,74,1277,1.8,0,21.3,16.1,85.0,989.0
2025-07-06T14:39:00.649000+00:00,9947,72,1277,1.9,0,21.5,16.1,84.0,988.9
2025-07-06T14:40:00.657000+00:00,9947,60,1277,1.0,0,21.7,16.1,84.0,989.0
2025-07-06T14:41:00.653000+00:00,9947,67,1277,1.2,0,21.7,16.1,85.0,989.0
2025-07-06T14:42:00.650000+00:00,9947,66,1277,1.1,0,22.8,16.2,84.0,989.0
2025-07-06T14:43:00.678000+00:00,9947,44,1277,1.5,0,23.9,16.4,85.0,989.0
2025-07-06T14:44:00.648000+00:00,9947,326,1277,0.9,0,24.2,16.5,84.0,988.9
2025-07-06T14:45:00.654000+00:00,9947,110,1277,0.7,0,24.3,16.6,83.0,988.9
2025-07-06T14:46:00.654000+00:00,9947,80,1277,0.8,0,24.3,16.6,83.0,989.0
2025-07-06T14:47:00.671000+00:00,9947,55,1277,1.6,0,23.8,16.8,82.0,988.8
2025-07-06T14:48:00.691000+00:00,9947,79,1277,2.5,0,23.4,16.7,81.0,988.8
2025-07-06T14:49:00.701000+00:00,9947,56,1277,2.3,0,23.3,16.8,80.0,988.8
2025-07-06T14:50:00.719000+00:00,9947,62,1277,1.9,0,23.1,16.7,82.0,988.9
2025-07-06T14:51:00.726000+00:00,9947,62,1277,2.4,0,23.1,16.9,81.0,988.9
2025-07-06T14:52:00.737000+00:00,9947,68,1277,2.2,0,22.9,17.0,80.0,988.8
2025-07-06T14:53:00.748000+00:00,9947,57,1277,2.4,0,22.8,17.0,81.0,988.9
2025-07-06T14:54:00.755000+00:00,9947,58,1277,1.6,0,22.9,17.0,82.0,988.9
2025-07-06T14:55:00.737000+00:00,9947,65,1277,1.8,0,22.9,17.1,80.0,988.9
2025-07-06T14:56:00.743000+00:00,9947,0,1277,0.9,0,22.8,17.2,80.0,988.9
2025-07-06T14:57:00.753000+00:00,9947,64,1277,1.2,0,22.7,17.1,81.0,988.9
2025-07-06T14:58:00.744000+00:00,9947,115,1277,1.3,0,22.5,17.2,80.0,988.9
2025-07-06T14:59:00.745000+00:00,9947,222,1277,0.8,0,22.5,17.1,81.0,988.9
2025-07-06T15:00:00.738000+00:00,9947,53,1277,0.8,0,22.6,17.2,82.0,988.9
2025-07-06T15:01:00.736000+00:00,9947,325,1277,0.7,0,22.6,17.4,81.0,988.8
2025-07-06T15:02:00.739000+00:00,9947,263,1277,0.8,0,22.8,17.4,82.0,989.0
2025-07-06T15:03:00.744000+00:00,9947,330,1277,1.3,0,22.8,17.5,82.0,988.9
2025-07-06T15:04:00.740000+00:00,9947,22,1277,1.3,0,22.4,17.5,81.0,988.9
2025-07-06T15:05:00.743000+00:00,9947,262,1277,0.8,0,22.4,17.6,80.0,988.8
2025-07-06T15:06:00.740000+00:00,9947,346,1277,1.7,0,22.4,17.7,82.0,988.8
2025-07-06T15:07:00.809000+00:00,9947,230,1277,1.1,0,23.0,17.7,80.0,988.8
2025-07-06T15:08:00.757000+00:00,9947,72,1277,1.5,0,23.3,17.9,80.0,988.7
2025-07-06T15:09:00.808000+00:00,9947,101,1277,0.5,0,23.5,17.9,80.0,988.9
2025-07-06T15:10:00.791000+00:00,9947,217,1277,1.1,0,23.6,18.0,77.0,988.8
2025-07-06T15:11:00.796000+00:00,9947,127,1277,1.2,0,23.5,18.0,76.0,988.9
2025-07-06T15:12:00.818000+00:00,9947,144,1277,1.3,0,23.3,18.0,73.0,988.9
2025-07-06T15:13:00.818000+00:00,9947,248,1277,0.7,0,23.2,18.2,74.0,988.9
2025-07-06T15:14:01.038000+00:00,9947,87,1277,0.9,0,23.3,18.3,74.0,988.9
2025-07-06T15:15:00.837000+00:00,9947,68,1277,1.9,0,23.2,18.5,73.0,988.9
2025-07-06T15:16:00.845000+00:00,9947,275,1277,1.4,0,23.2,18.5,72.0,988.8
2025-07-06T15:17:00.846000+00:00,9947,101,1277,0.6,0,23.4,18.5,73.0,988.8
2025-07-06T15:18:00.855000+00:00,9947,59,1277,1.5,0,23.7,18.5,72.0,988.9
2025-07-06T15:19:00.853000+00:00,9947,80,1277,2.1,0,24.5,18.6,72.0,989.0
2025-07-06T15:20:00.850000+00:00,9947,123,1277,2.1,0,24.1,18.7,70.0,988.9
2025-07-06T15:21:00.882000+00:00,9947,44,1277,2.0,0,23.7,18.7,70.0,988.9
2025-07-06T15:22:00.884000+00:00,9947,47,1277,1.5,0,23.6,18.8,70.0,988.9
2025-07-06T15:23:00.888000+00:00,9947,307,1277,2.3,0,23.6,18.9,68.0,988.9
2025-07-06T15:24:00.879000+00:00,9947,0,1277,0.0,0,23.6,18.9,69.0,989.0
2025-07-06T15:25:00.895000+00:00,9947,296,1277,2.5,0,23.5,19.0,69.0,988.8
2025-07-06T15:26:00.882000+00:00,9947,54,1277,1.4,0,23.2,18.9,68.0,988.9
2025-07-06T15:27:00.903000+00:00,9947,59,1277,1.1,0,22.8,19.0,68.0,988.9
2025-07-06T15:28:00.896000+00:00,9947,40,1277,2.0,0,23.2,19.0,69.0,988.9
2025-07-06T15:29:00.888000+00:00,9947,50,1277,2.3,0,23.7,18.9,68.0,988.8
2025-07-06T15:30:00.886000+00:00,9947,269,1277,2.2,0,24.0,19.0,67.0,988.8
2025-07-06T15:31:00.885000+00:00,9947,320,1277,1.8,0,24.0,19.1,66.0,988.8
2025-07-06T15:32:00.881000+00:00,9947,271,1277,2.1,0,23.8,19.1,66.0,988.9
2025-07-06T15:33:00.894000+00:00,9947,51,1277,1.5,0,23.6,19.2,67.0,989.0
2025-07-06T15:34:00.890000+00:00,9947,302,1277,0.9,0,23.6,19.2,67.0,989.0
2025-07-06T15:35:00.897000+00:00,9947,25,1277,1.3,0,23.6,19.2,67.0,988.9
2025-07-06T15:36:00.898000+00:00,9947,245,1277,1.1,0,23.7,19.1,67.0,988.9
2025-07-06T15:37:00.903000+00:00,9947,92,1277,1.9,0,24.4,19.2,68.0,988.9
2025-07-06T15:38:00.887000+00:00,9947,95,1277,1.1,0,24.4,19.3,65.0,989.1
2025-07-06T15:39:00.899000+00:00,9947,230,1277,1.9,0,24.4,19.4,64.0,989.0
2025-07-06T15:40:00.890000+00:00,9947,287,1277,1.5,0,24.6,19.5,65.0,989.0
2025-07-06T15:41:00.890000+00:00,9947,48,1277,1.6,0,24.6,19.5,64.0,989.0
2025-07-06T15:42:00.907000+00:00,9947,99,1277,1.7,0,24.3,19.6,63.0,988.9
2025-08-01T11:16:22.256000+00:00,9921,201,1266,1.3,0,43.2,25.8,39.0,986.1
2025-08-01T11:17:22.259000+00:00,9921,219,1266,2.6,0,42.5,25.8,40.0,986.0
2025-08-01T11:18:22.276000+00:00,9921,234,1266,2.9,0,42.2,25.8,40.0,985.9
2025-08-01T11:19:22.282000+00:00,9921,176,1266,2.6,0,41.9,25.7,41.0,986.1
2025-08-01T11:20:22.283000+00:00,9921,0,1266,1.1,0,41.7,25.6,41.0,986.0
2025-08-01T11:21:22.292000+00:00,9921,282,1266,0.8,0,41.7,25.7,39.0,985.9
2025-08-01T11:22:22.290000+00:00,9921,272,1266,0.8,0,41.8,25.7,39.0,986.0
2025-08-01T11:23:22.313000+00:00,9921,211,1266,1.0,0,41.7,25.6,39.0,986.0
2025-08-01T11:24:22.314000+00:00,9921,141,1266,0.6,0,41.6,25.5,39.0,985.9
2025-08-01T11:25:22.320000+00:00,9921,160,1266,1.0,0,41.3,25.5,39.0,986.0
2025-08-01T11:26:22.303000+00:00,9921,201,1266,1.3,0,41.3,25.5,40.0,985.9
2025-08-01T11:27:22.312000+00:00,9921,152,1266,1.3,0,43.3,25.5,40.0,985.9
2025-08-01T11:28:22.309000+00:00,9921,174,1266,1.8,0,44.7,25.7,42.0,985.9
2025-08-01T11:29:22.316000+00:00,9921,202,1266,2.8,0,46.5,25.9,40.0,985.9
2025-08-01T11:30:22.314000+00:00,9921,148,1266,2.1,0,47.0,26.0,40.0,985.9
2025-08-01T11:31:22.317000+00:00,9921,175,1266,2.6,0,47.2,25.9,40.0,985.9
2025-08-01T11:32:22.326000+00:00,9921,180,1266,3.3,0,47.2,25.9,41.0,985.8
2025-08-01T11:33:22.312000+00:00,9921,233,1266,2.6,0,48.5,26.1,40.0,985.8
2025-08-01T11:34:22.309000+00:00,9921,168,1266,1.9,0,49.6,26.4,40.0,985.8
2025-08-01T11:35:22.321000+00:00,9921,273,1266,1.8,0,49.6,26.5,39.0,985.8
2025-08-01T11:36:22.319000+00:00,9921,156,1266,1.1,0,49.8,26.7,39.0,985.8
2025-08-01T11:37:22.319000+00:00,9921,81,1266,0.7,0,49.9,26.7,37.0,985.7
2025-08-01T11:38:22.319000+00:00,9921,209,1266,1.7,0,49.9,26.9,38.0,985.8
2025-08-01T11:39:22.323000+00:00,9921,181,1266,3.1,0,48.5,27.0,39.0,985.8
2025-08-01T11:40:22.321000+00:00,9921,219,1266,2.6,0,47.0,26.9,40.0,985.8
2025-08-01T11:41:22.320000+00:00,9921,167,1266,3.4,0,44.9,26.8,40.0,985.7
2025-08-01T11:42:22.311000+00:00,9921,198,1266,2.2,0,43.7,26.5,41.0,985.8
2025-08-01T11:43:22.321000+00:00,9921,118,1266,2.6,0,43.6,26.3,41.0,985.7
2025-08-01T11:44:22.321000+00:00,9921,174,1266,2.6,0,43.2,26.1,41.0,985.7
2025-08-01T11:45:22.302000+00:00,9921,211,1266,2.5,0,42.1,26.0,41.0,985.7
2025-08-01T11:46:22.318000+00:00,9921,311,1266,1.3,0,42.0,25.9,41.0,985.6
2025-08-01T11:47:22.323000+00:00,9921,81,1266,1.3,0,41.6,25.8,41.0,985.6
2025-08-01T11:48:22.316000+00:00,9921,190,1266,1.4,0,41.6,25.8,40.0,985.6
2025-08-01T11:49:22.316000+00:00,9921,202,1266,2.1,0,41.5,25.9,40.0,985.6
2025-08-01T11:50:22.323000+00:00,9921,143,1266,2.5,0,40.5,25.9,41.0,985.6
2025-08-01T11:51:22.324000+00:00,9921,187,1266,1.7,0,40.5,25.8,41.0,985.7
2025-08-01T11:52:22.333000+00:00,9921,200,1266,1.4,0,40.5,25.8,40.0,985.7
2025-08-01T11:53:22.324000+00:00,9921,235,1266,1.5,0,39.7,25.7,41.0,985.6
2025-08-01T11:54:22.333000+00:00,9921,167,1266,1.0,0,39.7,25.7,41.0,985.6
2025-08-01T11:55:22.327000+00:00,9921,177,1266,0.5,0,39.7,25.6,41.0,985.7
2025-08-01T11:56:22.349000+00:00,9921,271,1266,1.1,0,39.8,25.5,41.0,985.6
2025-08-01T11:57:22.356000+00:00,9921,202,1266,1.0,0,39.7,25.5,40.0,985.6
2025-08-01T11:58:22.382000+00:00,9921,159,1266,2.6,0,39.4,25.6,42.0,985.6
2025-08-01T11:59:22.420000+00:00,9921,306,1266,1.4,0,39.4,25.5,41.0,985.6
2025-08-01T12:00:22.376000+00:00,9921,157,1266,0.0,0,39.7,25.6,41.0,985.6
2025-08-01T12:01:22.389000+00:00,9921,202,1266,0.9,0,40.0,25.7,40.0,985.6
2025-08-01T12:02:22.412000+00:00,9921,192,1266,2.4,0,38.6,25.6,41.0,985.6
2025-08-01T12:03:22.417000+00:00,9921,202,1266,1.8,0,38.5,25.5,41.0,985.6
2025-08-01T12:04:22.429000+00:00,9921,261,1266,1.6,0,38.5,25.4,42.0,985.6
2025-08-01T12:05:22.429000+00:00,9921,121,1266,1.9,0,38.3,25.4,42.0,985.7
2025-08-01T12:06:22.431000+00:00,9921,199,1266,1.6,0,38.3,25.4,42.0,985.6
2025-08-01T12:07:22.429000+00:00,9921,161,1266,2.0,0,38.2,25.5,42.0,985.6
2025-08-01T12:08:22.435000+00:00,9921,149,1266,1.6,0,38.2,25.5,41.0,985.6
2025-08-01T12:09:22.430000+00:00,9921,163,1266,1.1,0,38.1,25.5,41.0,985.6
2025-08-01T12:10:22.442000+00:00,9921,141,1266,2.1,0,38.1,25.5,41.0,985.6
2025-08-01T12:11:22.465000+00:00,9921,127,1266,2.0,0,38.0,25.4,41.0,985.6
2025-08-01T12:12:22.458000+00:00,9921,175,1266,1.6,0,37.5,25.4,41.0,985.7
2025-08-01T12:13:22.465000+00:00,9921,150,1266,1.1,0,37.4,25.4,42.0,985.6
2025-08-01T12:14:22.483000+00:00,9921,187,1266,1.6,0,37.6,25.4,42.0,985.6
2025-08-01T12:15:22.502000+00:00,9921,133,1266,2.0,0,37.7,25.4,42.0,985.6
2025-08-01T12:16:22.565000+00:00,9921,175,1266,1.7,0,37.3,25.4,42.0,985.6
2025-08-01T12:17:22.547000+00:00,9921,183,1266,1.8,0,37.5,25.4,42.0,985.6
2025-08-01T12:18:22.531000+00:00,9921,152,1266,2.0,0,37.5,25.4,42.0,985.5
2025-08-01T12:19:22.530000+00:00,9921,189,1266,2.0,0,37.6,25.4,42.0,985.6
2025-08-01T12:20:22.550000+00:00,9921,158,1266,1.7,0,37.6,25.3,42.0,985.4
2025-08-01T12:21:22.569000+00:00,9921,139,1266,0.7,0,38.0,25.3,42.0,985.3
2025-08-01T12:22:22.585000+00:00,9921,167,1266,0.7,0,38.6,25.4,41.0,985.5
2025-08-01T12:23:22.589000+00:00,9921,170,1266,1.3,0,38.6,25.4,41.0,985.5
2025-08-01T12:24:22.589000+00:00,9921,130,1266,1.3,0,38.5,25.4,41.0,985.5
2025-08-01T12:25:22.605000+00:00,9921,135,1266,0.9,0,38.9,25.5,40.0,985.5
2025-08-01T12:26:22.602000+00:00,9921,225,1266,1.6,0,39.7,25.6,40.0,985.4
2025-08-01T12:27:22.606000+00:00,9921,123,1266,1.0,0,40.5,25.8,41.0,985.5
2025-08-01T12:28:22.608000+00:00,9921,141,1266,2.5,0,40.5,26.0,41.0,985.4
2025-08-01T12:29:22.606000+00:00,9921,124,1266,2.0,0,39.4,26.0,41.0,985.4
2025-08-01T12:30:22.606000+00:00,9921,105,1266,1.3,0,39.1,26.0,41.0,985.5
2025-08-01T12:31:22.610000+00:00,9921,110,1266,1.2,0,38.9,26.0,41.0,985.4
2025-08-01T12:32:22.618000+00:00,9921,139,1266,1.5,0,38.7,26.0,41.0,985.4
2025-08-01T12:33:22.623000+00:00,9921,36,1266,1.7,0,38.6,26.0,41.0,985.4
2025-08-01T12:34:22.613000+00:00,9921,47,1266,0.6,0,38.3,26.0,41.0,985.3
2025-08-01T12:35:22.604000+00:00,9921,284,1266,0.7,0,37.9,25.9,41.0,985.3
2025-08-01T12:36:22.618000+00:00,9921,88,1266,0.9,0,37.9,25.8,41.0,985.3
2025-08-01T11:16:22.256000+00:00,9921,201,1266,1.3,0,43.2,25.8,39.0,986.1
2025-08-01T11:17:22.259000+00:00,9921,219,1266,2.6,0,42.5,25.8,40.0,986.0
2025-08-01T11:18:22.276000+00:00,9921,234,1266,2.9,0,42.2,25.8,40.0,985.9
2025-08-01T11:19:22.282000+00:00,9921,176,1266,2.6,0,41.9,25.7,41.0,986.1
2025-08-01T11:20:22.283000+00:00,9921,0,1266,1.1,0,41.7,25.6,41.0,986.0
2025-08-01T11:21:22.292000+00:00,9921,282,1266,0.8,0,41.7,25.7,39.0,985.9
2025-08-01T11:22:22.290000+00:00,9921,272,1266,0.8,0,41.8,25.7,39.0,986.0
2025-08-01T11:23:22.313000+00:00,9921,211,1266,1.0,0,41.7,25.6,39.0,986.0
2025-08-01T11:24:22.314000+00:00,9921,141,1266,0.6,0,41.6,25.5,39.0,985.9
2025-08-01T11:25:22.320000+00:00,9921,160,1266,1.0,0,41.3,25.5,39.0,986.0
2025-08-01T11:26:22.303000+00:00,9921,201,1266,1.3,0,41.3,25.5,40.0,985.9
2025-08-01T11:27:22.312000+00:00,9921,152,1266,1.3,0,43.3,25.5,40.0,985.9
2025-08-01T11:28:22.309000+00:00,9921,174,1266,1.8,0,44.7,25.7,42.0,985.9
2025-08-01T11:29:22.316000+00:00,9921,202,1266,2.8,0,46.5,25.9,40.0,985.9
2025-08-01T11:30:22.314000+00:00,9921,148,1266,2.1,0,47.0,26.0,40.0,985.9
2025-08-01T11:31:22.317000+00:00,9921,175,1266,2.6,0,47.2,25.9,40.0,985.9
2025-08-01T11:32:22.326000+00:00,9921,180,1266,3.3,0,47.2,25.9,41.0,985.8
2025-08-01T11:33:22.312000+00:00,9921,233,1266,2.6,0,48.5,26.1,40.0,985.8
2025-08-01T11:34:22.309000+00:00,9921,168,1266,1.9,0,49.6,26.4,40.0,985.8
2025-08-01T11:35:22.321000+00:00,9921,273,1266,1.8,0,49.6,26.5,39.0,985.8
2025-08-01T11:36:22.319000+00:00,9921,156,1266,1.1,0,49.8,26.7,39.0,985.8
2025-08-01T11:37:22.319000+00:00,9921,81,1266,0.7,0,49.9,26.7,37.0,985.7
2025-08-01T11:38:22.319000+00:00,9921,209,1266,1.7,0,49.9,26.9,38.0,985.8
2025-08-01T11:39:22.323000+00:00,9921,181,1266,3.1,0,48.5,27.0,39.0,985.8
2025-08-01T11:40:22.321000+00:00,9921,219,1266,2.6,0,47.0,26.9,40.0,985.8
2025-08-01T11:41:22.320000+00:00,9921,167,1266,3.4,0,44.9,26.8,40.0,985.7
2025-08-01T11:42:22.311000+00:00,9921,198,1266,2.2,0,43.7,26.5,41.0,985.8
2025-08-01T11:43:22.321000+00:00,9921,118,1266,2.6,0,43.6,26.3,41.0,985.7
2025-07-27T12:06:04.141000+00:00,9939,328,1265,1.8,0,26.7,18.8,81.0,965.0
2025-07-27T12:07:04.141000+00:00,9939,301,1265,1.6,0,26.5,18.9,82.0,965.0
2025-07-27T12:08:04.121000+00:00,9939,320,1265,1.3,0,26.1,19.0,80.0,965.1
2025-07-27T12:09:04.151000+00:00,9939,338,1265,1.2,0,25.9,18.9,81.0,965.0
2025-07-27T12:10:04.139000+00:00,9939,316,1265,1.7,0,25.9,18.6,81.0,965.1
2025-07-27T12:11:04.155000+00:00,9939,296,1265,1.3,0,25.6,18.5,79.0,965.1
2025-07-27T12:12:04.155000+00:00,9939,347,1265,1.1,0,25.3,18.4,82.0,965.1
2025-07-27T12:13:04.169000+00:00,9939,298,1265,1.2,1,25.2,18.4,82.0,965.0
2025-07-27T12:14:04.192000+00:00,9939,295,1265,1.1,1,25.3,18.3,83.0,965.0
2025-07-27T12:15:04.161000+00:00,9939,260,1265,1.5,1,25.6,18.3,80.0,965.0
2025-07-27T12:16:04.179000+00:00,9939,0,1265,0.6,0,26.2,18.2,82.0,965.0
2025-07-27T12:17:04.182000+00:00,9939,330,1265,1.0,0,26.3,18.2,83.0,965.0
2025-07-27T12:18:04.198000+00:00,9939,275,1265,2.0,0,26.8,18.3,82.0,965.0
2025-07-27T12:19:04.312000+00:00,9939,355,1265,1.1,0,27.3,18.3,79.0,965.1
2025-07-27T12:20:04.213000+00:00,9939,338,1265,1.7,0,27.6,18.4,77.0,965.1
2025-07-27T12:21:04.226000+00:00,9939,315,1265,1.4,1,27.3,18.5,76.0,965.0
2025-07-27T12:22:04.241000+00:00,9939,356,1265,1.6,1,26.8,18.5,78.0,965.0
2025-07-27T12:23:04.230000+00:00,9939,332,1265,1.2,1,26.3,18.6,78.0,965.1
2025-07-27T12:24:04.217000+00:00,9939,332,1265,1.4,1,26.2,18.7,76.0,964.9
2025-07-27T12:25:04.215000+00:00,9939,334,1265,1.2,1,25.8,18.8,78.0,964.9
2025-07-27T12:26:04.240000+00:00,9939,276,1265,0.7,1,25.7,18.8,80.0,964.9
2025-07-27T12:27:04.240000+00:00,9939,358,1265,1.5,1,25.4,18.9,78.0,965.0
2025-07-27T12:28:04.266000+00:00,9939,0,1265,1.7,1,25.1,18.8,79.0,964.9
2025-07-27T12:29:04.280000+00:00,9939,10,1265,1.0,1,25.0,18.8,80.0,965.1
2025-07-27T12:30:04.263000+00:00,9939,2,1265,1.7,1,24.9,18.7,79.0,965.0
2025-07-27T12:31:04.295000+00:00,9939,331,1265,1.7,1,24.1,18.6,80.0,965.0
2025-07-27T12:32:04.291000+00:00,9939,330,1265,2.0,1,24.0,18.5,81.0,965.1
2025-07-27T12:33:04.307000+00:00,9939,311,1265,0.9,1,23.5,18.3,84.0,965.0
2025-07-27T12:34:04.314000+00:00,9939,109,1265,1.3,1,23.3,18.1,82.0,965.1
2025-07-27T12:35:04.321000+00:00,9939,175,1265,1.1,1,22.6,17.9,84.0,965.1
2025-07-27T12:36:04.316000+00:00,9939,341,1265,0.9,1,22.7,17.7,86.0,965.1
2025-07-27T12:37:04.516000+00:00,9939,333,1265,1.1,1,22.7,17.5,86.0,965.0
2025-07-27T12:38:04.540000+00:00,9939,246,1265,0.6,1,22.7,17.4,86.0,965.0
2025-07-27T12:39:04.540000+00:00,9939,14,1265,1.0,1,22.4,17.3,87.0,965.1
2025-07-27T12:40:04.540000+00:00,9939,340,1265,0.4,1,22.6,17.2,89.0,965.0
2025-07-27T12:41:04.522000+00:00,9939,0,1265,1.2,1,22.7,17.2,88.0,965.1
2025-07-27T12:42:04.560000+00:00,9939,323,1265,0.4,1,22.8,17.1,90.0,965.0
2025-07-27T12:43:04.540000+00:00,9939,346,1265,1.3,1,23.2,17.1,90.0,965.0
2025-07-27T12:44:04.555000+00:00,9939,334,1265,2.2,1,23.3,17.0,88.0,965.0
2025-07-27T12:45:04.578000+00:00,9939,305,1265,1.4,1,23.1,17.1,89.0,965.0
2025-07-27T12:46:04.580000+00:00,9939,302,1265,2.3,1,23.1,17.1,88.0,965.0
2025-07-27T12:47:04.601000+00:00,9939,343,1265,1.8,1,23.1,17.0,88.0,965.1
2025-07-27T12:48:04.617000+00:00,9939,345,1265,1.7,1,23.1,17.1,88.0,965.0
2025-07-27T12:49:04.640000+00:00,9939,296,1265,1.1,1,23.4,17.1,88.0,965.1
2025-07-27T12:50:04.672000+00:00,9939,297,1265,0.9,1,23.4,17.0,90.0,965.0
2025-07-27T12:51:04.679000+00:00,9939,310,1265,0.5,1,23.6,17.0,89.0,965.0
2025-07-27T12:52:04.678000+00:00,9939,285,1265,0.8,1,23.7,17.1,89.0,965.0
2025-07-27T12:53:04.657000+00:00,9939,311,1265,2.4,1,23.7,17.1,89.0,965.1
2025-07-27T12:54:04.667000+00:00,9939,319,1265,1.8,1,23.7,17.1,88.0,965.0
2025-07-27T12:55:04.680000+00:00,9939,324,1265,1.4,1,23.6,17.0,89.0,965.1
2025-07-27T12:56:04.697000+00:00,9939,347,1265,0.9,1,23.8,17.1,90.0,965.1
2025-07-27T12:57:04.695000+00:00,9939,352,1265,1.8,1,23.8,17.1,88.0,965.0
2025-07-27T12:58:04.697000+00:00,9939,313,1265,1.1,1,23.8,17.1,88.0,964.9
2025-07-27T12:59:04.709000+00:00,9939,290,1265,1.3,1,23.8,17.0,90.0,965.0
2025-07-27T13:00:04.708000+00:00,9939,291,1265,1.8,1,23.8,17.0,88.0,965.1
2025-07-27T13:01:04.707000+00:00,9939,297,1265,1.6,1,23.8,17.0,90.0,965.0
2025-07-27T13:02:04.706000+00:00,9939,343,1265,1.3,1,24.0,17.0,89.0,964.9
2025-07-27T13:03:04.709000+00:00,9939,350,1265,1.3,1,24.0,17.0,89.0,965.0
2025-07-27T13:04:04.698000+00:00,9939,347,1265,1.6,1,24.1,17.1,89.0,965.1
2025-07-27T13:05:04.691000+00:00,9939,302,1265,1.7,1,24.1,17.2,88.0,965.0
2025-07-27T13:06:04.717000+00:00,9939,344,1265,2.1,1,23.9,17.1,88.0,965.0
2025-07-27T13:07:04.719000+00:00,9939,308,1265,1.5,1,24.0,17.1,89.0,965.0
2025-07-27T13:08:04.708000+00:00,9939,280,1265,1.4,1,24.0,17.1,88.0,965.0
2025-07-27T13:09:04.710000+00:00,9939,0,1265,1.5,0,24.0,17.1,88.0,965.0
2025-07-27T13:10:04.715000+00:00,9939,337,1265,0.7,1,24.5,17.2,90.0,965.1
2025-07-27T13:11:04.760000+00:00,9939,278,1265,0.6,1,24.5,17.3,90.0,965.1
2025-07-27T13:12:04.725000+00:00,9939,330,1265,1.1,0,24.4,17.2,88.0,965.1
2025-07-27T13:13:04.740000+00:00,9939,334,1265,0.9,0,24.3,17.2,88.0,965.1
2025-07-27T13:14:04.776000+00:00,9939,339,1265,1.1,0,24.3,17.3,89.0,965.0
2025-07-27T13:15:04.767000+00:00,9939,323,1265,1.1,0,24.1,17.3,88.0,965.1
2025-07-27T13:16:04.768000+00:00,9939,319,1265,1.4,1,23.7,17.4,89.0,965.1
2025-07-27T13:17:04.750000+00:00,9939,342,1265,1.7,1,23.5,17.4,89.0,965.2
2025-07-27T13:18:04.750000+00:00,9939,354,1265,3.2,1,22.6,17.3,86.0,965.3
2025-07-27T13:19:04.765000+00:00,9939,314,1265,2.5,1,22.5,17.2,87.0,965.3
2025-07-27T13:20:04.775000+00:00,9939,320,1265,3.0,1,21.6,17.0,84.0,965.3
2025-07-27T13:21:04.774000+00:00,9939,321,1265,2.2,1,21.3,16.8,87.0,965.3
2025-07-27T13:22:04.790000+00:00,9939,320,1265,2.8,1,21.3,16.7,87.0,965.3
2025-07-27T13:23:04.805000+00:00,9939,334,1265,1.7,1,21.2,16.5,88.0,965.3
2025-07-27T13:24:04.810000+00:00,9939,340,1265,2.0,1,21.1,16.2,88.0,965.3
2025-07-27T13:25:04.826000+00:00,9939,338,1265,0.9,1,20.9,16.0,87.0,965.4
2025-07-27T13:26:04.823000+00:00,9939,337,1265,1.8,1,20.8,15.7,88.0,965.4
2025-07-27T13:27:04.855000+00:00,9939,339,1265,2.2,1,20.7,15.6,87.0,965.4
2025-07-27T13:28:04.847000+00:00,9939,305,1265,2.1,1,20.7,15.4,87.0,965.4
2025-07-27T13:29:04.842000+00:00,9939,312,1265,1.6,1,20.7,15.2,90.0,965.3
2025-07-27T13:30:04.837000+00:00,9939,287,1265,1.8,1,20.8,15.1,88.0,965.4
2025-07-27T13:31:04.853000+00:00,9939,292,1265,2.1,1,20.8,14.9,89.0,965.4
2025-07-27T13:32:04.863000+00:00,9939,320,1265,2.0,1,20.7,14.8,90.0,965.2
2025-07-27T13:33:04.855000+00:00,9939,298,1265,1.4,1,20.7,14.8,90.0,965.3
2025-07-27T13:34:04.863000+00:00,9939,324,1265,1.6,1,20.8,14.8,90.0,965.2
2025-07-27T13:35:04.862000+00:00,9939,332,1265,1.1,1,20.9,14.7,91.0,965.2
2025-07-27T13:36:04.858000+00:00,9939,284,1265,1.7,1,20.9,14.7,91.0,965.1
2025-07-27T13:37:04.859000+00:00,9939,272,1265,0.9,1,20.9,14.7,89.0,965.1
2025-07-27T13:38:04.866000+00:00,9939,238,1265,1.3,1,20.9,14.6,90.0,965.1
2025-07-27T13:39:04.857000+00:00,9939,267,1265,0.7,1,21.1,14.6,90.0,965.0
2025-07-27T13:40:04.843000+00:00,9939,266,1265,0.7,1,21.1,14.5,89.0,965.0
2025-07-27T13:41:04.859000+00:00,9939,302,1265,0.8,1,21.1,14.5,90.0,965.0
2025-07-27T13:42:04.873000+00:00,9939,309,1265,1.0,1,21.1,14.6,90.0,965.0
2025-07-27T13:43:04.842000+00:00,9939,290,1265,0.5,1,21.0,14.5,90.0,965.0
2025-07-27T13:44:04.868000+00:00,9939,351,1265,1.1,1,21.1,14.6,91.0,964.9
2025-07-27T13:45:04.870000+00:00,9939,305,1265,0.9,1,21.2,14.5,90.0,964.9
2025-07-27T13:46:04.865000+00:00,9939,307,1265,0.7,1,21.2,14.6,91.0,964.8
2025-07-27T13:47:04.875000+00:00,9939,356,1265,0.9,1,21.2,14.6,91.0,964.7
2025-07-27T13:48:04.869000+00:00,9939,313,1265,0.7,1,21.2,14.6,91.0,964.7
2025-07-27T13:49:04.865000+00:00,9939,290,1265,0.9,1,21.2,14.6,90.0,964.7
2025-07-27T13:50:04.885000+00:00,9939,310,1265,1.1,1,21.4,14.6,91.0,964.7
2025-07-27T13:51:04.885000+00:00,9939,285,1265,1.3,1,21.4,14.6,91.0,964.7
2025-07-27T13:52:04.909000+00:00,9939,317,1265,1.2,1,21.5,14.6,90.0,964.7
2025-07-27T13:53:04.910000+00:00,9939,273,1265,1.1,1,21.7,14.6,91.0,964.6
2025-07-27T13:54:04.912000+00:00,9939,0,1265,1.2,1,22.1,14.6,91.0,964.7
2025-07-27T13:55:04.921000+00:00,9939,317,1265,0.8,1,22.3,14.8,93.0,964.8
2025-07-27T13:56:04.923000+00:00,9939,281,1265,1.1,1,22.9,14.9,93.0,964.7
2025-07-27T13:57:04.927000+00:00,9939,330,1265,1.4,1,23.1,15.0,90.0,964.7
2025-07-27T13:58:04.906000+00:00,9939,315,1265,1.8,1,23.1,15.2,91.0,964.7
2025-07-27T13:59:04.928000+00:00,9939,287,1265,1.5,1,23.2,15.3,91.0,964.7
2025-07-27T14:00:04.928000+00:00,9939,306,1265,1.5,1,23.2,15.3,91.0,964.7
2025-07-27T14:01:04.959000+00:00,9939,303,1265,2.0,0,24.3,15.5,90.0,964.6
2025-07-27T14:02:04.975000+00:00,9939,302,1265,0.7,0,25.0,15.6,93.0,964.7
2025-07-27T14:03:04.976000+00:00,9939,321,1265,0.8,1,25.2,15.6,92.0,964.7
2025-07-27T14:04:04.992000+00:00,9939,330,1265,1.5,1,25.4,15.8,90.0,964.7
2025-07-27T14:05:05.005000+00:00,9939,318,1265,1.2,0,25.5,15.9,89.0,964.7
2025-07-27T14:06:05.005000+00:00,9939,282,1265,1.6,0,25.9,16.0,89.0,964.7
2025-07-27T14:07:05.011000+00:00,9939,311,1265,1.8,0,26.0,16.1,87.0,964.7
2025-07-27T14:08:05.007000+00:00,9939,313,1265,2.0,0,26.2,16.2,90.0,964.7
2025-07-27T14:09:05.007000+00:00,9939,328,1265,1.5,0,26.3,16.4,86.0,964.7
2025-07-27T14:10:05.022000+00:00,9939,325,1265,1.3,1,26.3,16.4,86.0,964.8
2025-07-27T14:11:05.020000+00:00,9939,287,1265,0.6,1,26.3,16.5,87.0,964.7
2025-07-27T14:12:05.038000+00:00,9939,347,1265,1.8,0,26.3,16.7,83.0,964.8
2025-07-27T14:13:05.046000+00:00,9939,356,1265,1.9,0,26.6,16.8,86.0,964.8
2025-07-27T14:14:05.067000+00:00,9939,333,1265,1.6,0,26.8,16.9,85.0,964.8
2025-07-27T14:15:05.067000+00:00,9939,337,1265,1.5,0,26.6,17.0,85.0,964.8
2025-07-27T14:16:05.057000+00:00,9939,331,1265,1.1,0,26.4,17.1,85.0,964.8
2025-07-27T14:17:05.089000+00:00,9939,354,1265,1.5,0,26.4,17.3,85.0,964.7
2025-07-27T14:18:05.089000+00:00,9939,347,1265,1.5,0,26.3,17.4,84.0,964.7
2025-07-27T14:19:05.079000+00:00,9939,305,1265,1.4,0,26.2,17.4,82.0,964.8
2025-07-27T14:20:05.096000+00:00,9939,322,1265,1.6,0,26.1,17.5,84.0,964.8
2025-07-27T14:21:05.122000+00:00,9939,326,1265,1.4,0,26.1,17.6,84.0,964.9
2025-07-27T14:22:05.116000+00:00,9939,333,1265,1.5,0,25.9,17.7,85.0,964.7
2025-07-27T14:23:05.119000+00:00,9939,285,1265,1.5,0,25.1,17.6,82.0,964.8
2025-07-27T14:24:05.125000+00:00,9939,333,1265,1.5,0,24.8,17.7,84.0,964.8
2025-07-27T14:25:05.144000+00:00,9939,318,1265,1.2,0,24.8,17.7,84.0,964.8
2025-07-27T14:26:05.112000+00:00,9939,339,1265,1.5,0,24.9,17.6,84.0,964.9
2025-07-27T14:27:05.120000+00:00,9939,315,1265,1.8,0,25.0,17.6,84.0,964.9
2025-07-27T14:28:05.126000+00:00,9939,300,1265,1.9,0,24.8,17.6,84.0,964.9
2025-07-27T14:29:05.130000+00:00,9939,331,1265,1.2,0,24.4,17.4,83.0,964.9
2025-07-27T14:30:05.155000+00:00,9939,330,1265,1.8,0,24.5,17.3,85.0,965.0
2025-07-27T14:31:05.151000+00:00,9939,304,1265,1.6,0,24.9,17.3,83.0,965.0
2025-07-27T14:32:05.156000+00:00,9939,332,1265,1.1,0,24.9,17.4,85.0,964.9
2025-07-27T14:33:05.156000+00:00,9939,2,1265,1.1,0,25.5,17.4,84.0,964.9
2025-07-27T14:34:05.134000+00:00,9939,335,1265,0.9,0,25.6,17.4,82.0,965.0
2025-07-27T14:35:05.148000+00:00,9939,307,1265,1.1,0,25.7,17.4,82.0,965.0
2025-07-27T14:36:05.159000+00:00,9939,305,1265,1.7,0,25.8,17.4,83.0,965.0
2025-07-27T14:37:05.164000+00:00,9939,317,1265,2.6,0,25.9,17.5,83.0,965.0
2025-07-27T14:38:05.175000+00:00,9939,313,1265,2.7,0,25.5,17.5,80.0,965.0
2025-07-27T14:39:05.196000+00:00,9939,297,1265,1.9,0,25.5,17.5,81.0,965.1
2025-07-27T14:40:05.185000+00:00,9939,275,1265,2.0,0,25.5,17.5,81.0,965.1
2025-07-27T14:41:05.195000+00:00,9939,357,1265,2.3,0,25.9,17.6,83.0,965.2
2025-07-27T14:42:05.185000+00:00,9939,339,1265,1.5,0,25.9,17.5,79.0,965.1
2025-07-27T14:43:05.196000+00:00,9939,327,1265,1.8,0,25.9,17.5,83.0,965.1
2025-07-27T14:44:05.191000+00:00,9939,355,1265,1.9,0,25.9,17.5,82.0,965.1
2025-07-27T14:45:05.213000+00:00,9939,355,1265,1.9,0,25.9,17.5,82.0,965.1
2025-07-27T14:46:05.216000+00:00,9939,318,1265,2.2,0,25.4,17.6,81.0,965.2
2025-07-27T14:47:05.215000+00:00,9939,0,1265,1.8,0,25.3,17.6,80.0,965.2
2025-07-27T14:48:05.220000+00:00,9939,318,1265,1.1,0,25.1,17.6,81.0,965.2
2025-07-27T14:49:05.220000+00:00,9939,344,1265,2.5,0,25.1,17.5,79.0,965.2
2025-07-27T14:50:05.230000+00:00,9939,332,1265,1.5,0,25.8,17.5,81.0,965.3
2025-07-27T14:51:05.231000+00:00,9939,306,1265,1.2,0,26.0,17.5,83.0,965.2
2025-07-27T14:52:05.252000+00:00,9939,31,1265,0.7,0,26.0,17.4,82.0,965.3
2025-07-27T14:53:05.262000+00:00,9939,342,1265,1.9,0,25.8,17.5,80.0,965.2
2025-07-27T14:54:05.244000+00:00,9939,327,1265,1.9,0,25.8,17.5,79.0,965.2
2025-07-27T14:55:05.279000+00:00,9939,336,1265,1.5,0,26.1,17.5,80.0,965.1
2025-07-27T14:56:05.280000+00:00,9939,338,1265,2.5,0,26.3,17.6,80.0,965.1
2025-07-27T14:57:05.301000+00:00,9939,316,1265,1.6,0,26.1,17.6,79.0,965.2
2025-07-27T14:58:05.299000+00:00,9939,312,1265,1.4,0,26.1,17.8,81.0,965.2
2025-07-27T14:59:05.290000+00:00,9939,303,1265,1.6,0,26.2,17.8,81.0,965.3
2025-07-27T15:00:05.301000+00:00,9939,342,1265,1.4,0,26.2,17.9,79.0,965.2
2025-07-27T15:01:05.311000+00:00,9939,295,1265,2.2,0,26.2,17.9,79.0,965.2
2025-07-27T15:02:05.360000+00:00,9939,353,1265,1.1,0,26.3,17.9,79.0,965.2
2025-07-27T15:03:05.340000+00:00,9939,334,1265,2.5,0,26.4,17.8,78.0,965.2
2025-07-27T15:04:05.345000+00:00,9939,256,1265,2.0,0,26.3,17.9,79.0,965.3
2025-07-27T15:05:05.355000+00:00,9939,202,1265,0.7,0,25.8,17.9,79.0,965.3
2025-07-27T15:06:05.355000+00:00,9939,24,1265,1.5,0,25.8,17.9,81.0,965.2
2025-07-27T15:07:05.368000+00:00,9939,188,1265,1.2,0,26.0,18.0,80.0,965.3
2025-07-27T15:08:05.359000+00:00,9939,354,1265,1.2,0,25.8,18.1,79.0,965.3
2025-07-27T15:09:05.391000+00:00,9939,308,1265,1.4,0,25.0,18.0,78.0,965.3
2025-07-27T15:10:05.390000+00:00,9939,327,1265,1.6,0,24.7,18.0,78.0,965.3
2025-07-27T15:11:05.392000+00:00,9939,265,1265,2.2,0,24.5,17.8,78.0,965.3
2025-07-27T15:12:05.399000+00:00,9939,347,1265,1.3,0,24.5,17.7,79.0,965.3
2025-07-27T15:13:05.399000+00:00,9939,331,1265,1.9,0,24.3,17.5,79.0,965.2
2025-07-27T15:14:05.404000+00:00,9939,341,1265,1.6,0,24.2,17.5,80.0,965.2
2025-07-27T15:15:05.410000+00:00,9939,319,1265,1.8,0,24.2,17.5,80.0,965.3
2025-07-27T15:16:05.423000+00:00,9939,333,1265,1.2,0,24.1,17.5,80.0,965.2
2025-07-27T15:17:05.436000+00:00,9939,244,1265,1.4,0,24.1,17.5,81.0,965.2
2025-07-27T15:18:05.442000+00:00,9939,230,1265,0.8,0,24.2,17.5,81.0,965.2
2025-07-27T15:19:05.440000+00:00,9939,6,1265,0.6,0,24.7,17.5,81.0,965.2
2025-07-27T15:20:05.436000+00:00,9939,328,1265,1.2,0,24.8,17.5,80.0,965.2
2025-07-27T15:21:05.421000+00:00,9939,345,1265,1.6,0,24.8,17.6,79.0,965.2
2025-07-27T15:22:05.446000+00:00,9939,238,1265,1.1,0,24.7,17.5,78.0,965.1
2025-07-27T15:23:05.425000+00:00,9939,263,1265,1.2,0,24.0,17.5,79.0,965.2
2025-07-27T15:24:05.450000+00:00,9939,291,1265,1.8,0,24.0,17.5,79.0,965.2
2025-07-27T15:25:05.443000+00:00,9939,349,1265,1.4,0,23.8,17.5,78.0,965.2
2025-07-27T15:26:05.431000+00:00,9939,338,1265,1.7,0,23.8,17.5,79.0,965.2
2025-07-27T15:27:05.433000+00:00,9939,286,1265,1.8,0,23.7,17.5,78.0,965.2
2025-07-27T15:28:05.433000+00:00,9939,345,1265,1.6,0,23.5,17.5,78.0,965.2
2025-07-27T15:29:05.448000+00:00,9939,336,1265,1.6,0,23.5,17.5,80.0,965.1
2025-07-27T15:30:05.443000+00:00,9939,357,1265,1.1,0,23.6,17.4,80.0,965.1
2025-07-27T15:31:05.452000+00:00,9939,356,1265,1.3,0,23.6,17.4,81.0,965.2
2025-07-27T15:32:05.444000+00:00,9939,313,1265,2.0,0,23.1,17.3,78.0,965.2
2025-07-27T15:33:05.456000+00:00,9939,342,1265,1.3,0,23.1,17.2,80.0,965.1
2025-07-27T15:34:05.453000+00:00,9939,276,1265,1.5,0,23.0,17.1,81.0,965.2
2025-07-27T15:35:05.454000+00:00,9939,0,1265,1.7,0,23.0,17.1,81.0,965.2
2025-07-27T15:36:05.466000+00:00,9939,346,1265,2.1,0,23.1,17.1,80.0,965.1
2025-07-27T15:37:05.474000+00:00,9939,332,1265,1.9,0,22.9,17.1,81.0,965.1
2025-07-27T15:38:05.503000+00:00,9939,342,1265,1.8,0,22.8,17.1,81.0,965.2
2025-07-27T15:39:05.502000+00:00,9939,179,1265,1.5,0,22.4,17.1,81.0,965.2
2025-07-27T15:40:05.554000+00:00,9939,319,1265,0.8,0,22.4,17.1,82.0,965.1
2025-07-27T15:41:05.562000+00:00,9939,200,1265,0.7,0,22.5,17.1,82.0,965.3
2025-07-27T15:42:05.562000+00:00,9939,237,1265,1.0,0,22.5,17.0,83.0,965.1
2025-07-27T15:43:05.575000+00:00,9939,207,1265,1.4,0,22.3,17.0,82.0,965.3
2025-07-27T15:44:05.585000+00:00,9939,243,1265,1.4,0,22.3,16.9,82.0,965.2
2025-07-27T15:45:05.594000+00:00,9939,172,1265,1.1,0,22.3,16.9,82.0,965.2
2025-07-27T15:46:05.566000+00:00,9939,220,1265,1.1,0,22.4,16.9,83.0,965.2
2025-07-27T15:47:05.589000+00:00,9939,322,1265,1.4,0,22.4,16.9,82.0,965.2
2025-07-27T15:48:05.587000+00:00,9939,348,1265,1.0,0,22.4,16.9,81.0,965.2
2025-08-02T10:26:27.194000+00:00,9923,138,1266,1.9,0,47.3,26.2,42.0,984.2
2025-08-02T10:28:27.096000+00:00,9923,3,1266,0.9,0,47.8,26.3,41.0,984.1
2025-08-02T10:29:27.099000+00:00,9923,131,1266,0.5,0,48.6,26.3,41.0,984.1
2025-08-02T10:30:27.108000+00:00,9923,248,1266,0.5,0,48.5,26.4,41.0,984.1
2025-08-02T10:31:27.109000+00:00,9923,309,1266,0.0,0,48.4,26.5,40.0,984.1
2025-08-02T10:32:27.111000+00:00,9923,180,1266,1.0,0,47.1,26.5,40.0,984.2
2025-08-02T10:33:27.132000+00:00,9923,80,1266,1.5,0,46.9,26.5,40.0,984.1
2025-08-02T10:34:27.155000+00:00,9923,61,1266,1.7,0,46.9,26.5,40.0,984.1
2025-08-02T10:35:27.165000+00:00,9923,124,1266,2.7,0,46.8,26.6,41.0,984.2
2025-08-02T10:36:27.179000+00:00,9923,102,1266,1.9,0,46.8,26.8,41.0,984.1
2025-08-02T10:37:27.165000+00:00,9923,110,1266,1.6,0,47.5,26.8,41.0,984.1
2025-08-02T10:38:27.186000+00:00,9923,110,1266,1.8,0,47.8,26.8,41.0,984.2
2025-08-02T10:39:27.190000+00:00,9923,102,1266,2.3,0,47.6,26.8,41.0,984.2
2025-08-02T10:40:27.200000+00:00,9923,83,1266,2.7,0,45.4,26.8,41.0,984.1
2025-08-02T10:41:27.196000+00:00,9923,94,1266,1.9,0,45.0,26.9,41.0,984.1
2025-08-02T10:42:27.198000+00:00,9923,97,1266,1.7,0,44.6,26.8,41.0,984.2
2025-08-02T10:43:27.201000+00:00,9923,124,1266,3.0,0,45.2,26.8,41.0,984.1
2025-08-02T10:44:27.198000+00:00,9923,108,1266,2.3,0,45.8,26.6,41.0,984.1
2025-08-02T10:45:27.205000+00:00,9923,261,1266,1.7,0,46.2,26.8,41.0,984.2
2025-08-02T10:46:27.209000+00:00,9923,278,1266,1.7,0,47.1,26.9,40.0,984.1
2025-08-02T10:47:27.376000+00:00,9923,154,1266,1.5,0,47.9,27.0,40.0,984.2
2025-08-02T10:48:27.211000+00:00,9923,100,1266,1.2,0,48.0,27.0,40.0,984.1
2025-08-02T10:49:27.209000+00:00,9923,103,1266,2.1,0,48.2,27.0,40.0,984.2
2025-08-02T10:50:27.209000+00:00,9923,95,1266,2.7,0,48.4,27.0,40.0,984.1
2025-08-02T10:51:27.215000+00:00,9923,112,1266,1.0,0,49.1,27.0,40.0,984.2
2025-08-02T10:52:27.205000+00:00,9923,106,1266,2.3,0,49.9,27.1,39.0,984.2
2025-08-02T10:53:27.212000+00:00,9923,70,1266,1.9,0,49.9,27.2,39.0,984.1
2025-08-02T10:54:27.228000+00:00,9923,130,1266,1.2,0,49.0,27.2,40.0,984.2
2025-08-02T10:55:27.227000+00:00,9923,86,1266,2.0,0,49.5,27.2,39.0,984.1
2025-08-02T10:56:27.238000+00:00,9923,90,1266,2.2,0,49.2,27.1,40.0,984.1
2025-08-02T10:57:27.246000+00:00,9923,113,1266,1.9,0,49.3,27.2,40.0,984.2
2025-08-02T10:58:27.248000+00:00,9923,109,1266,1.8,0,49.6,27.3,39.0,984.1
2025-08-02T10:59:27.264000+00:00,9923,110,1266,3.7,0,49.6,27.3,40.0,984.1
2025-08-02T11:00:27.268000+00:00,9923,74,1266,1.3,0,48.9,27.2,39.0,984.1
2025-08-02T11:01:27.269000+00:00,9923,105,1266,0.7,0,49.4,27.1,39.0,984.1
2025-08-02T11:02:27.258000+00:00,9923,105,1266,1.5,0,49.4,27.1,38.0,984.1
2025-08-02T11:03:27.268000+00:00,9923,168,1266,1.5,0,49.4,27.1,38.0,984.1
2025-08-02T11:04:27.266000+00:00,9923,133,1266,1.3,0,49.2,27.1,38.0,984.1
2025-08-02T11:05:27.263000+00:00,9923,81,1266,1.7,0,49.7,27.1,39.0,984.2
2025-08-02T11:06:28.967000+00:00,9923,134,1266,2.1,0,49.7,27.2,38.0,984.2
2025-08-02T11:07:27.269000+00:00,9923,84,1266,2.8,0,49.7,27.3,38.0,984.2
2025-08-02T11:08:27.269000+00:00,9923,83,1266,2.6,0,49.7,27.4,38.0,984.1
2025-08-02T11:09:27.271000+00:00,9923,63,1266,2.0,0,49.7,27.4,38.0,984.2
2025-08-02T11:10:27.270000+00:00,9923,157,1266,1.5,0,49.5,27.3,39.0,984.1
2025-08-02T11:11:27.286000+00:00,9923,107,1266,3.4,0,49.5,27.4,39.0,984.1
2025-08-02T11:12:27.303000+00:00,9923,93,1266,2.3,0,49.7,27.3,39.0,984.2
2025-08-02T11:13:27.315000+00:00,9923,70,1266,2.1,0,49.7,27.3,39.0,984.1
2025-08-02T11:14:27.321000+00:00,9923,119,1266,1.4,0,49.6,27.2,39.0,984.2
2025-08-02T11:15:27.330000+00:00,9923,68,1266,1.2,0,49.8,27.1,39.0,984.2
2025-08-02T11:16:27.348000+00:00,9923,106,1266,1.5,0,49.9,27.1,40.0,984.2
2025-08-02T11:17:27.360000+00:00,9923,24,1266,0.9,0,49.8,27.1,40.0,984.1
2025-08-02T11:18:27.357000+00:00,9923,131,1266,1.1,0,50.0,27.0,40.0,984.1
2025-08-02T11:19:27.344000+00:00,9923,115,1266,1.5,0,50.5,27.3,39.0,984.0
2025-08-02T11:20:27.345000+00:00,9923,127,1266,1.4,0,50.5,27.3,39.0,984.2
2025-08-02T11:21:27.358000+00:00,9923,118,1266,1.7,0,50.5,27.5,39.0,984.1
2025-08-02T11:22:27.373000+00:00,9923,170,1266,2.4,0,50.3,27.5,39.0,984.1
2025-08-02T11:23:27.371000+00:00,9923,172,1266,1.6,0,50.2,27.5,40.0,984.1
2025-08-02T11:24:27.390000+00:00,9923,134,1266,1.5,0,50.4,27.4,39.0,984.1
2025-08-02T11:25:27.402000+00:00,9923,125,1266,1.0,0,50.4,27.4,39.0,984.1
2025-08-02T11:26:27.403000+00:00,9923,107,1266,1.7,0,50.7,27.4,39.0,984.0
2025-08-02T11:27:27.404000+00:00,9923,146,1266,1.4,0,50.6,27.6,39.0,984.0
2025-08-02T11:28:27.417000+00:00,9923,224,1266,0.9,0,50.7,27.6,39.0,984.2
2025-08-02T11:29:27.441000+00:00,9923,222,1266,1.8,0,50.6,27.7,39.0,984.1
2025-08-02T11:30:27.454000+00:00,9923,156,1266,3.0,0,50.6,27.6,39.0,984.0
2025-08-02T11:31:27.462000+00:00,9923,209,1266,1.4,0,50.6,27.6,39.0,984.2
2025-08-02T11:32:27.459000+00:00,9923,197,1266,1.9,0,50.5,27.5,40.0,984.0
2025-08-02T11:33:27.441000+00:00,9923,195,1266,1.9,0,50.4,27.6,39.0,984.0
2025-08-02T11:34:27.460000+00:00,9923,189,1266,1.9,0,50.5,27.6,40.0,984.0
2025-08-02T11:35:27.463000+00:00,9923,196,1266,2.6,0,50.6,27.6,39.0,984.0
2025-08-02T11:36:27.459000+00:00,9923,196,1266,1.9,0,50.6,27.6,39.0,984.1
2025-08-02T11:37:27.452000+00:00,9923,181,1266,1.9,0,50.7,27.6,40.0,984.0
2025-08-02T13:46:27.838000+00:00,9924,183,1266,3.0,0,52.5,29.7,33.0,983.2
2025-08-02T13:47:27.832000+00:00,9924,146,1266,2.6,0,52.2,29.6,34.0,983.2
2025-08-02T13:48:27.838000+00:00,9924,229,1266,2.2,0,52.1,29.8,33.0,983.1
2025-08-02T13:49:27.832000+00:00,9924,231,1266,2.3,0,52.2,29.6,33.0,983.2
2025-08-02T13:50:27.840000+00:00,9924,244,1266,2.2,0,52.2,29.5,33.0,983.1
2025-08-02T13:51:27.838000+00:00,9924,236,1266,1.5,0,52.2,29.4,34.0,983.1
2025-08-02T13:52:27.839000+00:00,9924,265,1266,1.1,0,52.5,29.4,34.0,983.1
2025-08-02T13:53:27.841000+00:00,9924,286,1266,0.8,0,52.6,29.5,33.0,983.1
2025-08-02T13:54:28.004000+00:00,9924,190,1266,0.8,0,52.8,29.6,33.0,983.1
2025-08-02T13:55:28.551000+00:00,9924,49,1266,3.3,0,53.2,29.6,33.0,982.9
2025-08-02T13:56:27.847000+00:00,9924,218,1266,4.8,0,52.3,29.8,32.0,983.2
2025-08-02T13:57:27.839000+00:00,9924,179,1266,2.8,0,50.6,29.7,33.0,983.1
2025-08-02T13:58:27.848000+00:00,9924,244,1266,2.7,0,49.1,29.6,33.0,983.2
2025-08-02T13:59:27.844000+00:00,9924,181,1266,2.1,0,48.5,29.5,34.0,983.3
2025-08-02T14:00:27.841000+00:00,9924,205,1266,2.1,0,48.2,29.5,34.0,983.3
2025-08-02T14:01:28.419000+00:00,9924,147,1266,1.2,0,48.1,29.4,34.0,983.2
2025-08-02T14:02:28.984000+00:00,9924,123,1266,1.1,0,47.7,29.3,33.0,983.3
2025-08-02T14:03:28.526000+00:00,9924,192,1266,1.9,0,47.2,29.2,34.0,983.4
2025-08-02T14:04:28.611000+00:00,9924,156,1266,1.9,0,46.7,29.0,34.0,983.4
2025-08-02T14:05:27.839000+00:00,9924,144,1266,1.4,0,46.5,28.9,34.0,983.3
2025-08-02T14:06:27.847000+00:00,9924,159,1266,1.7,0,45.7,28.9,34.0,983.3
2025-08-02T14:07:28.286000+00:00,9924,127,1266,1.0,0,45.6,28.9,34.0,983.3
2025-08-02T14:08:27.856000+00:00,9924,167,1266,1.7,0,44.8,28.9,34.0,983.3
2025-08-02T14:09:28.388000+00:00,9924,145,1266,1.9,0,44.4,28.9,34.0,983.3
2025-08-02T14:10:27.857000+00:00,9924,111,1266,2.5,0,44.3,29.0,34.0,983.3
2025-08-02T14:11:27.860000+00:00,9924,197,1266,1.6,0,44.1,28.9,34.0,983.4
2025-08-02T14:12:27.856000+00:00,9924,167,1266,1.9,0,43.6,28.8,35.0,983.3
2025-08-02T14:13:27.857000+00:00,9924,134,1266,2.1,0,43.6,28.9,35.0,983.2
2025-08-02T14:14:27.858000+00:00,9924,123,1266,2.3,0,43.6,28.8,35.0,983.3
2025-08-02T14:15:27.857000+00:00,9924,173,1266,2.4,0,43.3,28.7,35.0,983.4
2025-08-02T14:16:28.284000+00:00,9924,157,1266,1.8,0,43.3,28.6,34.0,983.3
2025-08-02T14:17:29.843000+00:00,9924,0,1266,0.8,0,42.8,28.6,35.0,983.3
2025-08-02T14:18:27.868000+00:00,9924,119,1266,1.2,0,42.8,28.6,35.0,983.3
2025-08-02T14:19:27.939000+00:00,9924,117,1266,1.8,0,42.8,28.6,35.0,983.4
2025-08-02T14:20:27.890000+00:00,9924,184,1266,1.8,0,42.5,28.6,34.0,983.4
2025-08-02T14:21:28.543000+00:00,9924,255,1266,2.0,0,41.9,28.5,34.0,983.4
2025-08-02T14:22:27.914000+00:00,9924,246,1266,2.5,0,41.4,28.4,35.0,983.4
2025-08-02T14:23:27.930000+00:00,9924,157,1266,1.1,0,41.3,28.4,36.0,983.4
2025-08-02T14:24:27.944000+00:00,9924,175,1266,1.7,0,41.3,28.3,36.0,983.4
2025-08-02T14:25:28.277000+00:00,9924,216,1266,1.5,0,41.3,28.3,36.0,983.4
2025-08-02T14:26:27.980000+00:00,9924,190,1266,1.6,0,41.2,28.2,36.0,983.4
2025-08-02T14:27:28.001000+00:00,9924,217,1266,1.5,0,41.0,28.2,36.0,983.3
2025-08-02T14:28:28.455000+00:00,9924,218,1266,2.2,0,41.0,28.2,35.0,983.4
2025-08-02T14:29:28.001000+00:00,9924,198,1266,2.8,0,40.6,28.1,36.0,983.4
2025-08-02T14:30:28.001000+00:00,9924,220,1266,1.1,0,40.6,28.1,36.0,983.4
2025-08-02T14:31:27.999000+00:00,9924,163,1266,1.5,0,40.5,28.1,36.0,983.4
2025-08-02T14:32:28.720000+00:00,9924,122,1266,1.6,0,40.4,28.2,36.0,983.4
2025-08-02T14:33:28+00:00,9924,226,1266,1.4,0,40.4,28.3,36.0,983.4
2025-08-02T14:34:28.004000+00:00,9924,174,1266,0.8,0,40.3,28.4,36.0,983.5
2025-08-02T14:35:28.336000+00:00,9924,0,1266,1.1,0,40.0,28.3,36.0,983.4
2025-08-02T14:36:28.004000+00:00,9924,202,1266,0.7,0,40.0,28.3,36.0,983.5
2025-08-02T14:37:28.472000+00:00,9924,227,1266,1.7,0,39.9,28.2,36.0,983.4
2025-08-02T14:38:28.528000+00:00,9924,229,1266,0.9,0,39.8,28.2,36.0,983.4
2025-08-02T14:39:28.574000+00:00,9924,180,1266,1.8,0,39.7,28.1,36.0,983.4
2025-08-02T14:40:28.641000+00:00,9924,215,1266,1.7,0,39.7,28.0,36.0,983.5
2025-08-02T14:41:27.998000+00:00,9924,202,1266,1.0,0,39.6,28.0,36.0,983.6
2025-08-02T14:42:28.019000+00:00,9924,181,1266,2.3,0,39.5,28.0,37.0,983.5
2025-08-02T14:43:28.035000+00:00,9924,189,1266,1.8,0,39.5,28.1,36.0,983.4
2025-08-02T14:44:28.036000+00:00,9924,188,1266,1.5,0,39.5,28.1,36.0,983.4
2025-08-02T14:45:28.048000+00:00,9924,87,1266,0.8,0,39.4,28.2,36.0,983.4
2025-08-02T14:46:28.070000+00:00,9924,145,1266,1.1,0,39.3,28.1,36.0,983.4
2025-08-02T14:47:28.047000+00:00,9924,214,1266,0.7,0,39.5,28.0,36.0,983.4
2025-08-02T14:48:28.048000+00:00,9924,168,1266,1.0,0,39.3,28.0,36.0,983.3
2025-08-02T14:49:28.060000+00:00,9924,257,1266,0.7,0,39.4,28.1,36.0,983.4
2025-08-02T14:50:28.048000+00:00,9924,283,1266,1.6,0,39.4,28.1,36.0,983.5
2025-08-02T14:51:28.058000+00:00,9924,282,1266,1.9,0,39.5,28.0,36.0,983.4
2025-08-02T14:52:28.064000+00:00,9924,258,1266,2.8,0,39.4,27.9,37.0,983.5
2025-08-02T14:53:28.883000+00:00,9924,261,1266,3.6,0,38.6,27.6,41.0,983.5
2025-08-02T14:54:28.064000+00:00,9924,266,1266,2.9,0,37.1,27.2,43.0,983.4
2025-08-02T14:55:28.061000+00:00,9924,261,1266,2.5,0,37.0,26.8,44.0,983.5
2025-08-02T14:56:28.075000+00:00,9924,261,1266,2.3,0,36.6,26.5,45.0,983.4
2025-08-02T14:57:28.071000+00:00,9924,269,1266,3.1,0,36.6,26.2,46.0,983.5
2025-08-02T14:58:28.079000+00:00,9924,266,1266,3.0,0,36.4,26.0,46.0,983.4
2025-08-02T14:59:28.094000+00:00,9924,266,1266,3.1,0,36.1,25.8,47.0,983.5
2025-08-02T15:00:28.115000+00:00,9924,285,1266,2.9,0,35.8,25.7,48.0,983.4
2025-08-02T15:01:28.112000+00:00,9924,260,1266,2.3,0,36.1,25.7,48.0,983.4
2025-08-02T15:02:28.403000+00:00,9924,267,1266,2.9,0,36.1,25.6,48.0,983.4
2025-08-02T15:03:28.122000+00:00,9924,275,1266,3.0,0,36.3,25.6,47.0,983.5
2025-08-02T15:04:28.141000+00:00,9924,265,1266,3.0,0,36.5,25.6,48.0,983.4
2025-08-02T15:05:28.151000+00:00,9924,278,1266,2.5,0,36.5,25.6,48.0,983.3
2025-08-02T15:06:28.151000+00:00,9924,270,1266,2.9,0,36.3,25.6,48.0,983.3
2025-08-02T15:07:28.166000+00:00,9924,282,1266,3.1,0,36.3,25.5,48.0,983.4
2025-08-02T15:08:28.177000+00:00,9924,270,1266,2.9,0,36.2,25.4,48.0,983.3
2025-08-02T15:09:28.196000+00:00,9924,262,1266,3.4,0,36.1,25.4,48.0,983.3
2025-08-29T10:15:21.426000+00:00,9913,199,1267,3.0,0,25.8,20.2,57.0,998.3
2025-08-29T10:16:21.409000+00:00,9913,221,1267,2.2,0,26.7,20.2,57.0,998.2
2025-08-29T10:17:21.405000+00:00,9913,212,1267,2.5,0,26.8,20.3,57.0,998.1
2025-08-29T10:18:21.432000+00:00,9913,177,1267,3.6,0,26.8,20.4,57.0,998.2
2025-08-29T10:19:21.406000+00:00,9913,198,1267,3.2,0,26.6,20.4,57.0,998.2
2025-08-29T10:20:21.420000+00:00,9913,231,1267,3.9,0,26.6,20.3,57.0,998.2
2025-08-29T10:21:21.420000+00:00,9913,220,1267,4.0,0,26.7,20.3,57.0,998.1
2025-08-29T10:22:21.444000+00:00,9913,193,1267,3.9,0,26.5,20.2,58.0,998.1
2025-08-29T10:23:21.463000+00:00,9913,207,1267,3.2,0,26.0,20.2,59.0,998.1
2025-08-29T10:24:21.467000+00:00,9913,201,1267,3.6,0,25.6,20.1,59.0,998.1
2025-08-29T10:25:21.465000+00:00,9913,205,1267,3.2,0,25.6,20.1,59.0,998.1
2025-08-29T10:26:21.469000+00:00,9913,217,1267,3.2,0,25.5,20.0,58.0,998.2
2025-08-29T10:27:21.468000+00:00,9913,199,1267,3.1,0,25.4,20.0,58.0,998.1
2025-08-29T10:28:21.479000+00:00,9913,199,1267,3.1,0,25.3,20.0,58.0,998.1
2025-08-29T10:29:21.474000+00:00,9913,208,1267,3.0,0,25.3,20.0,57.0,998.1
2025-08-29T10:30:21.461000+00:00,9913,207,1267,3.7,0,25.2,20.0,57.0,998.1
2025-08-29T10:31:21.501000+00:00,9913,203,1267,2.9,0,25.3,20.0,58.0,998.1
2025-08-29T10:32:21.491000+00:00,9913,211,1267,2.5,0,25.6,20.0,58.0,998.1
2025-08-29T10:33:21.516000+00:00,9913,210,1267,2.0,0,25.7,20.1,58.0,998.1
2025-08-29T10:34:21.523000+00:00,9913,213,1267,3.2,0,25.7,20.2,57.0,998.0
2025-08-29T10:35:21.561000+00:00,9913,209,1267,3.9,0,26.8,20.4,57.0,998.1
2025-08-29T10:36:21.560000+00:00,9913,210,1267,3.6,0,27.0,20.5,56.0,998.1
2025-08-29T10:37:21.570000+00:00,9913,208,1267,4.9,0,26.9,20.6,55.0,998.1
2025-08-29T10:38:21.565000+00:00,9913,212,1267,3.9,0,26.8,20.5,54.0,998.2
2025-08-29T10:39:21.572000+00:00,9913,202,1267,4.5,0,26.9,20.5,54.0,998.1
2025-08-29T10:40:21.567000+00:00,9913,214,1267,3.9,0,26.9,20.4,55.0,998.1
2025-08-29T10:41:21.568000+00:00,9913,217,1267,4.3,0,26.4,20.4,54.0,998.1
2025-08-29T10:42:21.563000+00:00,9913,215,1267,4.3,0,26.6,20.4,55.0,998.1
2025-08-29T10:43:21.601000+00:00,9913,217,1267,4.3,0,26.7,20.5,54.0,998.1
2025-08-29T10:44:21.598000+00:00,9913,207,1267,3.5,0,26.9,20.5,54.0,998.1
2025-08-29T10:45:21.615000+00:00,9913,211,1267,2.9,0,27.0,20.7,54.0,998.1
2025-08-29T10:46:21.646000+00:00,9913,205,1267,2.3,0,27.5,20.7,54.0,998.0
2025-08-29T10:47:21.635000+00:00,9913,212,1267,2.7,0,27.2,20.8,54.0,998.1
2025-08-29T10:48:21.651000+00:00,9913,208,1267,2.3,0,27.0,20.8,54.0,998.0
2025-08-29T10:49:21.679000+00:00,9913,225,1267,2.7,0,27.3,20.7,54.0,998.0
2025-08-29T10:50:21.696000+00:00,9913,215,1267,3.1,0,27.4,20.7,53.0,998.0
2025-08-29T10:51:21.675000+00:00,9913,161,1267,2.1,0,27.9,20.7,54.0,997.9
2025-08-29T10:52:21.697000+00:00,9913,218,1267,2.6,0,28.6,20.8,53.0,997.9
2025-08-29T10:53:21.728000+00:00,9913,213,1267,4.1,0,28.5,20.7,53.0,998.0
2025-08-29T10:54:21.728000+00:00,9913,221,1267,3.7,0,28.1,20.7,53.0,997.9
2025-08-29T10:55:21.748000+00:00,9913,205,1267,3.5,0,27.8,20.7,52.0,997.9
2025-08-29T10:56:21.753000+00:00,9913,204,1267,3.6,0,27.7,20.8,52.0,997.9
2025-08-29T10:57:21.721000+00:00,9913,211,1267,3.7,0,27.5,20.8,52.0,997.9
2025-08-29T10:58:21.729000+00:00,9913,214,1267,4.1,0,27.4,20.9,51.0,998.0
2025-08-29T10:59:21.742000+00:00,9913,227,1267,4.2,0,27.5,20.9,52.0,998.0
2025-08-29T11:00:21.785000+00:00,9913,212,1267,3.7,0,27.6,20.9,52.0,997.9
2025-08-29T11:01:21.787000+00:00,9913,206,1267,3.1,0,28.7,21.0,51.0,997.8
2025-08-29T11:02:21.792000+00:00,9913,208,1267,3.3,0,29.3,21.1,51.0,998.0
2025-08-29T11:03:21.801000+00:00,9913,207,1267,3.8,0,29.3,21.2,51.0,997.8
2025-08-29T11:04:21.797000+00:00,9913,232,1267,3.7,0,28.9,21.2,51.0,997.9
2025-08-29T11:05:21.832000+00:00,9913,217,1267,2.3,0,28.8,21.1,51.0,997.8
2025-08-29T11:06:21.829000+00:00,9913,213,1267,3.2,0,28.8,21.1,51.0,997.8
2025-08-29T11:07:21.834000+00:00,9913,208,1267,4.3,0,28.8,21.2,50.0,997.7
2025-08-29T11:08:21.833000+00:00,9913,209,1267,3.7,0,30.0,21.3,51.0,997.8
2025-08-29T11:09:21.840000+00:00,9913,209,1267,3.7,0,30.0,21.3,51.0,997.8
2025-08-29T11:10:21.853000+00:00,9913,207,1267,4.1,0,29.4,21.3,51.0,997.8
2025-08-29T11:11:21.843000+00:00,9913,212,1267,3.4,0,28.7,21.3,51.0,997.7
2025-08-29T11:12:21.828000+00:00,9913,202,1267,3.0,0,28.6,21.3,51.0,997.9
2025-08-29T11:13:21.839000+00:00,9913,207,1267,3.9,0,28.6,21.4,50.0,997.8
2025-08-29T11:14:21.871000+00:00,9913,210,1267,4.2,0,28.7,21.3,50.0,997.8
2025-08-29T11:15:21.883000+00:00,9913,216,1267,5.2,0,28.8,21.3,51.0,997.8
2025-08-29T11:16:21.872000+00:00,9913,208,1267,3.1,0,28.9,21.3,51.0,997.6
2025-08-29T11:17:21.887000+00:00,9913,212,1267,4.0,0,28.7,21.3,51.0,997.8
2025-08-29T11:18:21.884000+00:00,9913,224,1267,3.1,0,28.5,21.1,51.0,997.8
2025-08-29T11:19:21.883000+00:00,9913,167,1267,3.3,0,28.0,21.1,51.0,997.7
2025-08-29T11:20:21.880000+00:00,9913,211,1267,3.0,0,27.8,21.0,51.0,997.8
2025-08-29T11:21:21.871000+00:00,9913,207,1267,3.6,0,27.4,20.9,51.0,997.8
2025-08-29T11:22:21.884000+00:00,9913,215,1267,3.9,0,27.1,20.8,51.0,997.8
2025-08-29T11:23:21.897000+00:00,9913,208,1267,3.9,0,27.0,20.7,52.0,997.8
2025-08-29T11:24:21.909000+00:00,9913,216,1267,4.6,0,26.8,20.7,52.0,997.8
2025-08-29T11:25:21.959000+00:00,9913,212,1267,4.9,0,26.5,20.6,52.0,997.9
2025-08-29T11:26:21.943000+00:00,9913,204,1267,3.7,0,26.3,20.6,52.0,997.8
2025-08-29T11:27:21.941000+00:00,9913,215,1267,3.6,0,26.1,20.6,52.0,997.8
2025-08-29T11:28:21.952000+00:00,9913,205,1267,5.3,0,26.1,20.5,51.0,997.7
2025-08-29T11:29:21.943000+00:00,9913,206,1267,3.9,0,26.0,20.5,52.0,997.8
2025-08-29T11:30:21.937000+00:00,9913,200,1267,4.8,0,26.0,20.5,51.0,997.8
2025-08-29T11:31:21.949000+00:00,9913,197,1267,3.5,0,26.0,20.5,51.0,997.8
2025-08-29T11:32:21.961000+00:00,9913,207,1267,3.5,0,26.4,20.6,51.0,997.8
2025-08-29T11:33:21.965000+00:00,9913,205,1267,3.6,0,26.4,20.7,51.0,997.8
2025-08-29T11:34:22.026000+00:00,9913,212,1267,3.4,0,26.5,20.6,51.0,997.7
2025-08-29T11:35:21.964000+00:00,9913,193,1267,3.9,0,26.5,20.6,51.0,997.8
2025-08-29T11:36:21.961000+00:00,9913,220,1267,3.6,0,26.7,20.6,52.0,997.8
2025-08-29T13:45:22.810000+00:00,9914,206,1267,2.7,0,24.2,18.0,70.0,997.7
2025-08-29T13:46:22.825000+00:00,9914,206,1267,2.0,0,24.7,18.0,70.0,997.7
2025-08-29T13:47:22.822000+00:00,9914,210,1267,2.4,0,25.0,18.0,69.0,997.7
2025-08-29T13:48:22.826000+00:00,9914,197,1267,2.0,0,25.2,18.1,69.0,997.6
2025-08-29T13:49:22.857000+00:00,9914,204,1267,2.6,0,25.5,18.2,68.0,997.7
2025-08-29T13:50:22.855000+00:00,9914,229,1267,2.6,0,25.6,18.4,67.0,997.6
2025-08-29T13:51:22.877000+00:00,9914,194,1267,2.8,0,25.7,18.5,66.0,997.6
2025-08-29T13:52:22.911000+00:00,9914,200,1267,1.9,0,25.8,18.5,66.0,997.6
2025-08-29T13:53:22.917000+00:00,9914,196,1267,2.0,0,25.9,18.6,66.0,997.6
2025-08-29T13:54:22.936000+00:00,9914,217,1267,1.5,1,26.1,18.7,65.0,997.6
2025-08-29T13:55:22.938000+00:00,9914,210,1267,1.1,1,26.3,18.8,64.0,997.5
2025-08-29T13:56:22.955000+00:00,9914,232,1267,1.5,0,26.3,18.8,64.0,997.5
2025-08-29T13:57:22.956000+00:00,9914,252,1267,1.4,0,26.3,18.9,63.0,997.5
2025-08-29T13:58:22.953000+00:00,9914,225,1267,2.1,0,26.2,18.9,63.0,997.5
2025-08-29T13:59:22.953000+00:00,9914,241,1267,2.8,0,26.2,18.9,63.0,997.4
2025-08-29T14:00:22.954000+00:00,9914,251,1267,1.9,0,26.3,19.0,64.0,997.4
2025-08-29T14:01:22.957000+00:00,9914,232,1267,1.7,0,26.4,19.0,64.0,997.4
2025-08-29T14:02:22.941000+00:00,9914,210,1267,1.2,0,26.7,19.0,63.0,997.3
2025-08-29T14:03:22.955000+00:00,9914,223,1267,1.9,0,26.7,19.1,62.0,997.4
2025-08-29T14:04:22.937000+00:00,9914,206,1267,2.8,0,26.7,19.2,62.0,997.4
2025-08-29T14:05:22.959000+00:00,9914,186,1267,2.6,1,26.7,19.3,63.0,997.4
2025-08-29T14:06:22.949000+00:00,9914,197,1267,2.7,1,26.6,19.3,61.0,997.4
2025-08-29T14:07:22.974000+00:00,9914,207,1267,2.8,0,26.6,19.4,62.0,997.4
2025-08-29T14:08:22.969000+00:00,9914,213,1267,3.5,0,26.3,19.5,60.0,997.4
2025-08-29T14:09:22.994000+00:00,9914,218,1267,4.3,0,26.4,19.5,61.0,997.5
2025-08-29T14:10:23.027000+00:00,9914,215,1267,3.2,0,26.5,19.5,60.0,997.5
2025-08-29T14:11:23.015000+00:00,9914,204,1267,3.6,0,26.7,19.6,60.0,997.3
2025-08-29T14:12:23.016000+00:00,9914,204,1267,2.9,0,26.7,19.6,60.0,997.4
2025-08-29T14:13:23.005000+00:00,9914,208,1267,3.6,0,26.5,19.7,58.0,997.4
2025-08-29T14:14:23.004000+00:00,9914,205,1267,2.8,0,26.3,19.7,59.0,997.3
2025-08-29T14:15:23.020000+00:00,9914,203,1267,3.3,0,26.3,19.6,59.0,997.4
2025-08-29T14:16:23.017000+00:00,9914,202,1267,3.2,0,26.4,19.6,59.0,997.4
2025-08-29T14:17:23.036000+00:00,9914,193,1267,2.3,0,26.3,19.6,59.0,997.4
2025-08-29T14:18:23.051000+00:00,9914,208,1267,2.9,0,26.3,19.6,59.0,997.4
2025-08-29T14:19:23.061000+00:00,9914,203,1267,4.2,0,26.1,19.6,59.0,997.5
2025-08-29T14:20:23.067000+00:00,9914,218,1267,3.9,0,26.1,19.5,59.0,997.4
2025-08-29T14:21:23.083000+00:00,9914,206,1267,4.5,0,26.4,19.5,58.0,997.3
2025-08-29T14:22:23.099000+00:00,9914,211,1267,4.2,0,26.1,19.5,59.0,997.4
2025-08-29T14:23:23.099000+00:00,9914,201,1267,2.5,0,26.3,19.6,59.0,997.2
2025-08-29T14:24:23.099000+00:00,9914,204,1267,2.2,0,26.6,19.6,59.0,997.1
2025-08-29T14:25:23.111000+00:00,9914,220,1267,3.5,0,26.6,19.7,59.0,997.4
2025-08-29T14:26:23.096000+00:00,9914,218,1267,3.3,0,26.6,19.8,59.0,997.5
2025-08-29T14:27:23.100000+00:00,9914,215,1267,3.0,0,26.9,19.8,59.0,997.4
2025-08-29T14:28:23.109000+00:00,9914,208,1267,3.3,0,27.2,19.9,59.0,997.4
2025-08-29T14:29:23.093000+00:00,9914,222,1267,3.8,0,27.2,19.9,59.0,997.2
2025-08-29T14:30:23.085000+00:00,9914,204,1267,3.3,0,27.2,19.9,59.0,997.3
2025-08-29T14:31:23.148000+00:00,9914,204,1267,3.3,0,27.2,20.0,59.0,997.3
2025-08-29T14:32:23.104000+00:00,9914,207,1267,2.9,0,27.4,20.0,59.0,997.2
2025-08-29T14:33:23.113000+00:00,9914,213,1267,3.7,0,27.2,20.0,58.0,997.2
2025-08-29T14:34:23.101000+00:00,9914,210,1267,3.7,0,27.2,20.0,59.0,997.3
2025-08-29T14:35:23.101000+00:00,9914,210,1267,3.0,0,27.4,20.0,59.0,997.2
2025-08-29T14:36:23.108000+00:00,9914,205,1267,3.8,0,27.5,20.1,59.0,997.3
2025-08-29T14:37:23.133000+00:00,9914,210,1267,4.0,0,28.0,20.2,58.0,997.3
2025-08-29T14:38:23.165000+00:00,9914,215,1267,3.3,0,28.1,20.3,58.0,997.2
2025-08-29T14:39:23.161000+00:00,9914,203,1267,4.1,0,28.2,20.4,58.0,997.3
2025-08-29T14:40:23.184000+00:00,9914,205,1267,3.7,0,28.1,20.4,58.0,997.2
2025-08-29T14:41:23.203000+00:00,9914,204,1267,3.1,0,27.8,20.4,58.0,997.1
2025-08-29T14:42:23.212000+00:00,9914,204,1267,2.9,0,27.7,20.4,58.0,997.1
2025-08-29T14:43:23.228000+00:00,9914,206,1267,4.0,0,27.7,20.4,58.0,997.1
2025-08-29T14:44:23.228000+00:00,9914,208,1267,4.0,0,27.7,20.3,58.0,997.2
2025-08-29T14:45:23.218000+00:00,9914,198,1267,3.4,0,27.6,20.3,58.0,997.1
2025-08-29T14:46:23.233000+00:00,9914,206,1267,2.7,0,28.6,20.3,58.0,997.0
2025-08-29T14:47:23.247000+00:00,9914,207,1267,4.1,0,28.7,20.5,57.0,997.1
2025-08-29T14:48:23.221000+00:00,9914,210,1267,3.9,0,29.1,20.5,58.0,997.0
2025-08-29T14:49:23.235000+00:00,9914,212,1267,3.6,0,29.4,20.7,58.0,997.1
2025-08-29T14:50:23.234000+00:00,9914,213,1267,4.0,0,29.5,20.8,58.0,997.2
2025-08-29T14:51:23.277000+00:00,9914,206,1267,3.4,0,29.6,20.8,57.0,997.1
2025-08-29T14:52:23.273000+00:00,9914,212,1267,4.1,0,29.8,20.8,57.0,997.1
2025-08-29T14:53:23.301000+00:00,9914,212,1267,4.5,0,29.7,20.7,57.0,997.1
2025-08-29T14:54:23.298000+00:00,9914,207,1267,5.1,0,29.7,20.8,57.0,997.2
2025-08-29T14:55:23.293000+00:00,9914,216,1267,3.9,0,29.6,20.8,58.0,997.2
2025-08-29T14:56:23.293000+00:00,9914,193,1267,3.8,0,29.4,20.7,58.0,997.2
2025-08-29T14:57:23.293000+00:00,9914,208,1267,3.2,0,29.3,20.7,58.0,997.1
2025-08-29T14:58:23.293000+00:00,9914,211,1267,3.5,0,28.4,20.7,58.0,997.2
2025-08-29T14:59:23.283000+00:00,9914,205,1267,3.3,0,28.3,20.6,59.0,997.2
2025-08-29T15:00:23.292000+00:00,9914,211,1267,4.2,0,28.0,20.5,59.0,997.3
2025-08-29T15:01:23.296000+00:00,9914,208,1267,4.0,0,28.0,20.4,59.0,997.2
2025-08-29T15:02:23.296000+00:00,9914,209,1267,4.5,0,28.0,20.4,59.0,997.2
2025-08-29T15:03:23.325000+00:00,9914,211,1267,4.2,0,28.7,20.4,58.0,997.3
2025-08-29T15:04:23.337000+00:00,9914,203,1267,3.6,0,28.7,20.3,58.0,997.4
2025-08-29T15:05:23.351000+00:00,9914,199,1267,3.2,0,28.5,20.2,59.0,997.3
2025-08-30T09:15:35.665000+00:00,9915,195,1267,3.2,0,19.3,19.5,72.0,1004.7
2025-08-30T09:16:35.652000+00:00,9915,203,1267,3.4,0,19.3,19.5,73.0,1004.7
2025-08-30T09:17:35.667000+00:00,9915,223,1267,4.0,0,19.5,19.5,73.0,1004.8
2025-08-30T09:18:35.653000+00:00,9915,223,1267,4.0,0,19.5,19.5,73.0,1004.8
2025-08-30T09:19:35.663000+00:00,9915,201,1267,4.2,0,19.8,19.5,73.0,1004.8
2025-08-30T09:20:35.684000+00:00,9915,201,1267,3.3,0,19.5,19.5,72.0,1004.8
2025-08-30T09:21:35.667000+00:00,9915,209,1267,4.3,0,19.5,19.6,71.0,1004.9
2025-08-30T09:22:35.667000+00:00,9915,211,1267,3.3,0,19.4,19.6,71.0,1004.8
2025-08-30T09:23:35.667000+00:00,9915,198,1267,3.4,0,19.5,19.6,72.0,1004.8
2025-08-30T09:24:35.671000+00:00,9915,203,1267,3.8,0,20.0,19.6,71.0,1004.8
2025-08-30T09:25:35.668000+00:00,9915,203,1267,3.8,0,20.0,19.6,71.0,1004.8
2025-08-30T09:26:35.671000+00:00,9915,212,1267,3.3,0,20.0,19.6,71.0,1004.8
2025-08-30T09:27:35.680000+00:00,9915,198,1267,3.3,0,19.7,19.6,72.0,1004.8
2025-08-30T09:28:35.680000+00:00,9915,229,1267,3.5,0,19.7,19.6,72.0,1004.9
2025-08-30T09:29:35.656000+00:00,9915,220,1267,3.2,0,19.9,19.7,73.0,1004.9
2025-08-30T09:30:35.680000+00:00,9915,227,1267,3.5,0,20.0,19.8,72.0,1005.0
2025-08-30T09:31:35.681000+00:00,9915,212,1267,4.3,0,20.1,19.7,70.0,1004.9
2025-08-30T09:32:35.672000+00:00,9915,214,1267,3.5,0,20.2,19.7,71.0,1005.0
2025-08-30T09:33:35.682000+00:00,9915,222,1267,3.8,0,20.3,19.7,71.0,1005.1
2025-08-30T09:34:35.676000+00:00,9915,198,1267,4.2,0,20.3,19.7,69.0,1005.0
2025-08-30T09:35:35.685000+00:00,9915,185,1267,3.6,0,20.2,19.7,71.0,1004.9
2025-08-30T09:36:35.662000+00:00,9915,206,1267,3.7,0,20.2,19.7,71.0,1004.9
2025-08-30T09:37:35.674000+00:00,9915,204,1267,4.8,0,20.2,19.8,71.0,1005.0
2025-08-30T09:38:35.702000+00:00,9915,201,1267,4.0,0,20.6,19.8,71.0,1005.0
2025-08-30T09:39:35.719000+00:00,9915,202,1267,3.5,0,20.8,19.8,70.0,1004.9
2025-08-30T09:40:35.730000+00:00,9915,203,1267,4.0,0,20.8,19.7,68.0,1005.0
2025-08-30T09:41:35.727000+00:00,9915,212,1267,3.6,0,20.7,19.7,69.0,1005.0
2025-08-30T09:42:35.732000+00:00,9915,209,1267,3.8,0,20.7,19.8,69.0,1005.1
2025-08-30T09:43:35.736000+00:00,9915,217,1267,4.1,0,20.6,19.8,69.0,1005.0
2025-08-30T09:44:35.757000+00:00,9915,220,1267,4.0,0,20.8,19.8,69.0,1005.1
2025-08-30T09:45:35.785000+00:00,9915,202,1267,3.9,0,20.9,19.7,69.0,1005.1
2025-08-30T09:46:35.801000+00:00,9915,192,1267,3.9,0,21.0,19.7,70.0,1005.1
2025-08-30T09:47:35.804000+00:00,9915,204,1267,3.9,0,21.0,19.7,70.0,1005.1
2025-08-30T09:48:35.841000+00:00,9915,188,1267,4.0,0,21.3,19.7,69.0,1005.1
2025-08-30T09:49:35.816000+00:00,9915,204,1267,3.7,0,21.5,19.8,70.0,1005.2
2025-08-30T09:50:35.817000+00:00,9915,196,1267,3.6,0,21.8,19.8,70.0,1005.2
2025-08-30T09:51:35.830000+00:00,9915,219,1267,4.3,0,21.8,19.9,70.0,1005.2
2025-08-30T09:52:35.876000+00:00,9915,216,1267,4.1,0,21.9,19.9,68.0,1005.2
2025-08-30T09:53:35.870000+00:00,9915,207,1267,3.8,0,22.5,19.9,70.0,1005.2
2025-08-30T09:54:35.903000+00:00,9915,207,1267,4.1,0,22.7,19.9,70.0,1005.2
2025-08-30T09:55:35.904000+00:00,9915,209,1267,3.8,0,22.8,20.0,71.0,1005.1
2025-08-30T09:56:35.914000+00:00,9915,202,1267,3.5,0,23.3,20.0,70.0,1005.2
2025-08-30T09:57:35.933000+00:00,9915,194,1267,4.1,0,23.4,20.1,69.0,1005.1
2025-08-30T09:58:35.952000+00:00,9915,214,1267,4.3,0,23.3,20.0,68.0,1005.2
2025-08-30T09:59:35.952000+00:00,9915,213,1267,4.0,0,23.2,20.0,69.0,1005.2
2025-08-30T10:00:35.935000+00:00,9915,213,1267,3.8,0,23.5,20.0,69.0,1005.3
2025-08-30T10:01:35.934000+00:00,9915,215,1267,4.1,0,23.5,20.0,69.0,1005.2
2025-08-30T10:02:35.948000+00:00,9915,217,1267,4.0,0,23.5,20.0,68.0,1005.3
2025-08-30T10:03:35.940000+00:00,9915,201,1267,5.3,0,23.5,20.0,68.0,1005.3
2025-08-30T10:04:35.950000+00:00,9915,210,1267,4.1,0,23.8,20.1,68.0,1005.4
2025-08-30T10:05:35.942000+00:00,9915,200,1267,4.6,0,23.9,20.0,67.0,1005.3
2025-08-30T10:06:35.964000+00:00,9915,203,1267,3.7,0,23.8,20.0,68.0,1005.2
2025-08-30T10:07:35.952000+00:00,9915,212,1267,3.6,0,23.9,20.0,69.0,1005.2
2025-08-30T10:08:35.958000+00:00,9915,211,1267,4.0,0,24.2,20.0,68.0,1005.2
2025-08-30T10:09:35.968000+00:00,9915,210,1267,5.0,0,24.2,20.0,68.0,1005.2
2025-08-30T10:10:35.987000+00:00,9915,197,1267,4.5,0,24.0,20.0,67.0,1005.3
2025-08-30T10:11:36.069000+00:00,9915,205,1267,4.2,0,24.0,20.0,68.0,1005.3
2025-08-30T10:12:36.074000+00:00,9915,180,1267,3.9,0,24.1,20.1,67.0,1005.3
2025-08-30T10:13:36.054000+00:00,9915,203,1267,4.4,0,24.2,20.0,67.0,1005.4
2025-08-30T10:14:36.072000+00:00,9915,211,1267,4.4,0,24.3,20.0,67.0,1005.3
2025-08-30T10:15:36.085000+00:00,9915,206,1267,4.3,0,24.3,20.0,67.0,1005.4
2025-08-30T10:16:36.060000+00:00,9915,228,1267,4.0,0,24.6,20.0,66.0,1005.3
2025-08-30T10:17:36.069000+00:00,9915,211,1267,4.5,0,24.9,20.0,66.0,1005.3
2025-08-30T10:18:36.085000+00:00,9915,213,1267,4.9,0,24.9,20.1,66.0,1005.3
2025-08-30T10:19:36.083000+00:00,9915,188,1267,4.3,0,24.9,20.1,67.0,1005.3
2025-08-30T10:20:36.084000+00:00,9915,207,1267,4.0,0,24.9,20.1,66.0,1005.4
2025-08-30T10:21:36.128000+00:00,9915,220,1267,4.2,0,24.7,20.1,67.0,1005.5
2025-08-30T10:22:36.139000+00:00,9915,207,1267,3.4,0,24.7,20.1,68.0,1005.3
2025-08-30T10:23:36.127000+00:00,9915,195,1267,3.9,0,24.7,20.0,68.0,1005.5
2025-08-30T10:24:36.122000+00:00,9915,211,1267,2.9,0,25.2,20.0,69.0,1005.3
2025-08-30T10:25:36.134000+00:00,9915,224,1267,3.3,0,25.3,20.1,68.0,1005.3
2025-08-30T10:26:36.141000+00:00,9915,210,1267,3.4,0,25.4,20.1,68.0,1005.3
2025-08-30T10:27:36.154000+00:00,9915,198,1267,3.6,0,25.5,20.1,67.0,1005.3
2025-08-30T10:28:36.173000+00:00,9915,205,1267,3.8,0,25.3,20.2,68.0,1005.3
2025-08-30T10:29:36.188000+00:00,9915,212,1267,3.8,0,25.3,20.2,68.0,1005.3
2025-08-30T10:30:36.205000+00:00,9915,208,1267,4.1,0,25.2,20.2,67.0,1005.3
2025-08-30T10:31:36.204000+00:00,9915,209,1267,4.6,0,25.3,20.1,66.0,1005.3
2025-08-30T10:32:36.206000+00:00,9915,211,1267,4.3,0,25.6,20.1,66.0,1005.4
2025-08-30T10:33:36.230000+00:00,9915,226,1267,4.8,0,25.6,20.1,67.0,1005.2
2025-08-30T10:34:36.225000+00:00,9915,192,1267,4.6,0,25.8,20.2,66.0,1005.3
2025-08-30T10:35:36.231000+00:00,9915,195,1267,3.9,0,25.8,20.2,66.0,1005.3
2025-08-30T10:36:36.244000+00:00,9915,202,1267,3.9,0,25.8,20.2,67.0,1005.3
2025-08-30T12:46:37.027000+00:00,9916,215,1267,3.8,0,33.9,20.5,65.0,1006.2
2025-08-30T12:47:36.980000+00:00,9916,209,1267,4.7,0,34.1,20.6,65.0,1006.1
2025-08-30T12:48:36.990000+00:00,9916,221,1267,3.4,0,34.0,20.6,66.0,1006.1
2025-08-30T12:49:36.996000+00:00,9916,216,1267,3.6,0,34.0,20.6,66.0,1006.3
2025-08-30T12:50:36.994000+00:00,9916,224,1267,4.3,0,33.7,20.6,66.0,1006.2
2025-08-30T12:51:36.987000+00:00,9916,209,1267,3.8,0,34.1,20.6,66.0,1006.1
2025-08-30T12:52:36.988000+00:00,9916,205,1267,3.6,0,34.3,20.6,64.0,1006.2
2025-08-30T12:53:37+00:00,9916,198,1267,4.2,0,34.3,20.6,63.0,1006.1
2025-08-30T12:54:37.011000+00:00,9916,213,1267,3.7,0,34.3,20.5,64.0,1006.2
2025-08-30T12:55:37.013000+00:00,9916,206,1267,3.5,0,34.3,20.5,64.0,1006.2
2025-08-30T12:56:37.019000+00:00,9916,211,1267,3.5,0,34.3,20.4,64.0,1006.1
2025-08-30T12:57:37.050000+00:00,9916,207,1267,4.0,0,34.3,20.4,65.0,1006.2
2025-08-30T12:58:37.049000+00:00,9916,200,1267,3.7,0,34.3,20.4,65.0,1006.2
2025-08-30T12:59:37.060000+00:00,9916,210,1267,4.0,0,34.4,20.5,63.0,1006.1
2025-08-30T13:00:37.089000+00:00,9916,197,1267,3.6,0,34.4,20.5,64.0,1006.1
2025-08-30T13:01:37.083000+00:00,9916,186,1267,3.7,0,34.4,20.5,64.0,1006.1
2025-08-30T13:02:37.077000+00:00,9916,187,1267,4.0,0,33.9,20.5,64.0,1006.2
2025-08-30T13:03:37.115000+00:00,9916,196,1267,4.0,0,34.1,20.4,63.0,1006.1
2025-08-30T13:04:37.115000+00:00,9916,214,1267,3.8,0,34.4,20.5,63.0,1006.2
2025-08-30T13:05:37.109000+00:00,9916,194,1267,4.8,0,34.2,20.5,64.0,1006.1
2025-08-30T13:06:37.125000+00:00,9916,193,1267,4.0,0,34.2,20.5,64.0,1006.1
2025-08-30T13:07:37.157000+00:00,9916,215,1267,3.6,0,34.4,20.6,62.0,1006.1
2025-08-30T13:08:37.209000+00:00,9916,232,1267,4.3,0,34.2,20.5,63.0,1006.2
2025-08-30T13:09:37.176000+00:00,9916,219,1267,3.5,0,34.2,20.5,63.0,1006.1
2025-08-30T13:10:37.175000+00:00,9916,206,1267,4.6,0,34.1,20.6,62.0,1006.1
2025-08-30T13:11:37.198000+00:00,9916,212,1267,4.7,0,34.2,20.6,62.0,1006.2
2025-08-30T13:12:37.201000+00:00,9916,211,1267,5.3,0,34.2,20.7,63.0,1006.3
2025-08-30T13:13:37.211000+00:00,9916,214,1267,4.4,0,34.2,20.8,63.0,1006.1
2025-08-30T13:14:37.209000+00:00,9916,202,1267,4.0,0,34.0,20.7,63.0,1006.2
2025-08-30T13:15:37.214000+00:00,9916,201,1267,4.0,0,34.3,20.6,63.0,1006.2
2025-08-30T13:16:37.214000+00:00,9916,201,1267,3.6,0,34.3,20.6,64.0,1006.2
2025-08-30T13:17:37.230000+00:00,9916,187,1267,4.0,0,34.2,20.6,63.0,1006.1
2025-08-30T13:18:37.221000+00:00,9916,198,1267,3.6,0,34.4,20.7,64.0,1006.2
2025-08-30T13:19:37.256000+00:00,9916,208,1267,4.3,0,34.5,20.8,65.0,1006.2
2025-08-30T13:20:37.241000+00:00,9916,208,1267,4.0,0,34.4,20.8,64.0,1006.1
2025-08-30T13:21:37.265000+00:00,9916,195,1267,4.6,0,34.3,20.8,64.0,1006.2
2025-08-30T13:22:37.276000+00:00,9916,196,1267,3.6,0,34.3,20.7,64.0,1006.2
2025-08-30T13:23:37.341000+00:00,9916,194,1267,3.6,0,34.3,20.6,64.0,1006.2
2025-08-30T13:24:37.307000+00:00,9916,219,1267,3.8,0,34.1,20.6,64.0,1006.2
2025-08-30T13:25:37.301000+00:00,9916,218,1267,4.3,0,34.1,20.6,65.0,1006.2
2025-08-30T13:26:37.307000+00:00,9916,219,1267,4.0,0,34.1,20.6,66.0,1006.2
2025-08-30T13:27:37.323000+00:00,9916,212,1267,4.3,0,34.1,20.5,65.0,1006.2
2025-08-30T13:28:37.329000+00:00,9916,214,1267,5.3,0,33.8,20.5,66.0,1006.3
2025-08-30T13:29:37.349000+00:00,9916,228,1267,3.6,0,33.8,20.7,66.0,1006.2
2025-08-30T13:30:37.326000+00:00,9916,203,1267,5.2,0,34.3,20.6,65.0,1006.1
2025-08-30T13:31:37.340000+00:00,9916,225,1267,3.2,0,33.9,20.7,65.0,1006.2
2025-08-30T13:32:37.365000+00:00,9916,202,1267,3.9,0,34.2,20.7,65.0,1006.1
2025-08-30T13:33:37.381000+00:00,9916,197,1267,4.0,0,34.3,20.8,64.0,1006.2
2025-08-30T13:34:37.355000+00:00,9916,209,1267,4.1,0,34.3,20.8,64.0,1006.2
2025-08-30T13:35:37.350000+00:00,9916,213,1267,4.7,0,34.4,20.7,65.0,1006.2
2025-08-30T13:36:37.382000+00:00,9916,209,1267,3.7,0,34.5,20.8,65.0,1006.1
2025-08-30T13:37:37.394000+00:00,9916,223,1267,5.1,0,34.1,20.7,66.0,1006.3
2025-08-30T13:38:37.400000+00:00,9916,223,1267,4.0,0,33.9,20.6,66.0,1006.2
2025-08-30T13:39:37.441000+00:00,9916,206,1267,4.7,0,34.2,20.6,67.0,1006.1
2025-08-30T13:40:37.434000+00:00,9916,216,1267,4.5,0,34.2,20.6,67.0,1006.1
2025-08-30T13:41:37.444000+00:00,9916,211,1267,4.8,0,34.2,20.7,66.0,1006.1
2025-08-30T13:42:37.445000+00:00,9916,200,1267,4.5,0,34.2,20.7,66.0,1006.1
2025-08-30T13:43:37.444000+00:00,9916,210,1267,4.3,0,34.3,20.7,65.0,1006.2
2025-08-30T13:44:37.455000+00:00,9916,207,1267,3.7,0,34.3,20.6,66.0,1006.1
2025-08-30T13:45:37.455000+00:00,9916,204,1267,3.8,0,34.2,20.6,64.0,1006.1
2025-08-30T13:46:37.456000+00:00,9916,207,1267,3.9,0,34.2,20.5,64.0,1006.2
2025-08-30T13:47:37.446000+00:00,9916,206,1267,4.3,0,34.2,20.5,65.0,1006.1
2025-08-30T13:48:37.462000+00:00,9916,206,1267,4.3,0,34.2,20.5,65.0,1006.1
2025-08-30T13:49:37.464000+00:00,9916,197,1267,3.6,0,34.2,20.5,66.0,1006.1
2025-08-30T13:50:37.494000+00:00,9916,203,1267,3.9,0,34.2,20.5,66.0,1006.1
2025-08-30T13:51:37.494000+00:00,9916,201,1267,3.8,0,34.3,20.5,66.0,1006.1
2025-08-30T13:52:37.531000+00:00,9916,209,1267,3.9,0,34.3,20.5,65.0,1006.1
2025-08-30T13:53:37.514000+00:00,9916,219,1267,5.0,0,34.4,20.6,66.0,1006.1
2025-08-30T13:54:37.512000+00:00,9916,195,1267,4.0,0,34.5,20.7,65.0,1006.1
2025-08-30T13:55:37.528000+00:00,9916,197,1267,3.3,0,34.3,20.7,63.0,1006.1
2025-08-30T13:56:37.542000+00:00,9916,197,1267,3.3,0,34.3,20.6,63.0,1006.1
2025-08-30T13:57:37.558000+00:00,9916,208,1267,3.5,0,34.4,20.6,64.0,1006.1
2025-08-30T13:58:37.570000+00:00,9916,191,1267,4.3,0,34.4,20.7,63.0,1006.1
2025-08-30T13:59:37.587000+00:00,9916,207,1267,4.0,0,34.2,20.6,64.0,1006.0
2025-08-30T14:00:37.593000+00:00,9916,211,1267,4.2,0,34.2,20.5,64.0,1006.1
2025-08-30T14:01:37.586000+00:00,9916,196,1267,3.6,0,34.4,20.5,65.0,1006.2
2025-08-30T14:02:37.591000+00:00,9916,202,1267,2.8,0,34.6,20.5,65.0,1006.2
2025-08-30T14:03:37.606000+00:00,9916,221,1267,3.4,0,34.6,20.5,64.0,1006.1
2025-08-03T12:26:33.523000+00:00,9928,248,1266,2.5,0,35.9,22.3,59.0,987.2
2025-08-03T12:27:33.525000+00:00,9928,253,1266,2.6,0,36.3,22.3,60.0,987.2
2025-08-03T12:28:33.526000+00:00,9928,250,1266,2.2,0,36.5,22.4,58.0,987.3
2025-08-03T12:29:33.514000+00:00,9928,260,1266,3.1,0,36.4,22.4,58.0,987.2
2025-08-03T12:30:33.530000+00:00,9928,265,1266,2.5,0,35.9,22.4,58.0,987.3
2025-08-03T12:31:33.508000+00:00,9928,253,1266,2.1,0,35.9,22.4,58.0,987.3
2025-08-03T12:32:33.523000+00:00,9928,268,1266,2.3,0,35.5,22.4,58.0,987.2
2025-08-03T12:33:33.524000+00:00,9928,273,1266,2.4,0,35.4,22.3,57.0,987.3
2025-08-03T12:34:33.521000+00:00,9928,251,1266,2.4,0,35.7,22.3,56.0,987.3
2025-08-03T12:35:33.522000+00:00,9928,267,1266,2.0,0,35.0,22.2,55.0,987.2
2025-08-03T12:36:33.538000+00:00,9928,268,1266,2.9,0,33.3,22.1,56.0,987.2
2025-08-03T12:37:33.522000+00:00,9928,259,1266,2.6,0,31.8,22.1,56.0,987.3
2025-08-03T12:38:33.529000+00:00,9928,281,1266,2.5,0,32.4,22.1,55.0,987.2
2025-08-03T12:39:33.528000+00:00,9928,252,1266,2.7,0,33.9,22.0,57.0,987.2
2025-08-03T12:40:33.536000+00:00,9928,253,1266,2.0,0,33.7,22.0,57.0,987.2
2025-08-03T12:41:33.527000+00:00,9928,280,1266,2.9,0,33.5,22.0,58.0,987.2
2025-08-03T12:42:33.534000+00:00,9928,256,1266,2.3,0,32.8,21.9,57.0,987.3
2025-08-03T12:43:33.527000+00:00,9928,263,1266,2.3,0,32.6,21.9,58.0,987.1
2025-08-03T12:44:33.528000+00:00,9928,257,1266,1.9,0,32.1,22.0,58.0,987.1
2025-08-03T12:45:33.544000+00:00,9928,289,1266,2.0,0,32.8,22.0,57.0,987.1
2025-08-03T12:46:33.568000+00:00,9928,260,1266,2.7,0,33.3,22.0,59.0,987.1
2025-08-03T12:47:33.581000+00:00,9928,286,1266,2.2,0,33.7,22.0,59.0,987.2
2025-08-03T12:48:33.589000+00:00,9928,248,1266,2.6,0,33.7,22.0,58.0,987.1
2025-08-03T12:49:33.585000+00:00,9928,259,1266,3.1,0,33.5,21.9,56.0,987.1
2025-08-03T12:50:33.589000+00:00,9928,265,1266,2.7,0,33.1,22.0,57.0,987.2
2025-08-03T12:51:33.607000+00:00,9928,256,1266,3.1,0,33.2,21.9,58.0,987.1
2025-08-03T12:52:33.617000+00:00,9928,262,1266,1.9,0,33.2,21.9,57.0,987.2
2025-08-03T12:53:33.618000+00:00,9928,246,1266,1.7,0,33.2,21.9,57.0,987.1
2025-08-03T12:54:33.614000+00:00,9928,262,1266,2.1,0,31.6,21.9,57.0,987.0
2025-08-03T12:55:33.621000+00:00,9928,265,1266,2.4,0,31.6,21.9,57.0,987.1
2025-08-03T12:56:33.615000+00:00,9928,268,1266,2.8,0,31.6,21.8,57.0,987.1
2025-08-03T12:57:33.622000+00:00,9928,266,1266,3.1,0,31.9,21.8,57.0,987.1
2025-08-03T12:58:33.622000+00:00,9928,262,1266,2.2,0,32.6,21.8,58.0,987.1
2025-08-03T12:59:33.606000+00:00,9928,263,1266,2.6,0,32.6,21.7,57.0,987.2
2025-08-03T13:00:33.611000+00:00,9928,265,1266,2.5,0,32.6,21.7,57.0,987.1
2025-08-03T13:01:33.638000+00:00,9928,271,1266,2.6,0,32.6,21.7,57.0,987.1
2025-08-03T13:02:33.642000+00:00,9928,273,1266,3.0,0,32.1,21.6,57.0,987.2
2025-08-03T13:03:33.621000+00:00,9928,267,1266,2.8,0,31.9,21.6,58.0,987.2
2025-08-03T13:04:33.634000+00:00,9928,254,1266,2.5,0,31.9,21.7,58.0,987.2
2025-08-03T13:05:33.621000+00:00,9928,284,1266,2.9,0,32.3,21.8,57.0,987.3
2025-08-03T13:06:33.607000+00:00,9928,286,1266,3.2,0,31.7,21.8,58.0,987.2
2025-08-03T13:07:33.625000+00:00,9928,276,1266,2.6,0,31.6,21.8,58.0,987.3
2025-08-03T13:08:33.634000+00:00,9928,263,1266,2.9,0,31.5,21.8,58.0,987.3
2025-08-03T13:09:33.627000+00:00,9928,277,1266,3.1,0,31.4,21.8,59.0,987.2
2025-08-03T13:10:33.622000+00:00,9928,285,1266,2.2,0,31.4,21.9,58.0,987.2
2025-08-03T13:11:33.626000+00:00,9928,275,1266,2.9,0,31.4,21.9,58.0,987.3
2025-08-03T13:12:33.630000+00:00,9928,281,1266,2.3,0,31.4,21.9,58.0,987.3
2025-08-03T13:13:33.625000+00:00,9928,201,1266,1.6,0,31.7,21.9,58.0,987.2
2025-08-03T13:14:33.640000+00:00,9928,250,1266,1.9,0,31.7,22.0,58.0,987.2
2025-08-03T13:15:33.655000+00:00,9928,239,1266,1.4,0,32.0,22.1,58.0,987.1
2025-08-03T13:16:33.664000+00:00,9928,277,1266,2.6,0,31.4,22.0,58.0,987.2
2025-08-03T13:17:33.688000+00:00,9928,256,1266,2.5,0,31.2,21.9,58.0,987.3
2025-08-03T13:18:33.700000+00:00,9928,292,1266,1.9,0,31.1,21.9,58.0,987.2
2025-08-03T13:19:33.712000+00:00,9928,277,1266,2.8,0,31.2,21.9,58.0,987.2
2025-08-03T13:20:33.695000+00:00,9928,267,1266,3.0,0,30.8,21.8,59.0,987.2
2025-08-03T13:21:33.726000+00:00,9928,292,1266,2.5,0,30.8,21.8,59.0,987.2
2025-08-03T13:22:33.738000+00:00,9928,265,1266,1.7,0,31.2,21.9,59.0,987.1
2025-08-03T13:23:33.726000+00:00,9928,236,1266,1.5,0,31.3,21.9,58.0,987.1
2025-08-03T13:24:33.736000+00:00,9928,295,1266,1.8,0,31.2,21.9,58.0,987.0
2025-08-03T13:25:33.748000+00:00,9928,271,1266,2.7,0,31.1,21.9,58.0,987.0
2025-08-03T13:26:33.768000+00:00,9928,258,1266,1.3,0,31.1,22.0,58.0,987.1
2025-08-03T13:27:33.772000+00:00,9928,241,1266,2.1,0,31.5,22.0,57.0,987.1
2025-08-03T13:28:33.772000+00:00,9928,236,1266,2.0,0,31.5,22.0,57.0,987.2
2025-08-03T13:29:33.766000+00:00,9928,260,1266,2.4,0,31.6,22.0,58.0,987.1
2025-08-03T13:30:33.776000+00:00,9928,245,1266,2.5,0,31.5,22.0,58.0,987.0
2025-08-03T13:31:33.757000+00:00,9928,284,1266,1.7,0,31.7,22.0,58.0,987.0
2025-08-03T13:32:33.761000+00:00,9928,252,1266,1.7,0,31.8,22.0,58.0,987.0
2025-08-03T13:33:33.771000+00:00,9928,267,1266,2.8,0,31.5,22.0,58.0,987.0
2025-08-03T13:34:33.762000+00:00,9928,239,1266,3.2,0,31.5,22.0,58.0,986.9
2025-08-03T13:35:33.772000+00:00,9928,257,1266,3.0,0,31.8,22.0,58.0,986.9
2025-08-03T13:36:33.769000+00:00,9928,258,1266,2.1,0,31.8,22.0,58.0,987.0
2025-08-03T13:37:33.779000+00:00,9928,235,1266,2.5,0,31.9,22.0,58.0,987.0
2025-08-03T13:38:33.786000+00:00,9928,270,1266,1.8,0,31.7,22.1,57.0,986.9
2025-08-03T13:39:33.791000+00:00,9928,259,1266,2.5,0,31.8,22.1,57.0,987.0
2025-08-03T13:40:33.791000+00:00,9928,277,1266,2.5,0,31.9,22.1,57.0,986.9
2025-08-03T13:41:33.771000+00:00,9928,246,1266,2.9,0,31.9,22.1,58.0,986.9
2025-08-03T13:42:33.775000+00:00,9928,283,1266,1.9,0,31.8,22.1,58.0,986.9
2025-08-03T13:43:33.784000+00:00,9928,266,1266,2.0,0,31.8,22.1,57.0,986.9
2025-08-03T13:44:33.775000+00:00,9928,283,1266,2.3,0,31.8,22.1,58.0,987.0
2025-08-03T13:45:33.797000+00:00,9928,268,1266,1.8,0,31.8,22.1,57.0,986.9
2025-08-03T13:46:33.775000+00:00,9928,253,1266,1.5,0,31.9,22.1,57.0,986.9
2025-08-03T13:47:33.786000+00:00,9928,254,1266,1.9,0,31.8,22.1,57.0,986.9
2025-08-03T13:48:33.791000+00:00,9928,262,1266,1.3,0,31.6,22.1,56.0,987.0
2025-08-03T13:49:33.790000+00:00,9928,204,1266,1.6,0,31.7,22.0,57.0,987.0
2025-08-03T13:50:33.782000+00:00,9928,256,1266,1.0,0,31.8,22.1,57.0,987.0
2025-08-03T13:51:33.783000+00:00,9928,278,1266,1.0,0,32.0,22.1,57.0,987.0
2025-08-03T13:52:33.792000+00:00,9928,258,1266,1.6,0,32.1,22.1,56.0,987.0
2025-08-03T13:53:33.791000+00:00,9928,264,1266,1.4,0,32.0,22.1,57.0,987.1
2025-08-03T13:54:33.793000+00:00,9928,265,1266,2.1,0,31.6,22.1,57.0,987.0
2025-08-03T13:55:33.783000+00:00,9928,256,1266,3.0,0,31.5,22.1,57.0,987.0
2025-08-03T13:56:33.784000+00:00,9928,275,1266,2.1,0,31.5,22.1,57.0,987.1
2025-08-03T13:57:33.778000+00:00,9928,225,1266,2.4,0,31.6,22.1,58.0,987.0
2025-08-03T13:58:33.792000+00:00,9928,204,1266,1.0,0,31.9,22.2,57.0,987.0
2025-08-03T13:59:33.791000+00:00,9928,307,1266,1.1,0,31.9,22.2,56.0,987.1
2025-08-03T14:00:33.793000+00:00,9928,259,1266,1.5,0,31.6,22.2,56.0,987.0
2025-08-03T14:01:33.790000+00:00,9928,208,1266,1.1,0,31.6,22.2,56.0,987.0
2025-08-03T14:02:33.785000+00:00,9928,198,1266,1.6,0,31.6,22.3,56.0,987.1
2025-08-03T14:03:33.797000+00:00,9928,281,1266,1.2,0,31.6,22.2,56.0,987.0
2025-08-03T14:04:33.830000+00:00,9928,242,1266,2.0,0,31.5,22.2,56.0,987.1
2025-08-03T14:05:33.796000+00:00,9928,293,1266,1.7,0,31.3,22.2,55.0,987.1
2025-08-03T14:06:33.793000+00:00,9928,268,1266,1.8,0,31.2,22.1,55.0,987.0
2025-08-03T14:07:33.852000+00:00,9928,258,1266,3.0,0,31.0,22.1,56.0,987.1
2025-08-03T14:08:33.787000+00:00,9928,266,1266,2.1,0,30.9,22.1,56.0,987.1
2025-08-03T14:09:33.803000+00:00,9928,274,1266,1.4,0,31.2,22.1,56.0,987.0
2025-08-03T14:10:33.813000+00:00,9928,289,1266,1.8,0,31.1,22.0,56.0,987.0
2025-08-03T14:11:33.797000+00:00,9928,259,1266,1.2,0,31.3,22.0,56.0,987.1
2025-08-03T14:12:33.804000+00:00,9928,199,1266,1.2,0,31.3,22.0,56.0,987.1
2025-08-03T14:13:33.804000+00:00,9928,166,1266,0.9,0,31.0,22.0,56.0,987.2
2025-08-03T14:14:33.796000+00:00,9928,260,1266,1.1,0,31.0,22.0,56.0,987.1
2025-08-03T14:15:33.814000+00:00,9928,213,1266,2.2,0,30.7,22.0,56.0,987.1
2025-08-03T14:16:33.799000+00:00,9928,284,1266,1.2,0,30.8,22.0,56.0,987.2
2025-08-03T14:17:33.799000+00:00,9928,204,1266,0.8,0,31.0,22.0,56.0,987.2
2025-08-03T14:18:33.806000+00:00,9928,277,1266,2.0,0,30.9,22.0,55.0,987.3
2025-08-03T14:19:33.824000+00:00,9928,254,1266,2.6,0,30.7,22.0,57.0,987.3
2025-08-03T14:20:33.801000+00:00,9928,293,1266,1.3,0,30.7,22.0,56.0,987.3
2025-08-03T14:21:33.805000+00:00,9928,252,1266,1.1,0,30.7,22.0,57.0,987.3
2025-08-03T14:22:33.806000+00:00,9928,271,1266,1.0,0,30.8,22.0,56.0,987.2
2025-08-03T14:23:33.798000+00:00,9928,289,1266,2.9,0,30.8,22.0,57.0,987.2
2025-08-03T14:24:33.798000+00:00,9928,272,1266,3.0,0,30.6,22.0,56.0,987.2
2025-08-03T14:25:33.817000+00:00,9928,261,1266,2.1,0,30.6,22.1,57.0,987.1
2025-08-03T14:26:33.819000+00:00,9928,249,1266,1.5,0,30.6,22.1,57.0,987.2
2025-08-03T14:27:33.808000+00:00,9928,215,1266,2.2,0,31.1,22.1,56.0,987.1
2025-08-03T14:28:33.815000+00:00,9928,277,1266,2.0,0,31.1,22.1,57.0,987.2
2025-08-03T14:29:33.821000+00:00,9928,265,1266,1.9,0,30.9,22.1,57.0,987.1
2025-08-03T14:30:33.816000+00:00,9928,294,1266,2.0,0,31.1,22.1,57.0,987.2
2025-08-03T14:31:33.813000+00:00,9928,298,1266,1.9,0,31.3,22.2,56.0,987.2
2025-08-03T14:32:33.819000+00:00,9928,129,1266,1.0,0,32.0,22.3,56.0,987.2
2025-08-03T14:33:33.812000+00:00,9928,291,1266,0.4,0,32.0,22.4,55.0,987.2
2025-08-03T14:34:33.810000+00:00,9928,290,1266,1.2,0,31.6,22.4,55.0,987.2
2025-08-03T14:35:33.815000+00:00,9928,259,1266,1.6,0,31.6,22.4,55.0,987.2
2025-08-03T14:36:33.848000+00:00,9928,267,1266,1.8,0,31.6,22.4,55.0,987.3
2025-08-03T14:37:33.836000+00:00,9928,282,1266,2.1,0,31.8,22.4,56.0,987.2
2025-08-03T14:38:33.900000+00:00,9928,208,1266,1.8,0,31.8,22.4,56.0,987.2
2025-08-03T14:39:33.871000+00:00,9928,257,1266,1.4,0,32.0,22.4,56.0,987.2
2025-08-03T14:40:33.868000+00:00,9928,96,1266,1.6,0,32.2,22.5,56.0,987.2
2025-08-03T14:41:33.871000+00:00,9928,264,1266,0.9,0,32.2,22.5,55.0,987.3
2025-09-05T14:45:53.389000+00:00,9906,327,1268,1.6,0,40.8,26.9,36.0,994.7
2025-09-05T14:46:53.388000+00:00,9906,307,1268,1.9,0,40.8,26.9,36.0,994.6
2025-09-05T14:47:53.389000+00:00,9906,347,1268,1.8,0,40.7,27.0,35.0,994.6
2025-09-05T14:48:53.389000+00:00,9906,22,1268,1.6,0,40.9,27.0,35.0,994.6
2025-09-05T14:49:53.389000+00:00,9906,350,1268,1.4,0,40.9,27.0,34.0,994.6
2025-09-05T14:50:53.389000+00:00,9906,351,1268,1.8,0,40.6,26.9,34.0,994.7
2025-09-05T14:51:53.386000+00:00,9906,358,1268,1.5,0,40.6,26.8,33.0,994.6
2025-09-05T14:52:53.382000+00:00,9906,14,1268,1.6,0,40.6,26.8,33.0,994.6
2025-09-05T14:53:53.393000+00:00,9906,323,1268,1.9,0,40.6,26.9,34.0,994.6
2025-09-05T14:54:53.390000+00:00,9906,334,1268,2.4,0,40.7,26.9,35.0,994.6
2025-09-05T14:55:53.390000+00:00,9906,346,1268,1.8,0,40.8,26.8,34.0,994.7
2025-09-05T14:56:53.412000+00:00,9906,340,1268,2.0,0,40.7,26.8,35.0,994.6
2025-09-05T14:57:53.385000+00:00,9906,30,1268,2.4,0,40.4,26.8,34.0,994.7
2025-09-05T14:58:53.390000+00:00,9906,333,1268,1.7,0,41.0,26.8,33.0,994.6
2025-09-05T14:59:53.413000+00:00,9906,352,1268,2.1,0,41.0,26.7,34.0,994.5
2025-09-05T15:00:53.413000+00:00,9906,335,1268,2.3,0,40.9,26.7,34.0,994.5
2025-09-05T15:01:53.419000+00:00,9906,0,1268,2.2,0,40.9,26.7,33.0,994.6
2025-09-05T15:02:53.413000+00:00,9906,1,1268,1.9,0,40.7,26.7,33.0,994.7
2025-09-05T15:03:53.419000+00:00,9906,1,1268,1.9,0,40.7,26.7,33.0,994.7
2025-09-05T15:04:53.439000+00:00,9906,348,1268,1.5,0,40.7,26.7,32.0,994.7
2025-09-05T15:05:53.468000+00:00,9906,336,1268,0.9,0,40.7,26.8,32.0,994.7
2025-09-05T15:06:53.453000+00:00,9906,336,1268,0.9,0,40.7,26.8,31.0,994.5
2025-09-05T15:07:53.467000+00:00,9906,6,1268,2.5,0,40.4,26.9,30.0,994.6
2025-09-05T15:08:53.476000+00:00,9906,0,1268,2.0,0,40.4,26.9,31.0,994.7
2025-09-05T15:09:53.503000+00:00,9906,287,1268,0.7,0,40.6,26.8,31.0,994.7
2025-09-05T15:10:53.496000+00:00,9906,12,1268,2.1,0,40.5,26.8,30.0,994.7
2025-09-05T15:11:53.502000+00:00,9906,358,1268,2.8,0,40.0,26.9,29.0,994.6
2025-09-05T15:12:53.515000+00:00,9906,20,1268,3.2,0,39.7,26.9,29.0,994.6
2025-09-05T15:13:53.516000+00:00,9906,33,1268,3.0,0,39.7,26.7,30.0,994.7
2025-09-05T15:14:53.535000+00:00,9906,38,1268,3.4,0,39.6,26.6,30.0,994.6
2025-09-05T15:15:53.533000+00:00,9906,22,1268,2.4,0,39.6,26.6,30.0,994.6
2025-09-05T15:16:53.538000+00:00,9906,354,1268,2.8,0,39.5,26.6,29.0,994.6
2025-09-05T15:17:53.538000+00:00,9906,5,1268,2.4,0,39.5,26.5,31.0,994.6
2025-09-05T15:18:53.539000+00:00,9906,347,1268,1.8,0,39.6,26.4,30.0,994.6
2025-09-05T15:19:53.549000+00:00,9906,314,1268,1.6,0,39.6,26.5,30.0,994.5
2025-09-05T15:20:53.534000+00:00,9906,274,1268,1.1,0,39.3,26.4,31.0,994.6
2025-09-05T15:21:53.540000+00:00,9906,10,1268,1.4,0,39.4,26.5,31.0,994.6
2025-09-05T15:22:53.537000+00:00,9906,10,1268,2.4,0,39.4,26.5,30.0,994.7
2025-09-05T15:23:53.529000+00:00,9906,287,1268,1.7,0,39.4,26.5,29.0,994.5
2025-09-05T15:24:53.556000+00:00,9906,356,1268,1.2,0,39.2,26.4,30.0,994.6
2025-09-05T15:25:53.550000+00:00,9906,350,1268,1.5,0,39.0,26.4,29.0,994.5
2025-09-05T15:26:53.570000+00:00,9906,12,1268,1.8,0,39.0,26.5,30.0,994.6
2025-09-05T15:27:53.582000+00:00,9906,345,1268,2.1,0,39.1,26.4,29.0,994.6
2025-09-05T15:28:53.595000+00:00,9906,6,1268,2.0,0,39.0,26.4,30.0,994.6
2025-09-05T15:29:53.594000+00:00,9906,329,1268,1.9,0,39.0,26.4,30.0,994.5
2025-09-05T15:30:53.589000+00:00,9906,331,1268,1.5,0,38.8,26.4,31.0,994.5
2025-09-05T15:31:53.600000+00:00,9906,0,1268,2.4,0,38.8,26.4,30.0,994.6
2025-09-05T15:32:53.609000+00:00,9906,237,1268,0.7,0,38.6,26.5,31.0,994.6
2025-09-05T15:33:53.625000+00:00,9906,262,1268,1.1,0,38.5,26.5,33.0,994.7
2025-09-05T15:34:53.638000+00:00,9906,211,1268,2.0,0,38.1,26.5,33.0,994.7
2025-09-05T15:35:53.647000+00:00,9906,327,1268,1.9,0,38.4,26.5,33.0,994.6
2025-09-05T15:36:53.643000+00:00,9906,331,1268,1.6,0,38.5,26.5,32.0,994.6
2025-09-05T15:37:53.638000+00:00,9906,352,1268,1.3,0,38.5,26.4,33.0,994.6
2025-09-05T15:38:53.647000+00:00,9906,302,1268,1.5,0,38.5,26.4,32.0,994.7
2025-09-05T15:39:53.626000+00:00,9906,301,1268,1.7,0,38.4,26.5,30.0,994.6
2025-09-05T15:40:53.641000+00:00,9906,307,1268,1.6,0,38.8,26.5,33.0,994.7
2025-09-05T15:41:53.663000+00:00,9906,285,1268,1.4,0,38.8,26.5,29.0,994.5
2025-09-05T15:42:53.681000+00:00,9906,337,1268,2.2,0,38.8,26.4,29.0,994.6
2025-09-05T15:43:53.681000+00:00,9906,282,1268,2.4,0,38.4,26.4,29.0,994.4
2025-09-05T15:44:53.682000+00:00,9906,340,1268,2.7,0,38.3,26.3,30.0,994.6
2025-09-05T15:45:53.682000+00:00,9906,315,1268,1.4,0,38.3,26.4,30.0,994.6
2025-09-05T15:46:53.684000+00:00,9906,40,1268,1.0,0,38.1,26.3,30.0,994.5
2025-09-05T15:47:53.682000+00:00,9906,211,1268,0.9,0,38.1,26.2,30.0,994.6
2025-09-05T15:48:53.684000+00:00,9906,332,1268,1.3,0,38.0,26.2,30.0,994.5
2025-09-05T15:49:53.684000+00:00,9906,231,1268,1.3,0,37.8,26.2,29.0,994.6
2025-09-05T15:50:53.684000+00:00,9906,46,1268,1.1,0,37.6,26.3,29.0,994.5
2025-09-05T15:51:53.684000+00:00,9906,255,1268,1.1,0,36.6,26.3,30.0,994.6
2025-09-05T15:52:53.685000+00:00,9906,66,1268,1.0,0,36.1,26.3,30.0,994.6
2025-09-05T15:53:53.690000+00:00,9906,242,1268,1.3,0,35.9,26.3,31.0,994.7
2025-09-05T15:54:53.689000+00:00,9906,292,1268,1.6,0,35.6,26.3,31.0,994.6
2025-09-05T15:55:53.686000+00:00,9906,209,1268,2.0,0,35.3,26.2,32.0,994.7
2025-09-05T15:56:53.685000+00:00,9906,283,1268,2.1,0,35.4,26.3,31.0,994.7
2025-09-05T15:57:53.724000+00:00,9906,203,1268,1.4,0,35.3,26.2,31.0,994.6
2025-09-05T15:58:53.713000+00:00,9906,231,1268,1.9,0,35.0,26.3,31.0,994.6
2025-09-05T15:59:53.724000+00:00,9906,215,1268,1.7,0,34.8,26.3,32.0,994.7
2025-09-05T16:00:53.732000+00:00,9906,210,1268,1.8,0,34.8,26.3,31.0,994.6
2025-09-05T16:01:53.757000+00:00,9906,341,1268,1.4,0,34.9,26.2,31.0,994.7
2025-09-05T16:02:53.778000+00:00,9906,295,1268,1.3,0,34.9,26.2,31.0,994.6
2025-09-05T16:03:53.786000+00:00,9906,265,1268,0.7,0,34.6,26.1,32.0,994.6
2025-09-05T16:04:53.785000+00:00,9906,269,1268,2.0,0,34.6,26.1,32.0,994.6
2025-09-05T16:05:53.794000+00:00,9906,325,1268,1.7,0,34.5,26.0,31.0,994.6
2025-08-31T12:07:45.075000+00:00,9920,227,1267,3.5,0,28.5,20.3,67.0,1006.6
2025-08-31T12:08:45.084000+00:00,9920,179,1267,3.1,0,28.4,20.3,68.0,1006.5
2025-08-31T12:09:45.081000+00:00,9920,212,1267,2.4,0,28.4,20.3,68.0,1006.5
2025-08-31T12:10:45.077000+00:00,9920,196,1267,2.4,0,28.7,20.3,68.0,1006.5
2025-08-31T12:11:45.079000+00:00,9920,251,1267,2.1,0,28.3,20.3,69.0,1006.6
2025-08-31T12:12:45.085000+00:00,9920,233,1267,2.2,0,28.3,20.3,69.0,1006.5
2025-08-31T12:13:45.094000+00:00,9920,225,1267,2.5,0,27.9,20.3,68.0,1006.4
2025-08-31T12:14:45.093000+00:00,9920,203,1267,1.8,0,28.2,20.3,69.0,1006.4
2025-08-31T12:15:45.121000+00:00,9920,221,1267,2.8,0,28.4,20.3,69.0,1006.5
2025-08-31T12:16:45.124000+00:00,9920,229,1267,3.0,0,27.7,20.2,69.0,1006.4
2025-08-31T12:17:45.140000+00:00,9920,233,1267,3.3,0,27.7,20.2,70.0,1006.4
2025-08-31T12:18:45.131000+00:00,9920,204,1267,1.9,0,27.7,20.2,71.0,1006.4
2025-08-31T12:19:45.136000+00:00,9920,208,1267,1.1,0,28.5,20.2,71.0,1006.4
2025-08-31T12:20:45.154000+00:00,9920,228,1267,1.8,0,28.5,20.3,71.0,1006.4
2025-08-31T12:21:45.151000+00:00,9920,198,1267,1.7,0,28.4,20.3,71.0,1006.4
2025-08-31T12:22:45.170000+00:00,9920,207,1267,1.7,0,28.2,20.2,70.0,1006.6
2025-08-31T12:23:45.179000+00:00,9920,176,1267,1.8,0,28.2,20.2,72.0,1006.4
2025-08-31T12:24:45.191000+00:00,9920,204,1267,2.1,0,28.2,20.3,71.0,1006.5
2025-08-31T12:25:45.211000+00:00,9920,205,1267,2.7,0,28.1,20.3,69.0,1006.5
2025-08-31T12:26:45.213000+00:00,9920,210,1267,2.5,0,28.1,20.3,71.0,1006.5
2025-08-31T12:27:45.262000+00:00,9920,222,1267,1.9,0,28.3,20.4,71.0,1006.5
2025-08-31T12:28:45.262000+00:00,9920,221,1267,3.1,0,28.0,20.5,71.0,1006.5
2025-08-31T12:29:45.271000+00:00,9920,219,1267,2.7,0,28.0,20.5,72.0,1006.4
2025-08-31T12:30:45.268000+00:00,9920,233,1267,2.7,0,28.4,20.5,71.0,1006.4
2025-08-31T12:31:45.281000+00:00,9920,182,1267,1.6,0,28.6,20.4,72.0,1006.3
2025-08-31T12:32:45.270000+00:00,9920,205,1267,2.4,0,28.8,20.5,71.0,1006.3
2025-08-31T12:33:45.267000+00:00,9920,203,1267,1.4,0,28.8,20.4,71.0,1006.4
2025-08-31T12:34:45.276000+00:00,9920,234,1267,1.9,0,28.7,20.4,70.0,1006.3
2025-08-31T12:35:45.303000+00:00,9920,193,1267,1.3,0,28.2,20.4,71.0,1006.3
2025-08-31T12:36:45.300000+00:00,9920,201,1267,2.0,0,28.2,20.3,70.0,1006.3
2025-08-31T12:37:45.303000+00:00,9920,210,1267,2.0,0,28.2,20.3,70.0,1006.3
2025-08-31T12:38:45.338000+00:00,9920,207,1267,2.5,0,28.2,20.3,71.0,1006.3
2025-08-31T12:39:45.330000+00:00,9920,189,1267,2.2,0,28.2,20.3,70.0,1006.4
2025-08-31T12:40:45.314000+00:00,9920,225,1267,2.0,0,28.3,20.2,71.0,1006.3
2025-08-31T12:41:45.361000+00:00,9920,225,1267,2.0,0,28.3,20.2,71.0,1006.3
2025-08-31T12:42:45.361000+00:00,9920,205,1267,1.5,0,28.3,20.2,70.0,1006.3
2025-08-31T12:43:45.357000+00:00,9920,174,1267,1.7,0,28.6,20.2,69.0,1006.3
2025-08-31T12:44:45.365000+00:00,9920,174,1267,1.7,0,28.6,20.2,69.0,1006.3
2025-08-31T12:45:45.362000+00:00,9920,27,1267,1.1,0,28.7,20.2,69.0,1006.3
2025-08-31T12:46:45.363000+00:00,9920,255,1267,1.9,0,28.8,20.4,68.0,1006.3
2025-08-31T12:47:45.397000+00:00,9920,255,1267,1.9,0,28.8,20.4,68.0,1006.3
2025-08-31T12:48:45.370000+00:00,9920,122,1267,0.7,0,29.1,20.3,69.0,1006.3
2025-08-31T12:49:45.361000+00:00,9920,219,1267,2.0,0,29.1,20.3,68.0,1006.3
2025-08-31T12:50:45.364000+00:00,9920,262,1267,1.7,0,29.0,20.4,68.0,1006.4
2025-08-31T12:51:45.364000+00:00,9920,192,1267,1.1,0,28.9,20.4,69.0,1006.2
2025-08-31T12:52:45.364000+00:00,9920,232,1267,2.2,0,28.9,20.4,68.0,1006.4
2025-08-31T12:53:45.360000+00:00,9920,201,1267,1.7,0,28.9,20.5,68.0,1006.3
2025-08-31T12:54:45.365000+00:00,9920,233,1267,2.4,0,29.0,20.5,69.0,1006.4
2025-08-31T12:55:45.373000+00:00,9920,244,1267,1.0,0,29.1,20.6,68.0,1006.4
2025-08-31T12:56:45.368000+00:00,9920,239,1267,0.8,0,29.2,20.7,67.0,1006.3
2025-08-31T12:57:45.354000+00:00,9920,298,1267,1.7,0,28.8,20.7,67.0,1006.2
2025-08-31T12:58:45.363000+00:00,9920,200,1267,1.7,0,28.8,20.6,68.0,1006.3
2025-08-31T12:59:45.379000+00:00,9920,187,1267,1.5,0,28.8,20.6,68.0,1006.2
2025-08-31T13:00:45.378000+00:00,9920,187,1267,1.0,0,28.7,20.6,69.0,1006.2
2025-08-31T13:01:45.401000+00:00,9920,112,1267,1.0,0,28.7,20.6,69.0,1006.2
2025-08-31T13:02:45.387000+00:00,9920,190,1267,1.1,0,29.1,20.6,69.0,1006.2
2025-08-31T13:03:45.432000+00:00,9920,194,1267,1.7,0,29.3,20.6,68.0,1006.3
2025-08-31T13:04:45.454000+00:00,9920,226,1267,1.2,0,29.3,20.7,68.0,1006.4
2025-08-31T13:05:45.450000+00:00,9920,176,1267,2.2,0,28.9,20.7,68.0,1006.3
2025-08-31T13:06:45.456000+00:00,9920,204,1267,1.4,0,28.8,20.6,68.0,1006.3
2025-08-31T13:07:45.461000+00:00,9920,208,1267,3.0,0,28.8,20.7,68.0,1006.2
2025-08-31T13:08:45.475000+00:00,9920,243,1267,3.2,0,27.8,20.7,67.0,1006.2
2025-08-31T13:09:45.476000+00:00,9920,210,1267,2.0,0,27.5,20.7,68.0,1006.3
2025-08-31T13:10:45.478000+00:00,9920,210,1267,2.0,0,27.5,20.6,68.0,1006.3
2025-08-31T13:11:45.477000+00:00,9920,186,1267,2.5,0,27.7,20.6,68.0,1006.2
2025-08-31T13:12:45.510000+00:00,9920,204,1267,2.1,0,27.7,20.6,68.0,1006.3
2025-08-31T13:13:45.505000+00:00,9920,193,1267,2.4,0,27.5,20.5,69.0,1006.2
2025-08-31T13:14:45.495000+00:00,9920,211,1267,2.2,0,27.8,20.6,69.0,1006.3
2025-08-31T13:15:45.506000+00:00,9920,177,1267,2.3,0,27.7,20.6,69.0,1006.3
2025-08-31T13:16:45.512000+00:00,9920,205,1267,2.7,0,27.7,20.6,69.0,1006.2
2025-08-31T13:17:45.497000+00:00,9920,205,1267,2.7,0,27.7,20.6,69.0,1006.2
2025-08-31T13:18:45.537000+00:00,9920,192,1267,2.5,0,27.4,20.6,69.0,1006.3
2025-08-31T13:19:45.487000+00:00,9920,190,1267,1.8,0,27.3,20.6,69.0,1006.5
2025-08-31T13:20:45.513000+00:00,9920,206,1267,2.1,0,27.3,20.5,70.0,1006.4
2025-08-31T13:21:45.544000+00:00,9920,166,1267,1.9,0,27.3,20.5,70.0,1006.4
2025-08-31T13:22:45.561000+00:00,9920,195,1267,2.8,0,27.1,20.5,70.0,1006.5
2025-08-31T13:23:45.560000+00:00,9920,215,1267,2.2,0,27.1,20.6,70.0,1006.3
2025-08-31T13:24:45.565000+00:00,9920,210,1267,2.3,0,27.1,20.6,69.0,1006.3
2025-08-31T13:25:45.563000+00:00,9920,208,1267,2.3,0,27.2,20.7,70.0,1006.4
2025-08-31T13:26:45.556000+00:00,9920,197,1267,2.2,0,27.1,20.7,69.0,1006.4
2025-08-31T13:27:45.588000+00:00,9920,193,1267,2.3,0,26.7,20.6,70.0,1006.3
2025-08-31T13:28:45.602000+00:00,9920,190,1267,2.7,0,26.6,20.6,70.0,1006.4
2025-08-31T13:29:45.619000+00:00,9920,204,1267,3.2,0,26.6,20.5,71.0,1006.5
2025-08-31T13:30:45.621000+00:00,9920,190,1267,3.0,0,26.5,20.4,71.0,1006.5
2025-08-31T13:31:45.630000+00:00,9920,191,1267,3.0,0,25.9,20.3,72.0,1006.6
2025-08-31T13:32:45.618000+00:00,9920,212,1267,3.0,0,25.8,20.3,73.0,1006.5
2025-08-31T13:33:45.635000+00:00,9920,222,1267,3.4,0,25.9,20.1,73.0,1006.6
2025-08-31T13:34:45.648000+00:00,9920,194,1267,3.5,0,25.9,20.0,71.0,1006.6
2025-08-31T13:35:45.638000+00:00,9920,193,1267,3.2,0,25.8,19.9,71.0,1006.6
2025-08-31T13:36:45.651000+00:00,9920,172,1267,2.8,0,25.6,19.8,71.0,1006.5
2025-08-31T13:37:45.665000+00:00,9920,199,1267,3.6,0,25.7,19.7,72.0,1006.5
2025-08-31T13:38:45.681000+00:00,9920,200,1267,3.5,0,25.8,19.6,72.0,1006.4
2025-08-31T13:39:45.695000+00:00,9920,199,1267,3.6,0,25.6,19.5,72.0,1006.4
2025-08-31T13:40:45.697000+00:00,9920,201,1267,3.4,0,25.6,19.5,72.0,1006.3
2025-08-31T13:41:45.694000+00:00,9920,207,1267,3.9,0,25.8,19.5,73.0,1006.4
2025-08-31T13:42:45.692000+00:00,9920,202,1267,3.0,0,26.2,19.5,73.0,1006.4
2025-08-31T13:43:45.712000+00:00,9920,187,1267,3.0,0,26.2,19.5,72.0,1006.4
2025-08-31T13:44:45.693000+00:00,9920,175,1267,3.4,0,26.3,19.6,72.0,1006.4
2025-08-31T13:45:45.706000+00:00,9920,185,1267,3.3,0,26.7,19.6,73.0,1006.2
2025-08-31T13:46:45.713000+00:00,9920,189,1267,2.5,0,27.0,19.6,73.0,1006.2
2025-08-31T13:47:45.691000+00:00,9920,172,1267,2.8,0,27.1,19.6,73.0,1006.1
2025-08-31T13:48:45.682000+00:00,9920,200,1267,3.9,0,27.6,19.7,74.0,1006.0
2025-08-31T13:49:45.742000+00:00,9920,170,1267,3.4,0,28.4,19.8,74.0,1006.1
2025-08-31T13:50:45.719000+00:00,9920,179,1267,2.9,0,28.4,19.8,73.0,1006.0
2025-08-31T13:51:45.727000+00:00,9920,170,1267,3.2,0,28.0,19.8,73.0,1005.9
2025-08-31T13:52:45.753000+00:00,9920,177,1267,3.1,0,28.0,19.8,73.0,1005.9
2025-08-31T13:53:45.759000+00:00,9920,189,1267,2.4,0,28.0,19.8,73.0,1005.9
2025-08-31T13:54:45.754000+00:00,9920,171,1267,2.6,0,28.3,19.8,73.0,1005.8
2025-08-31T13:55:45.756000+00:00,9920,190,1267,2.8,0,28.8,19.9,74.0,1005.9
2025-08-31T13:56:45.775000+00:00,9920,177,1267,2.6,0,28.8,19.8,73.0,1005.9
2025-08-31T13:57:45.729000+00:00,9920,192,1267,2.9,0,28.5,19.8,73.0,1005.8
2025-08-31T13:58:45.755000+00:00,9920,178,1267,2.1,0,28.0,19.8,73.0,1005.9
2025-08-31T13:59:45.789000+00:00,9920,192,1267,2.1,0,28.0,19.8,74.0,1005.8
2025-08-31T14:00:45.785000+00:00,9920,208,1267,1.9,0,28.0,19.8,74.0,1005.8
2025-08-31T14:01:45.787000+00:00,9920,172,1267,2.1,0,28.0,19.7,73.0,1005.6
2025-08-31T14:02:45.797000+00:00,9920,170,1267,2.0,0,28.0,19.6,74.0,1005.8
2025-08-31T14:03:45.788000+00:00,9920,187,1267,2.0,0,28.0,19.6,74.0,1005.9
2025-08-31T14:04:45.788000+00:00,9920,186,1267,2.3,0,28.0,19.5,74.0,1005.9
2025-08-31T14:05:45.776000+00:00,9920,182,1267,2.5,0,27.9,19.5,73.0,1005.9
2025-08-31T14:06:45.797000+00:00,9920,205,1267,2.0,0,27.8,19.5,73.0,1006.0
2025-08-31T14:07:45.777000+00:00,9920,178,1267,2.7,0,28.0,19.6,73.0,1005.9
2025-08-31T14:08:45.772000+00:00,9920,152,1267,1.5,0,28.2,19.6,72.0,1005.8
2025-08-31T14:09:45.791000+00:00,9920,217,1267,2.2,0,28.3,19.7,72.0,1006.0
2025-08-31T14:10:45.797000+00:00,9920,205,1267,2.5,0,28.4,19.7,72.0,1005.9
2025-08-31T14:11:45.809000+00:00,9920,165,1267,2.1,0,28.4,19.8,73.0,1005.9
2025-08-31T14:12:45.803000+00:00,9920,182,1267,2.1,0,28.4,19.8,73.0,1005.9
2025-08-31T14:13:45.798000+00:00,9920,199,1267,2.0,0,28.5,19.8,73.0,1005.9
2025-08-31T14:14:45.795000+00:00,9920,172,1267,2.2,0,28.5,19.8,73.0,1005.8
2025-08-31T14:15:45.805000+00:00,9920,162,1267,2.7,0,28.8,19.8,73.0,1005.8
2025-08-31T14:16:45.788000+00:00,9920,176,1267,1.3,0,29.0,19.8,74.0,1005.7
2025-08-31T14:17:45.795000+00:00,9920,252,1267,1.9,0,29.0,19.7,74.0,1005.9
2025-08-31T14:18:45.807000+00:00,9920,261,1267,1.0,0,28.9,19.8,73.0,1005.8
2025-08-31T14:19:45.793000+00:00,9920,54,1267,0.9,0,28.9,19.8,73.0,1005.9
2025-08-31T14:20:45.805000+00:00,9920,156,1267,1.5,0,29.3,19.7,73.0,1005.9
2025-08-31T14:21:45.805000+00:00,9920,127,1267,1.0,0,29.1,19.7,73.0,1005.9
2025-08-31T14:22:45.806000+00:00,9920,176,1267,1.3,0,29.0,19.7,73.0,1006.0
2025-08-31T14:23:45.805000+00:00,9920,187,1267,2.2,0,28.5,19.6,73.0,1006.0
2025-08-31T14:24:45.813000+00:00,9920,189,1267,2.0,0,28.3,19.7,74.0,1006.0
2025-08-31T14:25:45.807000+00:00,9920,203,1267,2.3,0,28.0,19.6,73.0,1006.0
2025-08-31T14:26:45.796000+00:00,9920,173,1267,2.1,0,27.4,19.7,74.0,1006.0
2025-08-31T14:27:45.798000+00:00,9920,199,1267,1.9,0,27.9,19.6,75.0,1006.0
2025-08-31T14:28:45.796000+00:00,9920,213,1267,2.0,0,27.9,19.6,75.0,1006.0
2025-08-31T14:29:45.808000+00:00,9920,189,1267,1.7,0,27.9,19.6,75.0,1006.0
2025-08-31T14:30:45.812000+00:00,9920,176,1267,1.7,0,27.7,19.5,74.0,1006.0
2025-08-31T14:31:45.815000+00:00,9920,214,1267,2.4,0,27.7,19.5,74.0,1006.1
2025-08-31T14:32:45.810000+00:00,9920,184,1267,1.6,0,27.9,19.5,75.0,1006.0
2025-08-31T14:33:45.810000+00:00,9920,155,1267,1.7,0,28.0,19.5,74.0,1006.1
2025-08-31T14:34:45.816000+00:00,9920,189,1267,1.6,0,28.0,19.4,75.0,1006.0
2025-08-31T14:35:45.815000+00:00,9920,189,1267,1.6,0,28.0,19.4,75.0,1006.0
2025-08-31T14:36:45.835000+00:00,9920,179,1267,1.3,0,28.0,19.4,74.0,1006.0
2025-08-31T14:37:45.832000+00:00,9920,170,1267,1.2,0,28.0,19.5,74.0,1006.0
2025-08-31T14:38:45.815000+00:00,9920,152,1267,1.2,0,27.6,19.5,74.0,1006.1
2025-08-31T14:39:45.853000+00:00,9920,208,1267,1.5,0,27.6,19.4,75.0,1006.0
2025-08-31T14:40:45.854000+00:00,9920,187,1267,1.8,0,27.7,19.4,74.0,1006.0
2025-08-31T14:41:45.863000+00:00,9920,220,1267,1.4,0,27.7,19.4,74.0,1006.0
2025-08-31T14:42:45.887000+00:00,9920,102,1267,1.8,0,27.6,19.4,73.0,1006.0
2025-08-31T14:43:45.886000+00:00,9920,159,1267,1.2,0,27.6,19.5,74.0,1005.9
2025-08-31T14:44:45.914000+00:00,9920,169,1267,1.1,0,28.1,19.6,73.0,1005.8
2025-08-31T14:45:45.929000+00:00,9920,156,1267,0.8,0,28.5,19.6,73.0,1005.8
2025-09-05T11:16:52.621000+00:00,9905,174,1268,1.0,0,36.7,25.3,53.0,995.1
2025-09-05T11:17:52.638000+00:00,9905,181,1268,0.9,0,36.8,25.3,54.0,995.1
2025-09-05T11:18:52.638000+00:00,9905,0,1268,0.5,0,37.5,25.3,55.0,995.0
2025-09-05T11:19:52.641000+00:00,9905,101,1268,0.4,0,39.2,25.4,55.0,995.0
2025-09-05T11:20:52.656000+00:00,9905,234,1268,0.4,0,39.9,25.5,54.0,994.9
2025-09-05T11:21:52.655000+00:00,9905,195,1268,0.7,0,40.3,25.6,53.0,995.0
2025-09-05T11:22:52.652000+00:00,9905,177,1268,1.6,0,40.2,25.6,53.0,995.0
2025-09-05T11:23:52.690000+00:00,9905,232,1268,0.9,0,40.3,25.5,56.0,995.0
2025-09-05T11:24:52.670000+00:00,9905,273,1268,1.3,0,40.7,25.5,57.0,994.9
2025-09-05T11:25:52.688000+00:00,9905,81,1268,0.9,0,41.5,25.6,56.0,994.8
2025-09-05T11:26:52.688000+00:00,9905,221,1268,0.7,0,41.5,25.8,55.0,994.9
2025-09-05T11:27:52.709000+00:00,9905,345,1268,0.8,0,42.2,25.8,55.0,994.9
2025-09-05T11:28:52.724000+00:00,9905,304,1268,1.3,0,42.2,25.8,54.0,995.0
2025-09-05T11:29:52.727000+00:00,9905,200,1268,0.9,0,41.9,25.8,53.0,994.9
2025-09-05T11:30:52.738000+00:00,9905,184,1268,1.2,0,40.7,25.8,53.0,995.0
2025-09-05T11:31:52.746000+00:00,9905,173,1268,1.4,0,40.7,25.7,54.0,994.9
2025-09-05T11:32:52.757000+00:00,9905,207,1268,1.7,0,40.7,25.7,55.0,995.0
2025-09-05T11:33:52.769000+00:00,9905,189,1268,2.3,0,40.6,25.8,54.0,995.0
2025-09-05T11:34:52.796000+00:00,9905,147,1268,1.4,0,41.2,25.7,56.0,994.9
2025-09-05T11:35:52.804000+00:00,9905,159,1268,1.8,0,41.7,25.7,55.0,994.9
2025-09-05T11:36:52.821000+00:00,9905,162,1268,1.2,0,41.7,25.6,55.0,994.9
2025-09-05T11:37:52.861000+00:00,9905,210,1268,2.3,0,42.1,25.7,57.0,994.9
2025-09-05T11:38:52.846000+00:00,9905,175,1268,2.3,0,42.4,25.9,55.0,994.8
2025-09-05T11:39:52.858000+00:00,9905,207,1268,2.5,0,42.7,26.0,56.0,995.0
2025-09-05T11:40:52.861000+00:00,9905,204,1268,2.5,0,42.7,26.2,54.0,995.0
2025-09-05T11:41:52.876000+00:00,9905,191,1268,2.2,0,42.7,26.1,54.0,994.9
2025-09-05T11:42:52.874000+00:00,9905,227,1268,1.3,0,40.1,26.2,54.0,994.9
2025-09-05T11:43:52.877000+00:00,9905,192,1268,2.1,0,39.4,26.2,55.0,994.9
2025-09-05T11:44:52.873000+00:00,9905,197,1268,1.8,0,39.4,26.3,54.0,994.9
2025-09-05T11:45:52.882000+00:00,9905,177,1268,1.7,0,39.8,26.2,54.0,994.9
2025-09-05T11:46:52.875000+00:00,9905,187,1268,1.7,0,39.5,26.1,55.0,994.8
2025-09-05T11:47:52.878000+00:00,9905,192,1268,1.9,0,39.3,26.1,54.0,994.9
2025-09-05T11:48:52.886000+00:00,9905,162,1268,1.5,0,38.4,26.1,55.0,994.9
2025-09-05T11:49:52.884000+00:00,9905,195,1268,1.6,0,39.3,26.0,55.0,994.9
2025-09-05T11:50:52.887000+00:00,9905,183,1268,1.2,0,39.4,26.0,56.0,994.8
2025-09-05T11:51:52.881000+00:00,9905,169,1268,1.0,0,41.0,26.0,53.0,994.8
2025-09-05T11:52:52.881000+00:00,9905,193,1268,1.9,0,41.4,26.1,54.0,994.8
2025-09-05T11:53:52.884000+00:00,9905,175,1268,2.3,0,42.1,26.2,54.0,994.8
2025-09-05T11:54:52.884000+00:00,9905,193,1268,2.7,0,42.1,26.4,53.0,994.8
2025-09-05T11:55:52.882000+00:00,9905,208,1268,2.3,0,42.6,26.5,54.0,994.8
2025-09-05T11:56:52.887000+00:00,9905,208,1268,1.7,0,42.6,26.4,54.0,994.7
2025-09-05T11:57:52.885000+00:00,9905,238,1268,2.0,0,42.0,26.5,54.0,994.8
2025-09-05T11:58:52.885000+00:00,9905,255,1268,1.6,0,41.8,26.4,54.0,994.8
2025-09-05T11:59:52.884000+00:00,9905,221,1268,1.5,0,41.6,26.4,53.0,994.8
2025-09-05T12:00:52.887000+00:00,9905,328,1268,1.3,0,41.6,26.3,55.0,994.8
2025-09-05T12:01:52.887000+00:00,9905,209,1268,0.9,0,41.6,26.1,54.0,994.8
2025-09-05T12:02:52.887000+00:00,9905,299,1268,1.4,0,42.2,26.1,54.0,994.8
2025-09-05T12:03:52.899000+00:00,9905,274,1268,0.7,0,42.9,26.1,54.0,994.8
2025-09-05T12:04:52.890000+00:00,9905,223,1268,1.3,0,42.9,26.1,54.0,994.8
2025-09-05T12:05:52.894000+00:00,9905,202,1268,0.8,0,43.1,26.1,54.0,994.8
2025-09-05T12:06:52.893000+00:00,9905,0,1268,1.1,0,43.7,26.1,53.0,994.8
2025-09-05T12:07:52.890000+00:00,9905,0,1268,0.4,0,43.2,26.2,52.0,994.9
2025-09-05T12:08:52.925000+00:00,9905,203,1268,0.5,0,43.2,26.3,52.0,994.9
2025-09-05T12:09:52.896000+00:00,9905,202,1268,1.1,0,43.2,26.3,52.0,994.8
2025-09-05T12:10:52.893000+00:00,9905,237,1268,1.0,0,43.6,26.1,52.0,994.8
2025-09-05T12:11:52.898000+00:00,9905,160,1268,0.6,0,44.1,26.1,51.0,994.8
2025-09-05T12:12:52.898000+00:00,9905,202,1268,1.2,0,42.9,26.2,52.0,994.8
2025-09-05T12:13:52.896000+00:00,9905,271,1268,1.0,0,41.8,26.3,54.0,994.8
2025-09-05T12:14:52.900000+00:00,9905,209,1268,1.1,0,41.9,26.3,53.0,994.8
2025-09-05T12:15:52.896000+00:00,9905,191,1268,1.2,0,42.4,26.3,53.0,994.8
2025-09-05T12:16:52.898000+00:00,9905,155,1268,2.4,0,42.9,26.4,53.0,994.8
2025-09-05T12:17:52.901000+00:00,9905,228,1268,2.1,0,43.0,26.5,54.0,994.7
2025-09-05T12:18:52.908000+00:00,9905,200,1268,3.2,0,43.3,26.6,54.0,994.8
2025-09-05T12:19:52.901000+00:00,9905,190,1268,2.9,0,43.3,26.6,51.0,994.8
2025-09-05T12:20:52.903000+00:00,9905,187,1268,2.8,0,43.2,26.7,53.0,994.8
2025-09-05T12:21:52.904000+00:00,9905,167,1268,2.3,0,43.2,26.6,53.0,994.7
2025-09-05T12:22:52.904000+00:00,9905,210,1268,2.5,0,42.9,26.7,52.0,994.7
2025-09-05T12:23:52.908000+00:00,9905,197,1268,2.3,0,42.9,26.7,52.0,994.8
2025-09-05T12:24:52.907000+00:00,9905,186,1268,1.5,0,42.5,26.6,52.0,994.7
2025-09-05T12:25:52.905000+00:00,9905,167,1268,2.3,0,42.5,26.6,52.0,994.7
2025-09-05T12:26:52.905000+00:00,9905,173,1268,2.3,0,42.8,26.6,54.0,994.7
2025-09-05T12:27:52.926000+00:00,9905,175,1268,0.6,0,42.9,26.6,53.0,994.8
2025-09-05T12:28:52.924000+00:00,9905,206,1268,1.0,0,43.4,26.5,52.0,994.7
2025-09-05T12:29:52.931000+00:00,9905,178,1268,1.4,0,43.5,26.5,51.0,994.7
2025-09-05T12:30:52.941000+00:00,9905,116,1268,0.6,0,43.2,26.6,51.0,994.7
2025-09-05T12:31:52.938000+00:00,9905,78,1268,0.8,0,43.1,26.6,52.0,994.6
2025-09-05T12:32:52.958000+00:00,9905,215,1268,1.0,0,43.3,26.5,53.0,994.6
2025-09-05T12:33:52.958000+00:00,9905,213,1268,1.1,0,43.9,26.5,51.0,994.6
2025-09-05T12:34:52.967000+00:00,9905,258,1268,2.1,0,44.1,26.6,51.0,994.6
2025-09-05T12:35:52.959000+00:00,9905,302,1268,1.2,0,44.2,26.7,52.0,994.6
2025-09-05T12:36:52.965000+00:00,9905,228,1268,1.5,0,43.9,26.8,52.0,994.7
2025-09-05T12:37:52.995000+00:00,9905,164,1268,0.8,0,44.2,26.7,50.0,994.7
2025-09-05T12:38:52.962000+00:00,9905,318,1268,1.7,0,44.2,26.6,50.0,994.6
2025-09-05T12:39:52.967000+00:00,9905,10,1268,1.3,0,44.5,26.5,50.0,994.7
2025-09-05T12:40:52.964000+00:00,9905,327,1268,1.0,0,44.5,26.5,50.0,994.7
2025-09-05T12:41:52.970000+00:00,9905,345,1268,0.8,0,44.6,26.5,50.0,994.6
2025-09-05T12:42:52.979000+00:00,9905,210,1268,0.8,0,45.0,26.6,50.0,994.7
2025-09-05T12:43:53.001000+00:00,9905,274,1268,1.9,0,45.0,26.6,50.0,994.7
2025-09-05T12:44:52.995000+00:00,9905,16,1268,1.2,0,45.2,26.7,51.0,994.6
2025-09-05T12:45:53.016000+00:00,9905,303,1268,1.0,0,45.4,26.7,48.0,994.7
2025-09-05T12:46:53.034000+00:00,9905,343,1268,0.8,0,44.6,26.8,49.0,994.6
2025-09-05T12:47:53.046000+00:00,9905,322,1268,0.8,0,44.1,26.7,49.0,994.6
2025-09-05T12:48:53.049000+00:00,9905,251,1268,1.2,0,44.2,26.7,50.0,994.7
2025-09-05T12:49:53.065000+00:00,9905,240,1268,0.9,0,44.3,26.7,51.0,994.7
2025-09-05T12:50:53.063000+00:00,9905,317,1268,1.2,0,44.4,26.7,48.0,994.7
2025-09-05T12:51:53.081000+00:00,9905,310,1268,1.3,0,44.3,26.8,48.0,994.6
2025-09-05T12:52:53.084000+00:00,9905,0,1268,1.6,0,44.1,26.8,50.0,994.6
2025-09-05T12:53:53.096000+00:00,9905,331,1268,0.6,0,44.4,26.9,50.0,994.6
2025-09-05T12:54:53.102000+00:00,9905,347,1268,1.0,0,44.5,26.8,48.0,994.6
2025-09-05T12:55:53.099000+00:00,9905,25,1268,0.9,0,44.7,26.9,49.0,994.7
2025-09-05T12:56:53.105000+00:00,9905,350,1268,1.2,0,44.7,27.0,49.0,994.6
2025-09-05T12:57:53.100000+00:00,9905,338,1268,2.3,0,44.7,27.1,49.0,994.6
2025-09-05T12:58:53.105000+00:00,9905,171,1268,2.4,0,45.0,27.1,50.0,994.6
2025-09-05T12:59:53.100000+00:00,9905,319,1268,1.3,0,45.6,27.0,50.0,994.6
2025-09-05T13:00:53.102000+00:00,9905,336,1268,1.0,0,45.6,27.0,50.0,994.6
2025-09-05T13:01:53.105000+00:00,9905,185,1268,0.9,0,45.7,27.1,50.0,994.7
2025-09-05T13:02:53.110000+00:00,9905,186,1268,0.6,0,45.2,27.1,47.0,994.7
2025-09-05T13:03:53.118000+00:00,9905,204,1268,1.5,0,45.2,27.1,48.0,994.6
2025-09-05T13:04:53.124000+00:00,9905,173,1268,1.8,0,45.2,27.1,49.0,994.6
2025-09-05T13:05:53.131000+00:00,9905,231,1268,1.9,0,45.2,27.2,49.0,994.6
2025-09-05T13:06:53.149000+00:00,9905,65,1268,0.9,0,45.2,27.1,50.0,994.6
2025-09-05T13:07:53.163000+00:00,9905,243,1268,0.9,0,45.6,27.1,50.0,994.6
2025-09-05T13:08:53.177000+00:00,9905,7,1268,1.5,0,45.6,27.3,48.0,994.5
2025-09-05T13:09:53.182000+00:00,9905,29,1268,0.9,0,43.1,27.4,48.0,994.5
2025-09-05T13:10:53.187000+00:00,9905,290,1268,1.4,0,42.8,27.3,49.0,994.6
2025-09-05T13:11:53.191000+00:00,9905,258,1268,1.6,0,43.2,27.2,50.0,994.5
2025-09-06T10:15:57.464000+00:00,9907,135,1268,1.4,0,39.5,24.1,37.0,1000.3
2025-09-06T10:16:57.465000+00:00,9907,115,1268,0.8,0,39.6,24.3,36.0,1000.2
2025-09-06T10:17:57.478000+00:00,9907,200,1268,0.8,0,39.6,24.3,37.0,1000.2
2025-09-06T10:18:57.496000+00:00,9907,225,1268,1.4,0,39.6,24.3,39.0,1000.2
2025-09-06T10:19:57.495000+00:00,9907,100,1268,1.2,0,39.7,24.3,38.0,1000.3
2025-09-06T10:20:57.495000+00:00,9907,132,1268,1.1,0,39.9,24.4,37.0,1000.2
2025-09-06T10:21:57.497000+00:00,9907,345,1268,0.5,0,39.9,24.4,37.0,1000.2
2025-09-06T10:22:57.498000+00:00,9907,234,1268,0.5,0,40.2,24.4,37.0,1000.3
2025-09-06T10:23:57.497000+00:00,9907,181,1268,1.7,0,40.2,24.4,34.0,1000.2
2025-09-06T10:24:57.512000+00:00,9907,121,1268,1.3,0,40.6,24.4,35.0,1000.2
2025-09-06T10:25:57.500000+00:00,9907,182,1268,1.8,0,40.6,24.3,36.0,1000.2
2025-09-06T10:26:57.505000+00:00,9907,263,1268,1.2,0,39.9,24.3,37.0,1000.2
2025-09-06T10:27:57.503000+00:00,9907,315,1268,1.5,0,39.5,24.3,38.0,1000.2
2025-09-06T10:28:57.503000+00:00,9907,322,1268,1.4,0,39.6,24.4,38.0,1000.1
2025-09-06T10:29:57.506000+00:00,9907,204,1268,0.6,0,39.6,24.4,36.0,1000.1
2025-09-06T10:30:57.506000+00:00,9907,331,1268,0.8,0,39.7,24.3,36.0,1000.2
2025-09-06T10:31:57.505000+00:00,9907,325,1268,0.7,0,39.7,24.4,37.0,1000.1
2025-09-06T10:32:57.520000+00:00,9907,263,1268,0.7,0,39.8,24.4,37.0,1000.2
2025-09-06T10:33:57.509000+00:00,9907,0,1268,0.7,0,40.0,24.5,37.0,1000.2
2025-09-06T10:34:57.516000+00:00,9907,359,1268,0.4,0,40.2,24.5,36.0,1000.1
2025-09-06T10:35:57.516000+00:00,9907,0,1268,0.4,0,40.5,24.5,36.0,1000.2
2025-09-06T10:36:57.508000+00:00,9907,304,1268,0.4,0,40.5,24.5,35.0,1000.2
2025-09-06T10:37:57.513000+00:00,9907,259,1268,0.5,0,41.0,24.6,36.0,1000.1
2025-09-06T10:38:57.508000+00:00,9907,276,1268,0.9,0,41.0,24.6,36.0,1000.0
2025-09-06T10:39:57.511000+00:00,9907,166,1268,1.4,0,41.4,24.7,35.0,1000.1
2025-09-06T10:40:57.512000+00:00,9907,16,1268,0.8,0,41.3,24.6,35.0,1000.0
2025-09-06T10:41:57.514000+00:00,9907,262,1268,0.8,0,41.5,24.6,35.0,1000.2
2025-09-06T10:42:57.514000+00:00,9907,199,1268,1.1,0,41.4,24.5,36.0,1000.1
2025-09-06T10:43:57.504000+00:00,9907,105,1268,1.2,0,41.5,24.6,34.0,1000.0
2025-09-06T10:44:57.522000+00:00,9907,70,1268,1.0,0,41.3,24.6,34.0,999.9
2025-09-06T10:45:57.526000+00:00,9907,150,1268,0.9,0,41.1,24.6,35.0,999.9
2025-09-06T10:46:57.518000+00:00,9907,159,1268,1.2,0,41.1,24.6,36.0,999.9
2025-09-06T10:47:57.516000+00:00,9907,200,1268,2.1,0,41.1,24.6,36.0,1000.0
2025-09-06T10:48:57.525000+00:00,9907,194,1268,2.0,0,41.3,24.6,37.0,1000.0
2025-09-06T10:49:57.521000+00:00,9907,214,1268,2.9,0,41.5,24.6,37.0,1000.0
2025-09-06T10:50:57.523000+00:00,9907,317,1268,2.4,0,41.5,24.7,37.0,1000.0
2025-09-06T10:51:57.522000+00:00,9907,252,1268,0.9,0,41.1,24.9,36.0,1000.0
2025-09-06T10:52:57.523000+00:00,9907,210,1268,1.0,0,40.9,24.9,37.0,1000.1
2025-09-06T10:53:57.523000+00:00,9907,196,1268,2.1,0,40.9,24.9,37.0,1000.0
2025-09-06T10:54:57.528000+00:00,9907,207,1268,1.6,0,41.5,24.9,38.0,1000.0
2025-09-06T10:55:57.533000+00:00,9907,295,1268,1.9,0,41.8,24.9,38.0,999.9
2025-09-06T10:56:57.523000+00:00,9907,227,1268,1.4,0,41.9,24.9,38.0,1000.1
2025-09-06T10:57:57.527000+00:00,9907,159,1268,2.4,0,41.5,25.0,36.0,1000.1
2025-09-06T10:58:57.575000+00:00,9907,122,1268,1.9,0,41.0,25.0,36.0,999.9
2025-09-06T10:59:57.581000+00:00,9907,0,1268,1.2,0,40.6,25.0,37.0,1000.1
2025-09-06T11:00:57.526000+00:00,9907,151,1268,0.4,0,40.7,24.9,37.0,999.9
2025-09-06T11:01:57.528000+00:00,9907,202,1268,1.5,0,41.1,24.7,38.0,1000.0
2025-09-06T11:02:57.533000+00:00,9907,141,1268,2.5,0,41.8,24.7,38.0,1000.0
2025-09-06T11:03:57.528000+00:00,9907,146,1268,1.0,0,42.1,24.9,37.0,1000.0
2025-09-06T11:04:57.531000+00:00,9907,182,1268,1.4,0,42.0,25.0,38.0,1000.0
2025-09-06T11:05:57.530000+00:00,9907,187,1268,0.5,0,42.1,25.0,38.0,999.9
2025-09-06T11:06:57.533000+00:00,9907,201,1268,2.1,0,42.3,25.1,37.0,999.9
2025-09-06T11:07:57.533000+00:00,9907,170,1268,1.7,0,42.6,25.2,39.0,1000.0
2025-09-06T11:08:57.547000+00:00,9907,208,1268,2.2,0,42.6,25.3,35.0,1000.0
2025-09-06T11:09:57.564000+00:00,9907,199,1268,2.8,0,42.5,25.3,36.0,999.9
2025-09-06T11:10:57.580000+00:00,9907,233,1268,1.3,0,42.4,25.3,37.0,999.9
2025-09-06T11:11:57.591000+00:00,9907,209,1268,1.7,0,42.0,25.1,37.0,999.9
2025-09-06T11:12:57.605000+00:00,9907,172,1268,1.6,0,42.2,25.2,37.0,999.9
2025-09-06T11:13:57.614000+00:00,9907,187,1268,1.4,0,42.5,25.2,37.0,999.9
2025-09-06T11:14:57.621000+00:00,9907,184,1268,2.8,0,42.4,25.1,36.0,999.8
2025-09-06T11:15:57.620000+00:00,9907,174,1268,2.4,0,42.3,25.2,36.0,999.9
2025-09-06T11:16:57.635000+00:00,9907,175,1268,2.1,0,41.8,25.3,36.0,1000.0
2025-09-06T11:17:57.633000+00:00,9907,169,1268,1.4,0,41.8,25.1,36.0,999.8
2025-09-06T11:18:57.632000+00:00,9907,173,1268,1.4,0,42.7,25.1,38.0,999.9
2025-09-06T11:19:57.635000+00:00,9907,241,1268,1.8,0,42.7,25.1,38.0,999.9
2025-09-06T11:20:57.654000+00:00,9907,228,1268,1.1,0,42.6,25.0,37.0,1000.0
2025-09-06T11:21:57.669000+00:00,9907,199,1268,1.4,0,42.2,24.9,39.0,1000.0
2025-09-06T11:22:57.677000+00:00,9907,213,1268,1.6,0,42.8,24.9,38.0,999.9
2025-09-06T11:23:57.670000+00:00,9907,72,1268,1.8,0,42.6,25.0,37.0,1000.0
2025-09-06T11:24:57.671000+00:00,9907,101,1268,1.3,0,42.6,25.1,36.0,999.9
2025-09-06T11:25:57.671000+00:00,9907,117,1268,1.9,0,42.9,25.1,37.0,1000.0
2025-09-06T11:26:57.675000+00:00,9907,126,1268,2.1,0,42.9,25.1,38.0,999.8
2025-09-06T11:27:57.681000+00:00,9907,118,1268,1.6,0,42.9,25.1,38.0,999.8
2025-09-06T11:28:57.693000+00:00,9907,176,1268,1.2,0,42.9,25.1,40.0,999.9
2025-09-06T11:29:57.691000+00:00,9907,214,1268,1.6,0,42.9,25.0,39.0,999.8
2025-09-06T11:30:57.715000+00:00,9907,39,1268,1.5,0,43.0,25.0,39.0,999.7
2025-09-06T11:31:57.725000+00:00,9907,237,1268,1.5,0,43.2,25.1,38.0,999.8
2025-09-06T11:32:57.727000+00:00,9907,216,1268,1.3,0,43.2,25.3,39.0,999.9
2025-09-06T11:33:57.729000+00:00,9907,258,1268,1.7,0,43.3,25.3,40.0,999.9
2025-09-06T11:34:57.735000+00:00,9907,193,1268,1.4,0,43.5,25.3,39.0,999.8
2025-09-06T11:35:57.719000+00:00,9907,201,1268,2.1,0,43.4,25.3,38.0,999.8
2025-09-06T13:47:58.143000+00:00,9908,141,1268,1.7,0,44.6,26.4,35.0,998.9
2025-09-06T13:48:58.155000+00:00,9908,0,1268,0.9,0,44.2,26.4,36.0,999.0
2025-09-06T13:49:58.154000+00:00,9908,114,1268,1.0,0,44.1,26.3,35.0,999.0
2025-09-06T13:50:58.168000+00:00,9908,112,1268,1.4,0,44.1,26.3,36.0,998.9
2025-09-06T13:51:58.155000+00:00,9908,223,1268,0.9,0,44.4,26.4,36.0,998.9
2025-09-06T13:52:58.159000+00:00,9908,171,1268,0.7,0,44.5,26.5,36.0,999.0
2025-09-06T13:53:58.160000+00:00,9908,195,1268,1.2,0,44.5,26.5,36.0,998.9
2025-09-06T13:54:58.165000+00:00,9908,98,1268,1.7,0,44.4,26.5,35.0,998.9
2025-09-06T13:55:58.159000+00:00,9908,143,1268,1.9,0,44.5,26.5,35.0,998.8
2025-09-06T13:56:58.163000+00:00,9908,129,1268,2.1,0,44.2,26.3,36.0,998.9
2025-09-06T13:57:58.160000+00:00,9908,110,1268,1.7,0,44.4,26.2,35.0,998.9
2025-09-06T13:58:58.177000+00:00,9908,94,1268,1.4,0,44.3,26.3,36.0,998.9
2025-09-06T13:59:58.158000+00:00,9908,98,1268,1.1,0,44.2,26.2,36.0,998.9
2025-09-06T14:00:58.179000+00:00,9908,148,1268,1.1,0,44.0,26.2,36.0,998.8
2025-09-06T14:01:58.200000+00:00,9908,191,1268,1.0,0,44.5,26.3,38.0,998.8
2025-09-06T14:02:58.214000+00:00,9908,101,1268,1.0,0,44.8,26.3,36.0,998.8
2025-09-06T14:03:58.216000+00:00,9908,192,1268,1.0,0,44.5,26.4,36.0,998.8
2025-09-06T14:04:58.205000+00:00,9908,137,1268,1.5,0,44.1,26.5,36.0,998.8
2025-09-06T14:05:58.228000+00:00,9908,109,1268,1.2,0,44.0,26.6,37.0,998.7
2025-09-06T14:06:58.235000+00:00,9908,107,1268,1.9,0,44.1,26.6,36.0,998.7
2025-09-06T14:07:58.249000+00:00,9908,120,1268,1.4,0,44.1,26.6,36.0,998.8
2025-09-06T14:08:58.241000+00:00,9908,139,1268,1.5,0,43.9,26.8,36.0,998.8
2025-09-06T14:09:58.269000+00:00,9908,137,1268,1.2,0,43.8,26.8,36.0,998.7
2025-09-06T14:10:58.270000+00:00,9908,164,1268,1.7,0,43.7,26.6,35.0,998.7
2025-09-06T14:11:58.286000+00:00,9908,197,1268,1.4,0,43.5,26.6,36.0,998.7
2025-09-06T14:12:58.297000+00:00,9908,203,1268,1.6,0,43.3,26.6,36.0,998.7
2025-09-06T14:13:58.297000+00:00,9908,177,1268,2.3,0,43.0,26.7,36.0,998.6
2025-09-06T14:14:58.300000+00:00,9908,186,1268,1.7,0,43.0,26.7,36.0,998.6
2025-09-06T14:15:58.306000+00:00,9908,172,1268,2.0,0,43.0,26.8,36.0,998.6
2025-09-06T14:16:58.391000+00:00,9908,179,1268,1.4,0,43.0,26.7,35.0,998.6
2025-09-06T14:17:58.303000+00:00,9908,198,1268,1.9,0,42.9,26.6,36.0,998.6
2025-09-06T14:18:58.302000+00:00,9908,197,1268,3.0,0,42.7,26.5,35.0,998.6
2025-09-06T14:19:58.316000+00:00,9908,189,1268,3.2,0,42.3,26.6,35.0,998.7
2025-09-06T14:20:58.302000+00:00,9908,161,1268,2.2,0,42.3,26.5,36.0,998.6
2025-09-06T14:21:58.306000+00:00,9908,193,1268,2.0,0,42.3,26.5,35.0,998.6
2025-09-06T14:22:58.309000+00:00,9908,195,1268,1.3,0,42.0,26.5,36.0,998.5
2025-09-06T14:23:58.314000+00:00,9908,208,1268,0.6,0,42.3,26.5,36.0,998.6
2025-09-06T14:24:58.302000+00:00,9908,184,1268,1.1,0,42.6,26.5,36.0,998.5
2025-09-06T14:25:58.310000+00:00,9908,143,1268,1.7,0,42.4,26.6,36.0,998.6
2025-09-06T14:26:58.309000+00:00,9908,177,1268,2.0,0,42.6,26.6,37.0,998.6
2025-09-06T14:27:58.310000+00:00,9908,179,1268,2.2,0,42.8,26.7,37.0,998.6
2025-09-06T14:28:58.317000+00:00,9908,133,1268,1.6,0,42.5,26.7,35.0,998.6
2025-09-06T14:29:58.319000+00:00,9908,271,1268,1.5,0,42.5,26.6,35.0,998.6
2025-09-06T14:30:58.312000+00:00,9908,190,1268,1.2,0,42.1,26.5,35.0,998.6
2025-09-06T14:31:58.312000+00:00,9908,171,1268,0.8,0,41.8,26.4,35.0,998.6
2025-09-06T14:32:58.314000+00:00,9908,189,1268,1.1,0,42.0,26.4,35.0,998.7
2025-09-06T14:33:58.316000+00:00,9908,177,1268,2.7,0,42.1,26.5,35.0,998.5
2025-09-06T14:34:58.316000+00:00,9908,172,1268,2.1,0,41.8,26.7,35.0,998.6
2025-09-06T14:35:58.315000+00:00,9908,148,1268,2.0,0,41.8,26.7,36.0,998.6
2025-09-06T14:36:58.319000+00:00,9908,228,1268,1.6,0,41.9,26.6,36.0,998.6
2025-09-06T14:37:58.317000+00:00,9908,261,1268,1.6,0,41.6,26.7,36.0,998.6
2025-09-06T14:38:58.316000+00:00,9908,247,1268,1.4,0,41.6,26.7,36.0,998.5
2025-09-06T14:39:58.318000+00:00,9908,133,1268,0.7,0,42.1,26.7,36.0,998.5
2025-09-06T14:40:58.320000+00:00,9908,102,1268,1.0,0,42.4,26.8,37.0,998.5
2025-09-06T14:41:58.320000+00:00,9908,142,1268,1.6,0,42.7,26.8,36.0,998.5
2025-09-06T14:42:58.336000+00:00,9908,149,1268,1.2,0,42.6,26.8,38.0,998.3
2025-09-06T14:43:58.362000+00:00,9908,187,1268,1.0,0,42.4,26.8,36.0,998.4
2025-09-06T14:44:58.371000+00:00,9908,159,1268,1.6,0,42.1,26.9,35.0,998.5
2025-09-06T14:45:58.370000+00:00,9908,172,1268,2.3,0,42.0,26.9,35.0,998.5
2025-09-06T14:46:58.369000+00:00,9908,175,1268,2.1,0,42.0,26.8,34.0,998.5
2025-09-06T14:47:58.370000+00:00,9908,198,1268,1.4,0,41.7,26.8,35.0,998.5
2025-09-06T14:48:58.374000+00:00,9908,225,1268,1.8,0,41.7,26.9,35.0,998.5
2025-09-06T14:49:58.373000+00:00,9908,221,1268,1.5,0,41.9,26.9,36.0,998.4
2025-09-06T14:50:58.382000+00:00,9908,193,1268,1.3,0,41.9,26.8,37.0,998.5
2025-09-06T14:51:58.381000+00:00,9908,192,1268,1.4,0,41.9,26.9,37.0,998.4
2025-09-06T14:52:58.375000+00:00,9908,122,1268,1.3,0,42.0,26.9,37.0,998.4
2025-09-06T14:53:58.379000+00:00,9908,158,1268,1.1,0,42.0,26.8,37.0,998.4
2025-09-06T14:54:58.383000+00:00,9908,183,1268,1.3,0,42.0,26.8,38.0,998.5
2025-09-06T14:55:58.396000+00:00,9908,182,1268,1.6,0,41.8,26.7,37.0,998.5
2025-09-06T14:56:58.399000+00:00,9908,203,1268,2.4,0,41.8,26.7,35.0,998.4
2025-09-06T14:57:58.413000+00:00,9908,191,1268,2.0,0,41.5,26.6,34.0,998.4
2025-09-06T14:58:58.425000+00:00,9908,182,1268,1.6,0,41.5,26.7,36.0,998.4
2025-09-06T14:59:58.432000+00:00,9908,204,1268,1.5,0,41.3,26.7,35.0,998.5
2025-09-06T15:00:58.430000+00:00,9908,173,1268,1.0,0,41.5,26.6,36.0,998.4
2025-09-06T15:01:58.448000+00:00,9908,173,1268,1.3,0,41.5,26.6,36.0,998.5
2025-09-06T15:02:58.460000+00:00,9908,190,1268,2.1,0,41.0,26.7,36.0,998.4
2025-09-06T15:03:58.460000+00:00,9908,206,1268,2.3,0,40.9,26.7,35.0,998.4
2025-09-06T15:04:58.466000+00:00,9908,222,1268,1.4,0,40.9,26.8,35.0,998.4
2025-09-19T11:45:38.434000+00:00,9898,57,1269,0.4,0,32.4,24.8,72.0,1008.0
2025-09-19T11:46:38.450000+00:00,9898,244,1269,0.8,0,32.0,24.8,73.0,1007.9
2025-09-19T11:47:38.450000+00:00,9898,250,1269,0.9,0,32.0,24.6,73.0,1007.9
2025-09-19T11:48:38.441000+00:00,9898,297,1269,0.9,0,32.2,24.5,74.0,1007.9
2025-09-19T11:49:38.447000+00:00,9898,289,1269,1.4,0,32.3,24.5,74.0,1007.9
2025-09-19T11:50:38.445000+00:00,9898,249,1269,1.1,0,32.5,24.5,75.0,1007.9
2025-09-19T11:51:38.447000+00:00,9898,31,1269,0.6,0,32.3,24.5,75.0,1007.9
2025-09-19T11:52:38.447000+00:00,9898,0,1269,0.7,0,32.0,24.5,74.0,1007.9
2025-09-19T11:53:38.447000+00:00,9898,0,1269,0.4,0,31.6,24.5,75.0,1007.9
2025-09-19T11:54:38.448000+00:00,9898,326,1269,0.0,0,32.0,24.5,76.0,1008.0
2025-09-19T11:55:38.448000+00:00,9898,278,1269,0.4,0,32.0,24.5,74.0,1007.9
2025-09-19T11:56:38.464000+00:00,9898,294,1269,1.2,0,32.3,24.5,74.0,1007.9
2025-09-19T11:57:38.464000+00:00,9898,6,1269,0.8,0,32.8,24.5,74.0,1007.9
2025-09-19T11:58:38.482000+00:00,9898,27,1269,0.5,0,32.9,24.5,73.0,1007.9
2025-09-19T11:59:38.482000+00:00,9898,58,1269,0.6,0,32.8,24.5,72.0,1007.9
2025-09-19T12:00:38.482000+00:00,9898,86,1269,0.5,0,32.4,24.5,72.0,1007.8
2025-09-19T12:01:38.482000+00:00,9898,44,1269,0.7,0,32.5,24.7,72.0,1007.9
2025-09-19T12:02:38.483000+00:00,9898,88,1269,0.6,0,32.5,24.8,72.0,1007.7
2025-09-19T12:03:38.481000+00:00,9898,149,1269,0.6,0,32.5,24.8,72.0,1007.9
2025-09-19T12:04:38.489000+00:00,9898,58,1269,0.6,0,32.2,24.7,73.0,1007.7
2025-09-19T12:05:38.497000+00:00,9898,69,1269,0.7,0,32.3,24.7,73.0,1007.8
2025-09-19T12:06:38.481000+00:00,9898,0,1269,0.8,0,32.3,24.8,73.0,1007.8
2025-09-19T12:07:38.502000+00:00,9898,243,1269,0.6,0,32.6,24.9,73.0,1007.8
2025-09-19T12:08:38.502000+00:00,9898,272,1269,1.1,0,33.0,25.0,72.0,1007.8
2025-09-19T12:09:38.506000+00:00,9898,261,1269,1.1,0,33.0,25.0,71.0,1007.7
2025-09-19T12:10:38.516000+00:00,9898,342,1269,0.6,0,32.7,25.0,71.0,1007.7
2025-09-19T12:11:38.535000+00:00,9898,272,1269,0.8,0,32.2,25.0,71.0,1007.7
2025-09-19T12:12:38.532000+00:00,9898,304,1269,1.2,0,32.2,25.0,71.0,1007.7
2025-09-19T12:13:38.549000+00:00,9898,290,1269,1.0,0,32.2,25.0,71.0,1007.7
2025-09-19T12:14:38.578000+00:00,9898,317,1269,0.9,0,31.9,25.0,71.0,1007.7
2025-09-19T12:15:38.591000+00:00,9898,291,1269,0.8,0,32.0,25.0,72.0,1007.7
2025-09-19T12:16:38.592000+00:00,9898,303,1269,0.7,0,32.0,25.0,72.0,1007.7
2025-09-19T12:17:38.585000+00:00,9898,260,1269,0.9,0,31.8,25.0,72.0,1007.7
2025-09-19T12:18:38.589000+00:00,9898,249,1269,1.7,0,31.8,25.0,72.0,1007.8
2025-09-19T12:19:38.604000+00:00,9898,217,1269,1.3,0,32.0,25.1,71.0,1007.7
2025-09-19T12:20:38.604000+00:00,9898,243,1269,0.9,0,31.9,25.1,69.0,1007.7
2025-09-19T12:21:38.634000+00:00,9898,239,1269,0.9,0,31.3,25.0,69.0,1007.7
2025-09-19T12:22:38.624000+00:00,9898,32,1269,0.0,0,31.4,24.9,67.0,1007.7
2025-09-19T12:23:38.624000+00:00,9898,241,1269,0.5,0,31.7,24.9,67.0,1007.7
2025-09-19T12:24:38.627000+00:00,9898,126,1269,0.7,0,32.1,24.9,69.0,1007.7
2025-09-19T12:25:38.624000+00:00,9898,309,1269,0.5,0,32.0,24.9,66.0,1007.7
2025-09-19T12:26:38.635000+00:00,9898,0,1269,0.5,0,32.0,24.9,67.0,1007.7
2025-09-19T12:27:38.617000+00:00,9898,139,1269,0.0,0,32.0,24.9,66.0,1007.6
2025-09-19T12:28:38.634000+00:00,9898,0,1269,0.0,0,31.8,24.8,66.0,1007.6
2025-09-19T12:29:38.635000+00:00,9898,141,1269,0.4,0,31.8,24.8,66.0,1007.6
2025-09-19T12:30:38.631000+00:00,9898,74,1269,0.4,0,31.8,24.8,67.0,1007.6
2025-09-19T12:31:38.628000+00:00,9898,163,1269,0.4,0,32.0,24.8,67.0,1007.6
2025-09-19T12:32:38.625000+00:00,9898,260,1269,0.0,0,32.4,24.8,67.0,1007.6
2025-09-19T12:33:38.641000+00:00,9898,247,1269,0.8,0,32.4,24.9,67.0,1007.6
2025-09-19T12:34:38.652000+00:00,9898,255,1269,0.7,0,32.7,25.0,65.0,1007.6
2025-09-19T12:35:38.663000+00:00,9898,265,1269,1.3,0,32.6,25.0,65.0,1007.7
2025-09-19T12:36:38.670000+00:00,9898,278,1269,1.4,0,32.4,25.0,65.0,1007.6
2025-09-19T12:37:38.682000+00:00,9898,267,1269,1.3,0,32.1,25.0,66.0,1007.7
2025-09-19T12:38:38.676000+00:00,9898,295,1269,1.1,0,31.9,25.0,66.0,1007.6
2025-09-19T12:39:38.676000+00:00,9898,264,1269,1.2,0,31.9,25.0,66.0,1007.7
2025-09-19T12:40:38.699000+00:00,9898,255,1269,1.1,0,32.3,25.0,68.0,1007.6
2025-09-19T12:41:38.720000+00:00,9898,259,1269,1.6,0,32.4,25.0,66.0,1007.6
2025-09-19T12:42:38.733000+00:00,9898,0,1269,1.1,0,32.0,25.1,65.0,1007.5
2025-09-19T12:43:38.738000+00:00,9898,0,1269,0.0,0,31.8,25.1,66.0,1007.7
2025-09-19T12:44:38.727000+00:00,9898,64,1269,0.0,0,31.3,25.0,65.0,1007.6
2025-09-19T12:45:38.736000+00:00,9898,244,1269,0.0,0,31.3,25.0,65.0,1007.6
2025-09-19T12:46:38.736000+00:00,9898,314,1269,0.9,0,31.6,24.9,67.0,1007.6
2025-09-19T12:47:38.738000+00:00,9898,0,1269,0.0,0,31.6,24.9,67.0,1007.6
2025-09-19T12:48:38.731000+00:00,9898,0,1269,0.7,0,31.7,24.9,67.0,1007.6
2025-09-19T12:49:38.740000+00:00,9898,0,1269,0.4,0,31.7,24.9,67.0,1007.6
2025-09-19T12:50:38.740000+00:00,9898,257,1269,1.2,0,31.7,24.8,65.0,1007.6
2025-09-19T12:51:38.747000+00:00,9898,43,1269,1.5,0,31.9,24.8,64.0,1007.7
2025-09-19T12:52:38.742000+00:00,9898,217,1269,0.7,0,32.2,24.9,63.0,1007.6
2025-09-19T12:53:38.738000+00:00,9898,319,1269,1.5,0,32.6,25.0,61.0,1007.6
2025-09-19T12:54:38.753000+00:00,9898,27,1269,1.0,0,32.3,25.1,59.0,1007.6
2025-09-19T12:55:38.769000+00:00,9898,47,1269,1.1,0,32.2,25.2,59.0,1007.6
2025-09-19T12:56:38.769000+00:00,9898,265,1269,0.8,0,32.0,25.2,60.0,1007.6
2025-09-19T12:57:38.779000+00:00,9898,235,1269,0.8,0,31.9,25.3,59.0,1007.6
2025-09-19T12:58:38.775000+00:00,9898,323,1269,1.3,0,31.7,25.2,59.0,1007.6
2025-09-19T12:59:38.773000+00:00,9898,9,1269,1.1,0,31.8,25.3,58.0,1007.6
2025-09-19T13:00:38.773000+00:00,9898,208,1269,0.5,0,31.9,25.3,57.0,1007.5
2025-09-19T13:01:38.771000+00:00,9898,295,1269,0.8,0,31.9,25.3,56.0,1007.5
2025-09-19T13:02:38.771000+00:00,9898,263,1269,1.0,0,31.8,25.3,56.0,1007.5
2025-09-19T13:03:38.772000+00:00,9898,319,1269,0.7,0,31.6,25.3,56.0,1007.5
2025-09-19T13:04:38.773000+00:00,9898,58,1269,0.7,0,31.1,25.2,55.0,1007.5
2025-09-19T13:05:38.774000+00:00,9898,66,1269,1.0,0,31.1,25.2,56.0,1007.6
2025-09-19T13:06:38.782000+00:00,9898,93,1269,0.9,0,31.7,25.2,55.0,1007.6
2025-09-19T13:07:38.780000+00:00,9898,80,1269,1.4,0,31.4,25.1,55.0,1007.6
2025-09-20T08:16:43.647000+00:00,9899,128,1269,2.5,0,31.9,21.9,57.0,1012.1
2025-09-20T08:17:43.645000+00:00,9899,152,1269,2.6,0,31.8,22.0,58.0,1012.1
2025-09-20T08:18:43.645000+00:00,9899,147,1269,2.5,0,31.8,22.0,58.0,1012.0
2025-09-20T08:19:43.645000+00:00,9899,73,1269,2.2,0,32.5,21.9,58.0,1012.1
2025-09-20T08:20:43.657000+00:00,9899,251,1269,3.1,0,32.8,21.9,58.0,1012.0
2025-09-20T08:21:43.642000+00:00,9899,210,1269,1.7,0,33.1,21.8,57.0,1012.3
2025-09-20T08:22:43.646000+00:00,9899,67,1269,2.4,0,33.2,21.8,57.0,1012.2
2025-09-20T08:23:43.655000+00:00,9899,91,1269,3.8,0,33.3,21.8,58.0,1012.0
2025-09-20T08:24:43.647000+00:00,9899,168,1269,1.6,0,33.2,21.8,58.0,1012.0
2025-09-20T08:25:43.688000+00:00,9899,96,1269,2.2,0,33.4,21.9,58.0,1012.3
2025-09-20T08:26:43.647000+00:00,9899,215,1269,4.3,0,33.2,21.9,58.0,1012.1
2025-09-20T08:27:43.657000+00:00,9899,92,1269,3.4,0,33.5,21.9,58.0,1012.2
2025-09-20T08:28:43.644000+00:00,9899,338,1269,1.7,0,33.2,21.9,58.0,1012.3
2025-09-20T08:29:43.657000+00:00,9899,174,1269,1.9,0,33.5,22.0,58.0,1012.2
2025-09-20T08:30:43.648000+00:00,9899,333,1269,1.8,0,33.6,22.0,58.0,1012.2
2025-09-20T08:31:43.667000+00:00,9899,89,1269,2.4,0,33.8,22.1,58.0,1012.2
2025-09-20T08:32:43.707000+00:00,9899,192,1269,1.4,0,33.9,22.1,58.0,1012.4
2025-09-20T08:33:43.659000+00:00,9899,244,1269,0.7,0,33.9,22.0,58.0,1012.2
2025-09-20T08:34:43.659000+00:00,9899,91,1269,2.0,0,34.2,22.0,58.0,1012.3
2025-09-20T08:35:43.667000+00:00,9899,41,1269,3.1,0,33.8,22.1,58.0,1012.2
2025-09-20T08:36:43.652000+00:00,9899,275,1269,3.9,0,34.1,22.1,58.0,1012.3
2025-09-20T08:37:43.661000+00:00,9899,74,1269,2.8,0,34.4,22.0,57.0,1012.2
2025-09-20T08:38:43.661000+00:00,9899,49,1269,2.2,0,34.4,22.0,58.0,1012.3
2025-09-20T08:39:43.662000+00:00,9899,91,1269,1.9,0,34.6,22.0,57.0,1012.3
2025-09-20T08:40:43.668000+00:00,9899,58,1269,2.9,0,34.5,22.0,57.0,1012.3
2025-09-20T08:41:43.692000+00:00,9899,74,1269,1.7,0,34.3,22.0,57.0,1012.3
2025-09-20T08:42:43.683000+00:00,9899,193,1269,2.5,0,34.4,22.0,57.0,1012.6
2025-09-20T08:43:43.669000+00:00,9899,167,1269,2.3,0,34.8,22.0,57.0,1012.3
2025-09-20T08:44:43.667000+00:00,9899,86,1269,2.0,0,34.8,22.1,57.0,1012.4
2025-09-20T08:45:43.671000+00:00,9899,242,1269,1.8,0,35.3,22.1,56.0,1012.3
2025-09-20T08:46:43.672000+00:00,9899,81,1269,1.4,0,34.8,22.1,56.0,1012.2
2025-09-20T08:47:43.664000+00:00,9899,202,1269,3.3,0,34.9,22.3,56.0,1012.4
2025-09-20T08:48:43.672000+00:00,9899,104,1269,1.9,0,35.5,22.3,56.0,1012.3
2025-09-20T08:49:43.684000+00:00,9899,66,1269,0.7,0,35.5,22.3,55.0,1012.4
2025-09-20T08:50:43.687000+00:00,9899,203,1269,2.4,0,35.5,22.3,55.0,1012.4
2025-09-20T08:51:43.688000+00:00,9899,237,1269,3.1,0,35.7,22.4,54.0,1012.4
2025-09-20T08:52:43.707000+00:00,9899,216,1269,2.1,0,35.7,22.5,54.0,1012.4
2025-09-20T08:53:43.730000+00:00,9899,80,1269,1.9,0,35.6,22.7,54.0,1012.4
2025-09-20T08:54:43.737000+00:00,9899,39,1269,2.1,0,35.5,22.6,54.0,1012.4
2025-09-20T08:55:43.753000+00:00,9899,87,1269,1.3,0,35.8,22.7,54.0,1012.4
2025-09-20T08:56:43.773000+00:00,9899,230,1269,1.5,0,36.0,22.7,54.0,1012.3
2025-09-20T08:57:43.816000+00:00,9899,69,1269,1.9,0,36.3,22.7,53.0,1012.4
2025-09-20T08:58:43.768000+00:00,9899,4,1269,0.9,0,36.2,22.8,53.0,1012.3
2025-09-20T08:59:43.765000+00:00,9899,3,1269,2.0,0,36.0,22.7,52.0,1012.5
2025-09-20T09:00:43.774000+00:00,9899,18,1269,1.9,0,35.4,22.7,53.0,1012.4
2025-09-20T09:01:43.773000+00:00,9899,186,1269,1.4,0,34.2,22.6,53.0,1012.5
2025-09-20T09:02:43.779000+00:00,9899,57,1269,1.3,0,33.8,22.5,53.0,1012.3
2025-09-20T09:03:43.790000+00:00,9899,353,1269,1.9,0,33.4,22.5,53.0,1012.5
2025-09-20T09:04:43.794000+00:00,9899,211,1269,1.9,0,33.3,22.5,54.0,1012.4
2025-09-20T09:05:43.802000+00:00,9899,209,1269,1.8,0,33.4,22.4,53.0,1012.4
2025-09-20T09:06:43.800000+00:00,9899,170,1269,1.3,0,33.3,22.3,54.0,1012.5
2025-09-20T09:07:43.804000+00:00,9899,172,1269,1.5,0,32.8,22.2,54.0,1012.5
2025-09-20T09:08:43.804000+00:00,9899,105,1269,1.1,0,33.2,22.1,54.0,1012.3
2025-09-20T09:09:43.810000+00:00,9899,142,1269,1.9,0,33.1,22.1,54.0,1012.4
2025-09-20T09:10:43.804000+00:00,9899,80,1269,3.0,0,32.4,22.0,55.0,1012.4
2025-09-20T09:11:43.801000+00:00,9899,103,1269,2.1,0,32.0,21.9,56.0,1012.5
2025-09-20T09:12:43.802000+00:00,9899,170,1269,2.2,0,31.7,21.8,56.0,1012.4
2025-09-20T09:13:43.807000+00:00,9899,197,1269,2.2,0,31.7,21.8,57.0,1012.5
2025-09-20T09:14:43.801000+00:00,9899,60,1269,1.9,0,31.3,21.8,57.0,1012.3
2025-09-20T09:15:43.820000+00:00,9899,147,1269,1.5,0,31.3,21.7,57.0,1012.4
2025-09-20T09:16:43.803000+00:00,9899,345,1269,2.6,0,31.3,21.7,57.0,1012.4
2025-09-20T09:17:43.836000+00:00,9899,230,1269,2.8,0,31.1,21.6,57.0,1012.5
2025-09-20T09:18:43.852000+00:00,9899,138,1269,1.1,0,30.8,21.6,57.0,1012.5
2025-09-20T09:19:43.849000+00:00,9899,299,1269,1.9,0,30.8,21.6,57.0,1012.4
2025-09-20T09:20:43.852000+00:00,9899,78,1269,2.3,0,30.3,21.6,57.0,1012.5
2025-09-20T09:21:43.867000+00:00,9899,351,1269,2.5,0,30.4,21.6,57.0,1012.6
2025-09-20T09:22:43.873000+00:00,9899,240,1269,1.8,0,30.4,21.5,57.0,1012.6
2025-09-20T09:23:43.869000+00:00,9899,173,1269,1.6,0,29.9,21.5,58.0,1012.5
2025-09-20T09:24:43.875000+00:00,9899,90,1269,1.8,0,29.9,21.5,59.0,1012.4
2025-09-20T09:25:43.871000+00:00,9899,247,1269,2.5,0,29.8,21.5,59.0,1012.6
2025-09-20T09:26:43.872000+00:00,9899,207,1269,2.9,0,30.0,21.5,59.0,1012.6
2025-09-20T09:27:43.872000+00:00,9899,228,1269,1.1,0,29.9,21.5,59.0,1012.6
2025-09-20T09:28:43.896000+00:00,9899,225,1269,1.7,0,29.9,21.4,58.0,1012.7
2025-09-20T09:29:43.884000+00:00,9899,225,1269,2.0,0,29.7,21.5,59.0,1012.7
2025-09-20T09:30:43.903000+00:00,9899,89,1269,3.1,0,29.5,21.4,59.0,1012.6
2025-09-20T09:31:43.929000+00:00,9899,67,1269,2.8,0,29.3,21.3,60.0,1012.6
2025-09-20T09:32:43.909000+00:00,9899,157,1269,1.8,0,28.9,21.2,61.0,1012.5
2025-09-20T09:33:43.914000+00:00,9899,106,1269,1.7,0,28.6,21.1,62.0,1012.6
2025-09-20T09:34:43.920000+00:00,9899,106,1269,1.9,0,28.6,21.1,62.0,1012.6
2025-09-20T09:35:43.916000+00:00,9899,5,1269,2.3,0,28.6,21.0,62.0,1012.5
2025-09-20T09:36:43.925000+00:00,9899,115,1269,1.7,0,28.4,21.0,62.0,1012.6
2025-09-20T09:37:43.930000+00:00,9899,93,1269,1.1,0,28.4,21.0,62.0,1012.6
2025-09-20T09:38:43.909000+00:00,9899,85,1269,1.0,0,28.6,21.0,62.0,1012.5
2025-09-20T11:46:44.425000+00:00,9900,40,1269,2.1,1,26.5,20.7,62.0,1013.1
2025-09-20T11:47:44.435000+00:00,9900,202,1269,1.7,1,26.7,20.7,62.0,1013.0
2025-09-20T11:48:44.423000+00:00,9900,29,1269,2.9,1,26.7,20.7,62.0,1013.0
2025-09-20T11:49:44.434000+00:00,9900,89,1269,2.6,1,26.7,20.8,62.0,1013.0
2025-09-20T11:50:44.437000+00:00,9900,139,1269,1.5,0,26.9,20.8,62.0,1013.2
2025-09-20T11:51:44.426000+00:00,9900,236,1269,1.5,1,26.9,20.9,62.0,1013.1
2025-09-20T11:52:44.435000+00:00,9900,65,1269,2.0,1,26.9,20.8,63.0,1013.0
2025-09-20T11:53:44.423000+00:00,9900,70,1269,2.7,1,27.0,20.9,63.0,1012.9
2025-09-20T11:54:44.426000+00:00,9900,89,1269,1.8,1,27.4,21.0,62.0,1013.0
2025-09-20T11:55:44.421000+00:00,9900,103,1269,2.3,0,27.7,20.9,62.0,1013.0
2025-09-20T11:56:44.447000+00:00,9900,105,1269,2.4,0,27.7,20.9,62.0,1012.9
2025-09-20T11:57:44.438000+00:00,9900,73,1269,2.2,0,27.7,20.9,62.0,1013.0
2025-09-20T11:58:44.431000+00:00,9900,84,1269,3.9,0,27.4,20.9,62.0,1013.0
2025-09-20T11:59:44.433000+00:00,9900,38,1269,3.0,0,27.1,20.9,62.0,1012.8
2025-09-20T12:00:44.438000+00:00,9900,109,1269,1.5,0,27.1,20.8,62.0,1012.9
2025-09-20T12:01:44.431000+00:00,9900,99,1269,2.1,0,27.3,20.9,62.0,1012.9
2025-09-20T12:02:44.428000+00:00,9900,135,1269,3.8,0,27.0,20.8,62.0,1013.1
2025-09-20T12:03:44.443000+00:00,9900,94,1269,3.0,0,26.9,20.9,62.0,1013.0
2025-09-20T12:04:44.442000+00:00,9900,82,1269,2.0,0,26.8,20.9,62.0,1012.9
2025-09-20T12:05:44.449000+00:00,9900,115,1269,2.5,0,26.7,21.0,62.0,1013.0
2025-09-20T12:06:44.453000+00:00,9900,212,1269,1.9,0,27.1,21.1,62.0,1013.1
2025-09-20T12:07:44.455000+00:00,9900,309,1269,2.1,0,27.2,21.2,61.0,1013.0
2025-09-20T12:08:44.430000+00:00,9900,87,1269,2.0,0,27.5,21.2,61.0,1013.0
2025-09-20T12:09:44.442000+00:00,9900,208,1269,1.1,0,27.1,21.1,61.0,1013.3
2025-09-20T12:10:44.432000+00:00,9900,82,1269,3.2,0,27.1,21.1,61.0,1013.2
2025-09-20T12:11:44.444000+00:00,9900,105,1269,1.9,0,26.9,21.1,61.0,1013.1
2025-09-20T12:12:44.445000+00:00,9900,174,1269,2.1,0,26.8,21.0,61.0,1013.2
2025-09-20T12:13:44.448000+00:00,9900,122,1269,1.7,0,26.8,21.0,60.0,1013.1
2025-09-20T12:14:44.445000+00:00,9900,161,1269,2.0,0,26.7,21.0,61.0,1013.0
2025-09-20T12:15:44.448000+00:00,9900,323,1269,1.6,0,27.1,21.0,61.0,1013.2
2025-09-20T12:16:44.443000+00:00,9900,127,1269,1.5,0,27.7,21.1,60.0,1013.1
2025-09-20T12:17:44.453000+00:00,9900,68,1269,1.7,0,28.1,21.1,60.0,1013.3
2025-09-20T12:18:44.447000+00:00,9900,40,1269,3.5,0,28.4,21.2,60.0,1013.2
2025-09-20T12:19:44.442000+00:00,9900,80,1269,3.4,0,28.4,21.3,59.0,1013.3
2025-09-20T12:20:44.442000+00:00,9900,108,1269,2.8,0,28.2,21.4,59.0,1013.1
2025-09-20T12:21:44.439000+00:00,9900,250,1269,2.1,0,28.2,21.5,58.0,1013.1
2025-09-20T12:22:44.447000+00:00,9900,20,1269,2.1,0,28.6,21.6,58.0,1013.3
2025-09-20T12:23:44.454000+00:00,9900,128,1269,2.4,0,28.4,21.6,58.0,1013.1
2025-09-20T12:24:44.472000+00:00,9900,87,1269,3.5,0,27.9,21.5,59.0,1013.2
2025-09-20T12:25:44.450000+00:00,9900,337,1269,3.5,0,27.8,21.4,59.0,1013.2
2025-09-20T12:26:44.446000+00:00,9900,26,1269,2.1,0,27.7,21.5,59.0,1013.2
2025-09-20T12:27:44.445000+00:00,9900,107,1269,1.9,0,27.6,21.4,58.0,1013.1
2025-09-20T12:28:44.451000+00:00,9900,101,1269,2.4,0,27.6,21.4,58.0,1013.3
2025-09-20T12:29:44.449000+00:00,9900,105,1269,3.1,0,27.4,21.4,57.0,1013.2
2025-09-20T12:30:44.447000+00:00,9900,142,1269,2.2,0,27.4,21.4,57.0,1013.1
2025-09-20T12:31:44.449000+00:00,9900,87,1269,2.3,0,27.4,21.4,57.0,1013.2
2025-09-20T12:32:44.451000+00:00,9900,101,1269,2.8,0,27.3,21.4,57.0,1013.2
2025-09-20T12:33:44.526000+00:00,9900,139,1269,2.7,0,27.3,21.4,57.0,1013.2
2025-09-20T12:34:44.494000+00:00,9900,143,1269,2.1,0,27.2,21.4,56.0,1013.2
2025-09-20T12:35:44.511000+00:00,9900,234,1269,2.1,0,27.2,21.4,56.0,1013.4
2025-09-20T12:36:44.552000+00:00,9900,206,1269,2.7,0,27.1,21.4,56.0,1013.2
2025-09-20T12:37:44.514000+00:00,9900,95,1269,3.8,0,27.0,21.3,56.0,1013.3
2025-09-20T12:38:44.530000+00:00,9900,359,1269,2.6,0,26.9,21.3,55.0,1013.3
2025-09-20T12:39:44.526000+00:00,9900,75,1269,1.9,0,26.7,21.2,56.0,1013.3
2025-09-20T12:40:44.532000+00:00,9900,106,1269,2.4,0,26.7,21.1,56.0,1013.3
2025-09-20T12:41:44.554000+00:00,9900,327,1269,3.0,0,26.7,21.0,56.0,1013.3
2025-09-20T12:42:44.555000+00:00,9900,94,1269,1.9,0,26.7,21.0,56.0,1013.3
2025-09-20T12:43:44.553000+00:00,9900,66,1269,2.3,0,26.7,21.0,56.0,1013.6
2025-09-20T12:44:44.567000+00:00,9900,87,1269,1.4,0,27.0,21.0,56.0,1013.6
2025-09-20T12:45:44.557000+00:00,9900,151,1269,3.4,0,26.9,21.0,56.0,1013.5
2025-09-20T12:46:44.567000+00:00,9900,78,1269,2.6,0,27.1,21.0,56.0,1013.2
2025-09-20T12:47:44.566000+00:00,9900,30,1269,2.2,0,27.1,21.0,56.0,1013.4
2025-09-20T12:48:44.571000+00:00,9900,244,1269,2.4,0,27.4,21.0,56.0,1013.6
2025-09-20T12:49:44.562000+00:00,9900,178,1269,2.1,0,27.3,20.9,57.0,1013.5
2025-09-20T12:50:44.584000+00:00,9900,244,1269,2.1,0,27.4,20.9,57.0,1013.6
2025-09-20T12:51:44.587000+00:00,9900,327,1269,0.9,0,27.4,20.9,57.0,1013.5
2025-09-20T12:52:44.599000+00:00,9900,91,1269,3.1,0,27.0,21.0,57.0,1013.6
2025-09-20T12:53:44.602000+00:00,9900,21,1269,2.5,0,27.0,20.9,57.0,1013.5
2025-09-20T12:54:44.600000+00:00,9900,48,1269,1.6,0,26.8,21.0,57.0,1013.6
2025-09-20T12:55:44.608000+00:00,9900,107,1269,2.2,0,26.6,20.9,57.0,1013.5
2025-09-20T12:56:44.609000+00:00,9900,76,1269,1.6,0,26.3,20.9,57.0,1013.8
2025-09-20T12:57:44.603000+00:00,9900,1,1269,1.6,0,26.2,20.8,57.0,1013.7
2025-09-20T12:58:44.601000+00:00,9900,81,1269,1.8,0,26.1,20.8,58.0,1013.5
2025-09-20T12:59:44.608000+00:00,9900,97,1269,2.7,0,26.1,20.8,58.0,1013.7
2025-09-20T13:00:44.609000+00:00,9900,205,1269,1.9,0,26.1,20.8,58.0,1013.9
2025-09-20T13:01:44.610000+00:00,9900,83,1269,2.0,0,26.1,20.8,58.0,1013.8
2025-09-20T13:02:44.609000+00:00,9900,78,1269,3.0,0,26.0,20.8,58.0,1013.7
2025-09-20T13:03:44.620000+00:00,9900,41,1269,2.6,0,25.7,20.8,58.0,1013.8
2025-09-20T13:04:44.611000+00:00,9900,101,1269,1.0,0,25.7,20.7,58.0,1013.9
2025-09-20T13:05:44.610000+00:00,9900,264,1269,1.7,0,25.8,20.7,59.0,1013.9
2025-09-20T13:06:44.611000+00:00,9900,0,1269,1.2,0,25.9,20.7,58.0,1014.0
2025-09-20T13:07:44.609000+00:00,9900,80,1269,2.7,0,25.6,20.6,59.0,1013.9
2025-09-20T13:08:44.615000+00:00,9900,45,1269,1.9,0,25.5,20.6,59.0,1013.9
2025-09-20T13:09:44.612000+00:00,9900,92,1269,1.9,0,25.6,20.6,59.0,1013.9
2025-09-20T13:10:44.621000+00:00,9900,115,1269,2.1,0,25.6,20.6,59.0,1014.0
2025-09-20T13:11:44.615000+00:00,9900,69,1269,2.6,0,25.6,20.6,59.0,1014.2
2025-09-20T13:12:44.612000+00:00,9900,182,1269,1.5,0,25.6,20.6,59.0,1014.2
2025-09-20T13:13:44.612000+00:00,9900,62,1269,2.4,0,25.3,20.5,60.0,1014.1
2025-09-20T13:14:44.620000+00:00,9900,99,1269,1.8,0,25.3,20.5,60.0,1013.8
2025-09-20T13:15:44.614000+00:00,9900,168,1269,2.9,0,25.3,20.4,60.0,1014.2
2025-09-20T13:16:44.613000+00:00,9900,84,1269,1.9,0,25.4,20.4,60.0,1013.8
2025-09-20T13:17:44.615000+00:00,9900,117,1269,4.5,0,25.2,20.4,60.0,1013.9
2025-09-20T13:18:44.620000+00:00,9900,168,1269,2.4,0,25.1,20.3,60.0,1014.1
2025-09-20T13:19:44.623000+00:00,9900,139,1269,1.4,0,25.1,20.3,61.0,1014.0
2025-09-20T13:20:44.611000+00:00,9900,95,1269,3.2,0,25.0,20.3,61.0,1013.8
2025-09-20T13:21:44.614000+00:00,9900,67,1269,2.3,1,25.0,20.3,61.0,1014.1
2025-09-20T13:22:44.786000+00:00,9900,93,1269,2.9,1,24.8,20.3,61.0,1014.3
2025-09-20T13:23:44.624000+00:00,9900,348,1269,1.5,1,24.5,20.3,62.0,1013.8
2025-09-20T13:24:44.625000+00:00,9900,73,1269,2.0,1,24.5,20.3,62.0,1014.1
2025-09-20T13:25:44.625000+00:00,9900,112,1269,1.3,1,24.3,20.2,62.0,1014.0
2025-09-20T13:26:44.627000+00:00,9900,338,1269,2.7,1,24.4,20.2,62.0,1014.0
2025-09-20T13:27:44.643000+00:00,9900,121,1269,1.6,1,24.4,20.1,62.0,1014.2
2025-09-20T13:28:44.653000+00:00,9900,52,1269,3.2,1,24.3,20.1,62.0,1014.2
2025-09-20T13:29:44.678000+00:00,9900,89,1269,3.8,1,24.2,20.1,62.0,1014.1
2025-09-20T13:30:44.672000+00:00,9900,89,1269,3.8,1,24.2,20.1,62.0,1014.1
2025-09-20T13:31:44.670000+00:00,9900,47,1269,2.1,1,24.3,20.1,61.0,1014.2
2025-09-20T13:32:44.691000+00:00,9900,129,1269,2.6,0,24.3,20.1,61.0,1014.1
2025-09-20T13:33:44.668000+00:00,9900,75,1269,3.0,0,24.2,20.1,61.0,1014.0
2025-09-20T13:34:44.682000+00:00,9900,84,1269,3.3,0,24.3,20.1,61.0,1013.9
2025-09-20T13:35:44.679000+00:00,9900,92,1269,1.5,0,24.4,20.2,61.0,1014.2
2025-09-20T13:36:44.682000+00:00,9900,99,1269,1.4,0,24.5,20.2,61.0,1014.1
2025-09-20T13:37:44.667000+00:00,9900,52,1269,1.1,0,24.5,20.2,60.0,1013.9
2025-09-20T13:38:44.686000+00:00,9900,42,1269,2.6,0,24.5,20.2,60.0,1014.0
2025-09-20T13:39:44.686000+00:00,9900,86,1269,0.5,0,24.6,20.2,60.0,1014.0
2025-09-20T13:40:44.669000+00:00,9900,132,1269,1.0,0,24.5,20.3,60.0,1014.1
2025-09-20T13:41:44.676000+00:00,9900,331,1269,1.7,0,24.6,20.3,60.0,1014.2
2025-09-20T13:42:44.682000+00:00,9900,173,1269,2.4,0,24.6,20.3,59.0,1014.0
2025-09-20T13:43:44.679000+00:00,9900,115,1269,1.6,0,24.6,20.3,60.0,1013.7
2025-09-20T13:44:44.670000+00:00,9900,73,1269,2.2,0,24.6,20.3,59.0,1014.0
2025-09-20T13:45:44.690000+00:00,9900,94,1269,3.0,0,24.5,20.3,60.0,1014.0
2025-09-20T13:46:44.672000+00:00,9900,92,1269,2.7,0,24.4,20.3,60.0,1014.0
2025-09-20T13:47:44.686000+00:00,9900,93,1269,2.4,0,24.3,20.3,60.0,1014.1
2025-09-20T13:48:44.710000+00:00,9900,100,1269,2.1,0,24.3,20.3,60.0,1014.0
2025-09-20T13:49:44.731000+00:00,9900,66,1269,1.7,0,24.3,20.3,60.0,1014.0
2025-09-20T13:50:44.737000+00:00,9900,105,1269,2.6,1,24.2,20.3,59.0,1014.1
2025-09-20T13:51:44.730000+00:00,9900,285,1269,3.8,1,24.1,20.3,60.0,1014.0
2025-09-20T13:52:44.749000+00:00,9900,178,1269,2.4,1,24.1,20.3,60.0,1013.9
2025-09-20T13:53:44.774000+00:00,9900,152,1269,1.8,1,24.1,20.3,59.0,1014.1
2025-09-20T13:54:44.764000+00:00,9900,109,1269,1.6,1,24.0,20.2,59.0,1014.0
2025-09-20T13:55:44.766000+00:00,9900,359,1269,1.9,0,24.0,20.2,59.0,1013.9
2025-09-20T13:56:44.765000+00:00,9900,95,1269,1.2,0,23.9,20.2,60.0,1014.1
2025-09-20T13:57:44.766000+00:00,9900,331,1269,2.3,1,23.9,20.2,60.0,1013.9
2025-09-20T13:58:44.767000+00:00,9900,41,1269,1.4,1,23.9,20.3,60.0,1013.8
2025-09-20T13:59:44.773000+00:00,9900,85,1269,2.1,1,23.9,20.3,60.0,1013.9
2025-09-20T14:00:44.768000+00:00,9900,108,1269,3.3,1,23.7,20.3,60.0,1014.1
2025-09-21T10:06:49.413000+00:00,9904,69,1269,1.0,0,27.3,20.4,60.0,1019.8
2025-09-21T10:07:49.402000+00:00,9904,10,1269,1.4,0,27.3,20.4,61.0,1019.8
2025-09-21T10:08:49.414000+00:00,9904,255,1269,0.7,0,27.3,20.4,61.0,1019.8
2025-09-21T10:09:49.402000+00:00,9904,355,1269,1.6,0,27.4,20.5,61.0,1020.2
2025-09-21T10:10:49.401000+00:00,9904,65,1269,1.6,0,27.2,20.5,60.0,1019.8
2025-09-21T10:11:49.409000+00:00,9904,2,1269,1.1,0,27.0,20.5,60.0,1020.0
2025-09-21T10:12:49.405000+00:00,9904,69,1269,1.2,0,27.0,20.4,61.0,1020.0
2025-09-21T10:13:49.405000+00:00,9904,32,1269,2.1,0,27.0,20.5,60.0,1020.0
2025-09-21T10:14:49.400000+00:00,9904,128,1269,1.5,0,27.0,20.5,60.0,1020.0
2025-09-21T10:15:49.401000+00:00,9904,136,1269,1.2,0,27.3,20.5,60.0,1020.0
2025-09-21T10:16:49.419000+00:00,9904,0,1269,1.4,0,27.3,20.5,60.0,1020.2
2025-09-21T10:17:49.418000+00:00,9904,51,1269,0.8,0,27.4,20.5,59.0,1020.1
2025-09-21T10:18:49.417000+00:00,9904,190,1269,1.5,0,27.4,20.5,60.0,1020.1
2025-09-21T10:19:49.411000+00:00,9904,351,1269,1.9,0,27.0,20.5,61.0,1020.0
2025-09-21T10:20:49.411000+00:00,9904,83,1269,1.7,0,27.7,20.5,61.0,1020.2
2025-09-21T10:21:49.409000+00:00,9904,105,1269,1.0,0,27.2,20.5,61.0,1020.1
2025-09-21T10:22:49.471000+00:00,9904,105,1269,1.0,0,27.2,20.5,61.0,1020.1
2025-09-21T10:23:49.420000+00:00,9904,15,1269,1.2,0,27.8,20.5,60.0,1019.9
2025-09-21T10:24:49.413000+00:00,9904,0,1269,1.0,0,27.8,20.6,60.0,1020.0
2025-09-21T10:25:49.417000+00:00,9904,13,1269,1.2,0,27.7,20.7,58.0,1020.1
2025-09-21T10:26:49.429000+00:00,9904,83,1269,2.0,0,27.7,20.7,59.0,1020.1
2025-09-21T10:27:49.425000+00:00,9904,38,1269,1.7,0,27.7,20.7,59.0,1020.2
2025-09-21T10:28:49.431000+00:00,9904,158,1269,2.5,0,27.7,20.7,60.0,1020.1
2025-09-21T10:29:49.427000+00:00,9904,98,1269,1.6,0,28.4,20.8,59.0,1020.1
2025-09-21T10:30:49.422000+00:00,9904,77,1269,1.6,0,28.7,20.9,59.0,1020.2
2025-09-21T10:31:49.432000+00:00,9904,124,1269,1.3,0,28.7,20.9,58.0,1020.2
2025-09-21T10:32:49.481000+00:00,9904,240,1269,1.4,0,28.9,21.0,58.0,1020.2
2025-09-21T10:33:49.424000+00:00,9904,177,1269,1.2,0,29.0,21.0,57.0,1020.4
2025-09-21T10:34:49.422000+00:00,9904,168,1269,1.8,0,28.9,21.1,57.0,1020.3
2025-09-21T10:35:49.425000+00:00,9904,104,1269,1.8,0,28.8,21.0,57.0,1020.3
2025-09-21T10:36:49.424000+00:00,9904,239,1269,1.6,0,28.6,21.0,57.0,1020.4
2025-09-21T10:37:49.430000+00:00,9904,0,1269,0.9,0,28.4,21.0,57.0,1020.3
2025-09-21T10:38:49.447000+00:00,9904,138,1269,2.3,0,28.3,21.0,58.0,1020.5
2025-09-21T10:39:49.443000+00:00,9904,79,1269,1.8,0,28.3,20.9,58.0,1020.4
2025-09-21T10:40:49.447000+00:00,9904,60,1269,1.2,0,28.5,21.0,59.0,1020.4
2025-09-21T10:41:49.469000+00:00,9904,42,1269,1.2,0,28.5,20.9,59.0,1020.5
2025-09-21T10:42:49.482000+00:00,9904,84,1269,2.3,0,27.8,20.9,60.0,1020.4
2025-09-21T10:43:49.492000+00:00,9904,343,1269,2.7,0,27.7,20.8,60.0,1020.4
2025-09-21T10:44:49.483000+00:00,9904,103,1269,1.2,0,27.8,20.8,61.0,1020.7
2025-09-21T10:45:49.483000+00:00,9904,180,1269,1.4,0,27.8,20.8,60.0,1020.5
2025-09-21T10:46:49.483000+00:00,9904,43,1269,0.8,0,27.9,20.7,60.0,1020.7
2025-09-21T10:47:49.493000+00:00,9904,102,1269,2.1,0,27.9,20.6,59.0,1020.7
2025-09-21T10:48:49.503000+00:00,9904,32,1269,1.3,0,28.0,20.7,58.0,1020.5
2025-09-21T10:49:49.513000+00:00,9904,29,1269,2.1,0,27.9,20.7,59.0,1020.6
2025-09-21T10:50:49.528000+00:00,9904,166,1269,1.4,0,27.8,20.6,59.0,1020.8
2025-09-21T10:51:49.529000+00:00,9904,169,1269,1.5,0,27.8,20.7,60.0,1020.8
2025-09-21T10:52:49.536000+00:00,9904,196,1269,1.4,0,27.8,20.6,60.0,1020.8
2025-09-21T10:53:49.543000+00:00,9904,63,1269,1.6,0,28.1,20.7,60.0,1020.7
2025-09-21T10:54:49.563000+00:00,9904,162,1269,0.9,0,28.2,20.7,60.0,1020.9
2025-09-21T10:55:49.564000+00:00,9904,217,1269,0.9,0,27.4,20.7,61.0,1020.9
2025-09-21T10:56:49.562000+00:00,9904,0,1269,0.6,0,27.4,20.7,60.0,1020.9
2025-09-21T10:57:49.557000+00:00,9904,151,1269,1.1,0,27.3,20.7,61.0,1020.9
2025-09-21T10:58:49.583000+00:00,9904,18,1269,1.4,0,27.1,20.6,60.0,1020.9
2025-09-21T10:59:49.577000+00:00,9904,136,1269,1.8,0,26.9,20.6,60.0,1021.1
2025-09-21T11:00:49.576000+00:00,9904,313,1269,1.9,0,26.8,20.6,60.0,1020.8
2025-09-21T11:01:49.644000+00:00,9904,134,1269,1.2,0,26.8,20.6,60.0,1020.9
2025-09-21T11:02:49.592000+00:00,9904,27,1269,1.5,0,26.7,20.5,60.0,1021.0
2025-09-21T11:03:49.603000+00:00,9904,241,1269,2.0,0,26.6,20.5,60.0,1020.8
2025-09-21T11:04:49.624000+00:00,9904,91,1269,1.8,0,26.6,20.5,61.0,1021.0
2025-09-21T11:05:49.617000+00:00,9904,297,1269,1.4,0,26.6,20.5,60.0,1021.0
2025-09-21T11:06:49.633000+00:00,9904,226,1269,2.0,0,26.5,20.6,60.0,1020.9
2025-09-21T11:07:49.621000+00:00,9904,231,1269,2.2,0,26.4,20.6,60.0,1021.1
2025-09-21T11:08:49.618000+00:00,9904,206,1269,2.9,0,26.4,20.6,60.0,1021.0
2025-09-21T11:09:49.636000+00:00,9904,202,1269,2.0,0,26.3,20.6,60.0,1021.0
2025-09-21T11:10:49.708000+00:00,9904,289,1269,2.6,0,26.3,20.6,60.0,1021.1
2025-09-21T11:11:49.670000+00:00,9904,69,1269,2.1,0,25.9,20.5,60.0,1021.1
2025-09-21T11:12:49.671000+00:00,9904,0,1269,1.5,0,25.9,20.5,60.0,1021.2
2025-09-21T11:13:49.670000+00:00,9904,189,1269,0.9,0,25.9,20.5,60.0,1021.3
2025-09-21T11:14:49.678000+00:00,9904,204,1269,1.1,0,25.9,20.5,60.0,1021.3
2025-09-21T11:15:49.694000+00:00,9904,258,1269,1.8,0,26.1,20.5,60.0,1021.3
2025-09-21T11:16:49.695000+00:00,9904,39,1269,1.2,0,26.1,20.5,60.0,1021.3
2025-09-21T11:17:49.699000+00:00,9904,241,1269,1.3,0,26.0,20.4,60.0,1021.4
2025-09-21T11:18:49.704000+00:00,9904,105,1269,1.4,0,25.9,20.5,60.0,1021.4
2025-09-21T11:19:49.714000+00:00,9904,268,1269,1.7,0,25.9,20.5,60.0,1021.6
2025-09-21T11:20:49.715000+00:00,9904,251,1269,1.7,0,25.9,20.5,60.0,1021.5
2025-09-21T11:21:49.715000+00:00,9904,227,1269,1.9,0,26.0,20.5,60.0,1021.5
2025-09-21T11:22:49.707000+00:00,9904,177,1269,2.2,0,25.6,20.5,60.0,1021.5
2025-09-21T11:23:49.709000+00:00,9904,223,1269,1.3,0,25.5,20.5,60.0,1021.5
2025-09-21T11:24:49.723000+00:00,9904,27,1269,1.4,0,25.7,20.5,61.0,1021.4
2025-09-21T11:25:49.716000+00:00,9904,0,1269,1.9,0,25.6,20.5,61.0,1021.3
2025-09-21T11:26:49.717000+00:00,9904,116,1269,1.0,0,25.7,20.5,60.0,1021.3
2025-09-21T11:27:49.717000+00:00,9904,46,1269,2.2,0,25.6,20.5,60.0,1021.6
2025-09-21T11:28:49.724000+00:00,9904,200,1269,1.6,0,25.5,20.5,61.0,1021.4
2025-09-21T11:29:49.725000+00:00,9904,273,1269,1.7,0,25.5,20.5,60.0,1021.4
2025-09-21T11:30:49.722000+00:00,9904,192,1269,1.8,0,25.5,20.5,60.0,1021.5
2025-09-21T11:31:49.728000+00:00,9904,215,1269,1.5,0,25.4,20.5,60.0,1021.5
2025-09-21T11:32:49.710000+00:00,9904,8,1269,0.8,0,25.3,20.5,60.0,1021.5
2025-09-21T11:33:49.718000+00:00,9904,245,1269,1.3,0,25.3,20.5,60.0,1021.6
2025-09-21T11:34:49.726000+00:00,9904,264,1269,2.2,0,25.2,20.5,60.0,1021.6
2025-09-21T11:35:49.719000+00:00,9904,129,1269,1.0,0,25.1,20.5,60.0,1021.8
2025-09-21T11:36:49.720000+00:00,9904,144,1269,1.3,0,25.0,20.5,60.0,1021.6
2025-09-21T11:37:49.727000+00:00,9904,122,1269,1.0,0,25.1,20.5,60.0,1021.5
2025-09-21T11:38:49.721000+00:00,9904,52,1269,1.1,0,25.0,20.5,60.0,1021.6
2025-09-21T11:39:49.735000+00:00,9904,107,1269,1.1,0,25.2,20.5,59.0,1021.5
2025-09-21T11:40:49.728000+00:00,9904,9,1269,1.8,0,25.2,20.5,59.0,1021.7
2025-09-21T11:41:49.739000+00:00,9904,80,1269,0.6,0,25.1,20.5,60.0,1021.5
2025-09-21T11:42:49.736000+00:00,9904,173,1269,2.4,0,24.8,20.5,60.0,1021.6
2025-09-21T11:43:49.732000+00:00,9904,115,1269,0.7,0,24.8,20.5,60.0,1021.6
2025-09-21T11:44:49.742000+00:00,9904,223,1269,0.8,0,25.3,20.5,60.0,1021.6
2025-09-21T11:45:49.745000+00:00,9904,85,1269,1.6,0,25.3,20.5,60.0,1021.7
2025-09-21T11:46:49.767000+00:00,9904,311,1269,1.7,0,25.3,20.5,60.0,1021.8
2025-09-21T11:47:49.792000+00:00,9904,213,1269,1.4,0,24.9,20.4,61.0,1021.6
2025-09-21T11:48:49.813000+00:00,9904,53,1269,1.5,0,25.0,20.5,60.0,1021.4
2025-09-21T11:49:49.825000+00:00,9904,187,1269,2.1,0,25.2,20.5,61.0,1021.5
2025-09-21T11:50:49.823000+00:00,9904,228,1269,1.3,0,25.2,20.5,60.0,1021.6
2025-09-21T11:51:49.840000+00:00,9904,354,1269,0.9,0,25.2,20.4,60.0,1021.6
2025-09-21T11:52:49.850000+00:00,9904,238,1269,1.1,0,25.2,20.4,60.0,1021.7
2025-09-21T11:53:49.859000+00:00,9904,338,1269,2.2,0,25.1,20.4,60.0,1021.7
2025-09-21T11:54:49.853000+00:00,9904,69,1269,2.1,0,24.9,20.5,60.0,1021.7
2025-09-21T11:55:49.850000+00:00,9904,39,1269,1.5,0,24.9,20.5,60.0,1021.7
2025-09-21T11:56:49.863000+00:00,9904,338,1269,1.8,0,24.8,20.5,60.0,1021.6
2025-09-21T11:57:49.859000+00:00,9904,339,1269,1.1,0,24.7,20.5,60.0,1021.7
2025-09-21T11:58:49.875000+00:00,9904,208,1269,0.7,0,24.8,20.5,60.0,1021.7
2025-09-21T11:59:49.855000+00:00,9904,68,1269,0.9,0,24.8,20.5,60.0,1021.7
2025-09-21T12:00:49.856000+00:00,9904,303,1269,1.2,0,24.7,20.4,60.0,1021.7
2025-09-21T12:01:49.860000+00:00,9904,164,1269,1.6,0,24.7,20.4,60.0,1021.7
2025-09-21T12:02:49.867000+00:00,9904,206,1269,1.8,0,24.9,20.4,60.0,1021.7
2025-09-21T12:03:49.857000+00:00,9904,120,1269,1.9,0,24.9,20.4,60.0,1021.7
2025-09-21T12:04:49.854000+00:00,9904,183,1269,1.4,0,24.8,20.5,61.0,1021.7
2025-09-21T12:05:49.847000+00:00,9904,162,1269,1.1,0,24.9,20.5,61.0,1021.6
2025-09-21T12:06:49.866000+00:00,9904,245,1269,0.9,0,24.9,20.5,61.0,1021.6
2025-09-21T12:07:49.858000+00:00,9904,237,1269,1.4,0,24.9,20.4,60.0,1021.6
2025-09-21T12:08:49.860000+00:00,9904,237,1269,1.4,0,24.9,20.4,60.0,1021.6
2025-09-21T12:09:49.873000+00:00,9904,0,1269,1.4,0,24.9,20.4,60.0,1021.7
2025-09-21T12:10:49.859000+00:00,9904,192,1269,1.9,0,25.2,20.4,60.0,1021.7
2025-09-21T12:11:49.873000+00:00,9904,309,1269,2.0,0,25.2,20.4,60.0,1021.7
2025-09-21T12:12:49.865000+00:00,9904,251,1269,1.9,0,25.0,20.4,60.0,1021.7
2025-09-21T12:13:49.872000+00:00,9904,262,1269,2.4,0,24.8,20.4,60.0,1021.6
2025-09-21T12:14:49.891000+00:00,9904,334,1269,1.5,0,24.9,20.5,60.0,1021.6
2025-09-21T12:15:49.864000+00:00,9904,218,1269,0.9,0,24.9,20.5,60.0,1021.8
2025-09-21T12:16:49.879000+00:00,9904,241,1269,1.3,0,24.9,20.5,60.0,1021.6
2025-09-21T12:17:49.875000+00:00,9904,152,1269,2.2,0,25.0,20.5,60.0,1021.7
2025-09-21T12:18:49.879000+00:00,9904,180,1269,2.1,0,24.9,20.5,60.0,1021.6
2025-09-21T12:19:49.885000+00:00,9904,268,1269,1.3,0,24.9,20.5,60.0,1021.6
2025-09-21T12:20:49.879000+00:00,9904,200,1269,1.0,0,24.9,20.5,60.0,1021.7
2025-09-21T12:21:49.884000+00:00,9904,219,1269,1.3,0,25.0,20.5,60.0,1021.7
2025-09-21T12:22:49.900000+00:00,9904,219,1269,1.3,0,25.0,20.5,60.0,1021.7
2025-09-21T12:23:49.877000+00:00,9904,245,1269,1.2,0,24.5,20.4,60.0,1021.7
2025-09-21T12:24:49.877000+00:00,9904,245,1269,1.2,0,24.5,20.5,60.0,1021.7
2025-09-21T12:25:49.880000+00:00,9904,94,1269,1.3,0,24.8,20.5,60.0,1021.4
2025-09-21T12:26:49.880000+00:00,9904,217,1269,1.3,0,25.0,20.5,59.0,1021.6
2025-09-21T12:27:49.885000+00:00,9904,244,1269,1.3,0,24.8,20.5,59.0,1021.6
2025-09-21T12:28:49.890000+00:00,9904,292,1269,0.8,0,24.6,20.5,59.0,1021.9
2025-09-21T12:29:49.890000+00:00,9904,205,1269,1.4,0,24.6,20.5,59.0,1021.6
2025-09-21T12:30:49.888000+00:00,9904,249,1269,2.2,0,24.6,20.5,59.0,1021.7
2025-09-21T12:31:49.886000+00:00,9904,260,1269,2.2,0,24.6,20.5,59.0,1021.7
2025-09-21T12:32:49.890000+00:00,9904,212,1269,2.1,0,24.5,20.5,59.0,1021.7
2025-09-21T12:33:49.884000+00:00,9904,244,1269,1.5,0,24.5,20.5,60.0,1021.7
2025-09-21T12:34:49.879000+00:00,9904,347,1269,1.5,0,24.5,20.4,60.0,1021.7
2025-09-21T12:35:49.886000+00:00,9904,25,1269,2.1,0,24.5,20.4,60.0,1021.8
2025-09-21T12:36:49.932000+00:00,9904,220,1269,0.5,0,24.5,20.4,60.0,1021.8
2025-09-21T12:37:49.884000+00:00,9904,67,1269,1.7,0,24.1,20.4,60.0,1021.8
2025-09-21T12:38:49.890000+00:00,9904,159,1269,1.6,0,24.0,20.4,60.0,1021.8
2025-09-21T12:39:49.888000+00:00,9904,244,1269,1.6,0,24.1,20.4,60.0,1021.8
2025-09-21T12:40:49.895000+00:00,9904,169,1269,1.7,0,24.1,20.3,60.0,1021.8
2025-09-21T12:41:49.887000+00:00,9904,70,1269,1.5,0,24.0,20.3,60.0,1021.7
2025-10-03T12:45:56.585000+00:00,9890,152,1270,1.1,0,32.3,28.2,79.0,1011.6
2025-10-03T12:45:56.601000+00:00,9890,152,1270,1.1,0,32.3,28.2,79.0,1011.6
2025-10-03T12:46:56.623000+00:00,9890,146,1270,1.2,0,32.5,28.1,79.0,1011.6
2025-10-03T12:46:56.639000+00:00,9890,146,1270,1.2,0,32.5,28.1,79.0,1011.6
2025-10-03T12:47:56.623000+00:00,9890,141,1270,1.7,0,32.4,28.2,79.0,1011.6
2025-10-03T12:47:56.634000+00:00,9890,141,1270,1.7,0,32.4,28.2,79.0,1011.6
2025-10-03T12:47:56.640000+00:00,9890,141,1270,1.7,0,32.4,28.2,79.0,1011.6
2025-10-03T12:48:56.610000+00:00,9890,146,1270,1.1,0,32.2,28.2,79.0,1011.6
2025-10-03T12:48:56.620000+00:00,9890,146,1270,1.1,0,32.2,28.2,79.0,1011.6
2025-10-03T12:48:56.623000+00:00,9890,146,1270,1.1,0,32.2,28.2,79.0,1011.6
2025-10-03T12:49:56.623000+00:00,9890,152,1270,1.6,0,32.3,28.1,80.0,1011.6
2025-10-03T12:49:56.641000+00:00,9890,152,1270,1.6,0,32.3,28.1,80.0,1011.6
2025-10-03T12:49:56.644000+00:00,9890,152,1270,1.6,0,32.3,28.1,80.0,1011.6
2025-10-03T12:50:56.625000+00:00,9890,149,1270,1.6,0,32.3,28.1,80.0,1011.6
2025-10-03T12:50:56.635000+00:00,9890,149,1270,1.6,0,32.3,28.1,80.0,1011.6
2025-10-03T12:50:56.643000+00:00,9890,149,1270,1.6,0,32.3,28.1,80.0,1011.6
2025-10-03T12:51:56.635000+00:00,9890,153,1270,1.8,0,32.4,28.2,80.0,1011.6
2025-10-03T12:51:56.641000+00:00,9890,153,1270,1.8,0,32.4,28.2,80.0,1011.6
2025-10-03T12:52:56.636000+00:00,9890,150,1270,1.8,0,32.4,28.1,80.0,1011.7
2025-10-03T12:52:56.643000+00:00,9890,150,1270,1.8,0,32.4,28.1,80.0,1011.7
2025-10-03T12:52:56.648000+00:00,9890,150,1270,1.8,0,32.4,28.1,80.0,1011.7
2025-10-03T12:53:56.652000+00:00,9890,162,1270,1.6,0,32.4,28.1,80.0,1011.6
2025-10-03T12:53:56.658000+00:00,9890,162,1270,1.6,0,32.4,28.1,80.0,1011.6
2025-10-03T12:53:56.660000+00:00,9890,162,1270,1.6,0,32.4,28.1,80.0,1011.6
2025-10-03T12:54:56.663000+00:00,9890,156,1270,2.1,0,32.1,28.1,80.0,1011.8
2025-10-03T12:54:56.673000+00:00,9890,156,1270,2.1,0,32.1,28.1,80.0,1011.8
2025-10-03T12:55:56.650000+00:00,9890,150,1270,1.6,0,32.1,28.1,80.0,1011.7
2025-10-03T12:55:56.665000+00:00,9890,150,1270,1.6,0,32.1,28.1,80.0,1011.7
2025-10-03T12:56:56.665000+00:00,9890,161,1270,1.7,0,32.2,28.1,80.0,1011.7
2025-10-03T12:56:56.677000+00:00,9890,161,1270,1.7,0,32.2,28.1,80.0,1011.7
2025-10-03T12:57:56.667000+00:00,9890,161,1270,1.7,0,32.2,28.1,80.0,1011.7
2025-10-03T12:58:56.656000+00:00,9890,157,1270,1.9,0,32.2,28.1,80.0,1011.7
2025-10-03T12:58:56.661000+00:00,9890,157,1270,1.9,0,32.2,28.1,80.0,1011.7
2025-10-03T12:59:56.672000+00:00,9890,147,1270,1.5,0,32.4,28.1,80.0,1011.7
2025-10-03T12:59:56.675000+00:00,9890,147,1270,1.5,0,32.4,28.1,80.0,1011.7
2025-10-03T12:59:56.682000+00:00,9890,147,1270,1.5,0,32.4,28.1,80.0,1011.7
2025-10-03T13:00:56.672000+00:00,9890,155,1270,1.8,0,32.4,28.1,79.0,1011.7
2025-10-03T13:00:56.675000+00:00,9890,155,1270,1.8,0,32.4,28.1,79.0,1011.7
2025-10-03T13:01:56.670000+00:00,9890,153,1270,2.0,0,32.1,28.1,80.0,1011.8
2025-10-03T13:01:56.686000+00:00,9890,153,1270,2.0,0,32.1,28.1,80.0,1011.8
2025-10-03T13:02:56.662000+00:00,9890,156,1270,2.0,0,32.1,28.1,80.0,1011.7
2025-10-03T13:02:56.672000+00:00,9890,156,1270,2.0,0,32.1,28.1,80.0,1011.7
2025-10-03T13:02:56.676000+00:00,9890,156,1270,2.0,0,32.1,28.1,80.0,1011.7
2025-10-03T13:03:56.673000+00:00,9890,159,1270,2.4,0,32.2,28.1,80.0,1011.8
2025-10-03T13:03:56.675000+00:00,9890,159,1270,2.4,0,32.2,28.1,80.0,1011.8
2025-10-03T13:04:56.675000+00:00,9890,160,1270,2.6,0,32.2,28.1,79.0,1011.8
2025-10-03T13:05:56.735000+00:00,9890,159,1270,2.1,0,32.2,28.1,80.0,1011.8
2025-10-03T13:06:56.665000+00:00,9890,154,1270,2.1,0,32.4,28.2,80.0,1011.8
2025-10-03T13:06:56.681000+00:00,9890,154,1270,2.1,0,32.4,28.2,80.0,1011.8
2025-10-03T13:07:56.690000+00:00,9890,154,1270,2.2,0,32.7,28.3,79.0,1011.9
2025-10-03T13:07:56.697000+00:00,9890,154,1270,2.2,0,32.7,28.3,79.0,1011.9
2025-10-03T13:07:56.702000+00:00,9890,154,1270,2.2,0,32.7,28.3,79.0,1011.9
2025-10-03T13:08:56.727000+00:00,9890,168,1270,2.2,0,32.6,28.3,79.0,1011.9
2025-10-03T13:08:56.731000+00:00,9890,168,1270,2.2,0,32.6,28.3,79.0,1011.9
2025-10-03T13:08:56.733000+00:00,9890,168,1270,2.2,0,32.6,28.3,79.0,1011.9
2025-10-03T13:09:56.728000+00:00,9890,160,1270,1.7,0,32.4,28.3,79.0,1011.9
2025-10-03T13:09:56.730000+00:00,9890,160,1270,1.7,0,32.4,28.3,79.0,1011.9
2025-10-03T13:10:56.768000+00:00,9890,152,1270,2.1,0,32.4,28.3,79.0,1011.9
2025-10-03T13:11:56.730000+00:00,9890,152,1270,2.1,0,32.1,28.4,78.0,1011.9
2025-10-03T13:11:56.748000+00:00,9890,152,1270,2.1,0,32.1,28.4,78.0,1011.9
2025-10-03T13:11:56.754000+00:00,9890,152,1270,2.1,0,32.1,28.4,78.0,1011.9
2025-10-03T13:12:56.785000+00:00,9890,161,1270,2.3,0,32.1,28.3,78.0,1011.8
2025-10-03T13:12:56.801000+00:00,9890,161,1270,2.3,0,32.1,28.3,78.0,1011.8
2025-10-03T13:13:56.765000+00:00,9890,159,1270,2.1,0,32.3,28.3,78.0,1011.9
2025-10-03T13:13:56.781000+00:00,9890,159,1270,2.1,0,32.3,28.3,78.0,1011.9
2025-10-03T13:14:56.770000+00:00,9890,154,1270,2.2,0,32.3,28.3,78.0,1011.9
2025-10-03T13:14:56.786000+00:00,9890,154,1270,2.2,0,32.3,28.3,78.0,1011.9
2025-10-03T13:15:56.781000+00:00,9890,160,1270,2.4,0,32.1,28.3,78.0,1011.9
2025-10-03T13:15:56.790000+00:00,9890,160,1270,2.4,0,32.1,28.3,78.0,1011.9
2025-10-03T13:16:56.795000+00:00,9890,155,1270,2.0,0,31.9,28.3,78.0,1012.0
2025-10-03T13:16:56.801000+00:00,9890,155,1270,2.0,0,31.9,28.3,78.0,1012.0
2025-10-03T13:17:56.818000+00:00,9890,161,1270,1.9,0,32.0,28.3,78.0,1011.9
2025-10-03T13:17:56.829000+00:00,9890,161,1270,1.9,0,32.0,28.3,78.0,1011.9
2025-10-03T13:18:56.792000+00:00,9890,157,1270,2.4,0,31.9,28.2,78.0,1012.1
2025-10-03T13:18:56.811000+00:00,9890,157,1270,2.4,0,31.9,28.2,78.0,1012.1
2025-10-03T13:18:56.812000+00:00,9890,157,1270,2.4,0,31.9,28.2,78.0,1012.1
2025-10-03T13:19:56.829000+00:00,9890,158,1270,2.5,0,31.9,28.2,78.0,1012.0
2025-10-03T13:19:56.843000+00:00,9890,158,1270,2.5,0,31.9,28.2,78.0,1012.0
2025-10-03T13:20:56.844000+00:00,9890,158,1270,2.3,0,32.0,28.2,78.0,1012.1
2025-10-03T13:20:56.850000+00:00,9890,158,1270,2.3,0,32.0,28.2,78.0,1012.1
2025-10-03T13:20:56.856000+00:00,9890,158,1270,2.3,0,32.0,28.2,78.0,1012.1
2025-10-03T13:21:56.844000+00:00,9890,153,1270,2.3,0,32.2,28.2,78.0,1012.0
2025-10-03T13:22:56.862000+00:00,9890,154,1270,2.1,0,31.9,28.2,78.0,1012.0
2025-10-03T13:22:56.867000+00:00,9890,154,1270,2.1,0,31.9,28.2,78.0,1012.0
2025-10-03T13:23:56.860000+00:00,9890,155,1270,2.1,0,31.9,28.2,78.0,1012.0
2025-10-03T13:23:56.868000+00:00,9890,155,1270,2.1,0,31.9,28.2,78.0,1012.0
2025-10-03T13:24:56.845000+00:00,9890,157,1270,2.1,0,31.9,28.1,78.0,1012.0
2025-10-03T13:24:56.858000+00:00,9890,157,1270,2.1,0,31.9,28.1,78.0,1012.0
2025-10-03T13:24:56.860000+00:00,9890,157,1270,2.1,0,31.9,28.1,78.0,1012.0
2025-10-03T13:25:56.861000+00:00,9890,149,1270,2.0,0,31.9,28.1,78.0,1012.0
2025-10-03T13:26:56.877000+00:00,9890,156,1270,1.7,0,31.9,28.1,77.0,1012.1
2025-10-03T13:27:56.894000+00:00,9890,153,1270,1.6,0,31.7,28.1,78.0,1012.1
2025-10-03T13:27:56.900000+00:00,9890,153,1270,1.6,0,31.7,28.1,78.0,1012.1
2025-10-03T13:28:56.885000+00:00,9890,153,1270,1.6,0,32.0,28.1,78.0,1012.1
2025-10-03T13:28:56.900000+00:00,9890,153,1270,1.6,0,32.0,28.1,78.0,1012.1
2025-10-03T13:29:56.896000+00:00,9890,157,1270,1.7,0,32.0,28.1,78.0,1012.0
2025-10-03T13:29:56.906000+00:00,9890,157,1270,1.7,0,32.0,28.1,78.0,1012.0
2025-10-03T13:30:56.913000+00:00,9890,148,1270,1.8,0,31.9,28.1,77.0,1012.1
2025-10-03T13:30:56.916000+00:00,9890,148,1270,1.8,0,31.9,28.1,77.0,1012.1
2025-10-03T13:31:56.898000+00:00,9890,156,1270,1.4,0,31.9,28.1,78.0,1012.1
2025-10-03T13:31:56.905000+00:00,9890,156,1270,1.4,0,31.9,28.1,78.0,1012.1
2025-10-03T13:32:56.905000+00:00,9890,156,1270,1.4,0,31.9,28.1,78.0,1012.1
2025-10-03T13:32:56.923000+00:00,9890,156,1270,1.4,0,31.9,28.1,78.0,1012.1
2025-10-03T13:33:56.923000+00:00,9890,153,1270,1.5,0,32.2,28.1,76.0,1012.1
2025-10-03T13:33:56.935000+00:00,9890,153,1270,1.5,0,32.2,28.1,76.0,1012.1
2025-10-03T13:34:56.939000+00:00,9890,160,1270,1.4,0,32.2,28.2,76.0,1012.1
2025-10-03T13:34:56.955000+00:00,9890,160,1270,1.4,0,32.2,28.2,76.0,1012.1
2025-10-03T13:35:56.947000+00:00,9890,164,1270,1.6,0,32.1,28.2,75.0,1012.1
2025-10-03T13:35:56.954000+00:00,9890,164,1270,1.6,0,32.1,28.2,75.0,1012.1
2025-10-03T13:36:56.947000+00:00,9890,165,1270,1.4,0,32.1,28.2,76.0,1012.1
2025-10-03T13:36:56.956000+00:00,9890,165,1270,1.4,0,32.1,28.2,76.0,1012.1
2025-10-03T13:37:56.962000+00:00,9890,151,1270,1.4,0,32.3,28.3,76.0,1012.1
2025-10-03T13:38:56.964000+00:00,9890,151,1270,1.4,0,32.3,28.3,76.0,1012.1
2025-10-03T13:38:56.982000+00:00,9890,151,1270,1.4,0,32.3,28.3,76.0,1012.1
2025-10-03T13:39:56.997000+00:00,9890,145,1270,1.6,0,32.3,28.2,74.0,1012.1
2025-10-03T13:39:57+00:00,9890,145,1270,1.6,0,32.3,28.2,74.0,1012.1
2025-10-03T13:40:57.023000+00:00,9890,158,1270,1.5,0,32.2,28.2,74.0,1012.2
2025-10-03T13:40:57.024000+00:00,9890,158,1270,1.5,0,32.2,28.2,74.0,1012.2
2025-10-03T13:41:57.027000+00:00,9890,149,1270,1.4,0,32.2,28.1,74.0,1012.2
2025-10-03T13:41:57.037000+00:00,9890,149,1270,1.4,0,32.2,28.1,74.0,1012.2
2025-10-03T13:42:57.056000+00:00,9890,149,1270,1.6,0,32.2,28.1,74.0,1012.2
2025-10-03T13:42:57.066000+00:00,9890,149,1270,1.6,0,32.2,28.1,74.0,1012.2
2025-10-03T13:43:57.038000+00:00,9890,234,1270,1.4,0,32.2,28.1,74.0,1012.3
2025-10-03T13:43:57.050000+00:00,9890,234,1270,1.4,0,32.2,28.1,74.0,1012.3
2025-10-03T13:43:57.055000+00:00,9890,234,1270,1.4,0,32.2,28.1,74.0,1012.3
2025-10-03T13:44:57.053000+00:00,9890,153,1270,1.2,0,32.2,28.1,73.0,1012.3
2025-10-03T13:44:57.069000+00:00,9890,153,1270,1.2,0,32.2,28.1,73.0,1012.3
2025-10-03T13:45:57.077000+00:00,9890,167,1270,1.5,0,32.2,28.1,73.0,1012.4
2025-10-03T13:46:57.085000+00:00,9890,155,1270,1.6,0,32.2,28.1,73.0,1012.4
2025-10-03T13:46:57.102000+00:00,9890,155,1270,1.6,0,32.2,28.1,73.0,1012.4
2025-10-03T13:47:57.132000+00:00,9890,156,1270,2.0,0,32.0,28.1,73.0,1012.3
2025-10-03T13:47:57.147000+00:00,9890,156,1270,2.0,0,32.0,28.1,73.0,1012.3
2025-10-03T13:48:57.121000+00:00,9890,157,1270,1.6,0,31.9,28.1,73.0,1012.5
2025-10-03T13:48:57.135000+00:00,9890,157,1270,1.6,0,31.9,28.1,73.0,1012.5
2025-10-03T13:49:57.128000+00:00,9890,145,1270,1.1,0,32.0,28.1,73.0,1012.4
2025-10-03T13:49:57.138000+00:00,9890,145,1270,1.1,0,32.0,28.1,73.0,1012.4
2025-10-03T13:50:57.128000+00:00,9890,155,1270,1.0,0,32.0,28.1,73.0,1012.3
2025-10-03T13:50:57.139000+00:00,9890,155,1270,1.0,0,32.0,28.1,73.0,1012.3
2025-10-03T13:50:57.141000+00:00,9890,155,1270,1.0,0,32.0,28.1,73.0,1012.3
2025-10-03T13:51:57.129000+00:00,9890,152,1270,1.1,0,32.2,28.2,73.0,1012.4
2025-10-03T13:51:57.141000+00:00,9890,152,1270,1.1,0,32.2,28.2,73.0,1012.4
2025-10-03T13:52:57.141000+00:00,9890,153,1270,0.7,0,32.0,28.2,72.0,1012.5
2025-10-03T13:52:57.153000+00:00,9890,153,1270,0.7,0,32.0,28.2,72.0,1012.5
2025-10-03T13:53:57.163000+00:00,9890,153,1270,1.0,0,32.0,28.3,72.0,1012.4
2025-10-03T13:53:57.169000+00:00,9890,153,1270,1.0,0,32.0,28.3,72.0,1012.4
2025-10-03T13:54:57.151000+00:00,9890,146,1270,1.2,0,32.2,28.3,72.0,1012.4
2025-10-03T13:54:57.166000+00:00,9890,146,1270,1.2,0,32.2,28.3,72.0,1012.4
2025-10-03T13:55:57.161000+00:00,9890,149,1270,1.4,0,32.1,28.3,73.0,1012.4
2025-10-03T13:55:57.169000+00:00,9890,149,1270,1.4,0,32.1,28.3,73.0,1012.4
2025-10-03T13:56:57.186000+00:00,9890,157,1270,1.9,0,32.1,28.3,73.0,1012.6
2025-10-03T13:56:57.204000+00:00,9890,157,1270,1.9,0,32.1,28.3,73.0,1012.6
2025-10-03T13:57:57.193000+00:00,9890,153,1270,1.4,0,32.0,28.3,73.0,1012.5
2025-10-03T13:57:57.212000+00:00,9890,153,1270,1.4,0,32.0,28.3,73.0,1012.5
2025-10-03T13:58:57.204000+00:00,9890,146,1270,1.1,0,32.1,28.3,73.0,1012.4
2025-10-03T13:58:57.213000+00:00,9890,146,1270,1.1,0,32.1,28.3,73.0,1012.4
2025-10-03T13:58:57.217000+00:00,9890,146,1270,1.1,0,32.1,28.3,73.0,1012.4
2025-10-03T13:59:57.217000+00:00,9890,138,1270,1.3,0,32.1,28.4,74.0,1012.5
2025-10-03T13:59:57.226000+00:00,9890,138,1270,1.3,0,32.1,28.4,74.0,1012.5
2025-10-03T14:00:57.213000+00:00,9890,150,1270,2.2,0,32.6,28.4,73.0,1012.5
2025-10-03T14:00:57.224000+00:00,9890,150,1270,2.2,0,32.6,28.4,73.0,1012.5
2025-10-03T14:01:57.205000+00:00,9890,115,1270,1.4,0,32.6,28.4,73.0,1012.5
2025-10-03T14:01:57.225000+00:00,9890,115,1270,1.4,0,32.6,28.4,73.0,1012.5
2025-10-03T14:02:57.201000+00:00,9890,170,1270,0.8,0,32.6,28.5,73.0,1012.5
2025-10-03T14:02:57.216000+00:00,9890,170,1270,0.8,0,32.6,28.5,73.0,1012.5
2025-10-03T14:03:57.217000+00:00,9890,157,1270,1.1,0,32.6,28.5,73.0,1012.6
2025-10-03T14:03:57.227000+00:00,9890,157,1270,1.1,0,32.6,28.5,73.0,1012.6
2025-10-03T14:04:57.209000+00:00,9890,0,1270,0.8,0,32.6,28.5,73.0,1012.6
2025-10-03T14:04:57.224000+00:00,9890,0,1270,0.8,0,32.6,28.5,73.0,1012.6
2025-10-03T14:05:57.207000+00:00,9890,115,1270,0.5,0,32.5,28.5,73.0,1012.6
2025-10-03T14:05:57.227000+00:00,9890,115,1270,0.5,0,32.5,28.5,73.0,1012.6
2025-10-04T09:17:03.471000+00:00,9891,146,1270,1.6,0,43.0,30.8,60.0,1009.2
2025-10-04T09:17:03.478000+00:00,9891,146,1270,1.6,0,43.0,30.8,60.0,1009.2
2025-10-04T09:17:03.481000+00:00,9891,146,1270,1.6,0,43.0,30.8,60.0,1009.2
2025-10-04T09:18:03.478000+00:00,9891,146,1270,1.6,0,43.0,30.8,60.0,1009.2
2025-10-04T09:18:03.488000+00:00,9891,146,1270,1.6,0,43.0,30.8,60.0,1009.2
2025-10-04T09:18:03.493000+00:00,9891,146,1270,1.6,0,43.0,30.8,60.0,1009.2
2025-10-04T09:19:03.503000+00:00,9891,141,1270,1.8,0,42.7,30.9,59.0,1009.2
2025-10-04T09:19:03.510000+00:00,9891,141,1270,1.8,0,42.7,30.9,59.0,1009.2
2025-10-04T09:19:03.513000+00:00,9891,141,1270,1.8,0,42.7,30.9,59.0,1009.2
2025-10-04T09:20:03.490000+00:00,9891,142,1270,1.1,0,43.0,31.0,59.0,1009.2
2025-10-04T09:20:03.500000+00:00,9891,142,1270,1.1,0,43.0,31.0,59.0,1009.2
2025-10-04T09:20:03.506000+00:00,9891,142,1270,1.1,0,43.0,31.0,59.0,1009.2
2025-10-04T09:21:03.521000+00:00,9891,162,1270,1.5,0,43.0,31.0,59.0,1009.1
2025-10-04T09:21:03.529000+00:00,9891,162,1270,1.5,0,43.0,31.0,59.0,1009.1
2025-10-04T09:21:03.532000+00:00,9891,162,1270,1.5,0,43.0,31.0,59.0,1009.1
2025-10-04T09:22:03.521000+00:00,9891,159,1270,2.1,0,42.6,31.0,59.0,1009.2
2025-10-04T09:22:03.529000+00:00,9891,159,1270,2.1,0,42.6,31.0,59.0,1009.2
2025-10-04T09:22:03.532000+00:00,9891,159,1270,2.1,0,42.6,31.0,59.0,1009.2
2025-10-04T09:23:03.522000+00:00,9891,180,1270,1.6,0,42.2,31.0,59.0,1009.3
2025-10-04T09:23:03.530000+00:00,9891,180,1270,1.6,0,42.2,31.0,59.0,1009.3
2025-10-04T09:23:03.533000+00:00,9891,180,1270,1.6,0,42.2,31.0,59.0,1009.3
2025-10-04T09:24:03.525000+00:00,9891,180,1270,1.6,0,42.2,30.9,59.0,1009.3
2025-10-04T09:24:03.530000+00:00,9891,180,1270,1.6,0,42.2,30.9,59.0,1009.3
2025-10-04T09:24:03.535000+00:00,9891,180,1270,1.6,0,42.2,30.9,59.0,1009.3
2025-10-04T09:25:03.522000+00:00,9891,160,1270,1.3,0,42.1,30.9,60.0,1009.2
2025-10-04T09:25:03.531000+00:00,9891,160,1270,1.3,0,42.1,30.9,60.0,1009.2
2025-10-04T09:25:03.533000+00:00,9891,160,1270,1.3,0,42.1,30.9,60.0,1009.2
2025-10-04T09:26:03.531000+00:00,9891,185,1270,0.7,0,42.1,30.8,60.0,1009.2
2025-10-04T09:26:03.535000+00:00,9891,185,1270,0.7,0,42.1,30.8,60.0,1009.2
2025-10-04T09:26:03.537000+00:00,9891,185,1270,0.7,0,42.1,30.8,60.0,1009.2
2025-10-04T09:27:03.527000+00:00,9891,185,1270,0.7,0,42.1,30.8,60.0,1009.2
2025-10-04T09:27:03.535000+00:00,9891,185,1270,0.7,0,42.1,30.8,60.0,1009.2
2025-10-04T09:27:03.538000+00:00,9891,185,1270,0.7,0,42.1,30.8,60.0,1009.2
2025-10-04T09:28:03.541000+00:00,9891,147,1270,1.0,0,41.9,30.9,60.0,1009.3
2025-10-04T09:28:03.548000+00:00,9891,147,1270,1.0,0,41.9,30.9,60.0,1009.3
2025-10-04T09:28:03.551000+00:00,9891,147,1270,1.0,0,41.9,30.9,60.0,1009.3
2025-10-04T09:29:03.543000+00:00,9891,135,1270,1.4,0,41.8,30.8,60.0,1009.2
2025-10-04T09:29:03.553000+00:00,9891,135,1270,1.4,0,41.8,30.8,60.0,1009.2
2025-10-04T09:30:03.557000+00:00,9891,159,1270,1.2,0,42.0,30.8,60.0,1009.3
2025-10-04T09:30:03.566000+00:00,9891,159,1270,1.2,0,42.0,30.8,60.0,1009.3
2025-10-04T09:30:03.568000+00:00,9891,159,1270,1.2,0,42.0,30.8,60.0,1009.3
2025-10-04T09:31:03.577000+00:00,9891,149,1270,1.5,0,42.0,30.8,60.0,1009.3
2025-10-04T09:31:03.584000+00:00,9891,149,1270,1.5,0,42.0,30.8,60.0,1009.3
2025-10-04T09:31:03.587000+00:00,9891,149,1270,1.5,0,42.0,30.8,60.0,1009.3
2025-10-04T09:32:03.562000+00:00,9891,147,1270,1.8,0,42.1,30.9,60.0,1009.3
2025-10-04T09:32:03.571000+00:00,9891,147,1270,1.8,0,42.1,30.9,60.0,1009.3
2025-10-04T09:32:03.573000+00:00,9891,147,1270,1.8,0,42.1,30.9,60.0,1009.3
2025-10-04T09:33:03.577000+00:00,9891,142,1270,1.3,0,41.9,30.9,60.0,1009.3
2025-10-04T09:33:03.585000+00:00,9891,142,1270,1.3,0,41.9,30.9,60.0,1009.3
2025-10-04T09:33:03.588000+00:00,9891,142,1270,1.3,0,41.9,30.9,60.0,1009.3
2025-10-04T09:34:03.593000+00:00,9891,164,1270,1.5,0,42.0,30.9,61.0,1009.3
2025-10-04T09:34:03.600000+00:00,9891,164,1270,1.5,0,42.0,30.9,61.0,1009.3
2025-10-04T09:34:03.604000+00:00,9891,164,1270,1.5,0,42.0,30.9,61.0,1009.3
2025-10-04T09:35:03.577000+00:00,9891,154,1270,1.6,0,41.7,30.9,60.0,1009.4
2025-10-04T09:35:03.584000+00:00,9891,154,1270,1.6,0,41.7,30.9,60.0,1009.4
2025-10-04T09:35:03.587000+00:00,9891,154,1270,1.6,0,41.7,30.9,60.0,1009.4
2025-10-04T09:36:03.593000+00:00,9891,159,1270,1.5,0,41.7,31.0,61.0,1009.3
2025-10-04T09:36:03.601000+00:00,9891,159,1270,1.5,0,41.7,31.0,61.0,1009.3
2025-10-04T09:36:03.603000+00:00,9891,159,1270,1.5,0,41.7,31.0,61.0,1009.3
2025-10-04T09:37:03.609000+00:00,9891,169,1270,1.2,0,41.6,31.1,61.0,1009.3
2025-10-04T09:37:03.617000+00:00,9891,169,1270,1.2,0,41.6,31.1,61.0,1009.3
2025-10-04T09:37:03.619000+00:00,9891,169,1270,1.2,0,41.6,31.1,61.0,1009.3
2025-10-04T09:38:03.604000+00:00,9891,163,1270,1.6,0,41.9,31.1,61.0,1009.4
2025-10-04T09:38:03.617000+00:00,9891,163,1270,1.6,0,41.9,31.1,61.0,1009.4
2025-10-04T09:38:03.619000+00:00,9891,163,1270,1.6,0,41.9,31.1,61.0,1009.4
2025-10-04T09:39:03.620000+00:00,9891,155,1270,2.2,0,42.1,31.1,60.0,1009.3
2025-10-04T09:39:03.624000+00:00,9891,155,1270,2.2,0,42.1,31.1,60.0,1009.3
2025-10-04T09:39:03.626000+00:00,9891,155,1270,2.2,0,42.1,31.1,60.0,1009.3
2025-10-04T09:40:03.613000+00:00,9891,161,1270,2.5,0,41.7,31.2,60.0,1009.4
2025-10-04T09:40:03.622000+00:00,9891,161,1270,2.5,0,41.7,31.2,60.0,1009.4
2025-10-04T09:40:03.626000+00:00,9891,161,1270,2.5,0,41.7,31.2,60.0,1009.4
2025-10-04T09:41:03.617000+00:00,9891,154,1270,2.5,0,41.2,31.2,60.0,1009.4
2025-10-04T09:41:03.623000+00:00,9891,154,1270,2.5,0,41.2,31.2,60.0,1009.4
2025-10-04T09:41:03.627000+00:00,9891,154,1270,2.5,0,41.2,31.2,60.0,1009.4
2025-10-04T09:42:03.597000+00:00,9891,163,1270,1.8,0,41.2,31.1,61.0,1009.4
2025-10-04T09:42:03.606000+00:00,9891,163,1270,1.8,0,41.2,31.1,61.0,1009.4
2025-10-04T09:42:03.610000+00:00,9891,163,1270,1.8,0,41.2,31.1,61.0,1009.4
2025-10-04T09:43:03.620000+00:00,9891,155,1270,1.3,0,41.2,31.1,61.0,1009.5
2025-10-04T09:43:03.625000+00:00,9891,155,1270,1.3,0,41.2,31.1,61.0,1009.5
2025-10-04T09:43:03.627000+00:00,9891,155,1270,1.3,0,41.2,31.1,61.0,1009.5
2025-10-04T09:44:03.615000+00:00,9891,144,1270,1.6,0,40.7,31.1,61.0,1009.3
2025-10-04T09:44:03.626000+00:00,9891,144,1270,1.6,0,40.7,31.1,61.0,1009.3
2025-10-04T09:44:03.628000+00:00,9891,144,1270,1.6,0,40.7,31.1,61.0,1009.3
2025-10-04T09:45:03.618000+00:00,9891,159,1270,1.7,0,41.0,31.1,61.0,1009.4
2025-10-04T09:45:03.626000+00:00,9891,159,1270,1.7,0,41.0,31.1,61.0,1009.4
2025-10-04T09:45:03.630000+00:00,9891,159,1270,1.7,0,41.0,31.1,61.0,1009.4
2025-10-04T09:46:03.619000+00:00,9891,159,1270,1.9,0,41.3,31.1,60.0,1009.3
2025-10-04T09:46:03.626000+00:00,9891,159,1270,1.9,0,41.3,31.1,60.0,1009.3
2025-10-04T09:46:03.628000+00:00,9891,159,1270,1.9,0,41.3,31.1,60.0,1009.3
2025-10-04T09:47:03.606000+00:00,9891,156,1270,2.2,0,40.9,31.1,61.0,1009.4
2025-10-04T09:47:03.615000+00:00,9891,156,1270,2.2,0,40.9,31.1,61.0,1009.4
2025-10-04T09:47:03.619000+00:00,9891,156,1270,2.2,0,40.9,31.1,61.0,1009.4
2025-10-04T09:48:03.631000+00:00,9891,152,1270,1.8,0,40.9,31.2,61.0,1009.5
2025-10-04T09:48:03.634000+00:00,9891,152,1270,1.8,0,40.9,31.2,61.0,1009.5
2025-10-04T09:49:03.623000+00:00,9891,145,1270,2.2,0,40.9,31.2,61.0,1009.4
2025-10-04T09:49:03.628000+00:00,9891,145,1270,2.2,0,40.9,31.2,61.0,1009.4
2025-10-04T09:49:03.633000+00:00,9891,145,1270,2.2,0,40.9,31.2,61.0,1009.4
2025-10-04T09:50:03.659000+00:00,9891,164,1270,1.9,0,40.8,31.0,61.0,1009.5
2025-10-04T09:50:03.663000+00:00,9891,164,1270,1.9,0,40.8,31.0,61.0,1009.5
2025-10-04T09:50:03.664000+00:00,9891,164,1270,1.9,0,40.8,31.0,61.0,1009.5
2025-10-04T09:51:03.639000+00:00,9891,160,1270,1.8,0,40.6,31.0,62.0,1009.5
2025-10-04T09:51:03.648000+00:00,9891,160,1270,1.8,0,40.6,31.0,62.0,1009.5
2025-10-04T09:51:03.653000+00:00,9891,160,1270,1.8,0,40.6,31.0,62.0,1009.5
2025-10-04T09:52:03.653000+00:00,9891,150,1270,1.9,0,40.6,30.9,62.0,1009.4
2025-10-04T09:52:03.659000+00:00,9891,150,1270,1.9,0,40.6,30.9,62.0,1009.4
2025-10-04T09:52:03.660000+00:00,9891,150,1270,1.9,0,40.6,30.9,62.0,1009.4
2025-10-04T09:53:03.721000+00:00,9891,160,1270,2.0,0,41.0,30.9,62.0,1009.5
2025-10-04T09:54:03.754000+00:00,9891,154,1270,1.9,0,41.0,30.9,62.0,1009.3
2025-10-04T09:55:03.716000+00:00,9891,156,1270,1.9,0,41.1,30.9,62.0,1009.4
2025-10-04T09:55:03.717000+00:00,9891,156,1270,1.9,0,41.1,30.9,62.0,1009.4
2025-10-04T09:55:03.718000+00:00,9891,156,1270,1.9,0,41.1,30.9,62.0,1009.4
2025-10-04T09:56:03.721000+00:00,9891,135,1270,1.9,0,41.0,30.9,61.0,1009.4
2025-10-04T09:56:03.727000+00:00,9891,135,1270,1.9,0,41.0,30.9,61.0,1009.4
2025-10-04T09:56:03.740000+00:00,9891,135,1270,1.9,0,41.0,30.9,61.0,1009.4
2025-10-04T09:57:03.732000+00:00,9891,172,1270,1.3,0,40.6,30.9,62.0,1009.4
2025-10-04T09:57:03.740000+00:00,9891,172,1270,1.3,0,40.6,30.9,62.0,1009.4
2025-10-04T09:57:03.743000+00:00,9891,172,1270,1.3,0,40.6,30.9,62.0,1009.4
2025-10-04T09:58:03.750000+00:00,9891,154,1270,1.6,0,40.7,30.9,62.0,1009.4
2025-10-04T09:58:03.757000+00:00,9891,154,1270,1.6,0,40.7,30.9,62.0,1009.4
2025-10-04T09:58:03.760000+00:00,9891,154,1270,1.6,0,40.7,30.9,62.0,1009.4
2025-10-04T09:59:03.741000+00:00,9891,150,1270,1.8,0,40.8,31.0,62.0,1009.5
2025-10-04T09:59:03.749000+00:00,9891,150,1270,1.8,0,40.8,31.0,62.0,1009.5
2025-10-04T09:59:03.751000+00:00,9891,150,1270,1.8,0,40.8,31.0,62.0,1009.5
2025-10-04T10:00:03.751000+00:00,9891,159,1270,2.0,0,41.0,31.1,61.0,1009.5
2025-10-04T10:00:03.759000+00:00,9891,159,1270,2.0,0,41.0,31.1,61.0,1009.5
2025-10-04T10:00:03.761000+00:00,9891,159,1270,2.0,0,41.0,31.1,61.0,1009.5
2025-10-04T10:01:03.750000+00:00,9891,162,1270,2.2,0,40.8,31.1,61.0,1009.4
2025-10-04T10:01:03.759000+00:00,9891,162,1270,2.2,0,40.8,31.1,61.0,1009.4
2025-10-04T10:01:03.764000+00:00,9891,162,1270,2.2,0,40.8,31.1,61.0,1009.4
2025-10-04T10:02:03.769000+00:00,9891,154,1270,1.6,0,40.7,31.2,62.0,1009.4
2025-10-04T10:02:03.777000+00:00,9891,154,1270,1.6,0,40.7,31.2,62.0,1009.4
2025-10-04T10:02:03.782000+00:00,9891,154,1270,1.6,0,40.7,31.2,62.0,1009.4
2025-10-04T10:03:03.803000+00:00,9891,159,1270,2.0,0,40.2,31.2,62.0,1009.4
2025-10-04T10:03:03.813000+00:00,9891,159,1270,2.0,0,40.2,31.2,62.0,1009.4
2025-10-04T10:03:03.818000+00:00,9891,159,1270,2.0,0,40.2,31.2,62.0,1009.4
2025-10-04T10:04:03.810000+00:00,9891,163,1270,1.6,0,40.2,31.1,62.0,1009.4
2025-10-04T10:04:03.817000+00:00,9891,163,1270,1.6,0,40.2,31.1,62.0,1009.4
2025-10-04T10:04:03.819000+00:00,9891,163,1270,1.6,0,40.2,31.1,62.0,1009.4
2025-10-04T10:05:03.884000+00:00,9891,154,1270,1.8,0,40.3,31.1,62.0,1009.4
2025-10-04T10:05:03.892000+00:00,9891,154,1270,1.8,0,40.3,31.1,62.0,1009.4
2025-10-04T10:05:03.895000+00:00,9891,154,1270,1.8,0,40.3,31.1,62.0,1009.4
2025-10-04T10:06:03.837000+00:00,9891,160,1270,2.3,0,40.6,31.1,62.0,1009.5
2025-10-04T10:06:03.844000+00:00,9891,160,1270,2.3,0,40.6,31.1,62.0,1009.5
2025-10-04T10:06:03.846000+00:00,9891,160,1270,2.3,0,40.6,31.1,62.0,1009.5
2025-10-04T10:07:03.861000+00:00,9891,159,1270,1.9,0,40.6,31.1,62.0,1009.5
2025-10-04T10:07:03.868000+00:00,9891,159,1270,1.9,0,40.6,31.1,62.0,1009.5
2025-10-04T10:07:03.874000+00:00,9891,159,1270,1.9,0,40.6,31.1,62.0,1009.5
2025-10-04T10:08:03.858000+00:00,9891,156,1270,2.4,0,40.6,31.1,62.0,1009.6
2025-10-04T10:08:03.867000+00:00,9891,156,1270,2.4,0,40.6,31.1,62.0,1009.6
2025-10-04T10:08:03.873000+00:00,9891,156,1270,2.4,0,40.6,31.1,62.0,1009.6
2025-10-04T10:09:03.852000+00:00,9891,162,1270,2.2,0,40.6,31.1,62.0,1009.5
2025-10-04T10:09:03.860000+00:00,9891,162,1270,2.2,0,40.6,31.1,62.0,1009.5
2025-10-04T10:09:03.862000+00:00,9891,162,1270,2.2,0,40.6,31.1,62.0,1009.5
2025-10-04T10:10:03.854000+00:00,9891,157,1270,2.5,0,40.3,31.1,61.0,1009.4
2025-10-04T10:10:03.861000+00:00,9891,157,1270,2.5,0,40.3,31.1,61.0,1009.4
2025-10-04T10:10:03.863000+00:00,9891,157,1270,2.5,0,40.3,31.1,61.0,1009.4
2025-10-04T10:11:03.846000+00:00,9891,154,1270,2.5,0,40.3,31.2,61.0,1009.5
2025-10-04T10:11:03.851000+00:00,9891,154,1270,2.5,0,40.3,31.2,61.0,1009.5
2025-10-04T10:11:03.854000+00:00,9891,154,1270,2.5,0,40.3,31.2,61.0,1009.5
2025-10-04T10:12:03.856000+00:00,9891,161,1270,2.4,0,39.9,31.2,62.0,1009.5
2025-10-04T10:12:03.863000+00:00,9891,161,1270,2.4,0,39.9,31.2,62.0,1009.5
2025-10-04T10:12:03.866000+00:00,9891,161,1270,2.4,0,39.9,31.2,62.0,1009.5
2025-10-04T10:13:03.857000+00:00,9891,152,1270,2.3,0,40.0,31.2,62.0,1009.5
2025-10-04T10:13:03.866000+00:00,9891,152,1270,2.3,0,40.0,31.2,62.0,1009.5
2025-10-04T10:13:03.868000+00:00,9891,152,1270,2.3,0,40.0,31.2,62.0,1009.5
2025-10-04T10:14:03.842000+00:00,9891,157,1270,2.0,0,40.2,31.1,62.0,1009.5
2025-10-04T10:14:03.852000+00:00,9891,157,1270,2.0,0,40.2,31.1,62.0,1009.5
2025-10-04T10:14:03.855000+00:00,9891,157,1270,2.0,0,40.2,31.1,62.0,1009.5
2025-10-04T10:15:03.920000+00:00,9891,149,1270,2.3,0,40.3,31.1,61.0,1009.5
2025-10-04T10:16:03.857000+00:00,9891,154,1270,2.1,0,39.9,31.0,61.0,1009.5
2025-10-04T10:16:03.867000+00:00,9891,154,1270,2.1,0,39.9,31.0,61.0,1009.5
2025-10-04T10:16:03.870000+00:00,9891,154,1270,2.1,0,39.9,31.0,61.0,1009.5
2025-10-04T10:17:03.848000+00:00,9891,151,1270,1.9,0,39.7,30.9,62.0,1009.5
2025-10-04T10:17:03.853000+00:00,9891,151,1270,1.9,0,39.7,30.9,62.0,1009.5
2025-10-04T10:17:03.855000+00:00,9891,151,1270,1.9,0,39.7,30.9,62.0,1009.5
2025-10-04T10:18:03.868000+00:00,9891,155,1270,1.8,0,39.8,30.9,62.0,1009.5
2025-10-04T10:18:03.878000+00:00,9891,155,1270,1.8,0,39.8,30.9,62.0,1009.5
2025-10-04T10:18:03.880000+00:00,9891,155,1270,1.8,0,39.8,30.9,62.0,1009.5
2025-10-04T10:19:03.862000+00:00,9891,149,1270,1.8,0,39.8,30.9,62.0,1009.6
2025-10-04T10:19:03.870000+00:00,9891,149,1270,1.8,0,39.8,30.9,62.0,1009.6
2025-10-04T10:19:03.872000+00:00,9891,149,1270,1.8,0,39.8,30.9,62.0,1009.6
2025-10-04T10:20:03.879000+00:00,9891,153,1270,2.1,0,39.6,30.9,62.0,1009.5
2025-10-04T10:20:03.886000+00:00,9891,153,1270,2.1,0,39.6,30.9,62.0,1009.5
2025-10-04T10:20:03.888000+00:00,9891,153,1270,2.1,0,39.6,30.9,62.0,1009.5
2025-10-04T10:21:03.879000+00:00,9891,164,1270,1.7,0,39.6,30.9,63.0,1009.6
2025-10-04T10:21:03.890000+00:00,9891,164,1270,1.7,0,39.6,30.9,63.0,1009.6
2025-10-04T10:21:03.894000+00:00,9891,164,1270,1.7,0,39.6,30.9,63.0,1009.6
2025-10-04T10:22:03.898000+00:00,9891,159,1270,2.2,0,39.2,31.0,62.0,1009.6
2025-10-04T10:22:03.905000+00:00,9891,159,1270,2.2,0,39.2,31.0,62.0,1009.6
2025-10-04T10:22:03.913000+00:00,9891,159,1270,2.2,0,39.2,31.0,62.0,1009.6
2025-10-04T10:23:03.895000+00:00,9891,159,1270,2.1,0,39.2,31.0,62.0,1009.6
2025-10-04T10:23:03.908000+00:00,9891,159,1270,2.1,0,39.2,31.0,62.0,1009.6
2025-10-04T10:23:03.910000+00:00,9891,159,1270,2.1,0,39.2,31.0,62.0,1009.6
2025-10-04T10:24:03.911000+00:00,9891,154,1270,2.2,0,39.3,30.9,62.0,1009.6
2025-10-04T10:24:03.916000+00:00,9891,154,1270,2.2,0,39.3,30.9,62.0,1009.6
2025-10-04T10:24:03.917000+00:00,9891,154,1270,2.2,0,39.3,30.9,62.0,1009.6
2025-10-04T10:25:03.900000+00:00,9891,149,1270,1.7,0,39.3,30.9,62.0,1009.6
2025-10-04T10:25:03.908000+00:00,9891,149,1270,1.7,0,39.3,30.9,62.0,1009.6
2025-10-04T10:25:03.912000+00:00,9891,149,1270,1.7,0,39.3,30.9,62.0,1009.6
2025-10-04T10:26:03.899000+00:00,9891,147,1270,1.7,0,39.4,30.9,63.0,1009.6
2025-10-04T10:26:03.907000+00:00,9891,147,1270,1.7,0,39.4,30.9,63.0,1009.6
2025-10-04T10:26:03.909000+00:00,9891,147,1270,1.7,0,39.4,30.9,63.0,1009.6
2025-10-04T10:27:03.900000+00:00,9891,153,1270,1.7,0,39.4,30.9,63.0,1009.6
2025-10-04T10:27:03.907000+00:00,9891,153,1270,1.7,0,39.4,30.9,63.0,1009.6
2025-10-04T10:27:03.917000+00:00,9891,153,1270,1.7,0,39.4,30.9,63.0,1009.6
2025-10-04T10:28:03.906000+00:00,9891,158,1270,2.1,0,39.5,31.0,62.0,1009.6
2025-10-04T10:28:03.913000+00:00,9891,158,1270,2.1,0,39.5,31.0,62.0,1009.6
2025-10-04T10:28:03.915000+00:00,9891,158,1270,2.1,0,39.5,31.0,62.0,1009.6
2025-10-04T10:29:03.905000+00:00,9891,151,1270,2.2,0,39.4,31.0,62.0,1009.7
2025-10-04T10:29:03.913000+00:00,9891,151,1270,2.2,0,39.4,31.0,62.0,1009.7
2025-10-04T10:29:03.915000+00:00,9891,151,1270,2.2,0,39.4,31.0,62.0,1009.7
2025-10-04T10:30:03.913000+00:00,9891,157,1270,1.9,0,39.1,31.0,63.0,1009.6
2025-10-04T10:30:03.920000+00:00,9891,157,1270,1.9,0,39.1,31.0,63.0,1009.6
2025-10-04T10:30:03.923000+00:00,9891,157,1270,1.9,0,39.1,31.0,63.0,1009.6
2025-10-04T10:31:03.918000+00:00,9891,152,1270,1.9,0,39.1,31.0,62.0,1009.7
2025-10-04T10:31:03.925000+00:00,9891,152,1270,1.9,0,39.1,31.0,62.0,1009.7
2025-10-04T10:31:03.936000+00:00,9891,152,1270,1.9,0,39.1,31.0,62.0,1009.7
2025-10-04T10:32:03.919000+00:00,9891,150,1270,1.8,0,39.5,30.9,62.0,1009.7
2025-10-04T10:32:03.929000+00:00,9891,150,1270,1.8,0,39.5,30.9,62.0,1009.7
2025-10-04T10:32:03.930000+00:00,9891,150,1270,1.8,0,39.5,30.9,62.0,1009.7
2025-10-04T10:33:03.954000+00:00,9891,163,1270,2.0,0,39.5,31.0,62.0,1009.7
2025-10-04T10:33:03.960000+00:00,9891,163,1270,2.0,0,39.5,31.0,62.0,1009.7
2025-10-04T10:33:03.963000+00:00,9891,163,1270,2.0,0,39.5,31.0,62.0,1009.7
2025-10-04T10:34:03.955000+00:00,9891,157,1270,2.0,0,39.2,31.0,61.0,1009.7
2025-10-04T10:34:03.961000+00:00,9891,157,1270,2.0,0,39.2,31.0,61.0,1009.7
2025-10-04T10:34:03.965000+00:00,9891,157,1270,2.0,0,39.2,31.0,61.0,1009.7
2025-10-04T10:35:03.956000+00:00,9891,149,1270,2.2,0,39.1,31.0,62.0,1009.6
2025-10-04T10:35:03.962000+00:00,9891,149,1270,2.2,0,39.1,31.0,62.0,1009.6
2025-10-04T10:35:03.966000+00:00,9891,149,1270,2.2,0,39.1,31.0,62.0,1009.6
2025-10-04T10:36:03.937000+00:00,9891,162,1270,2.0,0,39.0,30.9,62.0,1009.8
2025-10-04T10:36:03.944000+00:00,9891,162,1270,2.0,0,39.0,30.9,62.0,1009.8
2025-10-04T10:36:03.946000+00:00,9891,162,1270,2.0,0,39.0,30.9,62.0,1009.8
2025-10-04T10:37:03.937000+00:00,9891,148,1270,1.9,0,39.0,30.9,62.0,1009.7
2025-10-04T10:37:03.946000+00:00,9891,148,1270,1.9,0,39.0,30.9,62.0,1009.7
2025-10-04T10:37:03.948000+00:00,9891,148,1270,1.9,0,39.0,30.9,62.0,1009.7
2025-10-03T09:15:55.545000+00:00,9889,148,1270,1.6,0,35.8,28.5,72.0,1010.2
2025-10-03T09:15:55.553000+00:00,9889,148,1270,1.6,0,35.8,28.5,72.0,1010.2
2025-10-03T09:15:55.557000+00:00,9889,148,1270,1.6,0,35.8,28.5,72.0,1010.2
2025-10-03T09:16:55.560000+00:00,9889,145,1270,0.8,0,35.9,28.6,71.0,1010.2
2025-10-03T09:16:55.569000+00:00,9889,145,1270,0.8,0,35.9,28.6,71.0,1010.2
2025-10-03T09:16:55.571000+00:00,9889,145,1270,0.8,0,35.9,28.6,71.0,1010.2
2025-10-03T09:17:55.560000+00:00,9889,320,1270,0.7,0,35.9,28.7,70.0,1010.3
2025-10-03T09:17:55.567000+00:00,9889,320,1270,0.7,0,35.9,28.7,70.0,1010.3
2025-10-03T09:17:55.570000+00:00,9889,320,1270,0.7,0,35.9,28.7,70.0,1010.3
2025-10-03T09:18:55.547000+00:00,9889,92,1270,0.5,0,35.9,28.7,71.0,1010.2
2025-10-03T09:18:55.565000+00:00,9889,92,1270,0.5,0,35.9,28.7,71.0,1010.2
2025-10-03T09:18:55.577000+00:00,9889,92,1270,0.5,0,35.9,28.7,71.0,1010.2
2025-10-03T09:19:55.575000+00:00,9889,136,1270,0.4,0,35.9,28.7,71.0,1010.2
2025-10-03T09:19:55.582000+00:00,9889,136,1270,0.4,0,35.9,28.7,71.0,1010.2
2025-10-03T09:19:55.585000+00:00,9889,136,1270,0.4,0,35.9,28.7,71.0,1010.2
2025-10-03T09:20:55.578000+00:00,9889,154,1270,1.6,0,35.9,28.7,71.0,1010.4
2025-10-03T09:20:55.585000+00:00,9889,154,1270,1.6,0,35.9,28.7,71.0,1010.4
2025-10-03T09:20:55.587000+00:00,9889,154,1270,1.6,0,35.9,28.7,71.0,1010.4
2025-10-03T09:21:55.634000+00:00,9889,142,1270,1.6,1,35.8,28.8,71.0,1010.2
2025-10-03T09:21:55.635000+00:00,9889,142,1270,1.6,1,35.8,28.8,71.0,1010.2
2025-10-03T09:22:55.641000+00:00,9889,153,1270,1.4,1,35.4,28.8,71.0,1010.3
2025-10-03T09:22:55.645000+00:00,9889,153,1270,1.4,1,35.4,28.8,71.0,1010.3
2025-10-03T09:23:55.629000+00:00,9889,168,1270,1.7,0,35.3,28.8,72.0,1010.3
2025-10-03T09:23:55.636000+00:00,9889,168,1270,1.7,0,35.3,28.8,72.0,1010.3
2025-10-03T09:23:55.639000+00:00,9889,168,1270,1.7,0,35.3,28.8,72.0,1010.3
2025-10-03T09:24:55.626000+00:00,9889,182,1270,1.3,1,35.3,28.8,73.0,1010.3
2025-10-03T09:24:55.635000+00:00,9889,182,1270,1.3,1,35.3,28.8,73.0,1010.3
2025-10-03T09:24:55.637000+00:00,9889,182,1270,1.3,1,35.3,28.8,73.0,1010.3
2025-10-03T09:25:55.628000+00:00,9889,161,1270,1.3,0,35.4,28.8,73.0,1010.4
2025-10-03T09:25:55.633000+00:00,9889,161,1270,1.3,0,35.4,28.8,73.0,1010.4
2025-10-03T09:25:55.636000+00:00,9889,161,1270,1.3,0,35.4,28.8,73.0,1010.4
2025-10-03T09:26:55.618000+00:00,9889,163,1270,1.1,0,35.4,28.8,73.0,1010.2
2025-10-03T09:26:55.628000+00:00,9889,163,1270,1.1,0,35.4,28.8,73.0,1010.2
2025-10-03T09:27:55.614000+00:00,9889,150,1270,1.4,0,35.4,28.8,73.0,1010.2
2025-10-03T09:27:55.621000+00:00,9889,150,1270,1.4,0,35.4,28.8,73.0,1010.2
2025-10-03T09:27:55.624000+00:00,9889,150,1270,1.4,0,35.4,28.8,73.0,1010.2
2025-10-03T09:28:55.632000+00:00,9889,153,1270,1.7,0,35.5,28.7,72.0,1010.3
2025-10-03T09:28:55.638000+00:00,9889,153,1270,1.7,0,35.5,28.7,72.0,1010.3
2025-10-03T09:28:55.640000+00:00,9889,153,1270,1.7,0,35.5,28.7,72.0,1010.3
2025-10-03T09:29:55.630000+00:00,9889,157,1270,2.4,0,36.1,28.8,71.0,1010.3
2025-10-03T09:29:55.639000+00:00,9889,157,1270,2.4,0,36.1,28.8,71.0,1010.3
2025-10-03T09:29:55.642000+00:00,9889,157,1270,2.4,0,36.1,28.8,71.0,1010.3
2025-10-03T09:30:55.618000+00:00,9889,145,1270,2.2,0,36.0,28.8,71.0,1010.3
2025-10-03T09:30:55.624000+00:00,9889,145,1270,2.2,0,36.0,28.8,71.0,1010.3
2025-10-03T09:30:55.627000+00:00,9889,145,1270,2.2,0,36.0,28.8,71.0,1010.3
2025-10-03T09:31:55.632000+00:00,9889,129,1270,2.2,0,35.7,28.8,71.0,1010.3
2025-10-03T09:31:55.641000+00:00,9889,129,1270,2.2,0,35.7,28.8,71.0,1010.3
2025-10-03T09:31:55.643000+00:00,9889,129,1270,2.2,0,35.7,28.8,71.0,1010.3
2025-10-03T09:32:55.620000+00:00,9889,164,1270,1.9,0,35.7,28.8,71.0,1010.3
2025-10-03T09:32:55.625000+00:00,9889,164,1270,1.9,0,35.7,28.8,71.0,1010.3
2025-10-03T09:32:55.631000+00:00,9889,164,1270,1.9,0,35.7,28.8,71.0,1010.3
2025-10-03T09:33:55.633000+00:00,9889,154,1270,1.9,0,35.5,28.9,72.0,1010.3
2025-10-03T09:33:55.648000+00:00,9889,154,1270,1.9,0,35.5,28.9,72.0,1010.3
2025-10-03T09:33:55.649000+00:00,9889,154,1270,1.9,0,35.5,28.9,72.0,1010.3
2025-10-03T09:34:55.678000+00:00,9889,146,1270,2.0,0,35.5,28.9,72.0,1010.3
2025-10-03T09:35:55.633000+00:00,9889,159,1270,2.6,0,35.6,29.0,73.0,1010.3
2025-10-03T09:35:55.643000+00:00,9889,159,1270,2.6,0,35.6,29.0,73.0,1010.3
2025-10-03T09:35:55.649000+00:00,9889,159,1270,2.6,0,35.6,29.0,73.0,1010.3
2025-10-03T09:36:55.635000+00:00,9889,159,1270,2.6,0,35.6,29.1,73.0,1010.3
2025-10-03T09:36:55.644000+00:00,9889,159,1270,2.6,0,35.6,29.1,73.0,1010.3
2025-10-03T09:36:55.653000+00:00,9889,159,1270,2.6,0,35.6,29.1,73.0,1010.3
2025-10-03T09:37:55.646000+00:00,9889,155,1270,2.5,0,36.0,29.1,72.0,1010.4
2025-10-03T09:37:55.649000+00:00,9889,155,1270,2.5,0,36.0,29.1,72.0,1010.4
2025-10-03T09:37:55.650000+00:00,9889,155,1270,2.5,0,36.0,29.1,72.0,1010.4
2025-10-03T09:38:55.652000+00:00,9889,140,1270,3.2,0,35.9,29.1,71.0,1010.4
2025-10-03T09:38:55.661000+00:00,9889,140,1270,3.2,0,35.9,29.1,71.0,1010.4
2025-10-03T09:39:55.650000+00:00,9889,161,1270,2.8,0,36.0,29.1,71.0,1010.4
2025-10-03T09:39:55.660000+00:00,9889,161,1270,2.8,0,36.0,29.1,71.0,1010.4
2025-10-03T09:39:55.662000+00:00,9889,161,1270,2.8,0,36.0,29.1,71.0,1010.4
2025-10-03T09:40:55.669000+00:00,9889,146,1270,2.3,0,36.0,29.1,71.0,1010.4
2025-10-03T09:40:55.676000+00:00,9889,146,1270,2.3,0,36.0,29.1,71.0,1010.4
2025-10-03T09:40:55.678000+00:00,9889,146,1270,2.3,0,36.0,29.1,71.0,1010.4
2025-10-03T09:41:55.672000+00:00,9889,140,1270,3.1,0,35.8,29.3,70.0,1010.4
2025-10-03T09:41:55.679000+00:00,9889,140,1270,3.1,0,35.8,29.3,70.0,1010.4
2025-10-03T09:41:55.682000+00:00,9889,140,1270,3.1,0,35.8,29.3,70.0,1010.4
2025-10-03T09:42:55.688000+00:00,9889,151,1270,2.6,0,35.8,29.2,71.0,1010.5
2025-10-03T09:42:55.695000+00:00,9889,151,1270,2.6,0,35.8,29.2,71.0,1010.5
2025-10-03T09:42:55.704000+00:00,9889,151,1270,2.6,0,35.8,29.2,71.0,1010.5
2025-10-03T09:43:55.693000+00:00,9889,133,1270,2.2,0,35.6,29.2,71.0,1010.5
2025-10-03T09:43:55.698000+00:00,9889,133,1270,2.2,0,35.6,29.2,71.0,1010.5
2025-10-03T09:43:55.700000+00:00,9889,133,1270,2.2,0,35.6,29.2,71.0,1010.5
2025-10-03T09:44:55.685000+00:00,9889,157,1270,3.1,0,35.7,29.2,71.0,1010.6
2025-10-03T09:44:55.693000+00:00,9889,157,1270,3.1,0,35.7,29.2,71.0,1010.6
2025-10-03T09:44:55.696000+00:00,9889,157,1270,3.1,0,35.7,29.2,71.0,1010.6
2025-10-03T09:45:55.688000+00:00,9889,157,1270,3.2,0,35.7,29.2,70.0,1010.5
2025-10-03T09:45:55.695000+00:00,9889,157,1270,3.2,0,35.7,29.2,70.0,1010.5
2025-10-03T09:45:55.697000+00:00,9889,157,1270,3.2,0,35.7,29.2,70.0,1010.5
2025-10-03T09:46:55.692000+00:00,9889,148,1270,2.5,0,35.3,29.2,71.0,1010.5
2025-10-03T09:46:55.702000+00:00,9889,148,1270,2.5,0,35.3,29.2,71.0,1010.5
2025-10-03T09:46:55.704000+00:00,9889,148,1270,2.5,0,35.3,29.2,71.0,1010.5
2025-10-03T09:47:55.676000+00:00,9889,121,1270,2.7,0,35.2,29.1,72.0,1010.5
2025-10-03T09:47:55.682000+00:00,9889,121,1270,2.7,0,35.2,29.1,72.0,1010.5
2025-10-03T09:47:55.686000+00:00,9889,121,1270,2.7,0,35.2,29.1,72.0,1010.5
2025-10-03T09:48:55.690000+00:00,9889,150,1270,1.7,0,35.2,29.1,72.0,1010.5
2025-10-03T09:48:55.692000+00:00,9889,150,1270,1.7,0,35.2,29.1,72.0,1010.5
2025-10-03T09:48:55.694000+00:00,9889,150,1270,1.7,0,35.2,29.1,72.0,1010.5
2025-10-03T09:49:55.712000+00:00,9889,146,1270,3.1,0,35.2,29.1,72.0,1010.5
2025-10-03T09:49:55.722000+00:00,9889,146,1270,3.1,0,35.2,29.1,72.0,1010.5
2025-10-03T09:49:55.726000+00:00,9889,146,1270,3.1,0,35.2,29.1,72.0,1010.5
2025-10-03T09:50:55.696000+00:00,9889,114,1270,2.5,0,35.2,29.1,72.0,1010.5
2025-10-03T09:50:55.707000+00:00,9889,114,1270,2.5,0,35.2,29.1,72.0,1010.5
2025-10-03T09:50:55.712000+00:00,9889,114,1270,2.5,0,35.2,29.1,72.0,1010.5
2025-10-03T09:51:55.682000+00:00,9889,151,1270,1.9,0,35.0,29.0,72.0,1010.6
2025-10-03T09:51:55.689000+00:00,9889,151,1270,1.9,0,35.0,29.0,72.0,1010.6
2025-10-03T09:51:55.692000+00:00,9889,151,1270,1.9,0,35.0,29.0,72.0,1010.6
2025-10-03T09:52:55.697000+00:00,9889,147,1270,1.1,0,35.3,29.0,73.0,1010.6
2025-10-03T09:52:55.705000+00:00,9889,147,1270,1.1,0,35.3,29.0,73.0,1010.6
2025-10-03T09:52:55.707000+00:00,9889,147,1270,1.1,0,35.3,29.0,73.0,1010.6
2025-10-03T09:53:55.682000+00:00,9889,161,1270,2.0,0,35.3,29.0,73.0,1010.6
2025-10-03T09:53:55.690000+00:00,9889,161,1270,2.0,0,35.3,29.0,73.0,1010.6
2025-10-03T09:53:55.695000+00:00,9889,161,1270,2.0,0,35.3,29.0,73.0,1010.6
2025-10-03T09:54:55.702000+00:00,9889,142,1270,1.4,0,35.3,29.0,73.0,1010.6
2025-10-03T09:54:55.709000+00:00,9889,142,1270,1.4,0,35.3,29.0,73.0,1010.6
2025-10-03T09:54:55.714000+00:00,9889,142,1270,1.4,0,35.3,29.0,73.0,1010.6
2025-10-03T09:55:55.713000+00:00,9889,128,1270,1.2,0,35.2,28.9,73.0,1010.5
2025-10-03T09:55:55.720000+00:00,9889,128,1270,1.2,0,35.2,28.9,73.0,1010.5
2025-10-03T09:55:55.724000+00:00,9889,128,1270,1.2,0,35.2,28.9,73.0,1010.5
2025-10-03T09:56:55.717000+00:00,9889,155,1270,0.9,0,35.3,28.9,73.0,1010.7
2025-10-03T09:56:55.729000+00:00,9889,155,1270,0.9,0,35.3,28.9,73.0,1010.7
2025-10-03T09:56:55.735000+00:00,9889,155,1270,0.9,0,35.3,28.9,73.0,1010.7
2025-10-03T09:57:55.732000+00:00,9889,164,1270,1.0,0,35.2,28.9,72.0,1010.6
2025-10-03T09:57:55.740000+00:00,9889,164,1270,1.0,0,35.2,28.9,72.0,1010.6
2025-10-03T09:57:55.742000+00:00,9889,164,1270,1.0,0,35.2,28.9,72.0,1010.6
2025-10-03T09:58:55.737000+00:00,9889,146,1270,0.6,0,34.7,28.8,73.0,1010.6
2025-10-03T09:58:55.744000+00:00,9889,146,1270,0.6,0,34.7,28.8,73.0,1010.6
2025-10-03T09:58:55.746000+00:00,9889,146,1270,0.6,0,34.7,28.8,73.0,1010.6
2025-10-03T09:59:55.751000+00:00,9889,158,1270,0.7,0,34.8,28.8,74.0,1010.6
2025-10-03T09:59:55.757000+00:00,9889,158,1270,0.7,0,34.8,28.8,74.0,1010.6
2025-10-03T09:59:55.760000+00:00,9889,158,1270,0.7,0,34.8,28.8,74.0,1010.6
2025-10-03T10:00:55.749000+00:00,9889,164,1270,1.1,0,35.0,28.8,73.0,1010.6
2025-10-03T10:00:55.755000+00:00,9889,164,1270,1.1,0,35.0,28.8,73.0,1010.6
2025-10-03T10:00:55.757000+00:00,9889,164,1270,1.1,0,35.0,28.8,73.0,1010.6
2025-10-03T10:01:55.750000+00:00,9889,155,1270,1.4,0,34.9,28.7,73.0,1010.6
2025-10-03T10:01:55.757000+00:00,9889,155,1270,1.4,0,34.9,28.7,73.0,1010.6
2025-10-03T10:01:55.759000+00:00,9889,155,1270,1.4,0,34.9,28.7,73.0,1010.6
2025-10-03T10:02:55.753000+00:00,9889,159,1270,1.3,0,34.8,28.7,73.0,1010.6
2025-10-03T10:02:55.758000+00:00,9889,159,1270,1.3,0,34.8,28.7,73.0,1010.6
2025-10-03T10:02:55.761000+00:00,9889,159,1270,1.3,0,34.8,28.7,73.0,1010.6
2025-10-03T10:03:55.747000+00:00,9889,157,1270,1.9,0,34.7,28.6,74.0,1010.6
2025-10-03T10:03:55.748000+00:00,9889,157,1270,1.9,0,34.7,28.6,74.0,1010.6
2025-10-03T10:03:55.750000+00:00,9889,157,1270,1.9,0,34.7,28.6,74.0,1010.6
2025-10-03T10:04:55.771000+00:00,9889,155,1270,1.9,0,34.4,28.7,76.0,1010.7
2025-10-03T10:04:55.779000+00:00,9889,155,1270,1.9,0,34.4,28.7,76.0,1010.7
2025-10-03T10:04:55.788000+00:00,9889,155,1270,1.9,0,34.4,28.7,76.0,1010.7
2025-10-03T10:05:55.784000+00:00,9889,153,1270,1.8,0,34.1,28.7,76.0,1010.7
2025-10-03T10:05:55.790000+00:00,9889,153,1270,1.8,0,34.1,28.7,76.0,1010.7
2025-10-03T10:05:55.794000+00:00,9889,153,1270,1.8,0,34.1,28.7,76.0,1010.7
2025-10-03T10:06:55.825000+00:00,9889,152,1270,1.8,0,34.3,28.6,77.0,1010.8
2025-10-03T10:06:55.826000+00:00,9889,152,1270,1.8,0,34.3,28.6,77.0,1010.8
2025-10-03T10:07:55.802000+00:00,9889,169,1270,2.0,0,34.2,28.7,77.0,1010.8
2025-10-03T10:07:55.810000+00:00,9889,169,1270,2.0,0,34.2,28.7,77.0,1010.8
2025-10-03T10:07:55.812000+00:00,9889,169,1270,2.0,0,34.2,28.7,77.0,1010.8
2025-10-03T10:08:55.852000+00:00,9889,168,1270,2.1,0,34.1,28.7,77.0,1010.8
2025-10-03T10:08:55.859000+00:00,9889,168,1270,2.1,0,34.1,28.7,77.0,1010.8
2025-10-03T10:08:55.861000+00:00,9889,168,1270,2.1,0,34.1,28.7,77.0,1010.8
2025-10-03T10:09:55.862000+00:00,9889,161,1270,1.8,0,34.1,28.7,78.0,1010.8
2025-10-03T10:09:55.870000+00:00,9889,161,1270,1.8,0,34.1,28.7,78.0,1010.8
2025-10-03T10:09:55.872000+00:00,9889,161,1270,1.8,0,34.1,28.7,78.0,1010.8
2025-10-03T10:10:55.882000+00:00,9889,168,1270,2.1,0,34.2,28.7,77.0,1010.8
2025-10-03T10:10:55.895000+00:00,9889,168,1270,2.1,0,34.2,28.7,77.0,1010.8
2025-10-03T10:10:55.896000+00:00,9889,168,1270,2.1,0,34.2,28.7,77.0,1010.8
2025-10-03T10:11:55.897000+00:00,9889,161,1270,1.9,0,34.2,28.7,77.0,1010.7
2025-10-03T10:11:55.906000+00:00,9889,161,1270,1.9,0,34.2,28.7,77.0,1010.7
2025-10-03T10:11:55.911000+00:00,9889,161,1270,1.9,0,34.2,28.7,77.0,1010.7
2025-10-03T10:12:55.903000+00:00,9889,164,1270,1.9,0,34.5,28.7,78.0,1010.8
2025-10-03T10:12:55.908000+00:00,9889,164,1270,1.9,0,34.5,28.7,78.0,1010.8
2025-10-03T10:12:55.913000+00:00,9889,164,1270,1.9,0,34.5,28.7,78.0,1010.8
2025-10-03T10:13:55.898000+00:00,9889,158,1270,2.3,0,34.5,28.7,78.0,1010.7
2025-10-03T10:13:55.904000+00:00,9889,158,1270,2.3,0,34.5,28.7,78.0,1010.7
2025-10-03T10:13:55.907000+00:00,9889,158,1270,2.3,0,34.5,28.7,78.0,1010.7
2025-10-03T10:14:55.917000+00:00,9889,159,1270,2.3,0,34.3,28.8,77.0,1010.8
2025-10-03T10:14:55.923000+00:00,9889,159,1270,2.3,0,34.3,28.8,77.0,1010.8
2025-10-03T10:14:55.926000+00:00,9889,159,1270,2.3,0,34.3,28.8,77.0,1010.8
2025-10-03T10:15:55.895000+00:00,9889,165,1270,2.1,0,34.3,28.8,78.0,1010.8
2025-10-03T10:15:55.900000+00:00,9889,165,1270,2.1,0,34.3,28.8,78.0,1010.8
2025-10-03T10:15:55.905000+00:00,9889,165,1270,2.1,0,34.3,28.8,78.0,1010.8
2025-10-03T10:16:55.917000+00:00,9889,161,1270,2.2,0,34.2,28.8,78.0,1010.8
2025-10-03T10:16:55.923000+00:00,9889,161,1270,2.2,0,34.2,28.8,78.0,1010.8
2025-10-03T10:16:55.927000+00:00,9889,161,1270,2.2,0,34.2,28.8,78.0,1010.8
2025-10-03T10:17:55.915000+00:00,9889,164,1270,1.9,0,34.2,28.8,78.0,1010.8
2025-10-03T10:17:55.924000+00:00,9889,164,1270,1.9,0,34.2,28.8,78.0,1010.8
2025-10-03T10:17:55.926000+00:00,9889,164,1270,1.9,0,34.2,28.8,78.0,1010.8
2025-10-03T10:18:55.917000+00:00,9889,157,1270,1.6,0,34.3,28.8,78.0,1010.8
2025-10-03T10:18:55.925000+00:00,9889,157,1270,1.6,0,34.3,28.8,78.0,1010.8
2025-10-03T10:18:55.929000+00:00,9889,157,1270,1.6,0,34.3,28.8,78.0,1010.8
2025-10-03T10:19:55.948000+00:00,9889,156,1270,1.7,0,34.3,28.7,78.0,1010.8
2025-10-03T10:19:55.956000+00:00,9889,156,1270,1.7,0,34.3,28.7,78.0,1010.8
2025-10-03T10:19:55.958000+00:00,9889,156,1270,1.7,0,34.3,28.7,78.0,1010.8
2025-10-03T10:20:55.961000+00:00,9889,161,1270,1.5,0,34.3,28.6,78.0,1010.9
2025-10-03T10:20:55.967000+00:00,9889,161,1270,1.5,0,34.3,28.6,78.0,1010.9
2025-10-03T10:20:55.970000+00:00,9889,161,1270,1.5,0,34.3,28.6,78.0,1010.9
2025-10-03T10:21:55.967000+00:00,9889,160,1270,2.4,0,34.2,28.6,79.0,1010.9
2025-10-03T10:21:55.975000+00:00,9889,160,1270,2.4,0,34.2,28.6,79.0,1010.9
2025-10-03T10:21:55.977000+00:00,9889,160,1270,2.4,0,34.2,28.6,79.0,1010.9
2025-10-03T10:22:55.971000+00:00,9889,160,1270,2.3,0,34.2,28.7,79.0,1011.1
2025-10-03T10:22:55.983000+00:00,9889,160,1270,2.3,0,34.2,28.7,79.0,1011.1
2025-10-03T10:22:55.995000+00:00,9889,160,1270,2.3,0,34.2,28.7,79.0,1011.1
2025-10-03T10:23:55.952000+00:00,9889,162,1270,2.6,0,34.2,28.7,79.0,1011.1
2025-10-03T10:23:55.959000+00:00,9889,162,1270,2.6,0,34.2,28.7,79.0,1011.1
2025-10-03T10:23:55.961000+00:00,9889,162,1270,2.6,0,34.2,28.7,79.0,1011.1
2025-10-03T10:24:55.979000+00:00,9889,165,1270,2.2,0,34.3,28.8,79.0,1011.0
2025-10-03T10:24:55.983000+00:00,9889,165,1270,2.2,0,34.3,28.8,79.0,1011.0
2025-10-03T10:24:55.986000+00:00,9889,165,1270,2.2,0,34.3,28.8,79.0,1011.0
2025-10-03T10:25:55.969000+00:00,9889,147,1270,2.0,0,34.5,28.9,79.0,1011.2
2025-10-03T10:25:55.976000+00:00,9889,147,1270,2.0,0,34.5,28.9,79.0,1011.2
2025-10-03T10:25:55.979000+00:00,9889,147,1270,2.0,0,34.5,28.9,79.0,1011.2
2025-10-03T10:26:55.972000+00:00,9889,159,1270,1.9,0,34.5,28.8,79.0,1011.1
2025-10-03T10:26:55.979000+00:00,9889,159,1270,1.9,0,34.5,28.8,79.0,1011.1
2025-10-03T10:26:55.981000+00:00,9889,159,1270,1.9,0,34.5,28.8,79.0,1011.1
2025-10-03T10:27:55.978000+00:00,9889,125,1270,2.4,0,34.2,28.8,79.0,1011.1
2025-10-03T10:27:55.984000+00:00,9889,125,1270,2.4,0,34.2,28.8,79.0,1011.1
2025-10-03T10:27:55.988000+00:00,9889,125,1270,2.4,0,34.2,28.8,79.0,1011.1
2025-10-03T10:28:55.979000+00:00,9889,153,1270,1.8,0,34.2,28.8,79.0,1011.1
2025-10-03T10:28:55.987000+00:00,9889,153,1270,1.8,0,34.2,28.8,79.0,1011.1
2025-10-03T10:28:55.990000+00:00,9889,153,1270,1.8,0,34.2,28.8,79.0,1011.1
2025-10-03T10:29:56.007000+00:00,9889,167,1270,1.7,0,34.2,28.8,78.0,1011.0
2025-10-03T10:29:56.013000+00:00,9889,167,1270,1.7,0,34.2,28.8,78.0,1011.0
2025-10-03T10:29:56.020000+00:00,9889,167,1270,1.7,0,34.2,28.8,78.0,1011.0
2025-10-03T10:30:56.005000+00:00,9889,156,1270,2.3,0,34.1,28.7,78.0,1011.1
2025-10-03T10:30:56.017000+00:00,9889,156,1270,2.3,0,34.1,28.7,78.0,1011.1
2025-10-03T10:30:56.032000+00:00,9889,156,1270,2.3,0,34.1,28.7,78.0,1011.1
2025-10-03T10:31:56.008000+00:00,9889,162,1270,2.1,0,34.1,28.7,79.0,1011.0
2025-10-03T10:31:56.018000+00:00,9889,162,1270,2.1,0,34.1,28.7,79.0,1011.0
2025-10-03T10:31:56.022000+00:00,9889,162,1270,2.1,0,34.1,28.7,79.0,1011.0
2025-10-03T10:32:56.043000+00:00,9889,150,1270,2.6,0,33.9,28.7,79.0,1011.0
2025-10-03T10:32:56.050000+00:00,9889,150,1270,2.6,0,33.9,28.7,79.0,1011.0
2025-10-03T10:32:56.052000+00:00,9889,150,1270,2.6,0,33.9,28.7,79.0,1011.0
2025-10-03T10:33:56.033000+00:00,9889,160,1270,2.3,0,33.9,28.7,79.0,1011.0
2025-10-03T10:33:56.034000+00:00,9889,160,1270,2.3,0,33.9,28.7,79.0,1011.0
2025-10-03T10:34:56.105000+00:00,9889,147,1270,2.2,0,34.0,28.6,79.0,1011.0
2025-10-03T10:34:56.106000+00:00,9889,147,1270,2.2,0,34.0,28.6,79.0,1011.0
2025-10-03T10:35:56.104000+00:00,9889,151,1270,2.2,0,34.0,28.5,79.0,1011.0
2025-10-03T10:36:56.052000+00:00,9889,145,1270,1.4,0,34.1,28.5,78.0,1011.1
2025-10-03T10:36:56.057000+00:00,9889,145,1270,1.4,0,34.1,28.5,78.0,1011.1
2025-10-03T10:36:56.061000+00:00,9889,145,1270,1.4,0,34.1,28.5,78.0,1011.1
2025-10-04T12:49:04.812000+00:00,9892,152,1270,1.1,0,35.8,30.1,67.0,1011.0
2025-10-04T12:50:04.802000+00:00,9892,158,1270,1.4,0,35.8,30.2,67.0,1011.0
2025-10-04T12:51:04.790000+00:00,9892,174,1270,1.5,0,35.6,30.2,67.0,1011.0
2025-10-04T12:52:04.805000+00:00,9892,155,1270,1.0,0,35.6,30.1,67.0,1011.0
2025-10-04T12:53:04.805000+00:00,9892,153,1270,1.2,0,35.6,30.1,67.0,1011.0
2025-10-04T12:54:04.809000+00:00,9892,164,1270,1.4,0,35.6,30.1,67.0,1011.1
2025-10-04T12:55:04.806000+00:00,9892,153,1270,1.4,0,35.6,30.1,67.0,1011.1
2025-10-04T12:56:04.792000+00:00,9892,159,1270,1.6,0,35.5,30.1,68.0,1011.1
2025-10-04T12:57:04.818000+00:00,9892,163,1270,1.6,0,35.4,30.0,67.0,1011.0
2025-10-04T12:58:04.823000+00:00,9892,154,1270,1.2,0,35.4,30.0,67.0,1011.1
2025-10-04T12:59:04.844000+00:00,9892,156,1270,1.4,0,35.3,30.0,68.0,1011.0
2025-10-04T13:00:04.857000+00:00,9892,151,1270,1.5,0,35.4,30.0,68.0,1011.0
2025-10-04T13:01:04.859000+00:00,9892,155,1270,1.4,0,35.5,30.0,68.0,1011.1
2025-10-04T13:02:04.890000+00:00,9892,151,1270,1.7,0,35.5,30.0,68.0,1011.1
2025-10-04T13:03:04.893000+00:00,9892,157,1270,1.4,0,35.3,30.0,68.0,1011.1
2025-10-04T13:04:04.892000+00:00,9892,168,1270,1.7,0,35.3,29.9,68.0,1011.0
2025-10-04T13:05:04.893000+00:00,9892,166,1270,1.6,0,35.3,30.0,69.0,1011.1
2025-10-04T13:06:04.912000+00:00,9892,158,1270,1.8,0,35.3,30.0,69.0,1011.1
2025-10-04T13:07:04.919000+00:00,9892,158,1270,1.8,0,35.3,30.0,68.0,1011.1
2025-10-04T13:08:04.910000+00:00,9892,165,1270,1.6,0,35.3,30.0,68.0,1011.1
2025-10-04T13:09:04.910000+00:00,9892,156,1270,1.5,0,35.4,30.0,69.0,1011.3
2025-10-04T13:10:04.898000+00:00,9892,158,1270,2.1,0,35.2,30.0,68.0,1011.2
2025-10-04T13:11:04.927000+00:00,9892,151,1270,1.9,0,35.2,30.0,69.0,1011.2
2025-10-04T13:12:04.945000+00:00,9892,158,1270,1.8,0,35.2,30.1,69.0,1011.2
2025-10-04T13:13:04.929000+00:00,9892,159,1270,1.9,0,35.1,30.0,68.0,1011.2
2025-10-04T13:14:04.945000+00:00,9892,156,1270,2.2,0,35.1,30.0,68.0,1011.2
2025-10-04T13:15:04.937000+00:00,9892,156,1270,2.3,0,35.4,30.0,68.0,1011.2
2025-10-04T13:16:04.947000+00:00,9892,153,1270,2.0,0,35.5,30.0,68.0,1011.3
2025-10-04T13:17:04.932000+00:00,9892,162,1270,1.9,0,35.4,30.0,68.0,1011.2
2025-10-04T13:18:04.949000+00:00,9892,159,1270,1.9,0,35.2,30.0,69.0,1011.3
2025-10-04T13:19:04.949000+00:00,9892,160,1270,1.7,0,35.0,30.0,69.0,1011.3
2025-10-04T13:20:04.950000+00:00,9892,158,1270,1.9,0,35.2,30.1,69.0,1011.2
2025-10-04T13:21:04.968000+00:00,9892,156,1270,1.7,0,35.0,30.1,68.0,1011.3
2025-10-04T13:22:04.967000+00:00,9892,155,1270,2.1,0,35.0,30.1,69.0,1011.4
2025-10-04T13:23:04.971000+00:00,9892,167,1270,2.1,0,35.0,30.0,69.0,1011.4
2025-10-04T13:24:05.009000+00:00,9892,161,1270,2.0,0,35.0,30.0,69.0,1011.3
2025-10-04T13:25:05.002000+00:00,9892,160,1270,2.0,0,35.0,29.9,68.0,1011.3
2025-10-04T13:26:05.019000+00:00,9892,150,1270,2.1,0,34.8,29.9,68.0,1011.4
2025-10-04T13:27:05.019000+00:00,9892,160,1270,1.5,0,34.7,29.9,69.0,1011.4
2025-10-04T13:28:05.019000+00:00,9892,152,1270,1.6,0,34.8,29.8,69.0,1011.4
2025-10-04T13:29:05.035000+00:00,9892,157,1270,1.6,0,34.8,29.8,69.0,1011.4
2025-10-04T13:30:05.038000+00:00,9892,151,1270,1.7,0,34.8,29.8,69.0,1011.4
2025-10-04T13:31:05.036000+00:00,9892,158,1270,1.6,0,34.6,29.8,69.0,1011.3
2025-10-04T13:32:05.023000+00:00,9892,153,1270,1.6,0,34.5,29.7,69.0,1011.4
2025-10-04T13:33:05.037000+00:00,9892,156,1270,1.4,0,34.5,29.6,70.0,1011.3
2025-10-04T13:34:05.038000+00:00,9892,172,1270,1.5,0,34.6,29.6,70.0,1011.4
2025-10-04T13:35:05.052000+00:00,9892,152,1270,1.1,0,34.8,29.7,70.0,1011.4
2025-10-04T13:36:05.055000+00:00,9892,159,1270,1.0,0,34.8,29.8,70.0,1011.4
2025-10-04T13:37:05.061000+00:00,9892,169,1270,1.5,0,34.9,29.8,69.0,1011.5
2025-10-04T13:38:05.075000+00:00,9892,161,1270,1.4,0,34.9,29.8,70.0,1011.5
2025-10-04T13:39:05.073000+00:00,9892,160,1270,1.8,0,34.7,29.8,70.0,1011.5
2025-10-04T13:40:05.089000+00:00,9892,151,1270,1.9,0,34.6,29.8,70.0,1011.6
2025-10-04T13:41:05.092000+00:00,9892,167,1270,1.9,0,34.6,29.8,70.0,1011.6
2025-10-04T13:42:05.077000+00:00,9892,158,1270,1.8,0,34.6,29.8,70.0,1011.6
2025-10-04T13:43:05.112000+00:00,9892,145,1270,1.7,0,34.9,29.8,70.0,1011.6
2025-10-04T13:44:05.117000+00:00,9892,160,1270,1.7,0,34.8,29.8,70.0,1011.6
2025-10-04T13:45:05.144000+00:00,9892,165,1270,1.3,0,34.8,29.7,70.0,1011.7
2025-10-04T13:46:05.162000+00:00,9892,163,1270,1.3,0,34.8,29.8,70.0,1011.7
2025-10-04T13:47:05.298000+00:00,9892,156,1270,1.3,0,34.8,29.8,70.0,1011.7
2025-10-04T13:48:05.301000+00:00,9892,163,1270,1.9,0,34.5,29.8,70.0,1011.8
2025-10-04T13:49:05.304000+00:00,9892,161,1270,1.9,0,34.5,29.8,70.0,1011.9
2025-10-04T13:50:05.304000+00:00,9892,155,1270,1.7,0,34.5,29.8,70.0,1011.8
2025-10-04T13:51:05.303000+00:00,9892,160,1270,1.5,0,34.7,29.7,70.0,1011.9
2025-10-04T13:52:05.304000+00:00,9892,161,1270,1.6,0,34.8,29.7,70.0,1011.8
2025-10-04T13:53:05.336000+00:00,9892,160,1270,1.4,0,34.8,29.7,70.0,1011.8
2025-10-04T13:54:05.323000+00:00,9892,157,1270,1.2,0,34.9,29.7,70.0,1011.8
2025-10-04T13:55:05.359000+00:00,9892,169,1270,1.5,0,34.7,29.7,70.0,1011.9
2025-10-04T13:56:05.354000+00:00,9892,158,1270,1.7,0,34.6,29.7,70.0,1011.8
2025-10-04T13:57:05.358000+00:00,9892,159,1270,1.5,0,34.7,29.6,70.0,1011.9
2025-10-04T13:58:05.397000+00:00,9892,160,1270,1.8,0,34.5,29.6,71.0,1012.0
2025-10-04T13:59:05.360000+00:00,9892,157,1270,1.9,0,34.5,29.6,71.0,1011.9
2025-10-04T14:00:05.377000+00:00,9892,165,1270,1.9,0,34.5,29.6,71.0,1011.9
2025-10-04T14:01:05.392000+00:00,9892,163,1270,1.8,0,34.8,29.7,70.0,1012.0
2025-10-04T14:02:05.408000+00:00,9892,163,1270,1.5,0,34.7,29.8,70.0,1012.0
2025-10-04T14:03:05.405000+00:00,9892,155,1270,1.8,0,34.5,29.7,70.0,1012.0
2025-10-04T14:04:05.403000+00:00,9892,158,1270,1.8,0,34.5,29.6,71.0,1012.0
2025-10-04T14:05:05.426000+00:00,9892,150,1270,1.5,0,34.3,29.6,71.0,1012.0
2025-10-04T14:06:05.426000+00:00,9892,155,1270,1.3,0,34.4,29.6,71.0,1012.1
2025-10-04T14:07:05.446000+00:00,9892,164,1270,1.7,0,34.4,29.6,71.0,1012.1
2025-10-04T14:08:05.422000+00:00,9892,155,1270,1.8,0,34.4,29.6,71.0,1012.1
2025-10-04T14:09:05.425000+00:00,9892,158,1270,1.8,0,34.5,29.7,71.0,1012.1
2025-10-04T14:10:05.445000+00:00,9892,163,1270,1.4,0,34.7,29.6,71.0,1012.1
2025-10-17T17:15:17.531000+00:00,9878,15,1271,0.9,0,39.8,28.8,56.0,994.3
2025-10-17T17:16:17.534000+00:00,9878,183,1271,1.1,0,40.1,28.9,55.0,994.3
2025-10-17T17:17:17.523000+00:00,9878,6,1271,1.2,0,39.9,29.0,55.0,994.3
2025-10-17T17:18:17.523000+00:00,9878,137,1271,0.7,0,39.1,29.0,54.0,994.4
2025-10-17T17:19:17.533000+00:00,9878,250,1271,0.8,0,37.9,29.0,55.0,994.2
2025-10-17T17:20:17.535000+00:00,9878,106,1271,0.9,0,37.8,29.0,55.0,994.3
2025-10-17T17:21:17.531000+00:00,9878,105,1271,1.0,0,37.4,29.1,55.0,994.3
2025-10-17T17:22:17.535000+00:00,9878,105,1271,0.9,0,37.4,29.0,55.0,994.3
2025-10-17T17:23:17.538000+00:00,9878,104,1271,1.3,0,39.0,29.0,55.0,994.3
2025-10-17T17:24:17.527000+00:00,9878,100,1271,2.4,0,39.8,29.0,55.0,994.3
2025-10-17T17:25:17.534000+00:00,9878,189,1271,2.0,0,40.1,28.9,55.0,994.3
2025-10-17T17:26:17.537000+00:00,9878,108,1271,1.1,0,40.1,28.9,55.0,994.2
2025-10-17T17:27:17.538000+00:00,9878,343,1271,1.2,0,39.4,28.9,55.0,994.2
2025-10-17T17:28:17.546000+00:00,9878,277,1271,1.7,0,39.3,29.0,55.0,994.1
2025-10-17T17:29:17.558000+00:00,9878,322,1271,1.3,0,40.4,29.0,55.0,994.3
2025-10-17T17:30:17.556000+00:00,9878,17,1271,0.8,0,40.4,29.1,54.0,994.3
2025-10-17T17:31:17.582000+00:00,9878,270,1271,1.4,0,40.0,29.2,54.0,994.4
2025-10-17T17:32:17.567000+00:00,9878,252,1271,1.4,0,39.7,29.3,53.0,994.2
2025-10-17T17:33:17.602000+00:00,9878,288,1271,0.7,0,39.2,29.3,54.0,994.2
2025-10-17T17:34:17.609000+00:00,9878,310,1271,1.4,0,40.1,29.3,53.0,994.1
2025-10-17T17:35:17.627000+00:00,9878,310,1271,1.4,0,40.1,29.3,53.0,994.1
2025-10-17T17:36:17.640000+00:00,9878,310,1271,1.4,0,40.1,29.5,53.0,994.1
2025-10-17T17:37:17.637000+00:00,9878,355,1271,2.0,0,41.9,29.7,52.0,994.0
2025-10-17T17:38:17.647000+00:00,9878,307,1271,1.9,0,41.9,29.9,52.0,994.0
2025-10-17T17:39:17.649000+00:00,9878,52,1271,2.2,0,42.0,29.9,51.0,994.1
2025-10-17T17:40:17.661000+00:00,9878,340,1271,2.2,0,42.4,29.9,51.0,993.9
2025-10-17T17:41:17.669000+00:00,9878,47,1271,1.7,0,42.6,29.9,51.0,994.0
2025-10-17T17:42:17.684000+00:00,9878,87,1271,4.4,0,43.1,29.8,50.0,994.0
2025-10-17T17:43:17.683000+00:00,9878,120,1271,3.4,0,43.2,29.8,50.0,993.9
2025-10-17T17:44:17.671000+00:00,9878,107,1271,2.6,0,43.0,29.8,50.0,994.0
2025-10-17T17:45:17.680000+00:00,9878,64,1271,2.6,0,43.1,29.8,50.0,993.9
2025-10-17T17:46:17.677000+00:00,9878,69,1271,1.9,0,43.0,30.0,50.0,994.0
2025-10-17T17:47:17.684000+00:00,9878,174,1271,2.0,0,41.9,30.1,50.0,993.9
2025-10-17T17:48:17.683000+00:00,9878,94,1271,2.3,0,40.9,29.9,50.0,993.9
2025-10-17T17:49:17.691000+00:00,9878,93,1271,1.9,0,40.5,29.9,50.0,994.0
2025-10-17T17:50:17.689000+00:00,9878,347,1271,0.6,0,41.5,29.9,50.0,993.9
2025-10-17T17:51:17.686000+00:00,9878,90,1271,0.9,0,42.3,30.0,50.0,993.8
2025-10-17T17:52:17.677000+00:00,9878,339,1271,0.7,0,42.7,30.1,49.0,993.8
2025-10-17T17:53:17.692000+00:00,9878,336,1271,1.9,0,43.4,30.1,49.0,993.8
2025-10-17T17:54:17.688000+00:00,9878,104,1271,0.9,0,43.7,30.1,49.0,993.8
2025-10-17T17:55:18.102000+00:00,9878,105,1271,2.2,0,43.6,30.2,48.0,993.8
2025-10-17T17:56:17.686000+00:00,9878,92,1271,3.6,0,42.9,30.2,47.0,993.8
2025-10-17T17:57:17.690000+00:00,9878,102,1271,6.0,0,41.8,30.2,48.0,993.6
2025-10-17T17:58:17.680000+00:00,9878,103,1271,3.4,0,42.2,30.3,49.0,993.7
2025-10-17T17:59:17.695000+00:00,9878,96,1271,3.8,0,42.4,30.3,49.0,993.8
2025-10-17T18:00:17.690000+00:00,9878,70,1271,3.2,0,42.4,30.3,49.0,993.6
2025-10-17T18:01:17.709000+00:00,9878,103,1271,2.2,0,42.3,30.5,49.0,993.7
2025-10-17T18:02:17.705000+00:00,9878,110,1271,2.6,0,42.3,30.5,48.0,993.6
2025-10-17T18:03:17.682000+00:00,9878,120,1271,2.4,0,41.8,30.6,48.0,993.7
2025-10-17T18:04:17.698000+00:00,9878,91,1271,0.9,0,41.6,30.6,48.0,993.7
2025-10-17T18:05:17.689000+00:00,9878,83,1271,1.9,0,41.9,30.5,48.0,993.7
2025-10-17T18:06:17.693000+00:00,9878,47,1271,1.5,0,42.4,30.3,49.0,993.6
2025-10-17T18:07:17.716000+00:00,9878,81,1271,1.4,0,42.7,30.1,49.0,993.4
2025-10-17T18:08:17.694000+00:00,9878,90,1271,2.2,0,43.5,29.9,49.0,993.5
2025-10-17T18:09:17.697000+00:00,9878,66,1271,4.1,0,43.6,29.9,50.0,993.4
2025-10-17T18:10:17.707000+00:00,9878,96,1271,2.9,0,43.7,29.9,50.0,993.4
2025-10-17T18:11:17.699000+00:00,9878,118,1271,2.1,0,44.3,29.9,50.0,993.5
2025-10-17T18:12:17.715000+00:00,9878,81,1271,1.9,0,44.8,30.1,49.0,993.4
2025-10-17T18:13:17.703000+00:00,9878,24,1271,2.5,0,44.8,30.4,48.0,993.3
2025-10-17T18:14:17.712000+00:00,9878,100,1271,2.2,0,45.1,30.4,48.0,993.3
2025-10-17T18:15:17.715000+00:00,9878,101,1271,3.2,0,45.1,30.5,47.0,993.3
2025-10-17T18:16:17.710000+00:00,9878,103,1271,3.3,0,44.6,30.5,47.0,993.3
2025-10-17T18:17:18.548000+00:00,9878,88,1271,3.1,0,44.5,30.4,48.0,993.2
2025-10-17T18:18:17.745000+00:00,9878,99,1271,1.8,0,44.7,30.3,48.0,993.3
2025-10-17T18:19:17.744000+00:00,9878,106,1271,2.5,0,44.9,30.2,48.0,993.1
2025-10-17T18:20:17.773000+00:00,9878,104,1271,3.4,0,45.2,30.2,46.0,993.2
2025-10-17T18:21:17.777000+00:00,9878,96,1271,2.9,0,45.0,30.3,46.0,993.2
2025-10-17T18:22:17.760000+00:00,9878,78,1271,3.7,0,42.6,30.5,47.0,993.1
2025-10-17T18:23:17.793000+00:00,9878,99,1271,3.5,0,41.8,30.5,48.0,993.1
2025-10-17T18:24:17.772000+00:00,9878,99,1271,2.7,0,41.8,30.4,48.0,993.1
2025-10-17T18:25:17.782000+00:00,9878,93,1271,3.8,0,42.7,30.4,46.0,993.1
2025-10-17T18:26:17.810000+00:00,9878,94,1271,1.9,0,44.4,30.6,46.0,993.1
2025-10-17T18:27:18.406000+00:00,9878,96,1271,3.0,0,44.4,30.8,45.0,992.9
2025-10-17T18:28:17.804000+00:00,9878,105,1271,3.5,0,43.6,30.9,45.0,993.0
2025-10-17T18:29:17.796000+00:00,9878,101,1271,4.6,0,43.6,31.0,45.0,993.0
2025-10-17T18:30:17.803000+00:00,9878,109,1271,4.9,0,43.6,30.9,46.0,993.1
2025-10-17T18:31:17.809000+00:00,9878,101,1271,3.0,0,43.6,30.7,47.0,993.1
2025-10-17T18:32:17.808000+00:00,9878,97,1271,2.2,0,45.3,30.5,47.0,992.9
2025-10-17T18:33:17.803000+00:00,9878,90,1271,3.5,0,45.3,30.7,46.0,993.1
2025-10-17T18:34:17.818000+00:00,9878,76,1271,5.2,0,44.8,30.9,47.0,992.9
2025-10-17T18:35:17.817000+00:00,9878,93,1271,4.6,0,44.8,30.9,47.0,992.9
2025-10-17T18:36:17.825000+00:00,9878,109,1271,5.0,0,45.3,30.8,47.0,992.9
2025-10-18T16:16:23.461000+00:00,9883,135,1271,2.2,0,41.0,28.9,60.0,992.4
2025-10-18T16:17:23.456000+00:00,9883,331,1271,1.4,0,41.3,29.0,60.0,992.6
2025-10-18T16:18:23.460000+00:00,9883,13,1271,1.7,0,41.3,29.1,60.0,992.6
2025-10-18T16:19:23.451000+00:00,9883,321,1271,0.9,0,41.2,29.0,60.0,992.5
2025-10-18T16:20:23.452000+00:00,9883,331,1271,1.7,0,41.3,29.0,60.0,992.5
2025-10-18T16:21:23.457000+00:00,9883,107,1271,2.5,0,41.7,29.0,59.0,992.3
2025-10-18T16:22:23.466000+00:00,9883,75,1271,5.5,0,41.5,29.0,59.0,992.3
2025-10-18T16:23:23.454000+00:00,9883,99,1271,5.1,0,41.1,29.0,60.0,992.3
2025-10-18T16:24:23.451000+00:00,9883,87,1271,6.2,0,41.1,29.1,61.0,992.1
2025-10-18T16:25:23.459000+00:00,9883,86,1271,6.3,0,41.5,29.1,61.0,992.2
2025-10-18T16:26:23.468000+00:00,9883,89,1271,5.7,0,41.6,29.0,61.0,992.1
2025-10-18T16:27:23.460000+00:00,9883,78,1271,5.8,0,41.9,28.9,61.0,992.0
2025-10-18T16:28:23.476000+00:00,9883,94,1271,5.7,0,41.9,28.9,61.0,991.9
2025-10-18T16:29:23.479000+00:00,9883,104,1271,5.4,0,41.9,28.9,61.0,991.9
2025-10-18T16:30:23.474000+00:00,9883,75,1271,4.6,0,42.1,29.0,61.0,991.8
2025-10-18T16:31:23.477000+00:00,9883,101,1271,4.8,0,42.5,29.1,60.0,991.9
2025-10-18T16:32:23.480000+00:00,9883,146,1271,5.7,0,42.7,29.2,60.0,992.0
2025-10-18T16:33:23.491000+00:00,9883,106,1271,2.3,0,42.8,29.3,59.0,992.1
2025-10-18T16:34:23.480000+00:00,9883,135,1271,3.5,0,42.8,29.5,58.0,992.1
2025-10-18T16:35:23.499000+00:00,9883,88,1271,2.6,0,42.7,29.5,58.0,992.2
2025-10-18T16:36:23.508000+00:00,9883,0,1271,3.4,0,42.7,29.4,57.0,992.0
2025-10-18T16:37:23.509000+00:00,9883,64,1271,1.9,0,42.9,29.4,57.0,992.1
2025-10-18T16:38:23.522000+00:00,9883,78,1271,4.4,0,43.0,29.3,57.0,992.0
2025-10-18T16:39:23.535000+00:00,9883,101,1271,4.1,0,42.8,29.3,57.0,992.0
2025-10-18T16:40:23.530000+00:00,9883,84,1271,4.8,0,42.6,29.4,57.0,991.9
2025-10-18T16:41:23.552000+00:00,9883,81,1271,5.9,0,42.2,29.3,58.0,991.9
2025-10-18T16:42:23.554000+00:00,9883,83,1271,7.2,0,41.9,29.3,59.0,991.9
2025-10-18T16:43:23.578000+00:00,9883,97,1271,7.0,0,41.9,29.2,59.0,991.8
2025-10-18T16:44:23.574000+00:00,9883,86,1271,6.4,0,42.1,29.3,60.0,991.8
2025-10-18T16:45:23.576000+00:00,9883,100,1271,5.7,0,42.3,29.3,60.0,991.9
2025-10-18T16:46:23.596000+00:00,9883,88,1271,4.6,0,42.8,29.4,60.0,991.8
2025-10-18T16:47:23.615000+00:00,9883,95,1271,3.1,0,43.3,29.5,59.0,991.8
2025-10-18T16:48:23.616000+00:00,9883,86,1271,4.8,0,43.4,29.5,59.0,991.8
2025-10-18T16:49:23.601000+00:00,9883,122,1271,3.0,0,43.6,29.5,59.0,991.8
2025-10-18T16:50:23.619000+00:00,9883,104,1271,1.3,0,43.7,29.5,58.0,991.9
2025-10-18T16:51:23.629000+00:00,9883,99,1271,2.0,0,43.8,29.6,57.0,991.8
2025-10-18T16:52:23.639000+00:00,9883,138,1271,2.7,0,43.9,29.8,57.0,991.9
2025-10-18T16:53:23.626000+00:00,9883,115,1271,2.1,0,43.8,29.8,57.0,991.9
2025-10-18T16:54:23.647000+00:00,9883,82,1271,2.4,0,43.5,29.7,58.0,991.9
2025-10-18T16:55:23.665000+00:00,9883,88,1271,1.5,0,43.7,29.6,58.0,991.9
2025-10-18T16:56:23.662000+00:00,9883,102,1271,1.5,0,43.5,29.6,58.0,992.0
2025-10-18T16:57:23.683000+00:00,9883,90,1271,3.8,0,43.2,29.7,58.0,992.0
2025-10-18T16:58:23.700000+00:00,9883,104,1271,3.3,0,43.0,29.7,58.0,991.9
2025-10-18T16:59:23.701000+00:00,9883,98,1271,1.5,0,43.4,29.6,58.0,991.9
2025-10-18T17:00:23.721000+00:00,9883,100,1271,3.6,0,43.4,29.6,57.0,991.8
2025-10-18T17:01:23.731000+00:00,9883,78,1271,2.3,0,43.8,29.6,58.0,991.9
2025-10-18T17:02:23.736000+00:00,9883,140,1271,1.3,0,43.7,29.5,57.0,991.9
2025-10-18T17:03:23.750000+00:00,9883,145,1271,1.4,0,43.1,29.6,57.0,991.9
2025-10-18T17:04:23.751000+00:00,9883,344,1271,1.8,0,42.6,29.7,56.0,992.0
2025-10-18T17:05:23.751000+00:00,9883,350,1271,3.2,0,42.4,29.8,56.0,991.8
2025-10-18T17:06:23.747000+00:00,9883,343,1271,3.3,0,42.6,29.8,57.0,991.9
2025-10-18T17:07:23.754000+00:00,9883,339,1271,3.2,0,42.8,29.8,57.0,991.9
2025-10-18T17:08:23.747000+00:00,9883,15,1271,1.9,0,43.6,29.8,57.0,992.0
2025-10-18T17:09:23.752000+00:00,9883,126,1271,1.4,0,44.3,29.9,57.0,992.0
2025-10-18T17:10:23.753000+00:00,9883,291,1271,1.3,0,44.1,30.0,55.0,992.0
2025-10-18T17:11:23.755000+00:00,9883,84,1271,2.0,0,44.1,30.1,55.0,992.0
2025-10-18T17:12:23.763000+00:00,9883,90,1271,1.6,0,44.5,30.0,55.0,992.0
2025-10-18T17:13:23.753000+00:00,9883,288,1271,2.2,0,44.5,30.0,54.0,992.1
2025-10-18T17:14:23.750000+00:00,9883,272,1271,3.2,0,44.2,30.1,54.0,992.0
2025-10-18T17:15:23.750000+00:00,9883,349,1271,2.7,0,43.1,30.2,54.0,992.1
2025-10-18T17:16:23.751000+00:00,9883,352,1271,2.3,0,42.3,30.3,55.0,992.0
2025-10-18T17:17:23.757000+00:00,9883,301,1271,2.4,0,41.5,30.3,55.0,992.0
2025-10-18T17:18:23.745000+00:00,9883,316,1271,2.8,0,41.5,30.4,55.0,992.2
2025-10-18T17:19:23.764000+00:00,9883,341,1271,2.6,0,41.8,30.5,55.0,992.2
2025-10-18T17:20:23.750000+00:00,9883,325,1271,2.9,0,42.1,30.5,55.0,992.1
2025-10-18T17:21:23.748000+00:00,9883,284,1271,3.0,0,42.9,30.4,55.0,992.3
2025-10-18T17:22:23.755000+00:00,9883,290,1271,2.8,0,43.8,30.3,55.0,992.3
2025-10-18T17:23:23.762000+00:00,9883,291,1271,2.5,0,44.5,30.4,54.0,992.3
2025-10-18T17:24:23.769000+00:00,9883,288,1271,4.0,0,44.6,30.5,53.0,992.4
2025-10-18T17:25:23.766000+00:00,9883,294,1271,4.5,0,44.6,30.7,54.0,992.5
2025-10-18T17:26:23.770000+00:00,9883,293,1271,3.7,0,44.6,30.7,54.0,992.3
2025-10-18T17:27:23.760000+00:00,9883,294,1271,3.9,0,44.6,30.8,53.0,992.6
2025-10-18T17:28:23.767000+00:00,9883,299,1271,4.0,0,43.9,30.8,54.0,992.5
2025-10-18T17:29:23.769000+00:00,9883,285,1271,3.8,0,42.9,30.9,54.0,992.5
2025-10-18T17:30:23.769000+00:00,9883,300,1271,2.9,0,42.7,30.6,54.0,992.5
2025-10-18T17:31:23.767000+00:00,9883,22,1271,2.4,0,42.7,30.6,55.0,992.6
2025-10-18T17:32:23.765000+00:00,9883,327,1271,2.8,0,42.2,30.5,54.0,992.5
2025-10-18T17:33:23.784000+00:00,9883,320,1271,2.1,0,42.7,30.6,53.0,992.4
2025-10-18T17:34:23.783000+00:00,9883,316,1271,3.3,0,43.4,30.7,53.0,992.5
2025-10-18T17:35:23.804000+00:00,9883,340,1271,2.9,0,42.9,30.7,52.0,992.6
2025-10-18T17:36:23.816000+00:00,9883,296,1271,2.8,0,41.7,30.8,53.0,992.4
2025-10-18T17:37:23.820000+00:00,9883,5,1271,3.5,0,41.2,30.8,53.0,992.3
2025-10-18T17:38:23.838000+00:00,9883,349,1271,2.5,0,40.9,30.6,53.0,992.4
2025-10-18T17:39:23.847000+00:00,9883,309,1271,2.9,0,40.5,30.5,54.0,992.4
2025-10-18T17:40:23.832000+00:00,9883,291,1271,1.8,0,40.6,30.3,54.0,992.2
2025-10-18T17:41:23.856000+00:00,9883,302,1271,2.3,0,40.8,30.3,54.0,992.3
2025-10-18T17:42:23.862000+00:00,9883,330,1271,3.0,0,41.1,30.3,53.0,992.3
2025-10-18T17:43:23.881000+00:00,9883,320,1271,3.1,0,40.5,30.3,52.0,992.3
2025-10-18T17:44:23.904000+00:00,9883,331,1271,2.5,0,40.0,30.3,53.0,992.2
2025-10-05T11:09:12.972000+00:00,9896,151,1270,1.6,0,34.0,28.5,75.0,1009.9
2025-10-05T11:10:12.981000+00:00,9896,156,1270,1.2,0,34.4,28.6,75.0,1009.8
2025-10-05T11:11:12.996000+00:00,9896,167,1270,1.3,0,34.8,28.8,74.0,1009.8
2025-10-05T11:12:12.998000+00:00,9896,141,1270,1.1,0,34.5,28.7,73.0,1009.9
2025-10-05T11:13:12.986000+00:00,9896,149,1270,1.0,1,34.3,28.8,74.0,1009.9
2025-10-05T11:14:13.006000+00:00,9896,145,1270,1.0,1,34.3,28.8,75.0,1009.9
2025-10-05T11:15:12.991000+00:00,9896,161,1270,1.4,1,34.2,28.8,74.0,1009.9
2025-10-05T11:16:12.991000+00:00,9896,154,1270,1.3,1,34.2,28.7,73.0,1009.9
2025-10-05T11:17:12.984000+00:00,9896,167,1270,1.4,0,34.1,28.7,72.0,1010.0
2025-10-05T11:18:13.002000+00:00,9896,152,1270,1.2,0,33.9,28.6,72.0,1010.1
2025-10-05T11:19:13+00:00,9896,152,1270,1.3,0,34.1,28.7,72.0,1010.0
2025-10-05T11:20:13.004000+00:00,9896,152,1270,1.1,0,34.1,28.8,71.0,1009.9
2025-10-05T11:21:13.004000+00:00,9896,159,1270,1.2,1,34.0,28.8,73.0,1010.0
2025-10-05T11:22:13.010000+00:00,9896,155,1270,1.3,1,33.7,28.8,72.0,1010.0
2025-10-05T11:23:12.994000+00:00,9896,153,1270,1.4,0,33.7,28.7,73.0,1010.1
2025-10-05T11:24:13.007000+00:00,9896,165,1270,1.1,0,33.7,28.8,74.0,1010.1
2025-10-05T11:25:13.040000+00:00,9896,165,1270,1.1,0,33.6,28.8,76.0,1010.1
2025-10-05T11:26:13.053000+00:00,9896,159,1270,0.8,0,34.3,28.9,75.0,1010.0
2025-10-05T11:27:13.040000+00:00,9896,144,1270,0.7,0,34.8,28.9,76.0,1009.9
2025-10-05T11:28:13.060000+00:00,9896,84,1270,0.6,0,34.8,28.8,75.0,1009.9
2025-10-05T11:29:13.071000+00:00,9896,0,1270,0.4,0,34.9,28.8,71.0,1009.8
2025-10-05T11:30:13.078000+00:00,9896,341,1270,0.4,0,37.0,28.9,77.0,1009.9
2025-10-05T11:31:13.071000+00:00,9896,0,1270,0.0,0,37.0,28.9,77.0,1010.0
2025-10-05T11:32:13.071000+00:00,9896,76,1270,0.0,0,38.8,28.9,76.0,1010.0
2025-10-05T11:33:13.105000+00:00,9896,151,1270,0.5,0,37.7,29.0,74.0,1010.1
2025-10-05T11:34:13.100000+00:00,9896,160,1270,0.9,0,33.5,29.0,74.0,1010.2
2025-10-05T11:35:13.113000+00:00,9896,150,1270,0.7,0,32.8,28.8,77.0,1010.4
2025-10-05T11:36:13.089000+00:00,9896,168,1270,0.7,0,34.1,28.8,78.0,1010.4
2025-10-05T11:37:13.106000+00:00,9896,139,1270,0.4,0,34.6,28.8,78.0,1010.3
2025-10-05T11:38:13.123000+00:00,9896,169,1270,1.1,0,34.5,28.7,76.0,1010.3
2025-10-05T11:39:13.146000+00:00,9896,187,1270,1.5,0,32.9,28.6,77.0,1010.3
2025-10-05T11:40:13.130000+00:00,9896,191,1270,1.3,0,32.7,28.7,78.0,1010.4
2025-10-05T11:41:13.146000+00:00,9896,184,1270,1.2,0,32.9,28.7,78.0,1010.4
2025-10-05T11:42:13.145000+00:00,9896,183,1270,1.3,0,33.2,28.7,78.0,1010.5
2025-10-05T11:43:13.182000+00:00,9896,168,1270,1.3,0,33.0,28.7,78.0,1010.4
2025-10-05T11:44:13.164000+00:00,9896,152,1270,1.6,0,32.5,28.8,79.0,1010.4
2025-10-05T11:45:13.187000+00:00,9896,146,1270,1.6,0,32.5,28.8,79.0,1010.5
2025-10-05T11:46:13.185000+00:00,9896,171,1270,1.1,0,33.2,28.8,81.0,1010.5
2025-10-05T11:47:13.183000+00:00,9896,163,1270,1.3,0,33.2,28.8,81.0,1010.6
2025-10-05T11:48:13.191000+00:00,9896,163,1270,1.4,0,32.6,28.8,80.0,1010.6
2025-10-05T11:49:13.183000+00:00,9896,162,1270,1.4,0,32.6,28.8,81.0,1010.7
2025-10-05T11:50:13.198000+00:00,9896,164,1270,1.1,0,32.7,28.7,81.0,1010.5
2025-10-05T11:51:13.226000+00:00,9896,165,1270,1.2,0,32.8,28.7,81.0,1010.6
2025-10-05T11:52:13.228000+00:00,9896,157,1270,1.1,0,32.8,28.7,81.0,1010.6
2025-10-05T11:53:13.243000+00:00,9896,164,1270,1.1,0,33.4,28.7,81.0,1010.7
2025-10-05T11:54:13.279000+00:00,9896,151,1270,1.0,0,33.0,28.7,81.0,1010.6
2025-10-05T11:55:13.271000+00:00,9896,166,1270,1.0,0,33.0,28.6,80.0,1010.7
2025-10-05T11:56:13.270000+00:00,9896,167,1270,1.1,0,33.0,28.6,81.0,1010.6
2025-10-05T11:57:13.279000+00:00,9896,181,1270,0.9,0,33.1,28.6,81.0,1010.7
2025-10-05T11:58:13.269000+00:00,9896,188,1270,1.1,0,33.4,28.6,81.0,1010.7
2025-10-05T11:59:13.288000+00:00,9896,190,1270,1.0,0,33.2,28.6,81.0,1010.7
2025-10-05T12:00:13.287000+00:00,9896,154,1270,0.5,0,33.2,28.6,82.0,1010.6
2025-10-05T12:01:13.297000+00:00,9896,0,1270,0.4,0,33.4,28.6,81.0,1010.7
2025-10-05T12:02:13.313000+00:00,9896,142,1270,0.4,0,36.1,28.6,81.0,1010.6
2025-10-05T12:03:13.317000+00:00,9896,0,1270,0.5,0,34.1,28.7,81.0,1010.6
2025-10-05T12:04:13.339000+00:00,9896,0,1270,0.4,0,33.6,28.7,80.0,1010.6
2025-10-05T12:05:13.351000+00:00,9896,103,1270,0.5,0,34.2,28.9,81.0,1010.6
2025-10-05T12:06:13.371000+00:00,9896,0,1270,0.6,0,34.2,28.9,80.0,1010.7
2025-10-05T12:07:13.382000+00:00,9896,262,1270,0.5,0,33.3,28.9,81.0,1010.6
2025-10-05T12:08:13.377000+00:00,9896,181,1270,0.6,0,34.2,28.9,80.0,1010.7
2025-10-05T12:09:13.406000+00:00,9896,233,1270,0.8,0,34.5,29.1,80.0,1010.7
2025-10-05T12:10:13.401000+00:00,9896,178,1270,0.8,0,34.5,29.1,80.0,1010.6
2025-10-05T12:11:13.432000+00:00,9896,148,1270,1.0,0,34.1,29.1,78.0,1010.7
2025-10-05T12:12:13.435000+00:00,9896,165,1270,1.0,0,33.8,29.0,78.0,1010.7
2025-10-05T12:13:13.438000+00:00,9896,144,1270,0.8,0,33.6,29.1,78.0,1010.7
2025-10-05T12:14:13.455000+00:00,9896,160,1270,1.4,0,33.8,29.1,78.0,1010.7
2025-10-05T12:15:13.461000+00:00,9896,165,1270,1.9,0,33.8,29.0,78.0,1010.7
2025-10-05T12:16:13.473000+00:00,9896,182,1270,1.2,0,33.9,29.1,77.0,1010.6
2025-10-05T12:17:13.464000+00:00,9896,167,1270,1.4,0,34.1,29.1,77.0,1010.7
2025-10-05T12:18:13.473000+00:00,9896,153,1270,1.7,0,34.0,29.1,77.0,1010.6
2025-10-05T12:19:13.483000+00:00,9896,156,1270,1.8,0,34.0,29.1,76.0,1010.7
2025-10-05T12:20:13.487000+00:00,9896,151,1270,1.7,0,34.2,29.1,75.0,1010.7
2025-10-05T12:21:13.521000+00:00,9896,159,1270,1.7,0,34.3,29.1,74.0,1010.7
2025-10-05T12:22:13.524000+00:00,9896,155,1270,1.9,0,34.3,29.0,74.0,1010.8
2025-10-05T12:23:13.537000+00:00,9896,162,1270,1.9,0,34.0,29.0,73.0,1010.8
2025-10-05T12:24:13.554000+00:00,9896,159,1270,2.2,0,33.9,29.0,74.0,1010.7
2025-10-05T12:25:13.558000+00:00,9896,168,1270,1.6,0,34.0,29.0,73.0,1010.8
2025-10-05T12:26:13.545000+00:00,9896,159,1270,2.0,0,33.9,29.1,71.0,1010.8
2025-10-05T12:27:13.546000+00:00,9896,146,1270,1.6,0,34.3,29.1,72.0,1010.9
2025-10-05T12:28:13.561000+00:00,9896,162,1270,2.1,0,34.0,29.1,72.0,1010.8
2025-10-05T12:29:13.573000+00:00,9896,153,1270,2.0,0,34.0,29.1,71.0,1010.7
2025-10-05T12:30:13.589000+00:00,9896,157,1270,2.1,0,33.8,29.2,72.0,1010.8
2025-10-05T12:31:13.623000+00:00,9896,148,1270,1.8,0,33.8,29.2,72.0,1010.7
2025-10-05T12:32:13.614000+00:00,9896,151,1270,1.9,0,34.1,29.2,72.0,1010.8
2025-10-05T12:33:13.641000+00:00,9896,161,1270,1.1,0,34.1,29.3,72.0,1010.8
2025-10-05T12:34:13.670000+00:00,9896,140,1270,1.5,0,33.8,29.2,72.0,1010.8
2025-10-05T12:35:13.638000+00:00,9896,147,1270,0.9,0,33.8,29.2,73.0,1010.9
2025-10-05T12:36:13.640000+00:00,9896,158,1270,1.0,0,33.8,29.2,73.0,1010.9
2025-10-05T12:37:13.645000+00:00,9896,148,1270,1.2,0,34.0,29.2,72.0,1010.9
2025-10-05T12:38:13.662000+00:00,9896,162,1270,1.3,0,34.0,29.2,71.0,1010.9
2025-10-05T12:39:13.650000+00:00,9896,175,1270,1.5,0,33.7,29.2,72.0,1010.9
2025-10-05T12:40:13.641000+00:00,9896,163,1270,1.1,0,33.8,29.2,72.0,1010.9
2025-10-05T12:41:13.662000+00:00,9896,168,1270,1.3,0,33.7,29.2,72.0,1010.9
2025-10-05T12:42:13.653000+00:00,9896,135,1270,1.3,0,33.7,29.3,72.0,1010.9
2025-10-05T12:43:13.643000+00:00,9896,160,1270,1.4,0,33.8,29.3,72.0,1010.9
2025-10-05T12:44:13.672000+00:00,9896,149,1270,1.4,0,33.7,29.3,71.0,1010.9
2025-10-05T12:45:13.673000+00:00,9896,157,1270,1.5,0,33.7,29.3,72.0,1011.0
2025-10-05T12:46:13.694000+00:00,9896,152,1270,1.4,0,33.7,29.2,72.0,1011.0
2025-10-05T12:47:13.695000+00:00,9896,150,1270,1.2,0,33.7,29.2,72.0,1011.0
2025-10-05T12:48:13.681000+00:00,9896,160,1270,1.1,0,33.7,29.2,72.0,1011.0
2025-10-05T12:49:13.685000+00:00,9896,143,1270,1.1,0,33.7,29.2,73.0,1011.0
2025-10-05T12:50:13.711000+00:00,9896,163,1270,1.1,0,33.9,29.2,73.0,1011.0
2025-10-05T12:51:13.712000+00:00,9896,161,1270,1.3,0,33.9,29.2,72.0,1011.1
2025-10-05T12:52:13.728000+00:00,9896,157,1270,1.1,0,33.7,29.3,72.0,1011.1
2025-10-05T12:53:13.722000+00:00,9896,150,1270,1.1,0,33.8,29.2,72.0,1011.1
2025-10-05T12:54:13.747000+00:00,9896,162,1270,1.3,0,33.8,29.2,72.0,1011.1
2025-10-05T12:55:13.756000+00:00,9896,164,1270,1.1,0,34.0,29.2,72.0,1011.2
2025-10-05T12:56:13.750000+00:00,9896,149,1270,1.3,0,33.9,29.2,71.0,1011.0
2025-10-05T12:57:13.730000+00:00,9896,153,1270,1.3,0,33.9,29.2,72.0,1011.0
2025-10-05T12:58:13.770000+00:00,9896,141,1270,1.2,0,33.7,29.2,71.0,1011.1
2025-10-05T12:59:13.772000+00:00,9896,168,1270,1.3,0,34.0,29.1,72.0,1011.1
2025-10-05T13:00:13.782000+00:00,9896,160,1270,1.0,0,34.1,29.1,72.0,1011.2
2025-10-05T13:01:13.785000+00:00,9896,143,1270,1.0,0,34.0,29.1,71.0,1011.1
2025-10-05T13:02:13.788000+00:00,9896,145,1270,1.4,0,33.9,29.2,71.0,1011.1
2025-10-05T13:03:13.806000+00:00,9896,172,1270,1.1,0,34.0,29.2,71.0,1011.1
2025-10-05T13:04:13.822000+00:00,9896,130,1270,1.0,0,34.0,29.2,71.0,1011.1
2025-10-05T13:05:13.817000+00:00,9896,156,1270,0.8,0,34.0,29.2,72.0,1011.1
2025-10-05T13:06:13.825000+00:00,9896,104,1270,0.5,0,33.7,29.2,72.0,1011.2
2025-10-05T13:07:13.823000+00:00,9896,96,1270,0.8,0,33.9,29.2,72.0,1011.1
2025-10-05T13:08:13.835000+00:00,9896,137,1270,0.8,0,34.3,29.2,72.0,1011.2
2025-10-05T13:09:13.851000+00:00,9896,350,1270,1.5,0,34.3,29.3,71.0,1011.1
2025-10-05T13:10:13.867000+00:00,9896,110,1270,0.8,0,34.1,29.3,71.0,1011.0
2025-10-05T13:11:13.873000+00:00,9896,112,1270,0.5,0,34.1,29.3,71.0,1011.1
2025-10-05T13:12:13.872000+00:00,9896,112,1270,0.9,0,34.1,29.4,71.0,1011.1
2025-10-05T13:13:13.885000+00:00,9896,158,1270,1.0,0,33.9,29.4,71.0,1011.2
2025-10-05T13:14:13.884000+00:00,9896,30,1270,0.6,0,33.5,29.3,71.0,1011.2
2025-10-05T13:15:13.886000+00:00,9896,34,1270,0.7,0,33.9,29.4,71.0,1011.2
2025-10-05T13:16:13.924000+00:00,9896,56,1270,0.0,0,33.6,29.4,71.0,1011.1
2025-10-05T13:17:13.905000+00:00,9896,0,1270,0.6,0,33.9,29.4,71.0,1011.1
2025-10-05T13:18:13.935000+00:00,9896,154,1270,0.5,0,34.1,29.4,71.0,1011.2
2025-10-05T13:19:13.943000+00:00,9896,144,1270,1.0,0,34.1,29.4,70.0,1011.2
2025-10-05T13:20:13.965000+00:00,9896,200,1270,0.9,0,33.6,29.5,70.0,1011.3
2025-10-05T13:21:13.977000+00:00,9896,156,1270,0.8,0,34.0,29.5,70.0,1011.3
2025-10-05T13:22:13.954000+00:00,9896,201,1270,1.2,0,34.0,29.5,70.0,1011.3
2025-10-05T13:23:13.966000+00:00,9896,213,1270,0.7,0,33.5,29.5,72.0,1011.3
2025-10-05T13:24:13.962000+00:00,9896,236,1270,0.7,0,33.4,29.5,73.0,1011.3
2025-10-05T13:25:13.978000+00:00,9896,0,1270,0.9,0,33.6,29.4,73.0,1011.3
2025-10-05T13:26:13.994000+00:00,9896,217,1270,0.6,0,34.0,29.4,73.0,1011.3
2025-10-05T13:27:13.995000+00:00,9896,225,1270,0.9,0,33.3,29.4,73.0,1011.3
2025-10-05T13:28:13.979000+00:00,9896,0,1270,0.6,0,33.3,29.4,72.0,1011.3
2025-10-05T13:29:13.997000+00:00,9896,141,1270,0.6,0,33.3,29.3,73.0,1011.4
2025-10-05T13:30:13.991000+00:00,9896,175,1270,1.1,0,33.6,29.3,74.0,1011.3
2025-10-05T13:31:13.999000+00:00,9896,188,1270,1.3,0,33.6,29.4,74.0,1011.3
2025-10-05T13:32:14.036000+00:00,9896,174,1270,0.9,0,33.2,29.4,74.0,1011.4
2025-10-05T13:33:14.043000+00:00,9896,162,1270,1.1,0,33.1,29.5,72.0,1011.3
2025-10-05T13:34:14.068000+00:00,9896,138,1270,0.9,0,33.1,29.5,73.0,1011.4
2025-10-05T13:35:14.085000+00:00,9896,132,1270,0.3,0,33.3,29.5,73.0,1011.3
2025-10-05T13:36:14.079000+00:00,9896,161,1270,0.9,0,33.3,29.5,72.0,1011.3
2025-10-05T13:37:14.110000+00:00,9896,155,1270,1.5,0,33.5,29.5,72.0,1011.5
2025-10-05T13:38:14.096000+00:00,9896,173,1270,1.2,0,33.5,29.5,72.0,1011.3
2025-10-05T13:39:14.110000+00:00,9896,156,1270,1.4,0,33.5,29.4,71.0,1011.4
2025-10-05T13:40:14.113000+00:00,9896,159,1270,1.6,0,33.4,29.4,71.0,1011.4
2025-10-05T13:41:14.139000+00:00,9896,155,1270,1.7,0,33.3,29.4,72.0,1011.4
2025-10-05T13:42:14.127000+00:00,9896,159,1270,1.6,0,33.4,29.4,71.0,1011.4
2025-10-05T13:43:14.129000+00:00,9896,153,1270,1.4,0,33.6,29.4,72.0,1011.5
2025-10-05T13:44:14.144000+00:00,9896,159,1270,1.6,0,33.2,29.4,72.0,1011.4
2025-10-05T13:45:14.149000+00:00,9896,157,1270,1.2,0,33.6,29.4,72.0,1011.4
2025-10-05T13:46:14.161000+00:00,9896,161,1270,1.0,0,33.6,29.4,72.0,1011.5
2025-10-05T13:47:14.163000+00:00,9896,143,1270,1.3,0,33.6,29.4,72.0,1011.4
2025-10-05T13:48:14.162000+00:00,9896,143,1270,1.3,0,33.6,29.4,72.0,1011.4
2025-10-05T13:49:14.154000+00:00,9896,143,1270,1.3,0,33.6,29.4,72.0,1011.4
2025-10-18T20:47:24.904000+00:00,9884,106,1271,1.8,0,47.7,33.6,38.0,989.5
2025-10-18T20:48:24.901000+00:00,9884,104,1271,2.4,0,47.2,33.7,37.0,989.6
2025-10-18T20:49:24.916000+00:00,9884,98,1271,3.8,0,47.2,33.7,38.0,989.5
2025-10-18T20:50:24.909000+00:00,9884,91,1271,5.2,0,47.5,33.6,38.0,989.4
2025-10-18T20:51:24.914000+00:00,9884,133,1271,4.0,0,47.2,33.5,39.0,989.5
2025-10-18T20:52:24.922000+00:00,9884,121,1271,2.5,0,47.1,33.6,39.0,989.6
2025-10-18T20:53:24.925000+00:00,9884,97,1271,1.7,0,47.1,33.6,38.0,989.5
2025-10-18T20:54:24.925000+00:00,9884,61,1271,2.9,0,47.1,33.6,38.0,989.5
2025-10-18T20:55:24.917000+00:00,9884,60,1271,2.0,0,47.1,33.5,38.0,989.5
2025-10-18T20:56:24.926000+00:00,9884,313,1271,1.9,0,47.5,33.5,38.0,989.5
2025-10-18T20:57:24.923000+00:00,9884,290,1271,1.6,0,47.5,33.5,38.0,989.4
2025-10-18T20:58:24.930000+00:00,9884,251,1271,1.3,0,47.8,33.6,37.0,989.5
2025-10-18T20:59:24.931000+00:00,9884,8,1271,2.1,0,48.1,33.8,37.0,989.4
2025-10-18T21:00:24.916000+00:00,9884,96,1271,1.6,0,48.0,33.9,36.0,989.5
2025-10-18T21:01:24.931000+00:00,9884,86,1271,2.4,0,47.8,33.9,36.0,989.4
2025-10-18T21:02:24.922000+00:00,9884,103,1271,1.5,0,47.4,33.8,37.0,989.5
2025-10-18T21:03:24.942000+00:00,9884,162,1271,1.6,0,47.4,33.8,36.0,989.4
2025-10-18T21:04:24.953000+00:00,9884,67,1271,0.7,0,47.6,33.8,36.0,989.5
2025-10-18T21:05:24.956000+00:00,9884,303,1271,0.5,0,47.9,33.9,36.0,989.5
2025-10-18T21:06:24.966000+00:00,9884,90,1271,1.7,0,48.0,34.0,35.0,989.5
2025-10-18T21:07:24.983000+00:00,9884,89,1271,2.2,0,47.7,34.1,35.0,989.5
2025-10-18T21:08:24.982000+00:00,9884,144,1271,3.3,0,47.4,34.0,36.0,989.4
2025-10-18T21:09:24.983000+00:00,9884,149,1271,2.6,0,46.8,34.0,36.0,989.6
2025-10-18T21:10:24.998000+00:00,9884,121,1271,1.5,0,47.1,33.9,37.0,989.6
2025-10-18T21:11:25.008000+00:00,9884,346,1271,1.3,0,47.3,34.0,36.0,989.6
2025-10-18T21:12:25.028000+00:00,9884,132,1271,1.2,0,47.1,34.0,36.0,989.6
2025-10-18T21:13:25.042000+00:00,9884,118,1271,2.6,0,47.1,34.1,36.0,989.6
2025-10-18T21:14:25.068000+00:00,9884,44,1271,1.5,0,47.0,34.0,37.0,989.5
2025-10-18T21:15:25.068000+00:00,9884,303,1271,2.8,0,47.1,34.0,36.0,989.5
2025-10-18T21:16:25.068000+00:00,9884,297,1271,2.8,0,46.2,33.9,37.0,989.5
2025-10-18T21:17:25.072000+00:00,9884,322,1271,2.2,0,46.2,33.8,37.0,989.4
2025-10-18T21:18:25.077000+00:00,9884,285,1271,1.6,0,46.1,33.8,37.0,989.5
2025-10-18T21:19:25.068000+00:00,9884,297,1271,1.6,0,46.5,33.8,37.0,989.6
2025-10-18T21:20:25.077000+00:00,9884,323,1271,1.8,0,46.8,33.8,36.0,989.4
2025-10-18T21:21:25.068000+00:00,9884,76,1271,2.6,0,46.8,33.8,36.0,989.5
2025-10-18T21:22:25.077000+00:00,9884,318,1271,1.5,0,47.0,33.9,36.0,989.5
2025-10-18T21:23:25.072000+00:00,9884,333,1271,1.8,0,46.3,34.0,36.0,989.4
2025-10-18T21:24:25.073000+00:00,9884,21,1271,1.1,0,46.3,34.0,36.0,989.4
2025-10-18T21:25:25.074000+00:00,9884,161,1271,0.7,0,46.3,34.0,36.0,989.5
2025-10-18T21:26:25.079000+00:00,9884,354,1271,1.2,0,46.6,34.0,36.0,989.4
2025-10-18T21:27:25.077000+00:00,9884,198,1271,1.7,0,46.5,34.0,36.0,989.3
2025-10-18T21:28:25.074000+00:00,9884,83,1271,1.0,0,46.5,34.2,35.0,989.4
2025-10-18T21:29:25.072000+00:00,9884,273,1271,1.2,0,46.4,34.3,35.0,989.4
2025-10-18T21:30:25.079000+00:00,9884,333,1271,1.8,0,45.6,34.1,36.0,989.4
2025-10-18T21:31:25.079000+00:00,9884,299,1271,2.5,0,45.5,34.0,36.0,989.3
2025-10-18T21:32:25.078000+00:00,9884,319,1271,2.8,0,45.5,34.0,36.0,989.3
2025-10-18T21:33:25.078000+00:00,9884,312,1271,3.3,0,45.6,34.1,36.0,989.1
2025-10-18T21:34:25.079000+00:00,9884,213,1271,1.9,0,45.8,34.0,36.0,989.4
2025-10-18T21:35:25.079000+00:00,9884,104,1271,1.6,0,45.6,34.0,36.0,989.4
2025-10-18T21:36:25.083000+00:00,9884,164,1271,1.9,0,44.8,34.0,36.0,989.4
2025-10-18T21:37:25.080000+00:00,9884,116,1271,0.9,0,44.2,33.8,36.0,989.4
2025-10-18T21:38:25.087000+00:00,9884,356,1271,1.0,0,44.1,33.7,37.0,989.4
2025-10-18T21:39:25.080000+00:00,9884,318,1271,1.8,0,44.1,33.7,36.0,989.3
2025-10-18T21:40:25.098000+00:00,9884,262,1271,2.0,0,44.0,33.7,37.0,989.3
2025-10-18T21:41:25.101000+00:00,9884,291,1271,2.0,0,44.1,33.6,37.0,989.3
2025-10-18T21:42:25.102000+00:00,9884,326,1271,2.2,0,44.1,33.7,37.0,989.3
2025-10-18T21:43:25.118000+00:00,9884,310,1271,2.3,0,44.3,33.8,37.0,989.2
2025-10-18T21:44:25.131000+00:00,9884,333,1271,1.9,0,44.7,34.0,37.0,989.4
2025-10-18T21:45:25.135000+00:00,9884,0,1271,1.2,0,45.3,34.2,36.0,989.3
2025-10-18T21:46:25.139000+00:00,9884,347,1271,0.7,0,45.3,34.2,36.0,989.4
2025-10-18T21:47:25.139000+00:00,9884,277,1271,1.7,0,44.3,34.3,36.0,989.3
2025-10-18T21:48:25.140000+00:00,9884,334,1271,1.0,0,44.3,34.2,36.0,989.2
2025-10-18T21:49:25.152000+00:00,9884,28,1271,1.4,0,44.3,34.1,36.0,989.3
2025-10-18T21:50:25.177000+00:00,9884,100,1271,1.6,0,44.5,34.1,36.0,989.1
2025-10-18T21:51:25.179000+00:00,9884,321,1271,2.0,0,44.7,34.0,36.0,989.3
2025-10-18T21:52:25.179000+00:00,9884,325,1271,2.3,0,44.7,34.0,36.0,989.3
2025-10-18T21:53:25.203000+00:00,9884,333,1271,1.7,0,44.5,34.1,36.0,989.3
2025-10-18T21:54:25.217000+00:00,9884,99,1271,2.2,0,44.6,34.1,35.0,989.3
2025-10-18T21:55:25.206000+00:00,9884,113,1271,2.6,0,44.6,34.1,36.0,989.3
2025-10-18T21:56:25.218000+00:00,9884,160,1271,1.7,0,44.5,34.1,36.0,989.4
2025-10-18T21:57:25.217000+00:00,9884,121,1271,1.1,0,44.3,34.0,36.0,989.3
2025-10-18T21:58:25.218000+00:00,9884,96,1271,1.5,0,44.3,34.0,36.0,989.3
2025-10-18T21:59:25.230000+00:00,9884,0,1271,2.1,0,44.2,33.9,36.0,989.2
2025-10-18T22:00:25.246000+00:00,9884,3,1271,0.6,0,44.3,33.9,36.0,989.3
2025-10-18T22:01:25.268000+00:00,9884,28,1271,0.6,0,44.4,34.0,35.0,989.2
2025-10-18T22:02:25.266000+00:00,9884,97,1271,1.3,0,44.3,34.0,35.0,989.2
2025-10-18T22:03:25.273000+00:00,9884,260,1271,1.6,0,44.3,34.0,35.0,989.2
2025-10-18T22:04:25.281000+00:00,9884,301,1271,2.0,0,43.9,34.0,35.0,989.2
2025-10-18T22:05:25.292000+00:00,9884,307,1271,2.7,0,43.7,34.0,36.0,989.2
2025-10-18T22:06:25.293000+00:00,9884,296,1271,2.5,0,43.4,34.0,36.0,989.3
2025-10-18T22:07:25.306000+00:00,9884,296,1271,2.7,0,43.6,34.1,36.0,989.2
2025-10-18T22:08:25.326000+00:00,9884,297,1271,2.4,0,43.6,34.1,36.0,989.2
2025-10-18T22:09:25.321000+00:00,9884,99,1271,1.9,0,43.7,34.1,36.0,989.2
2025-10-18T22:10:25.307000+00:00,9884,20,1271,1.7,0,43.7,34.1,36.0,989.3
2025-10-18T22:11:25.342000+00:00,9884,319,1271,1.9,0,43.3,34.0,36.0,989.2
2025-10-18T22:12:25.357000+00:00,9884,289,1271,2.1,0,43.5,34.0,36.0,989.2
2025-10-18T22:13:25.355000+00:00,9884,303,1271,1.2,0,43.5,34.0,36.0,989.2
2025-10-18T22:14:25.355000+00:00,9884,78,1271,0.9,0,43.8,34.0,36.0,989.2
2025-10-24T18:17:54.621000+00:00,9870,148,1272,1.0,0,46.9,22.5,34.0,783.8
2025-10-24T18:18:15.780000+00:00,9870,148,1272,1.0,0,46.9,22.9,34.0,783.8
2025-10-24T18:19:15.781000+00:00,9870,267,1272,1.0,0,47.4,22.9,34.0,783.8
2025-10-24T18:20:15.800000+00:00,9870,26,1272,1.8,0,47.6,23.0,33.0,783.7
2025-10-24T18:21:15.814000+00:00,9870,347,1272,2.4,0,47.6,23.1,33.0,783.7
2025-10-24T18:22:15.796000+00:00,9870,267,1272,1.7,0,48.2,23.2,33.0,783.7
2025-10-24T18:23:15.796000+00:00,9870,268,1272,1.9,0,48.3,23.1,33.0,783.8
2025-10-24T18:24:15.814000+00:00,9870,337,1272,2.6,0,48.2,23.1,34.0,783.8
2025-10-24T18:25:15.813000+00:00,9870,0,1272,0.6,0,47.6,23.1,34.0,783.7
2025-10-24T18:29:36.589000+00:00,9870,287,1272,1.6,0,48.2,23.1,34.0,783.5
2025-10-24T21:45:19.320000+00:00,9871,305,1272,1.3,0,44.4,25.5,25.0,781.1
2025-10-24T21:46:16.570000+00:00,9871,302,1272,1.1,0,44.3,25.6,26.0,781.1
2025-10-24T21:47:16.571000+00:00,9871,246,1272,0.7,0,44.4,25.6,25.0,781.2
2025-10-24T21:48:16.571000+00:00,9871,90,1272,1.7,0,44.2,25.6,25.0,781.1
2025-10-24T21:49:16.581000+00:00,9871,0,1272,0.8,0,43.7,25.5,25.0,781.1
2025-10-24T21:50:16.593000+00:00,9871,162,1272,0.0,0,43.7,25.5,26.0,781.1
2025-10-24T21:51:16.619000+00:00,9871,342,1272,0.8,0,43.8,25.7,26.0,781.1
2025-10-24T21:52:16.619000+00:00,9871,278,1272,0.8,0,43.8,25.7,26.0,781.1
2025-10-24T21:53:16.613000+00:00,9871,263,1272,1.1,0,43.9,25.6,25.0,781.1
2025-10-24T21:54:16.613000+00:00,9871,154,1272,1.4,0,43.8,25.6,25.0,781.1
2025-10-24T21:55:16.638000+00:00,9871,167,1272,0.6,0,43.7,25.6,25.0,781.1
2025-10-24T21:56:16.654000+00:00,9871,141,1272,1.6,0,43.8,25.6,25.0,781.0
2025-10-24T21:57:16.654000+00:00,9871,199,1272,1.9,0,43.7,25.6,26.0,781.0
2025-10-24T21:58:16.655000+00:00,9871,32,1272,1.0,0,43.7,25.6,26.0,781.1
2025-10-24T21:59:16.655000+00:00,9871,36,1272,0.3,0,43.4,25.7,25.0,781.0
2025-10-24T22:00:16.655000+00:00,9871,113,1272,1.6,0,43.3,25.6,25.0,781.1
2025-10-24T22:01:16.655000+00:00,9871,131,1272,0.7,0,43.3,25.7,26.0,781.0
2025-10-24T22:02:16.653000+00:00,9871,133,1272,1.5,0,43.0,25.7,26.0,781.0
2025-10-24T22:03:16.656000+00:00,9871,53,1272,2.2,0,42.9,25.6,25.0,781.0
2025-10-24T22:04:16.647000+00:00,9871,123,1272,1.4,0,42.5,25.6,26.0,781.0
2025-10-24T22:05:16.650000+00:00,9871,0,1272,1.2,0,42.5,25.7,26.0,781.0
2025-10-24T22:06:16.666000+00:00,9871,203,1272,0.0,0,42.6,25.7,25.0,781.0
2025-10-24T22:07:16.651000+00:00,9871,60,1272,0.6,0,42.1,25.5,26.0,781.0
2025-10-24T22:08:16.667000+00:00,9871,285,1272,0.4,0,42.1,25.5,26.0,781.1
2025-10-24T22:09:16.661000+00:00,9871,244,1272,0.6,0,42.1,25.6,26.0,780.9
2025-10-24T22:10:16.670000+00:00,9871,261,1272,0.7,0,42.0,25.6,26.0,781.0
2025-10-24T22:11:16.746000+00:00,9871,287,1272,1.8,0,41.9,25.5,26.0,781.0
2025-10-24T22:12:16.714000+00:00,9871,274,1272,1.8,0,41.9,25.5,26.0,781.0
2025-10-24T22:13:16.717000+00:00,9871,211,1272,0.8,0,41.7,25.6,26.0,781.0
2025-10-24T22:14:16.743000+00:00,9871,224,1272,1.8,0,41.7,25.5,26.0,780.9
2025-10-24T22:15:16.745000+00:00,9871,140,1272,1.3,0,41.7,25.5,26.0,781.0
2025-10-24T22:16:16.764000+00:00,9871,163,1272,1.5,0,41.7,25.5,26.0,780.9
2025-10-24T22:17:16.759000+00:00,9871,75,1272,1.8,0,41.3,25.5,26.0,781.0
2025-10-24T22:18:16.772000+00:00,9871,106,1272,1.0,0,41.1,25.5,26.0,781.0
2025-10-24T22:19:16.794000+00:00,9871,0,1272,0.7,0,40.2,25.7,26.0,780.9
2025-10-24T22:20:16.797000+00:00,9871,219,1272,1.6,0,39.8,25.6,26.0,781.0
2025-10-24T22:21:16.804000+00:00,9871,256,1272,1.5,0,39.9,25.6,26.0,781.0
2025-10-24T22:22:16.792000+00:00,9871,278,1272,1.7,0,39.6,25.6,26.0,781.0
2025-10-24T22:23:16.792000+00:00,9871,263,1272,1.0,0,39.1,25.5,26.0,780.9
2025-10-24T22:24:16.871000+00:00,9871,187,1272,0.3,0,38.9,25.4,26.0,781.0
2025-10-24T22:25:16.802000+00:00,9871,161,1272,0.6,0,38.3,25.4,27.0,780.9
2025-10-24T22:26:16.865000+00:00,9871,0,1272,1.2,0,38.0,25.3,27.0,780.8
2025-10-24T22:27:16.796000+00:00,9871,285,1272,0.0,0,38.0,25.3,27.0,780.9
2025-10-24T22:28:16.812000+00:00,9871,317,1272,1.1,0,38.0,25.2,27.0,781.0
2025-10-24T22:29:16.803000+00:00,9871,308,1272,2.2,0,38.7,25.2,26.0,780.8
2025-10-24T22:30:16.804000+00:00,9871,229,1272,1.4,0,38.2,25.2,27.0,780.9
2025-10-24T22:31:16.804000+00:00,9871,285,1272,1.3,0,38.1,25.1,27.0,780.9
2025-10-24T22:32:16.804000+00:00,9871,79,1272,1.4,0,38.1,25.1,27.0,780.9
2025-10-24T22:33:16.804000+00:00,9871,141,1272,0.8,0,38.0,25.1,27.0,780.9
2025-10-24T22:34:16.804000+00:00,9871,175,1272,1.0,0,37.5,25.1,27.0,780.8
2025-10-24T22:35:16.820000+00:00,9871,242,1272,1.4,0,37.5,25.3,27.0,780.9
2025-10-24T22:36:16.805000+00:00,9871,235,1272,1.1,0,37.4,25.4,27.0,780.8
2025-10-24T22:37:16.821000+00:00,9871,249,1272,1.6,0,37.2,25.5,27.0,780.8
2025-10-24T22:38:16.814000+00:00,9871,243,1272,2.0,0,37.0,25.5,27.0,780.8
2025-10-24T22:39:16.814000+00:00,9871,196,1272,1.3,0,37.0,25.4,27.0,780.9
2025-10-24T22:40:16.830000+00:00,9871,130,1272,1.4,0,36.8,25.4,27.0,780.8
2025-10-24T22:41:16.831000+00:00,9871,244,1272,1.1,0,36.6,25.3,27.0,780.9
2025-10-24T22:42:16.847000+00:00,9871,0,1272,1.1,0,36.5,25.3,27.0,780.8
2025-10-24T22:43:16.863000+00:00,9871,130,1272,0.7,0,36.6,25.1,27.0,780.8
2025-10-24T22:44:16.854000+00:00,9871,172,1272,1.7,0,36.6,25.1,27.0,780.9
2025-10-24T22:45:16.851000+00:00,9871,211,1272,0.9,0,36.2,25.1,26.0,780.8
2025-10-24T22:46:16.860000+00:00,9871,135,1272,0.8,0,36.1,25.0,27.0,780.9
2025-10-24T22:47:16.860000+00:00,9871,263,1272,1.1,0,36.2,25.0,27.0,780.9
2025-10-24T22:48:16.861000+00:00,9871,127,1272,1.7,0,36.2,25.2,27.0,780.8
2025-10-24T22:49:16.861000+00:00,9871,79,1272,1.1,0,35.7,25.1,27.0,780.8
2025-10-24T22:50:16.871000+00:00,9871,359,1272,0.4,0,35.6,25.3,27.0,780.9
2025-10-24T22:51:16.887000+00:00,9871,103,1272,0.4,0,36.0,25.3,27.0,780.9
2025-10-24T22:52:16.918000+00:00,9871,270,1272,0.6,0,36.0,25.2,27.0,780.9
2025-10-24T22:53:16.919000+00:00,9871,313,1272,1.1,0,36.0,25.1,27.0,780.9
2025-10-24T22:54:16.909000+00:00,9871,328,1272,1.5,0,36.0,25.1,27.0,780.8
2025-10-24T22:55:16.909000+00:00,9871,245,1272,1.0,0,35.8,25.1,27.0,780.9
2025-10-24T22:56:16.925000+00:00,9871,289,1272,1.3,0,35.6,25.1,27.0,780.7
2025-10-24T22:57:16.935000+00:00,9871,141,1272,1.1,0,35.8,25.3,27.0,780.8
2025-10-24T22:58:16.935000+00:00,9871,92,1272,2.5,0,35.8,25.2,27.0,780.9
2025-10-24T22:59:16.935000+00:00,9871,0,1272,1.3,0,35.7,25.3,26.0,780.9
2025-10-24T23:00:16.942000+00:00,9871,67,1272,0.9,0,35.3,25.3,26.0,780.9
2025-10-24T23:01:16.942000+00:00,9871,126,1272,1.1,0,35.2,25.3,26.0,781.0
2025-10-24T23:02:16.958000+00:00,9871,141,1272,1.5,0,35.1,25.1,26.0,781.0
2025-10-24T23:03:16.958000+00:00,9871,126,1272,1.3,0,35.1,25.1,26.0,780.9
2025-10-24T23:04:16.943000+00:00,9871,154,1272,1.0,0,34.9,25.0,26.0,781.0
2025-10-24T23:05:16.952000+00:00,9871,60,1272,0.7,0,34.5,25.0,26.0,780.9
2025-10-24T23:06:16.952000+00:00,9871,92,1272,0.7,0,34.5,25.1,26.0,780.9
2025-10-24T23:07:16.956000+00:00,9871,116,1272,1.3,0,34.5,25.0,26.0,780.9
2025-10-24T23:08:16.956000+00:00,9871,74,1272,1.6,0,34.5,25.0,26.0,780.8
2025-10-25T17:16:21.056000+00:00,9872,250,1272,1.3,0,42.9,22.5,38.0,784.3
2025-10-25T17:17:21.088000+00:00,9872,176,1272,0.9,0,43.3,22.5,39.0,784.2
2025-10-25T17:18:21.094000+00:00,9872,281,1272,2.0,0,43.2,22.5,38.0,784.2
2025-10-25T17:19:21.092000+00:00,9872,308,1272,1.6,0,43.3,22.5,37.0,784.2
2025-10-25T17:20:21.095000+00:00,9872,151,1272,1.2,0,44.4,22.6,37.0,784.1
2025-10-25T17:21:21.111000+00:00,9872,122,1272,2.3,0,44.6,22.6,36.0,784.1
2025-10-25T17:22:21.111000+00:00,9872,0,1272,2.9,0,44.3,22.7,37.0,784.2
2025-10-25T17:23:21.111000+00:00,9872,321,1272,1.1,0,44.1,22.8,36.0,784.1
2025-10-25T17:24:21.111000+00:00,9872,289,1272,1.8,0,43.9,22.8,37.0,784.1
2025-10-25T17:25:21.127000+00:00,9872,310,1272,1.7,0,43.9,22.7,37.0,784.0
2025-10-25T17:26:21.123000+00:00,9872,271,1272,2.1,0,43.6,22.5,38.0,784.1
2025-10-25T17:27:21.123000+00:00,9872,282,1272,1.3,0,43.8,22.6,38.0,784.1
2025-10-25T17:28:21.139000+00:00,9872,284,1272,1.1,0,43.8,22.6,38.0,784.0
2025-10-25T17:29:21.155000+00:00,9872,6,1272,0.8,0,43.8,22.6,38.0,784.1
2025-10-25T17:30:21.140000+00:00,9872,192,1272,0.5,0,43.8,22.7,38.0,784.0
2025-10-25T17:31:21.144000+00:00,9872,174,1272,1.1,0,44.7,22.8,36.0,784.0
2025-10-25T17:32:21.150000+00:00,9872,248,1272,2.2,0,44.7,22.9,36.0,784.0
2025-10-25T17:33:21.144000+00:00,9872,341,1272,1.7,0,45.1,23.1,36.0,784.0
2025-10-25T17:34:21.148000+00:00,9872,340,1272,1.7,0,45.5,23.1,35.0,783.9
2025-10-25T17:35:21.145000+00:00,9872,260,1272,1.4,0,45.2,23.2,35.0,784.0
2025-10-25T17:36:21.151000+00:00,9872,263,1272,3.2,0,45.2,23.2,35.0,784.0
2025-10-25T17:37:21.152000+00:00,9872,248,1272,2.2,0,45.3,23.2,35.0,783.9
2025-10-25T17:38:21.149000+00:00,9872,275,1272,3.3,0,45.5,23.1,35.0,783.9
2025-10-25T17:39:21.146000+00:00,9872,232,1272,3.5,0,45.4,23.0,35.0,783.9
2025-10-25T17:40:21.158000+00:00,9872,259,1272,2.4,0,45.4,23.0,36.0,783.7
2025-10-25T17:41:21.156000+00:00,9872,271,1272,2.0,0,45.5,23.1,36.0,783.8
2025-10-25T17:42:21.162000+00:00,9872,237,1272,2.5,0,45.8,23.3,36.0,783.9
2025-10-25T17:43:21.162000+00:00,9872,238,1272,2.4,0,45.8,23.4,36.0,783.9
2025-10-25T17:44:21.158000+00:00,9872,245,1272,1.2,0,45.7,23.4,36.0,783.8
2025-10-25T17:45:21.159000+00:00,9872,217,1272,1.1,0,45.3,23.5,36.0,783.8
2025-10-25T17:46:21.153000+00:00,9872,220,1272,2.0,0,45.3,23.5,36.0,783.8
2025-10-25T17:47:21.163000+00:00,9872,269,1272,2.2,0,45.6,23.5,37.0,783.7
2025-10-25T17:48:21.157000+00:00,9872,290,1272,1.1,0,45.6,23.5,37.0,783.7
2025-10-25T17:49:21.163000+00:00,9872,250,1272,0.0,0,46.1,23.5,36.0,783.8
2025-10-25T17:50:21.163000+00:00,9872,216,1272,0.0,0,46.1,23.6,35.0,783.6
2025-10-25T17:51:21.163000+00:00,9872,281,1272,1.7,0,46.6,23.8,35.0,783.7
2025-10-25T17:52:21.158000+00:00,9872,286,1272,2.5,0,45.8,23.7,36.0,783.7
2025-10-25T17:53:21.160000+00:00,9872,267,1272,2.2,0,45.6,23.5,37.0,783.8
2025-10-25T17:54:21.265000+00:00,9872,259,1272,1.6,0,45.3,23.5,37.0,783.8
2025-10-25T17:55:21.284000+00:00,9872,255,1272,1.5,0,45.3,23.5,38.0,783.7
2025-10-25T17:56:21.296000+00:00,9872,265,1272,0.9,0,45.7,23.5,38.0,783.6
2025-10-25T17:57:21.290000+00:00,9872,279,1272,0.0,0,45.8,23.5,38.0,783.6
2025-10-25T17:58:21.296000+00:00,9872,315,1272,0.6,0,46.5,23.4,37.0,783.6
2025-10-25T17:59:21.300000+00:00,9872,209,1272,2.3,0,46.7,23.4,37.0,783.6
2025-10-25T18:00:21.294000+00:00,9872,180,1272,2.4,0,46.8,23.5,37.0,783.6
2025-10-25T18:01:21.305000+00:00,9872,234,1272,1.0,0,46.9,23.5,37.0,783.6
2025-10-25T18:02:21.290000+00:00,9872,262,1272,2.6,0,46.9,23.5,37.0,783.6
2025-10-25T18:03:21.292000+00:00,9872,311,1272,2.3,0,46.9,23.4,38.0,783.6
2025-10-25T18:04:21.292000+00:00,9872,172,1272,1.4,0,46.6,23.4,38.0,783.6
2025-10-25T18:05:21.292000+00:00,9872,79,1272,0.7,0,46.9,23.5,37.0,783.5
2025-10-25T18:06:21.305000+00:00,9872,40,1272,1.0,0,47.1,23.6,37.0,783.6
2025-10-25T18:07:21.296000+00:00,9872,316,1272,0.8,0,47.1,23.7,37.0,783.5
2025-10-25T18:08:21.297000+00:00,9872,258,1272,1.8,0,47.2,23.8,36.0,783.4
2025-10-25T18:09:21.309000+00:00,9872,296,1272,2.2,0,47.4,23.8,37.0,783.4
2025-10-25T18:10:21.310000+00:00,9872,255,1272,1.6,0,47.4,23.8,37.0,783.5
2025-10-25T18:11:21.303000+00:00,9872,258,1272,2.9,0,47.4,23.8,35.0,783.4
2025-10-25T18:12:21.300000+00:00,9872,283,1272,2.6,0,46.9,23.7,36.0,783.5
2025-10-25T18:13:21.295000+00:00,9872,263,1272,2.6,0,46.9,23.7,36.0,783.4
2025-10-25T18:14:21.306000+00:00,9872,268,1272,2.4,0,47.1,23.7,36.0,783.3
2025-10-25T18:15:21.301000+00:00,9872,271,1272,3.4,0,47.0,23.7,36.0,783.3
2025-10-25T18:16:21.317000+00:00,9872,287,1272,3.3,0,46.6,23.8,37.0,783.3
2025-10-25T18:17:21.308000+00:00,9872,289,1272,1.9,0,46.6,23.9,35.0,783.3
2025-10-25T18:18:21.308000+00:00,9872,267,1272,1.9,0,46.5,23.9,36.0,783.3
2025-10-25T18:19:21.308000+00:00,9872,260,1272,2.2,0,46.7,23.9,36.0,783.3
2025-10-25T18:20:21.317000+00:00,9872,259,1272,1.7,0,46.7,24.0,35.0,783.3
2025-10-25T18:21:21.318000+00:00,9872,263,1272,1.3,0,47.0,24.0,35.0,783.2
2025-10-25T18:22:21.307000+00:00,9872,254,1272,2.1,0,47.4,24.0,34.0,783.2
2025-10-25T18:23:21.307000+00:00,9872,0,1272,2.0,0,47.6,23.9,33.0,783.2
2025-10-25T18:24:21.313000+00:00,9872,309,1272,1.6,0,47.5,23.8,33.0,783.2
2025-10-25T18:25:21.307000+00:00,9872,271,1272,1.5,0,47.5,23.9,34.0,783.2
2025-10-25T18:26:21.316000+00:00,9872,253,1272,2.0,0,47.5,24.0,34.0,783.2
2025-10-25T18:27:21.335000+00:00,9872,250,1272,1.5,0,47.0,24.0,35.0,783.2
2025-10-25T18:28:21.339000+00:00,9872,250,1272,1.5,0,47.1,24.1,36.0,783.1
2025-10-25T18:29:21.342000+00:00,9872,240,1272,0.8,0,47.3,24.0,36.0,783.2
2025-10-25T18:30:21.364000+00:00,9872,239,1272,1.0,0,47.6,24.0,35.0,783.1
2025-10-25T18:31:21.360000+00:00,9872,261,1272,1.9,0,48.1,23.9,35.0,783.1
2025-10-25T18:32:21.362000+00:00,9872,24,1272,1.6,0,48.2,23.8,35.0,782.9
2025-10-25T18:33:21.393000+00:00,9872,130,1272,1.0,0,48.4,23.9,34.0,783.0
2025-10-25T18:34:21.402000+00:00,9872,136,1272,1.0,0,47.9,23.8,32.0,783.0
2025-10-25T18:35:21.421000+00:00,9872,293,1272,0.5,0,47.6,23.9,34.0,783.0
2025-10-25T18:36:21.440000+00:00,9872,313,1272,0.8,0,47.4,23.8,34.0,783.0
2025-10-25T18:37:21.441000+00:00,9872,0,1272,0.9,0,47.7,23.9,33.0,782.9
2025-10-25T18:38:21.456000+00:00,9872,286,1272,0.9,0,48.4,24.0,32.0,783.0
2025-10-25T20:47:21.931000+00:00,9873,296,1272,2.0,0,49.8,25.9,27.0,780.8
2025-10-25T20:48:21.925000+00:00,9873,280,1272,2.2,0,49.5,25.9,27.0,780.7
2025-10-25T20:49:21.932000+00:00,9873,295,1272,3.5,0,49.1,25.9,27.0,780.7
2025-10-25T20:50:21.926000+00:00,9873,304,1272,2.5,0,48.9,26.1,27.0,780.8
2025-10-25T20:51:21.926000+00:00,9873,331,1272,2.2,0,49.0,26.1,27.0,780.7
2025-10-25T20:52:21.931000+00:00,9873,295,1272,1.5,0,49.1,26.2,27.0,780.8
2025-10-25T20:53:21.926000+00:00,9873,271,1272,2.4,0,49.1,26.3,27.0,780.7
2025-10-25T20:54:21.932000+00:00,9873,295,1272,3.0,0,48.6,26.3,27.0,780.7
2025-10-25T20:55:21.929000+00:00,9873,263,1272,2.4,0,48.7,26.1,28.0,780.7
2025-10-25T20:56:21.928000+00:00,9873,283,1272,3.0,0,48.7,26.0,28.0,780.8
2025-10-25T20:57:21.928000+00:00,9873,320,1272,2.3,0,48.7,26.1,27.0,780.7
2025-10-25T20:58:21.917000+00:00,9873,302,1272,1.5,0,48.7,26.2,28.0,780.7
2025-10-25T20:59:21.929000+00:00,9873,299,1272,1.0,0,48.7,26.3,27.0,780.7
2025-10-25T21:00:21.933000+00:00,9873,271,1272,1.2,0,48.8,26.4,27.0,780.6
2025-10-25T21:01:21.921000+00:00,9873,305,1272,1.9,0,48.7,26.4,26.0,780.7
2025-10-25T21:02:21.945000+00:00,9873,334,1272,1.2,0,47.9,26.3,27.0,780.6
2025-10-25T21:03:21.927000+00:00,9873,264,1272,0.4,0,47.9,26.3,27.0,780.7
2025-10-25T21:04:21.924000+00:00,9873,0,1272,0.8,0,48.2,26.3,27.0,780.6
2025-10-25T21:05:21.935000+00:00,9873,278,1272,0.9,0,47.7,26.3,27.0,780.7
2025-10-25T21:06:21.935000+00:00,9873,285,1272,1.9,0,47.6,26.3,27.0,780.6
2025-10-25T21:07:21.935000+00:00,9873,0,1272,1.8,0,47.7,26.4,27.0,780.6
2025-10-25T21:08:21.933000+00:00,9873,213,1272,1.3,0,47.8,26.3,28.0,780.7
2025-10-25T21:09:21.931000+00:00,9873,286,1272,1.9,0,47.8,26.3,27.0,780.7
2025-10-25T21:10:21.941000+00:00,9873,265,1272,2.3,0,47.8,26.3,28.0,780.6
2025-10-25T21:11:21.931000+00:00,9873,284,1272,1.2,0,47.3,26.3,28.0,780.5
2025-10-25T21:12:21.940000+00:00,9873,268,1272,2.5,0,47.1,26.3,28.0,780.5
2025-10-25T21:13:21.933000+00:00,9873,268,1272,2.3,0,47.1,26.4,28.0,780.6
2025-10-25T21:14:21.937000+00:00,9873,320,1272,4.0,0,47.1,26.4,28.0,780.5
2025-10-25T21:15:22.003000+00:00,9873,256,1272,1.6,0,46.9,26.2,28.0,780.5
2025-10-25T21:16:22.003000+00:00,9873,238,1272,2.4,0,46.9,26.3,28.0,780.5
2025-10-25T21:17:21.992000+00:00,9873,252,1272,2.9,0,46.9,26.3,28.0,780.5
2025-10-25T21:18:22.003000+00:00,9873,265,1272,1.6,0,47.3,26.3,28.0,780.5
2025-10-25T21:19:22.010000+00:00,9873,267,1272,2.2,0,47.2,26.3,28.0,780.5
2025-10-25T21:20:22.034000+00:00,9873,265,1272,2.7,0,46.8,26.3,28.0,780.5
2025-10-25T21:21:22.016000+00:00,9873,267,1272,2.7,0,46.6,26.3,28.0,780.5
2025-10-25T21:22:22.042000+00:00,9873,269,1272,3.2,0,46.2,26.4,27.0,780.5
2025-10-25T21:23:22.054000+00:00,9873,286,1272,2.1,0,46.1,26.3,28.0,780.4
2025-10-25T21:24:22.061000+00:00,9873,272,1272,3.1,0,45.9,26.0,28.0,780.4
2025-10-25T21:25:22.052000+00:00,9873,286,1272,2.1,0,45.7,25.9,28.0,780.4
2025-10-25T21:26:22.078000+00:00,9873,264,1272,2.5,0,45.7,26.0,28.0,780.4
2025-10-25T21:27:22.078000+00:00,9873,251,1272,2.4,0,46.0,26.0,28.0,780.5
2025-10-25T21:28:22.076000+00:00,9873,290,1272,0.8,0,45.8,26.0,28.0,780.5
2025-10-25T21:29:22.080000+00:00,9873,322,1272,1.3,0,45.8,26.1,28.0,780.4
2025-10-25T21:30:22.080000+00:00,9873,288,1272,0.9,0,45.9,26.1,28.0,780.5
2025-10-25T21:31:22.080000+00:00,9873,254,1272,1.7,0,45.8,26.1,28.0,780.5
2025-10-25T21:32:22.083000+00:00,9873,214,1272,1.8,0,45.8,26.2,28.0,780.5
2025-10-25T21:33:22.129000+00:00,9873,348,1272,1.8,0,45.6,26.3,28.0,780.4
2025-10-25T21:34:22.129000+00:00,9873,198,1272,0.8,0,45.4,26.4,28.0,780.5
2025-10-25T21:35:22.083000+00:00,9873,263,1272,2.8,0,45.5,26.3,27.0,780.4
2025-10-25T21:36:22.083000+00:00,9873,264,1272,2.3,0,45.7,26.3,27.0,780.4
2025-10-25T21:37:22.076000+00:00,9873,256,1272,2.4,0,45.6,26.2,27.0,780.5
2025-10-25T21:38:22.078000+00:00,9873,280,1272,2.0,0,45.1,26.2,27.0,780.4
2025-10-25T21:39:22.087000+00:00,9873,257,1272,2.2,0,44.7,26.3,27.0,780.4
2025-10-25T21:40:22.082000+00:00,9873,264,1272,3.1,0,44.6,26.2,27.0,780.4
2025-10-25T21:41:22.091000+00:00,9873,285,1272,2.5,0,44.3,26.1,28.0,780.5
2025-10-25T21:42:22.078000+00:00,9873,312,1272,1.3,0,44.3,26.0,27.0,780.5
2025-10-25T21:43:22.079000+00:00,9873,264,1272,1.8,0,44.3,26.1,27.0,780.4
2025-10-25T21:44:22.080000+00:00,9873,304,1272,1.8,0,44.1,26.0,27.0,780.4
2025-10-25T21:45:22.095000+00:00,9873,252,1272,2.3,0,44.1,26.0,27.0,780.4
2025-10-25T21:46:22.096000+00:00,9873,216,1272,1.9,0,44.0,26.0,28.0,780.4
2025-10-25T21:47:22.081000+00:00,9873,281,1272,2.6,0,43.9,26.0,27.0,780.5
2025-10-25T21:48:22.097000+00:00,9873,185,1272,2.1,0,43.9,26.1,27.0,780.5
2025-10-25T21:49:22.085000+00:00,9873,21,1272,0.9,0,44.0,26.3,27.0,780.4
2025-10-25T21:50:22.099000+00:00,9873,301,1272,1.1,0,43.7,26.3,27.0,780.4
2025-10-25T21:51:22.086000+00:00,9873,264,1272,1.7,0,43.6,26.3,27.0,780.5
2025-10-25T21:52:22.091000+00:00,9873,306,1272,1.1,0,43.5,26.2,27.0,780.4
2025-10-25T21:53:22.098000+00:00,9873,260,1272,1.3,0,43.6,26.2,27.0,780.4
2025-10-25T21:54:22.101000+00:00,9873,248,1272,1.2,0,43.5,26.2,27.0,780.4
2025-10-25T21:55:22.101000+00:00,9873,266,1272,2.1,0,43.2,26.3,27.0,780.5
2025-10-25T21:56:22.101000+00:00,9873,312,1272,1.8,0,43.2,26.3,27.0,780.4
2025-10-25T21:57:22.097000+00:00,9873,306,1272,2.0,0,43.1,26.3,27.0,780.4
2025-10-25T21:58:22.107000+00:00,9873,291,1272,1.0,0,42.7,26.1,28.0,780.5
2025-10-25T21:59:22.092000+00:00,9873,283,1272,0.7,0,42.7,26.0,28.0,780.5
2025-10-25T22:00:22.103000+00:00,9873,234,1272,2.1,0,42.8,26.0,28.0,780.4
2025-10-25T22:01:22.091000+00:00,9873,263,1272,2.8,0,42.8,26.0,28.0,780.5
2025-10-25T22:02:22.107000+00:00,9873,250,1272,3.7,0,42.5,26.1,28.0,780.5
2025-10-25T22:03:22.107000+00:00,9873,231,1272,3.2,0,42.0,26.1,28.0,780.4
2025-10-25T22:04:22.095000+00:00,9873,262,1272,1.4,0,42.4,26.1,28.0,780.4
2025-11-07T14:15:02.742000+00:00,9859,148,1273,0.7,0,33.0,19.0,70.0,924.6
2025-11-07T14:16:02.742000+00:00,9859,166,1273,0.5,0,33.1,19.1,70.0,924.6
2025-11-07T14:17:02.752000+00:00,9859,0,1273,0.4,0,35.2,19.2,69.0,924.5
2025-11-07T14:18:02.745000+00:00,9859,175,1273,0.0,0,36.0,19.4,69.0,924.5
2025-11-07T14:19:02.748000+00:00,9859,217,1273,0.6,0,36.0,19.5,68.0,924.4
2025-11-07T14:20:02.755000+00:00,9859,181,1273,0.7,0,35.8,19.5,69.0,924.4
2025-11-07T14:21:02.751000+00:00,9859,178,1273,1.1,0,35.8,19.5,68.0,924.4
2025-11-07T14:22:02.746000+00:00,9859,162,1273,1.6,0,35.5,19.5,68.0,924.4
2025-11-07T14:23:02.749000+00:00,9859,246,1273,1.3,0,35.5,19.4,70.0,924.3
2025-11-07T14:24:02.758000+00:00,9859,242,1273,0.5,0,35.5,19.4,69.0,924.3
2025-11-07T14:25:02.755000+00:00,9859,118,1273,0.5,0,35.5,19.4,69.0,924.2
2025-11-07T14:26:02.765000+00:00,9859,166,1273,1.0,0,35.3,19.4,68.0,924.2
2025-11-07T14:27:02.752000+00:00,9859,217,1273,1.0,0,35.6,19.3,68.0,924.2
2025-11-07T14:28:02.751000+00:00,9859,129,1273,0.8,0,35.8,19.4,68.0,924.2
2025-11-07T14:29:02.764000+00:00,9859,167,1273,1.3,0,37.1,19.5,69.0,924.2
2025-11-07T14:30:02.762000+00:00,9859,0,1273,1.1,0,37.1,19.6,69.0,924.2
2025-11-07T14:31:02.765000+00:00,9859,150,1273,0.5,0,35.9,19.7,69.0,924.1
2025-11-07T14:32:02.766000+00:00,9859,132,1273,0.6,0,35.8,19.7,69.0,924.2
2025-11-07T14:33:02.754000+00:00,9859,170,1273,0.8,0,35.8,19.6,68.0,924.2
2025-11-07T14:34:02.769000+00:00,9859,195,1273,0.8,0,35.4,19.6,68.0,924.2
2025-11-07T14:35:02.771000+00:00,9859,172,1273,1.1,0,35.3,19.6,68.0,924.3
2025-11-07T14:36:02.768000+00:00,9859,211,1273,0.9,0,35.9,19.7,68.0,924.1
2025-11-07T14:37:02.757000+00:00,9859,181,1273,0.7,0,36.3,19.8,70.0,924.2
2025-11-07T14:38:02.776000+00:00,9859,181,1273,1.5,0,37.8,19.9,69.0,924.1
2025-11-07T14:39:02.770000+00:00,9859,180,1273,1.4,0,38.4,19.9,69.0,924.1
2025-11-07T14:40:02.773000+00:00,9859,200,1273,2.1,0,38.6,19.9,69.0,924.1
2025-11-07T14:41:02.769000+00:00,9859,155,1273,1.3,0,38.8,20.0,69.0,924.1
2025-11-07T14:42:02.768000+00:00,9859,201,1273,1.4,0,39.2,20.0,69.0,924.0
2025-11-07T14:43:02.772000+00:00,9859,160,1273,0.8,0,39.9,20.0,69.0,924.0
2025-11-07T14:44:02.773000+00:00,9859,124,1273,1.6,0,40.3,20.0,69.0,924.0
2025-11-07T14:45:02.771000+00:00,9859,121,1273,1.0,0,40.5,20.1,68.0,923.9
2025-11-07T14:46:02.787000+00:00,9859,151,1273,1.2,0,41.4,20.2,68.0,924.0
2025-11-07T14:47:02.806000+00:00,9859,191,1273,1.2,0,41.3,20.3,68.0,924.0
2025-11-07T14:48:02.826000+00:00,9859,188,1273,1.1,0,41.3,20.1,68.0,923.9
2025-11-07T14:49:02.833000+00:00,9859,187,1273,2.3,0,41.3,20.3,69.0,924.0
2025-11-07T14:50:02.827000+00:00,9859,176,1273,1.5,0,41.3,20.2,69.0,923.9
2025-11-07T14:51:02.827000+00:00,9859,111,1273,1.0,0,41.8,20.1,69.0,923.9
2025-11-07T14:52:02.840000+00:00,9859,176,1273,1.3,0,42.3,20.1,69.0,923.8
2025-11-07T14:53:02.827000+00:00,9859,193,1273,0.7,0,42.3,20.2,68.0,923.8
2025-11-07T14:54:02.838000+00:00,9859,212,1273,0.8,0,42.6,20.2,67.0,923.7
2025-11-07T14:55:02.854000+00:00,9859,111,1273,1.1,0,42.5,20.1,68.0,923.7
2025-11-07T14:56:02.873000+00:00,9859,120,1273,0.5,0,42.3,20.1,68.0,923.7
2025-11-07T14:57:02.872000+00:00,9859,200,1273,1.1,0,42.7,20.3,68.0,923.5
2025-11-07T14:58:02.877000+00:00,9859,215,1273,1.8,0,42.9,20.3,69.0,923.5
2025-11-07T14:59:02.872000+00:00,9859,178,1273,1.3,0,43.1,20.3,70.0,923.5
2025-11-07T15:00:02.890000+00:00,9859,195,1273,1.3,0,43.3,20.3,69.0,923.4
2025-11-07T15:01:02.910000+00:00,9859,181,1273,1.8,0,43.7,20.4,68.0,923.3
2025-11-07T15:02:02.919000+00:00,9859,161,1273,1.1,0,43.8,20.4,68.0,923.3
2025-11-07T15:03:02.907000+00:00,9859,195,1273,1.2,0,44.0,20.4,68.0,923.4
2025-11-07T15:04:02.915000+00:00,9859,187,1273,0.9,0,44.0,20.3,69.0,923.4
2025-11-07T15:05:02.911000+00:00,9859,311,1273,1.2,0,44.3,20.4,68.0,923.3
2025-11-07T15:06:02.910000+00:00,9859,177,1273,1.6,0,44.7,20.4,68.0,923.3
2025-11-07T15:07:02.916000+00:00,9859,39,1273,0.8,0,45.1,20.5,68.0,923.3
2025-11-07T15:08:02.912000+00:00,9859,191,1273,0.9,0,45.6,20.6,66.0,923.3
2025-11-07T15:09:02.911000+00:00,9859,178,1273,1.4,0,44.5,20.7,66.0,923.3
2025-11-07T15:10:02.911000+00:00,9859,230,1273,0.8,0,44.5,20.8,67.0,923.3
2025-11-07T15:11:02.911000+00:00,9859,194,1273,1.0,0,45.3,20.8,67.0,923.2
2025-11-07T15:12:02.909000+00:00,9859,86,1273,1.6,0,45.3,20.9,68.0,923.2
2025-11-07T15:13:02.912000+00:00,9859,176,1273,1.8,0,45.8,21.0,66.0,923.1
2025-11-07T15:14:02.945000+00:00,9859,189,1273,1.4,0,46.1,21.0,66.0,923.1
2025-11-07T15:15:02.941000+00:00,9859,170,1273,1.8,0,45.6,21.0,67.0,923.0
2025-11-07T15:16:02.958000+00:00,9859,151,1273,1.5,0,46.1,21.1,67.0,923.2
2025-11-07T15:17:02.974000+00:00,9859,134,1273,0.7,0,46.2,21.1,67.0,923.1
2025-11-07T15:18:02.979000+00:00,9859,189,1273,1.6,0,46.2,21.1,67.0,923.1
2025-11-07T15:19:02.977000+00:00,9859,193,1273,2.1,0,45.9,21.1,68.0,923.1
2025-11-07T15:20:02.972000+00:00,9859,142,1273,1.6,0,45.9,21.0,68.0,923.1
2025-11-07T15:21:02.968000+00:00,9859,146,1273,0.7,0,46.3,20.9,67.0,923.1
2025-11-07T15:22:02.973000+00:00,9859,206,1273,1.7,0,47.2,20.9,66.0,923.0
2025-11-07T15:23:02.987000+00:00,9859,165,1273,1.3,0,46.2,20.9,67.0,922.9
2025-11-07T15:24:03.002000+00:00,9859,149,1273,1.6,0,46.0,20.9,66.0,922.9
2025-11-07T15:25:02.997000+00:00,9859,185,1273,1.4,0,46.1,20.8,67.0,922.9
2025-11-07T15:26:03.015000+00:00,9859,172,1273,0.9,0,46.5,20.8,67.0,922.9
2025-11-07T15:27:03.016000+00:00,9859,178,1273,0.9,0,47.3,20.9,66.0,922.9
2025-11-07T15:28:03.029000+00:00,9859,202,1273,1.5,0,46.9,21.0,66.0,922.9
2025-11-07T15:29:03.023000+00:00,9859,184,1273,0.8,0,46.7,21.0,66.0,922.8
2025-11-07T15:30:03.029000+00:00,9859,191,1273,1.0,0,46.7,21.0,66.0,922.9
2025-11-07T15:31:03.023000+00:00,9859,166,1273,1.9,0,46.5,21.0,65.0,922.9
2025-11-07T15:32:03.049000+00:00,9859,187,1273,0.9,0,46.8,21.0,66.0,922.8
2025-11-07T15:33:03.055000+00:00,9859,76,1273,0.9,0,47.1,21.1,65.0,922.8
2025-11-07T15:34:03.061000+00:00,9859,141,1273,1.5,0,47.4,21.1,65.0,922.8
2025-11-07T15:35:03.066000+00:00,9859,159,1273,1.2,0,47.1,21.1,64.0,922.9
2025-11-07T15:36:03.065000+00:00,9859,147,1273,0.9,0,47.2,21.0,63.0,922.8
2025-11-07T15:37:03.076000+00:00,9859,132,1273,1.3,0,47.4,21.1,65.0,922.8
2025-11-07T15:38:03.059000+00:00,9859,181,1273,1.6,0,47.6,21.1,65.0,922.8
2025-11-07T15:39:03.051000+00:00,9859,136,1273,1.2,0,47.9,21.1,65.0,922.8
2025-11-07T15:40:03.065000+00:00,9859,164,1273,1.6,0,48.1,21.2,64.0,922.8
2025-11-07T15:41:03.065000+00:00,9859,0,1273,0.8,0,48.1,21.4,64.0,922.7
2025-10-19T18:07:29.925000+00:00,9888,282,1271,2.9,0,42.1,26.4,30.0,1002.1
2025-10-19T18:08:29.930000+00:00,9888,278,1271,2.4,0,42.4,26.4,30.0,1002.1
2025-10-19T18:09:29.931000+00:00,9888,275,1271,3.1,0,42.4,26.5,29.0,1002.1
2025-10-19T18:10:29.944000+00:00,9888,271,1271,2.8,0,42.4,26.6,29.0,1002.0
2025-10-19T18:11:29.957000+00:00,9888,283,1271,2.2,0,42.6,26.7,29.0,1002.1
2025-10-19T18:12:29.979000+00:00,9888,290,1271,2.3,0,43.0,26.8,29.0,1002.1
2025-10-19T18:13:29.981000+00:00,9888,257,1271,2.1,0,43.0,26.7,28.0,1002.1
2025-10-19T18:14:29.975000+00:00,9888,278,1271,2.5,0,42.9,26.6,28.0,1002.1
2025-10-19T18:15:30.005000+00:00,9888,260,1271,3.1,0,42.9,26.6,28.0,1002.1
2025-10-19T18:16:30.005000+00:00,9888,273,1271,2.6,0,43.0,26.6,28.0,1002.0
2025-10-19T18:17:30.033000+00:00,9888,267,1271,2.8,0,42.9,26.6,28.0,1002.1
2025-10-19T18:18:30.019000+00:00,9888,296,1271,3.3,0,42.9,26.8,28.0,1002.0
2025-10-19T18:19:30.019000+00:00,9888,245,1271,1.7,0,43.0,26.9,28.0,1002.0
2025-10-19T18:20:30.020000+00:00,9888,228,1271,2.1,0,43.3,26.9,27.0,1001.9
2025-10-19T18:21:30.020000+00:00,9888,273,1271,2.2,0,43.7,26.9,27.0,1002.0
2025-10-19T18:22:30.020000+00:00,9888,282,1271,1.7,0,43.8,27.0,26.0,1002.0
2025-10-19T18:23:30.020000+00:00,9888,286,1271,2.0,0,43.8,27.0,26.0,1002.0
2025-10-19T18:24:30.020000+00:00,9888,257,1271,3.1,0,43.8,27.1,27.0,1001.8
2025-10-19T18:25:30.022000+00:00,9888,273,1271,4.9,0,43.7,27.2,27.0,1001.8
2025-10-19T18:26:30.019000+00:00,9888,264,1271,2.5,0,43.7,27.1,27.0,1001.8
2025-10-19T18:27:30.020000+00:00,9888,281,1271,2.0,0,43.8,27.1,26.0,1001.8
2025-10-19T18:28:30.021000+00:00,9888,278,1271,3.2,0,43.8,27.1,26.0,1001.8
2025-10-19T18:29:30.030000+00:00,9888,277,1271,4.6,0,43.6,27.0,26.0,1001.8
2025-10-19T18:30:30.027000+00:00,9888,274,1271,3.9,0,43.5,27.0,26.0,1001.6
2025-10-19T18:31:30.031000+00:00,9888,250,1271,2.8,0,43.6,27.2,26.0,1001.7
2025-10-19T18:32:30.023000+00:00,9888,238,1271,2.6,0,43.8,27.3,26.0,1001.7
2025-10-19T18:33:30.028000+00:00,9888,292,1271,2.8,0,43.8,27.3,26.0,1001.8
2025-10-19T18:34:30.036000+00:00,9888,241,1271,2.0,0,43.9,27.3,26.0,1001.7
2025-10-19T18:35:30.032000+00:00,9888,288,1271,3.2,0,44.0,27.5,25.0,1001.5
2025-10-19T18:36:30.033000+00:00,9888,262,1271,2.5,0,44.0,27.7,25.0,1001.7
2025-10-19T18:37:30.031000+00:00,9888,285,1271,2.8,0,44.0,27.8,25.0,1001.6
2025-10-19T18:38:30.026000+00:00,9888,276,1271,3.7,0,43.9,27.7,25.0,1001.6
2025-10-19T18:39:30.033000+00:00,9888,260,1271,3.1,0,43.9,27.6,25.0,1001.5
2025-10-19T18:40:30.033000+00:00,9888,294,1271,2.9,0,43.9,27.4,24.0,1001.6
2025-10-19T18:41:30.037000+00:00,9888,262,1271,3.3,0,44.0,27.5,24.0,1001.5
2025-10-19T18:42:30.038000+00:00,9888,272,1271,2.5,0,44.3,27.5,24.0,1001.5
2025-10-19T18:43:30.029000+00:00,9888,287,1271,3.0,0,44.4,27.5,23.0,1001.5
2025-10-19T18:44:30.026000+00:00,9888,162,1271,1.7,0,44.4,27.5,23.0,1001.5
2025-10-19T18:45:30.034000+00:00,9888,136,1271,3.0,0,44.4,27.6,23.0,1001.6
2025-10-19T18:46:30.034000+00:00,9888,93,1271,1.8,0,44.5,27.6,23.0,1001.4
2025-10-19T18:47:30.041000+00:00,9888,344,1271,1.3,0,44.7,27.8,23.0,1001.5
2025-10-19T18:48:30.045000+00:00,9888,265,1271,1.2,0,44.8,27.9,23.0,1001.4
2025-10-19T18:49:30.040000+00:00,9888,269,1271,2.5,0,44.9,28.0,24.0,1001.4
2025-10-19T18:50:30.039000+00:00,9888,242,1271,1.3,0,45.1,28.0,23.0,1001.4
2025-10-19T18:51:30.040000+00:00,9888,261,1271,1.9,0,45.2,28.1,23.0,1001.3
2025-10-19T18:52:30.058000+00:00,9888,286,1271,2.6,0,45.2,28.1,22.0,1001.4
2025-10-19T18:53:30.045000+00:00,9888,267,1271,3.0,0,44.9,28.1,22.0,1001.3
2025-10-19T18:54:30.040000+00:00,9888,277,1271,3.6,0,44.9,28.0,22.0,1001.2
2025-10-19T18:55:30.042000+00:00,9888,259,1271,3.4,0,44.6,27.8,22.0,1001.3
2025-10-19T18:56:30.048000+00:00,9888,288,1271,3.6,0,44.6,27.7,23.0,1001.4
2025-10-19T18:57:30.042000+00:00,9888,287,1271,3.8,0,44.7,27.8,23.0,1001.3
2025-10-19T18:58:30.042000+00:00,9888,270,1271,3.8,0,44.6,27.8,23.0,1001.2
2025-10-19T18:59:30.042000+00:00,9888,259,1271,2.3,0,44.7,28.0,23.0,1001.3
2025-10-19T19:00:30.044000+00:00,9888,282,1271,1.6,0,45.0,28.0,23.0,1001.3
2025-10-19T19:01:30.054000+00:00,9888,261,1271,3.1,0,45.1,27.9,22.0,1001.2
2025-10-19T19:02:30.053000+00:00,9888,292,1271,1.8,0,44.9,27.9,22.0,1001.2
2025-10-19T19:03:30.054000+00:00,9888,304,1271,1.4,0,45.0,28.0,22.0,1001.2
2025-10-19T19:04:30.055000+00:00,9888,232,1271,1.5,0,45.1,28.2,22.0,1001.2
2025-10-19T19:05:30.054000+00:00,9888,316,1271,2.0,0,45.6,28.2,22.0,1001.1
2025-10-19T19:06:30.056000+00:00,9888,105,1271,1.2,0,45.1,28.1,21.0,1001.1
2025-10-19T19:07:30.055000+00:00,9888,277,1271,1.9,0,45.1,28.1,22.0,1001.1
2025-10-19T19:08:30.056000+00:00,9888,80,1271,1.0,0,45.5,28.3,22.0,1001.1
2025-10-19T19:09:30.057000+00:00,9888,192,1271,1.2,0,45.5,28.4,21.0,1001.2
2025-10-19T19:10:30.057000+00:00,9888,263,1271,1.8,0,45.4,28.5,21.0,1001.1
2025-10-19T19:11:30.057000+00:00,9888,212,1271,1.4,0,45.8,28.6,22.0,1001.1
2025-10-19T19:12:30.056000+00:00,9888,244,1271,1.9,0,45.9,28.7,21.0,1001.0
2025-10-19T19:13:30.056000+00:00,9888,13,1271,1.1,0,45.9,28.6,21.0,1001.2
2025-10-19T19:14:30.056000+00:00,9888,288,1271,0.6,0,45.9,28.8,21.0,1001.1
2025-10-19T19:15:30.063000+00:00,9888,283,1271,2.8,0,45.5,28.8,22.0,1001.0
2025-10-19T19:16:30.057000+00:00,9888,218,1271,1.3,0,45.5,28.7,22.0,1001.1
2025-10-19T19:17:30.071000+00:00,9888,286,1271,1.6,0,45.9,28.7,21.0,1001.2
2025-10-19T19:18:30.057000+00:00,9888,259,1271,1.6,0,46.0,28.7,21.0,1001.1
2025-10-19T19:19:30.057000+00:00,9888,182,1271,2.1,0,46.0,28.6,20.0,1001.2
2025-10-19T19:20:30.058000+00:00,9888,262,1271,1.1,0,45.8,28.5,21.0,1001.1
2025-10-19T19:21:30.058000+00:00,9888,189,1271,1.2,0,46.0,28.5,21.0,1001.1
2025-10-19T19:22:30.058000+00:00,9888,203,1271,1.3,0,46.0,28.4,21.0,1001.2
2025-10-19T19:23:30.059000+00:00,9888,266,1271,1.0,0,46.0,28.5,21.0,1001.1
2025-10-19T19:24:30.058000+00:00,9888,200,1271,1.8,0,46.0,28.5,21.0,1001.1
2025-10-19T19:25:30.074000+00:00,9888,245,1271,2.0,0,46.2,28.6,21.0,1001.1
2025-10-19T19:26:30.070000+00:00,9888,280,1271,1.4,0,46.2,28.8,21.0,1000.9
2025-10-19T19:27:30.066000+00:00,9888,198,1271,1.4,0,46.3,28.8,21.0,1001.0
2025-10-19T19:28:30.070000+00:00,9888,280,1271,1.9,0,46.1,28.7,21.0,1001.0
2025-10-19T19:29:30.070000+00:00,9888,156,1271,1.3,0,46.1,28.8,21.0,1001.0
2025-10-19T19:30:30.073000+00:00,9888,293,1271,1.5,0,46.1,28.6,21.0,1000.9
2025-10-19T19:31:30.074000+00:00,9888,342,1271,2.0,0,45.9,28.7,20.0,1000.9
2025-10-19T19:32:30.063000+00:00,9888,258,1271,1.4,0,46.0,28.7,20.0,1000.9
2025-10-19T19:33:30.074000+00:00,9888,212,1271,1.6,0,46.0,28.6,20.0,1000.9
2025-10-19T19:34:30.074000+00:00,9888,6,1271,1.4,0,45.9,28.6,21.0,1000.9
2025-10-19T19:35:30.075000+00:00,9888,285,1271,0.7,0,45.8,28.7,21.0,1001.0
2025-10-19T19:36:30.075000+00:00,9888,265,1271,2.4,0,45.8,28.9,21.0,1000.9
2025-10-19T19:37:30.075000+00:00,9888,240,1271,2.8,0,45.8,28.9,21.0,1001.0
2025-10-19T19:38:30.075000+00:00,9888,43,1271,1.7,0,46.0,28.8,21.0,1000.9
2025-10-19T19:39:30.075000+00:00,9888,324,1271,0.8,0,46.1,28.8,21.0,1000.8
2025-10-19T19:40:30.076000+00:00,9888,270,1271,1.0,0,46.3,28.9,21.0,1000.9
2025-10-19T19:41:30.077000+00:00,9888,323,1271,1.6,0,46.3,28.9,21.0,1001.0
2025-10-19T19:42:30.076000+00:00,9888,274,1271,1.2,0,46.2,28.9,20.0,1000.9
2025-10-19T19:43:30.076000+00:00,9888,243,1271,1.5,0,46.1,28.9,20.0,1000.8
2025-10-19T19:44:30.077000+00:00,9888,264,1271,1.4,0,46.1,28.8,21.0,1000.8
2025-10-19T19:45:30.094000+00:00,9888,274,1271,2.7,0,45.9,28.9,20.0,1000.8
2025-10-19T19:46:30.077000+00:00,9888,259,1271,2.5,0,45.8,28.9,21.0,1000.7
2025-10-19T19:47:30.077000+00:00,9888,263,1271,3.3,0,45.8,28.9,21.0,1000.8
2025-10-19T19:48:30.078000+00:00,9888,261,1271,4.9,0,45.7,28.8,21.0,1000.7
2025-10-19T19:49:30.093000+00:00,9888,268,1271,4.8,0,45.6,28.7,21.0,1000.7
2025-10-19T19:50:30.088000+00:00,9888,297,1271,2.5,0,45.6,28.6,21.0,1000.7
2025-10-19T19:51:30.083000+00:00,9888,255,1271,2.6,0,45.5,28.6,21.0,1000.7
2025-10-19T19:52:30.082000+00:00,9888,299,1271,3.0,0,45.4,28.6,21.0,1000.8
2025-10-19T19:53:30.079000+00:00,9888,163,1271,2.3,0,45.4,28.5,21.0,1000.7
2025-10-19T19:54:30.087000+00:00,9888,189,1271,1.5,0,45.8,28.5,21.0,1000.6
2025-10-19T19:55:30.090000+00:00,9888,297,1271,1.0,0,45.8,28.6,21.0,1000.6
2025-10-19T19:56:30.096000+00:00,9888,343,1271,1.2,0,45.8,28.8,21.0,1000.7
2025-10-19T19:57:30.091000+00:00,9888,246,1271,1.4,0,45.9,28.9,21.0,1000.7
2025-10-19T19:58:30.087000+00:00,9888,295,1271,2.7,0,45.9,28.9,21.0,1000.7
2025-10-19T19:59:30.085000+00:00,9888,233,1271,2.0,0,45.7,28.8,21.0,1000.7
2025-10-19T20:00:30.086000+00:00,9888,203,1271,1.3,0,45.9,28.7,21.0,1000.7
2025-10-19T20:01:30.097000+00:00,9888,4,1271,1.2,0,45.9,28.6,21.0,1000.7
2025-10-19T20:02:30.094000+00:00,9888,257,1271,2.0,0,45.9,28.5,21.0,1000.6
2025-10-19T20:03:30.104000+00:00,9888,0,1271,1.1,0,45.7,28.6,21.0,1000.7
2025-10-19T20:04:30.099000+00:00,9888,251,1271,1.3,0,45.7,28.6,21.0,1000.6
2025-10-19T20:05:30.098000+00:00,9888,270,1271,1.0,0,45.8,28.9,21.0,1000.6
2025-10-19T20:06:30.098000+00:00,9888,250,1271,1.2,0,45.9,29.0,21.0,1000.6
2025-10-19T20:07:30.100000+00:00,9888,160,1271,1.9,0,45.8,29.1,20.0,1000.5
2025-10-19T20:08:30.102000+00:00,9888,269,1271,1.7,0,45.9,29.1,21.0,1000.6
2025-10-19T20:09:30.099000+00:00,9888,286,1271,2.4,0,45.5,29.0,21.0,1000.5
2025-10-19T20:10:30.130000+00:00,9888,241,1271,2.0,0,45.6,29.0,21.0,1000.6
2025-10-19T20:11:30.146000+00:00,9888,297,1271,1.4,0,45.8,28.9,20.0,1000.6
2025-10-19T20:12:30.143000+00:00,9888,277,1271,1.6,0,45.6,29.0,20.0,1000.6
2025-10-19T20:13:30.184000+00:00,9888,283,1271,1.0,0,45.7,29.1,20.0,1000.6
2025-10-19T20:14:30.200000+00:00,9888,267,1271,1.3,0,45.8,29.3,20.0,1000.5
2025-10-19T20:15:30.204000+00:00,9888,261,1271,3.2,0,45.6,29.2,20.0,1000.6
2025-10-19T20:16:30.213000+00:00,9888,248,1271,3.0,0,45.3,29.1,21.0,1000.5
2025-10-19T20:17:30.230000+00:00,9888,262,1271,2.0,0,45.3,29.1,21.0,1000.6
2025-10-19T20:18:30.231000+00:00,9888,56,1271,1.5,0,45.4,29.1,21.0,1000.7
2025-10-19T20:19:30.230000+00:00,9888,269,1271,1.0,0,45.7,29.0,21.0,1000.6
2025-10-19T20:20:30.231000+00:00,9888,163,1271,1.4,0,45.7,29.0,21.0,1000.4
2025-10-19T20:21:30.236000+00:00,9888,294,1271,1.8,0,45.5,29.0,21.0,1000.6
2025-10-19T20:22:30.231000+00:00,9888,272,1271,2.0,0,45.3,29.0,21.0,1000.5
2025-10-19T20:23:30.233000+00:00,9888,258,1271,1.2,0,45.3,29.0,21.0,1000.5
2025-10-19T20:24:30.246000+00:00,9888,132,1271,1.3,0,45.6,29.0,21.0,1000.5
2025-10-19T20:25:30.232000+00:00,9888,147,1271,0.7,0,45.6,29.0,21.0,1000.5
2025-10-19T20:26:30.233000+00:00,9888,147,1271,0.7,0,45.6,29.0,21.0,1000.5
2025-10-19T20:27:30.254000+00:00,9888,147,1271,0.7,0,45.6,29.2,21.0,1000.5
2025-10-19T20:28:30.235000+00:00,9888,154,1271,0.9,0,45.7,29.3,21.0,1000.5
2025-10-19T20:29:30.246000+00:00,9888,258,1271,1.4,0,45.8,29.3,21.0,1000.6
2025-10-19T20:30:30.245000+00:00,9888,244,1271,1.7,0,45.7,29.1,21.0,1000.5
2025-10-19T20:31:30.247000+00:00,9888,258,1271,1.2,0,45.7,29.1,21.0,1000.5
2025-10-19T20:32:30.247000+00:00,9888,182,1271,1.0,0,45.6,29.2,21.0,1000.6
2025-10-19T20:33:30.246000+00:00,9888,285,1271,1.7,0,45.6,29.2,20.0,1000.6
2025-10-19T20:34:30.246000+00:00,9888,255,1271,2.8,0,45.3,29.2,20.0,1000.6
2025-10-19T20:35:30.262000+00:00,9888,265,1271,3.4,0,44.8,29.2,21.0,1000.6
2025-10-19T20:36:30.274000+00:00,9888,252,1271,3.3,0,44.8,29.1,21.0,1000.5
2025-10-19T20:37:30.298000+00:00,9888,252,1271,2.5,0,45.0,29.0,21.0,1000.5
2025-10-19T20:38:30.296000+00:00,9888,185,1271,2.0,0,44.9,29.0,21.0,1000.5
2025-10-19T20:39:30.298000+00:00,9888,251,1271,1.6,0,44.9,29.1,21.0,1000.5
2025-10-19T20:40:30.297000+00:00,9888,159,1271,1.6,0,45.0,29.0,21.0,1000.6
2025-10-26T19:06:27.287000+00:00,9877,288,1272,2.3,0,51.4,25.5,26.0,781.8
2025-10-26T19:07:27.279000+00:00,9877,303,1272,1.8,0,51.4,25.6,26.0,781.8
2025-10-26T19:08:27.282000+00:00,9877,0,1272,1.0,0,51.6,25.5,26.0,781.8
2025-10-26T19:09:27.281000+00:00,9877,22,1272,0.4,0,51.8,25.5,25.0,781.7
2025-10-26T19:10:27.281000+00:00,9877,135,1272,1.0,0,52.1,25.5,25.0,781.8
2025-10-26T19:11:27.281000+00:00,9877,162,1272,2.2,0,52.1,25.6,25.0,781.8
2025-10-26T19:12:27.278000+00:00,9877,117,1272,2.3,0,52.3,25.6,25.0,781.7
2025-10-26T19:13:27.282000+00:00,9877,120,1272,2.5,0,52.8,25.5,25.0,781.7
2025-10-26T19:14:27.286000+00:00,9877,131,1272,1.3,0,53.1,25.5,25.0,781.6
2025-10-26T19:15:27.282000+00:00,9877,113,1272,2.8,0,53.1,25.4,25.0,781.6
2025-10-26T19:16:27.284000+00:00,9877,132,1272,1.6,0,53.1,25.4,25.0,781.7
2025-10-26T19:17:27.284000+00:00,9877,148,1272,1.3,0,53.1,25.4,25.0,781.6
2025-10-26T19:18:27.287000+00:00,9877,291,1272,2.3,0,53.2,25.4,25.0,781.5
2025-10-26T19:19:27.286000+00:00,9877,317,1272,1.8,0,53.1,25.5,24.0,781.6
2025-10-26T19:20:27.296000+00:00,9877,216,1272,2.0,0,53.1,25.6,24.0,781.6
2025-10-26T19:21:27.295000+00:00,9877,287,1272,1.4,0,53.1,25.6,24.0,781.6
2025-10-26T19:22:27.284000+00:00,9877,337,1272,1.4,0,52.8,25.7,24.0,781.6
2025-10-26T19:23:27.288000+00:00,9877,310,1272,0.8,0,52.8,25.8,24.0,781.5
2025-10-26T19:24:27.293000+00:00,9877,244,1272,0.6,0,52.8,25.6,24.0,781.6
2025-10-26T19:25:27.287000+00:00,9877,238,1272,1.4,0,53.1,25.6,24.0,781.5
2025-10-26T19:26:27.299000+00:00,9877,226,1272,1.6,0,53.1,25.6,25.0,781.5
2025-10-26T19:27:27.298000+00:00,9877,0,1272,1.3,0,52.6,25.8,25.0,781.4
2025-10-26T19:28:27.294000+00:00,9877,149,1272,1.5,0,53.1,25.9,24.0,781.4
2025-10-26T19:29:27.292000+00:00,9877,141,1272,1.3,0,52.5,26.0,24.0,781.4
2025-10-26T19:30:27.299000+00:00,9877,144,1272,1.8,0,52.5,26.0,25.0,781.4
2025-10-26T19:31:27.301000+00:00,9877,43,1272,1.1,0,52.7,25.9,25.0,781.3
2025-10-26T19:32:27.334000+00:00,9877,219,1272,1.4,0,52.7,25.9,25.0,781.4
2025-10-26T19:33:27.301000+00:00,9877,330,1272,1.6,0,52.9,25.9,25.0,781.4
2025-10-26T19:34:27.300000+00:00,9877,302,1272,1.7,0,53.0,25.8,25.0,781.4
2025-10-26T19:35:27.300000+00:00,9877,300,1272,2.1,0,53.0,25.8,24.0,781.3
2025-10-26T19:36:27.302000+00:00,9877,279,1272,1.8,0,53.0,25.9,24.0,781.4
2025-10-26T19:37:27.317000+00:00,9877,318,1272,1.0,0,52.6,25.8,25.0,781.4
2025-10-26T19:38:27.305000+00:00,9877,228,1272,0.9,0,52.8,25.9,24.0,781.4
2025-10-26T19:39:27.302000+00:00,9877,270,1272,1.6,0,52.8,26.0,24.0,781.3
2025-10-26T19:40:27.302000+00:00,9877,293,1272,1.1,0,52.7,25.8,24.0,781.3
2025-10-26T19:41:27.302000+00:00,9877,293,1272,2.2,0,52.4,25.9,24.0,781.3
2025-10-26T19:42:27.308000+00:00,9877,268,1272,2.6,0,52.4,25.9,25.0,781.2
2025-10-26T19:43:27.299000+00:00,9877,259,1272,2.2,0,52.5,26.0,26.0,781.3
2025-10-26T19:44:27.307000+00:00,9877,250,1272,2.4,0,52.6,25.9,26.0,781.1
2025-10-26T19:45:27.307000+00:00,9877,246,1272,1.8,0,53.0,25.9,26.0,781.3
2025-10-26T19:46:27.305000+00:00,9877,142,1272,1.9,0,53.0,25.8,25.0,781.2
2025-10-26T19:47:27.311000+00:00,9877,193,1272,1.6,0,52.8,25.6,25.0,781.2
2025-10-26T19:48:27.306000+00:00,9877,170,1272,2.7,0,52.8,25.6,24.0,781.2
2025-10-26T19:49:27.320000+00:00,9877,230,1272,1.3,0,52.9,25.6,25.0,781.2
2025-10-26T19:50:27.305000+00:00,9877,121,1272,0.0,0,53.1,25.6,25.0,781.2
2025-10-26T19:51:27.316000+00:00,9877,162,1272,1.6,0,52.8,25.7,25.0,781.1
2025-10-26T19:52:27.306000+00:00,9877,39,1272,2.5,0,52.7,25.8,25.0,781.1
2025-10-26T19:53:27.318000+00:00,9877,308,1272,1.2,0,52.8,25.9,26.0,781.1
2025-10-26T19:54:27.307000+00:00,9877,207,1272,2.3,0,53.1,26.0,25.0,781.1
2025-10-26T19:55:27.307000+00:00,9877,224,1272,2.7,0,52.9,26.1,25.0,781.0
2025-10-26T19:56:27.309000+00:00,9877,228,1272,2.3,0,52.8,26.1,25.0,781.0
2025-10-26T19:57:27.325000+00:00,9877,129,1272,3.4,0,52.6,26.2,25.0,781.1
2025-10-26T19:58:27.315000+00:00,9877,256,1272,2.4,0,52.5,26.1,26.0,781.1
2025-10-26T19:59:27.322000+00:00,9877,265,1272,1.0,0,52.2,26.3,26.0,781.2
2025-10-26T20:00:27.324000+00:00,9877,274,1272,1.4,0,52.3,26.2,25.0,781.0
2025-10-26T20:01:27.324000+00:00,9877,283,1272,2.3,0,52.2,26.2,25.0,781.1
2025-10-26T20:02:27.322000+00:00,9877,212,1272,1.6,0,52.1,26.2,25.0,781.0
2025-10-26T20:03:27.327000+00:00,9877,168,1272,1.3,0,52.0,26.3,25.0,781.0
2025-10-26T20:04:27.319000+00:00,9877,243,1272,2.3,0,51.9,26.3,26.0,781.0
2025-10-26T20:05:27.321000+00:00,9877,238,1272,1.0,0,52.0,26.1,26.0,781.0
2025-10-26T20:06:27.314000+00:00,9877,165,1272,1.7,0,52.0,26.2,25.0,780.9
2025-10-26T20:07:27.319000+00:00,9877,103,1272,1.9,0,52.1,26.3,26.0,781.0
2025-10-26T20:08:27.329000+00:00,9877,108,1272,1.8,0,52.7,26.4,25.0,780.8
2025-10-26T20:09:27.330000+00:00,9877,299,1272,1.7,0,52.6,26.4,25.0,781.0
2025-10-26T20:10:27.328000+00:00,9877,237,1272,1.8,0,52.2,26.4,24.0,780.9
2025-10-26T20:11:27.336000+00:00,9877,278,1272,1.9,0,52.2,26.4,25.0,780.9
2025-10-26T20:12:27.333000+00:00,9877,267,1272,1.5,0,52.0,26.4,24.0,780.9
2025-10-26T20:13:27.328000+00:00,9877,258,1272,2.7,0,51.9,26.4,25.0,780.9
2025-10-26T20:14:27.330000+00:00,9877,273,1272,3.1,0,51.8,26.4,24.0,780.9
2025-10-26T20:15:27.335000+00:00,9877,297,1272,1.9,0,51.7,26.5,24.0,780.8
2025-10-26T20:16:27.332000+00:00,9877,297,1272,1.9,0,51.7,26.5,24.0,780.8
2025-10-26T20:17:27.333000+00:00,9877,297,1272,1.9,0,51.7,26.6,24.0,780.8
2025-10-26T20:18:27.334000+00:00,9877,289,1272,2.6,0,51.1,26.6,24.0,780.8
2025-10-26T20:19:27.332000+00:00,9877,273,1272,1.6,0,51.5,26.8,24.0,780.8
2025-10-26T20:20:27.340000+00:00,9877,268,1272,2.4,0,51.4,26.8,24.0,780.8
2025-10-26T20:21:27.342000+00:00,9877,274,1272,3.0,0,51.3,26.6,24.0,780.9
2025-10-26T20:22:27.331000+00:00,9877,275,1272,1.8,0,51.4,26.6,24.0,780.9
2025-10-26T20:23:27.325000+00:00,9877,300,1272,1.4,0,51.4,26.6,24.0,780.7
2025-10-26T20:24:27.336000+00:00,9877,256,1272,1.7,0,51.3,26.8,24.0,780.8
2025-10-26T20:25:27.326000+00:00,9877,237,1272,2.7,0,51.4,26.8,24.0,780.7
2025-10-26T20:26:27.342000+00:00,9877,249,1272,1.7,0,51.5,26.6,24.0,780.8
2025-10-26T20:27:27.335000+00:00,9877,248,1272,3.6,0,51.5,26.6,23.0,780.8
2025-10-26T20:28:27.345000+00:00,9877,249,1272,2.2,0,51.4,26.8,24.0,780.9
2025-10-26T20:29:27.340000+00:00,9877,263,1272,2.1,0,51.4,26.8,24.0,780.9
2025-10-26T20:30:27.340000+00:00,9877,285,1272,3.6,0,51.3,26.9,24.0,780.9
2025-10-26T20:31:27.336000+00:00,9877,242,1272,1.8,0,50.7,26.8,24.0,780.8
2025-10-26T20:32:27.345000+00:00,9877,286,1272,1.4,0,50.4,26.7,24.0,780.8
2025-10-26T20:33:27.348000+00:00,9877,298,1272,1.0,0,50.4,26.7,23.0,780.8
2025-10-26T20:34:27.391000+00:00,9877,292,1272,0.6,0,50.3,26.7,24.0,780.7
2025-10-26T20:35:27.377000+00:00,9877,199,1272,1.4,0,50.4,26.6,24.0,780.8
2025-10-26T20:36:27.360000+00:00,9877,180,1272,1.7,0,50.7,26.6,23.0,780.8
2025-10-26T20:37:27.382000+00:00,9877,248,1272,1.6,0,50.7,26.5,23.0,780.7
2025-10-26T20:38:27.379000+00:00,9877,296,1272,1.9,0,50.7,26.5,23.0,780.7
2025-10-26T20:39:27.381000+00:00,9877,145,1272,1.6,0,51.0,26.5,23.0,780.8
2025-10-26T20:40:27.388000+00:00,9877,151,1272,1.5,0,51.0,26.5,23.0,780.7
2025-10-26T20:41:27.437000+00:00,9877,256,1272,1.8,0,50.6,26.6,23.0,780.7
2025-10-26T20:42:27.403000+00:00,9877,279,1272,2.6,0,50.6,26.6,23.0,780.6
2025-10-26T20:43:27.422000+00:00,9877,233,1272,2.9,0,50.7,26.6,23.0,780.6
2025-10-26T20:44:27.410000+00:00,9877,183,1272,3.2,0,50.7,26.5,23.0,780.7
2025-10-26T20:45:27.406000+00:00,9877,254,1272,1.7,0,50.3,26.4,23.0,780.6
2025-10-26T20:46:27.394000+00:00,9877,239,1272,1.5,0,50.3,26.5,23.0,780.5
2025-10-26T20:47:27.407000+00:00,9877,158,1272,1.1,0,50.6,26.6,23.0,780.5
2025-10-26T20:48:27.424000+00:00,9877,246,1272,2.2,0,50.8,26.7,22.0,780.6
2025-10-26T20:49:27.444000+00:00,9877,21,1272,0.7,0,50.6,27.0,22.0,780.7
2025-10-26T20:50:27.457000+00:00,9877,306,1272,1.4,0,50.5,26.9,21.0,780.6
2025-10-26T20:51:27.450000+00:00,9877,252,1272,1.6,0,50.4,26.8,21.0,780.5
2025-10-26T20:52:27.465000+00:00,9877,283,1272,2.1,0,50.4,26.6,21.0,780.5
2025-10-26T20:53:27.466000+00:00,9877,262,1272,2.1,0,50.6,26.8,21.0,780.5
2025-10-26T20:54:27.454000+00:00,9877,203,1272,2.1,0,50.6,26.8,21.0,780.6
2025-10-26T20:55:27.465000+00:00,9877,237,1272,2.3,0,50.4,26.8,20.0,780.6
2025-10-26T20:56:27.462000+00:00,9877,201,1272,2.7,0,49.9,26.6,21.0,780.6
2025-10-26T20:57:27.491000+00:00,9877,178,1272,1.7,0,49.6,26.5,21.0,780.6
2025-10-26T20:58:27.491000+00:00,9877,247,1272,1.1,0,50.2,26.5,21.0,780.6
2025-10-26T20:59:27.505000+00:00,9877,243,1272,1.7,0,50.1,26.5,21.0,780.5
2025-10-26T21:00:27.490000+00:00,9877,144,1272,1.2,0,49.7,26.6,21.0,780.5
2025-10-26T21:01:27.493000+00:00,9877,126,1272,1.5,0,49.6,26.8,20.0,780.6
2025-10-26T21:02:27.491000+00:00,9877,113,1272,1.1,0,49.4,26.9,20.0,780.5
2025-10-26T21:03:27.495000+00:00,9877,201,1272,0.6,0,49.3,27.0,20.0,780.5
2025-10-26T21:04:27.500000+00:00,9877,333,1272,0.6,0,49.1,27.0,21.0,780.5
2025-10-26T21:05:27.506000+00:00,9877,295,1272,1.6,0,49.1,26.9,21.0,780.5
2025-10-26T21:06:27.492000+00:00,9877,300,1272,1.1,0,49.1,26.8,21.0,780.5
2025-10-26T21:07:27.492000+00:00,9877,272,1272,2.5,0,49.1,26.8,22.0,780.5
2025-10-26T21:08:27.509000+00:00,9877,265,1272,2.3,0,49.1,27.0,22.0,780.5
2025-10-26T21:09:27.493000+00:00,9877,246,1272,2.9,0,48.9,27.1,21.0,780.5
2025-10-26T21:10:27.497000+00:00,9877,249,1272,2.1,0,48.3,27.1,21.0,780.5
2025-10-26T21:11:27.501000+00:00,9877,262,1272,3.2,0,48.1,27.1,22.0,780.5
2025-10-26T21:12:27.506000+00:00,9877,261,1272,2.1,0,48.1,27.1,22.0,780.5
2025-10-26T21:13:27.509000+00:00,9877,245,1272,3.9,0,48.1,27.1,21.0,780.5
2025-10-26T21:14:27.506000+00:00,9877,277,1272,3.2,0,48.0,27.1,22.0,780.5
2025-10-26T21:15:27.500000+00:00,9877,280,1272,2.7,0,47.9,27.0,22.0,780.6
2025-10-26T21:16:27.504000+00:00,9877,262,1272,3.0,0,47.8,26.9,22.0,780.5
2025-10-26T21:17:27.512000+00:00,9877,259,1272,2.2,0,47.8,26.9,22.0,780.5
2025-10-26T21:18:27.507000+00:00,9877,294,1272,2.0,0,48.0,26.9,22.0,780.5
2025-10-26T21:19:27.504000+00:00,9877,253,1272,2.0,0,48.0,26.9,22.0,780.5
2025-10-26T21:20:27.510000+00:00,9877,273,1272,2.2,0,47.8,26.8,22.0,780.5
2025-10-26T21:21:27.511000+00:00,9877,288,1272,1.5,0,47.9,26.8,22.0,780.4
2025-10-26T21:22:27.511000+00:00,9877,285,1272,2.5,0,47.5,26.8,22.0,780.5
2025-10-26T21:23:27.509000+00:00,9877,237,1272,1.6,0,47.5,26.8,22.0,780.6
2025-10-26T21:24:27.513000+00:00,9877,275,1272,0.9,0,47.7,26.9,22.0,780.5
2025-10-26T21:25:27.512000+00:00,9877,284,1272,2.6,0,47.7,27.0,22.0,780.4
2025-10-26T21:26:27.514000+00:00,9877,288,1272,3.3,0,47.6,27.1,22.0,780.4
2025-10-26T21:27:27.513000+00:00,9877,287,1272,3.4,0,47.4,27.1,22.0,780.5
2025-10-26T21:28:27.511000+00:00,9877,247,1272,1.4,0,46.9,27.0,22.0,780.5
2025-10-26T21:29:27.516000+00:00,9877,222,1272,1.4,0,47.0,27.0,22.0,780.4
2025-10-26T21:30:27.508000+00:00,9877,277,1272,2.1,0,47.1,27.0,21.0,780.4
2025-10-26T21:31:27.526000+00:00,9877,245,1272,1.2,0,47.1,26.9,20.0,780.4
2025-10-26T21:32:27.525000+00:00,9877,287,1272,1.2,0,46.8,27.0,21.0,780.4
2025-10-26T21:33:27.515000+00:00,9877,257,1272,1.4,0,46.7,27.0,21.0,780.5
2025-10-26T21:34:27.523000+00:00,9877,249,1272,3.0,0,46.7,27.1,21.0,780.5
2025-10-26T21:35:27.516000+00:00,9877,157,1272,1.5,0,46.7,27.0,20.0,780.4
2025-10-26T21:36:27.540000+00:00,9877,146,1272,2.3,0,46.7,26.9,20.0,780.4
2025-10-26T21:37:27.556000+00:00,9877,264,1272,1.0,0,46.5,26.9,20.0,780.3
2025-10-26T21:38:27.567000+00:00,9877,117,1272,1.5,0,46.5,26.9,20.0,780.4
2025-10-26T21:39:27.579000+00:00,9877,174,1272,1.7,0,46.1,26.8,20.0,780.4
2025-10-26T21:40:27.559000+00:00,9877,237,1272,2.0,0,45.8,26.8,21.0,780.4
2025-10-26T21:41:27.566000+00:00,9877,308,1272,1.6,0,45.8,26.8,21.0,780.5
2025-10-26T21:42:27.617000+00:00,9877,147,1272,1.0,0,45.7,26.9,21.0,780.4
2025-10-26T21:43:27.584000+00:00,9877,264,1272,1.2,0,45.7,26.9,20.0,780.3
2025-10-26T21:44:27.569000+00:00,9877,247,1272,2.2,0,45.7,26.9,20.0,780.4
2025-10-26T21:45:27.583000+00:00,9877,245,1272,2.4,0,45.7,26.9,20.0,780.4
2025-10-26T21:46:27.585000+00:00,9877,285,1272,0.8,0,45.7,27.0,21.0,780.4
2025-10-26T21:47:27.620000+00:00,9877,284,1272,1.4,0,45.8,27.0,20.0,780.3
2025-11-08T13:15:08.164000+00:00,9864,359,1273,1.5,0,25.5,22.5,75.0,919.0
2025-11-08T13:16:08.171000+00:00,9864,83,1273,1.4,0,24.9,22.5,76.0,919.1
2025-11-08T13:17:08.178000+00:00,9864,62,1273,1.5,0,24.9,22.5,76.0,919.0
2025-11-08T13:18:08.184000+00:00,9864,12,1273,2.0,0,24.9,22.5,75.0,919.1
2025-11-08T13:19:08.190000+00:00,9864,28,1273,2.2,0,24.7,22.5,75.0,919.2
2025-11-08T13:20:08.208000+00:00,9864,69,1273,2.1,0,24.7,22.5,76.0,919.3
2025-11-08T13:21:08.210000+00:00,9864,0,1273,1.3,0,24.7,22.4,76.0,919.3
2025-11-08T13:22:08.215000+00:00,9864,318,1273,0.9,1,24.7,22.4,76.0,919.3
2025-11-08T13:23:08.222000+00:00,9864,44,1273,0.7,0,24.7,22.4,76.0,919.2
2025-11-08T13:24:08.225000+00:00,9864,85,1273,1.7,0,24.6,22.4,76.0,919.3
2025-11-08T13:25:08.252000+00:00,9864,349,1273,1.3,0,24.6,22.4,76.0,919.2
2025-11-08T13:26:08.242000+00:00,9864,60,1273,1.5,0,24.8,22.4,76.0,919.3
2025-11-08T13:27:08.242000+00:00,9864,66,1273,1.0,0,24.8,22.4,76.0,919.2
2025-11-08T13:28:08.259000+00:00,9864,39,1273,3.2,0,24.7,22.4,76.0,919.3
2025-11-08T13:29:08.263000+00:00,9864,65,1273,3.1,0,24.4,22.4,76.0,919.2
2025-11-08T13:30:08.279000+00:00,9864,42,1273,2.5,0,24.5,22.4,76.0,919.3
2025-11-08T13:31:08.281000+00:00,9864,25,1273,1.2,0,24.5,22.4,76.0,919.3
2025-11-08T13:32:08.283000+00:00,9864,57,1273,2.4,0,24.5,22.4,77.0,919.2
2025-11-08T13:33:08.305000+00:00,9864,30,1273,1.9,0,24.5,22.4,76.0,919.2
2025-11-08T13:34:08.310000+00:00,9864,21,1273,2.0,0,24.5,22.4,76.0,919.1
2025-11-08T13:35:08.322000+00:00,9864,41,1273,3.1,0,24.6,22.4,76.0,919.1
2025-11-08T13:36:08.320000+00:00,9864,49,1273,2.5,0,24.6,22.4,76.0,919.1
2025-11-08T13:37:08.315000+00:00,9864,18,1273,1.6,0,24.7,22.4,76.0,919.1
2025-11-08T13:38:08.324000+00:00,9864,19,1273,1.6,0,24.7,22.4,76.0,919.0
2025-11-08T13:39:08.323000+00:00,9864,50,1273,1.2,0,25.0,22.4,75.0,919.0
2025-11-08T13:40:08.310000+00:00,9864,27,1273,2.4,0,25.1,22.4,76.0,919.2
2025-11-08T13:41:08.317000+00:00,9864,11,1273,2.5,0,25.1,22.5,76.0,919.1
2025-11-08T13:42:08.322000+00:00,9864,48,1273,1.7,0,25.3,22.5,76.0,919.2
2025-11-08T13:43:08.326000+00:00,9864,16,1273,2.5,0,25.9,22.5,75.0,919.1
2025-11-08T13:44:08.330000+00:00,9864,37,1273,1.7,0,25.9,22.5,75.0,919.2
2025-11-08T13:45:08.315000+00:00,9864,16,1273,3.3,0,25.7,22.6,75.0,919.1
2025-11-08T13:46:08.323000+00:00,9864,32,1273,2.8,0,25.7,22.6,75.0,919.1
2025-11-08T13:47:08.324000+00:00,9864,30,1273,3.0,0,25.6,22.6,75.0,919.3
2025-11-08T13:48:08.328000+00:00,9864,31,1273,3.1,0,25.4,22.6,75.0,919.2
2025-11-08T13:49:08.322000+00:00,9864,61,1273,3.4,0,25.4,22.6,75.0,919.2
2025-11-08T13:50:08.328000+00:00,9864,37,1273,2.6,0,25.4,22.6,75.0,919.3
2025-11-08T13:51:08.332000+00:00,9864,28,1273,2.1,0,25.4,22.6,75.0,919.3
2025-11-08T13:52:08.333000+00:00,9864,101,1273,2.0,0,25.3,22.6,75.0,919.3
2025-11-08T13:53:08.326000+00:00,9864,74,1273,2.2,0,25.2,22.6,75.0,919.0
2025-11-08T13:54:08.334000+00:00,9864,14,1273,2.5,0,25.2,22.6,75.0,919.3
2025-11-08T13:55:08.326000+00:00,9864,41,1273,1.3,0,25.1,22.6,75.0,919.4
2025-11-08T13:56:08.333000+00:00,9864,50,1273,1.4,0,25.1,22.6,75.0,919.3
2025-11-08T13:57:08.334000+00:00,9864,28,1273,1.7,0,25.1,22.5,75.0,919.3
2025-11-08T13:58:08.326000+00:00,9864,56,1273,3.0,0,25.1,22.5,75.0,919.3
2025-11-08T13:59:08.328000+00:00,9864,35,1273,2.1,0,25.2,22.5,75.0,919.3
2025-11-08T14:00:08.330000+00:00,9864,65,1273,2.2,0,25.3,22.6,75.0,919.3
2025-11-08T14:01:08.334000+00:00,9864,83,1273,1.3,0,25.4,22.6,75.0,919.4
2025-11-08T14:02:08.337000+00:00,9864,356,1273,1.8,0,25.9,22.7,75.0,919.4
2025-11-08T14:03:08.340000+00:00,9864,123,1273,0.8,0,26.1,22.7,75.0,919.6
2025-11-08T14:04:08.347000+00:00,9864,315,1273,2.8,0,25.9,22.8,75.0,919.5
2025-11-08T14:05:08.336000+00:00,9864,27,1273,1.7,0,25.9,22.9,74.0,919.6
2025-11-08T14:06:08.335000+00:00,9864,1,1273,3.7,0,25.5,22.8,74.0,919.6
2025-11-08T14:07:08.335000+00:00,9864,46,1273,3.7,0,25.5,22.8,74.0,919.6
2025-11-08T14:08:08.341000+00:00,9864,343,1273,4.3,0,25.5,22.8,75.0,919.6
2025-11-08T14:09:08.344000+00:00,9864,55,1273,1.9,0,25.6,22.8,74.0,919.7
2025-11-08T14:10:08.346000+00:00,9864,61,1273,1.5,0,26.0,22.9,74.0,919.5
2025-11-08T14:11:08.348000+00:00,9864,29,1273,1.3,0,26.5,22.9,74.0,919.6
2025-11-08T14:12:08.406000+00:00,9864,40,1273,2.2,0,26.7,23.0,73.0,919.5
2025-11-08T14:13:08.357000+00:00,9864,33,1273,2.9,0,26.7,23.0,73.0,919.5
2025-11-08T14:14:08.378000+00:00,9864,59,1273,2.7,0,26.8,23.0,73.0,919.6
2025-11-08T14:15:08.393000+00:00,9864,13,1273,2.3,0,26.9,23.0,72.0,919.5
2025-11-08T14:16:08.412000+00:00,9864,0,1273,1.6,0,27.3,23.1,73.0,919.6
2025-11-08T14:17:08.408000+00:00,9864,36,1273,0.9,0,27.9,23.2,72.0,919.6
2025-11-08T14:18:08.434000+00:00,9864,122,1273,1.5,0,28.0,23.3,71.0,919.5
2025-11-08T14:19:08.427000+00:00,9864,91,1273,1.3,0,28.1,23.3,70.0,919.5
2025-11-08T14:20:08.427000+00:00,9864,17,1273,1.7,0,28.1,23.4,70.0,919.5
2025-11-08T14:21:08.442000+00:00,9864,6,1273,1.6,0,28.0,23.4,71.0,919.5
2025-11-08T14:22:08.458000+00:00,9864,9,1273,1.1,0,28.1,23.4,70.0,919.5
2025-11-08T14:23:08.465000+00:00,9864,20,1273,1.5,0,28.4,23.4,69.0,919.4
2025-11-08T14:24:08.469000+00:00,9864,33,1273,2.9,0,28.0,23.5,69.0,919.4
2025-11-08T14:25:08.468000+00:00,9864,15,1273,2.2,0,28.0,23.4,71.0,919.4
2025-11-08T14:26:08.475000+00:00,9864,49,1273,2.0,0,28.0,23.4,70.0,919.2
2025-11-08T14:27:08.468000+00:00,9864,23,1273,2.3,0,28.2,23.4,70.0,919.2
2025-11-08T14:28:08.501000+00:00,9864,46,1273,2.7,0,28.3,23.4,70.0,919.2
2025-11-08T14:29:08.498000+00:00,9864,48,1273,2.4,0,28.3,23.5,70.0,919.3
2025-11-08T14:30:08.514000+00:00,9864,45,1273,2.2,0,28.5,23.4,69.0,919.2
2025-11-08T14:31:08.524000+00:00,9864,48,1273,2.2,0,28.6,23.5,70.0,919.2
2025-11-08T14:32:08.526000+00:00,9864,40,1273,1.6,0,28.7,23.5,69.0,919.3
2025-11-08T14:33:08.532000+00:00,9864,18,1273,4.0,0,28.7,23.5,69.0,919.2
2025-11-08T14:34:08.525000+00:00,9864,34,1273,2.2,0,28.9,23.5,70.0,919.2
2025-11-08T14:35:08.533000+00:00,9864,66,1273,1.0,0,29.2,23.5,69.0,919.2
2025-11-08T14:36:08.541000+00:00,9864,79,1273,2.0,0,29.3,23.6,69.0,919.3
2025-11-08T14:37:08.534000+00:00,9864,91,1273,1.3,0,29.7,23.6,68.0,919.2
2025-11-08T14:38:08.530000+00:00,9864,69,1273,2.1,0,29.8,23.6,67.0,919.2
2025-11-08T14:39:08.528000+00:00,9864,28,1273,1.1,0,29.8,23.6,68.0,919.1
2025-11-08T14:40:08.531000+00:00,9864,46,1273,3.2,0,29.5,23.5,66.0,919.1
2025-11-08T14:41:08.529000+00:00,9864,55,1273,3.6,0,29.4,23.5,67.0,919.1
2025-11-08T14:42:08.553000+00:00,9864,60,1273,1.8,0,29.2,23.5,68.0,919.1
2025-11-08T14:43:08.569000+00:00,9864,6,1273,2.4,0,29.2,23.4,67.0,919.0
2025-11-08T14:44:08.582000+00:00,9864,27,1273,2.4,0,29.3,23.5,67.0,919.1
2025-11-08T14:45:08.600000+00:00,9864,46,1273,2.1,0,29.0,23.4,67.0,919.0
2025-11-08T14:46:08.604000+00:00,9864,43,1273,1.1,0,28.7,23.4,67.0,918.9
2025-11-08T14:47:08.618000+00:00,9864,18,1273,2.2,0,28.8,23.5,67.0,919.1
2025-11-08T14:48:08.631000+00:00,9864,31,1273,3.3,0,28.7,23.5,67.0,919.1
2025-11-08T14:49:08.638000+00:00,9864,95,1273,2.7,0,28.7,23.4,67.0,919.1
2025-11-08T14:50:08.620000+00:00,9864,47,1273,1.7,0,28.7,23.4,68.0,919.1
2025-11-08T14:51:08.620000+00:00,9864,32,1273,2.0,0,28.9,23.4,68.0,919.0
2025-11-08T14:52:08.620000+00:00,9864,30,1273,1.9,0,29.2,23.4,67.0,919.0
2025-11-08T14:53:08.624000+00:00,9864,59,1273,2.7,0,29.2,23.4,67.0,918.9
2025-11-08T14:54:08.621000+00:00,9864,25,1273,1.6,0,29.4,23.5,67.0,919.0
2025-11-08T14:55:08.621000+00:00,9864,355,1273,1.8,0,29.5,23.5,67.0,919.0
2025-11-08T14:56:08.619000+00:00,9864,26,1273,3.3,0,29.4,23.5,67.0,919.0
2025-11-08T14:57:08.624000+00:00,9864,46,1273,2.3,0,29.2,23.5,67.0,919.1
2025-11-08T14:58:08.623000+00:00,9864,16,1273,2.7,0,29.2,23.5,67.0,919.1
2025-11-07T18:17:03.692000+00:00,9860,0,1273,1.2,0,43.7,19.4,72.0,920.6
2025-11-07T18:18:03.684000+00:00,9860,140,1273,0.5,0,43.6,19.3,71.0,920.6
2025-11-07T18:19:03.684000+00:00,9860,187,1273,1.0,0,43.5,19.3,71.0,920.6
2025-11-07T18:20:03.687000+00:00,9860,175,1273,1.4,0,43.3,19.3,71.0,920.6
2025-11-07T18:21:03.686000+00:00,9860,141,1273,1.3,0,43.3,19.3,71.0,920.6
2025-11-07T18:22:03.689000+00:00,9860,127,1273,0.5,0,43.3,19.3,72.0,920.5
2025-11-07T18:23:03.685000+00:00,9860,158,1273,1.1,0,43.5,19.2,71.0,920.6
2025-11-07T18:24:03.695000+00:00,9860,157,1273,1.4,0,43.5,19.1,72.0,920.5
2025-11-07T18:25:03.685000+00:00,9860,230,1273,1.7,0,43.4,19.1,72.0,920.5
2025-11-07T18:26:03.686000+00:00,9860,140,1273,1.1,0,43.2,19.2,72.0,920.6
2025-11-07T18:27:03.697000+00:00,9860,121,1273,1.2,0,42.8,19.2,73.0,920.6
2025-11-07T18:28:03.687000+00:00,9860,121,1273,1.2,0,42.8,19.3,73.0,920.6
2025-11-07T18:29:03.687000+00:00,9860,160,1273,1.8,0,42.3,19.3,73.0,920.5
2025-11-07T18:30:03.703000+00:00,9860,155,1273,2.0,0,41.7,19.3,74.0,920.4
2025-11-07T18:31:03.712000+00:00,9860,185,1273,1.4,0,41.3,19.1,74.0,920.4
2025-11-07T18:32:03.736000+00:00,9860,185,1273,1.4,0,41.3,19.0,74.0,920.4
2025-11-07T18:33:03.730000+00:00,9860,185,1273,1.4,0,41.3,19.0,74.0,920.4
2025-11-07T18:34:03.730000+00:00,9860,182,1273,1.0,0,40.2,18.9,72.0,920.3
2025-11-07T18:35:03.732000+00:00,9860,183,1273,1.2,0,39.6,19.0,71.0,920.5
2025-11-07T18:36:03.740000+00:00,9860,183,1273,1.2,0,39.6,19.0,71.0,920.5
2025-11-07T18:37:03.748000+00:00,9860,153,1273,1.6,0,39.0,19.1,72.0,920.4
2025-11-07T18:38:03.754000+00:00,9860,238,1273,0.9,0,39.0,19.1,72.0,920.4
2025-11-07T18:39:03.759000+00:00,9860,182,1273,0.7,0,38.9,19.3,71.0,920.4
2025-11-07T18:40:03.772000+00:00,9860,133,1273,1.3,0,38.5,19.2,72.0,920.4
2025-11-07T18:41:03.786000+00:00,9860,196,1273,1.7,0,37.9,19.2,73.0,920.2
2025-11-07T18:42:03.806000+00:00,9860,214,1273,1.2,0,37.4,19.2,72.0,920.2
2025-11-07T18:43:03.796000+00:00,9860,163,1273,1.6,0,37.0,19.2,72.0,920.2
2025-11-07T18:44:03.805000+00:00,9860,206,1273,1.2,0,36.9,19.1,73.0,920.3
2025-11-07T18:45:03.813000+00:00,9860,127,1273,0.8,0,36.9,19.0,73.0,920.2
2025-11-07T18:46:03.810000+00:00,9860,126,1273,1.0,0,36.6,18.9,72.0,920.2
2025-11-07T18:47:03.834000+00:00,9860,265,1273,1.0,0,36.5,19.0,72.0,920.3
2025-11-07T18:48:03.834000+00:00,9860,184,1273,0.8,0,36.5,19.0,72.0,920.2
2025-11-07T18:49:03.833000+00:00,9860,116,1273,0.7,0,36.5,19.0,72.0,920.2
2025-11-07T18:50:03.834000+00:00,9860,124,1273,0.7,0,35.4,19.0,72.0,920.2
2025-11-07T18:51:03.839000+00:00,9860,102,1273,1.1,0,35.5,19.0,72.0,920.1
2025-11-07T18:52:03.836000+00:00,9860,222,1273,0.6,0,35.6,19.0,72.0,920.2
2025-11-07T18:53:03.833000+00:00,9860,175,1273,0.8,0,35.5,19.1,72.0,920.2
2025-11-07T18:54:03.842000+00:00,9860,68,1273,1.0,0,35.3,19.1,71.0,920.2
2025-11-07T18:55:03.852000+00:00,9860,129,1273,1.0,0,35.1,19.0,73.0,920.2
2025-11-07T18:56:03.830000+00:00,9860,256,1273,1.3,0,35.1,18.9,73.0,920.1
2025-11-07T18:57:03.843000+00:00,9860,112,1273,1.0,0,35.2,18.8,72.0,920.2
2025-11-07T18:58:03.828000+00:00,9860,212,1273,1.1,0,35.2,18.8,73.0,920.3
2025-11-07T18:59:03.840000+00:00,9860,187,1273,1.6,0,35.1,18.9,72.0,920.2
2025-11-07T19:00:03.838000+00:00,9860,169,1273,1.8,0,34.7,18.9,73.0,920.2
2025-11-07T19:01:03.845000+00:00,9860,177,1273,1.6,0,34.3,18.8,74.0,920.1
2025-11-07T19:02:03.841000+00:00,9860,160,1273,2.2,0,34.3,18.6,75.0,920.2
2025-11-07T19:03:03.847000+00:00,9860,192,1273,1.0,0,34.3,18.5,74.0,920.3
2025-11-07T19:04:03.855000+00:00,9860,191,1273,1.3,0,34.9,18.5,74.0,920.2
2025-11-07T19:05:03.836000+00:00,9860,179,1273,1.5,0,34.9,18.5,74.0,920.2
2025-11-07T19:06:03.842000+00:00,9860,179,1273,1.3,0,34.4,18.5,74.0,920.1
2025-11-07T19:07:03.840000+00:00,9860,157,1273,1.5,0,34.3,18.6,74.0,920.1
2025-11-07T19:08:03.867000+00:00,9860,159,1273,1.9,0,34.2,18.6,75.0,920.2
2025-11-07T19:09:03.915000+00:00,9860,180,1273,1.2,0,34.3,18.6,76.0,920.3
2025-11-07T19:10:03.896000+00:00,9860,166,1273,1.1,0,34.3,18.5,75.0,920.2
2025-11-07T19:11:03.910000+00:00,9860,144,1273,1.5,0,34.2,18.5,76.0,920.2
2025-11-07T19:12:03.912000+00:00,9860,162,1273,1.5,0,34.2,18.4,75.0,920.2
2025-11-07T19:13:03.922000+00:00,9860,144,1273,1.3,0,34.4,18.3,75.0,920.2
2025-11-07T19:14:03.945000+00:00,9860,0,1273,0.9,0,34.0,18.2,75.0,920.1
2025-11-07T19:15:03.949000+00:00,9860,154,1273,0.8,0,33.6,18.1,76.0,920.1
2025-11-07T19:16:03.940000+00:00,9860,117,1273,1.3,0,33.5,18.0,76.0,920.1
2025-11-07T19:17:03.938000+00:00,9860,134,1273,1.4,0,33.6,17.9,77.0,920.2
2025-11-08T17:46:15.136000+00:00,9865,31,1273,1.6,0,48.5,26.1,54.0,918.3
2025-11-08T17:47:15.138000+00:00,9865,28,1273,2.8,0,47.1,26.1,54.0,918.3
2025-11-08T17:48:15.134000+00:00,9865,45,1273,3.5,0,46.6,26.0,55.0,918.3
2025-11-08T17:49:15.132000+00:00,9865,1,1273,3.6,0,45.3,25.9,57.0,918.2
2025-11-08T17:50:15.132000+00:00,9865,54,1273,3.1,0,44.7,25.9,57.0,918.2
2025-11-08T17:51:15.139000+00:00,9865,19,1273,2.2,0,44.3,25.8,58.0,918.3
2025-11-08T17:52:15.141000+00:00,9865,26,1273,2.1,0,44.3,25.9,57.0,918.3
2025-11-08T17:53:15.137000+00:00,9865,37,1273,2.8,0,45.2,26.1,57.0,918.4
2025-11-08T17:54:15.140000+00:00,9865,74,1273,2.3,0,45.0,26.2,57.0,918.3
2025-11-08T17:55:15.140000+00:00,9865,336,1273,1.5,0,44.1,26.2,56.0,918.4
2025-11-08T17:56:15.140000+00:00,9865,0,1273,0.7,0,43.5,26.0,56.0,918.4
2025-11-08T17:57:15.141000+00:00,9865,349,1273,2.0,0,43.3,26.0,56.0,918.3
2025-11-08T17:58:15.154000+00:00,9865,10,1273,1.8,0,44.0,25.8,56.0,918.4
2025-11-08T17:59:15.174000+00:00,9865,54,1273,1.8,0,44.2,25.8,56.0,918.4
2025-11-08T18:00:15.183000+00:00,9865,38,1273,1.2,0,44.1,25.9,56.0,918.3
2025-11-08T18:01:15.192000+00:00,9865,22,1273,1.3,0,43.7,26.0,56.0,918.3
2025-11-08T18:02:15.202000+00:00,9865,39,1273,2.2,0,43.2,25.9,56.0,918.3
2025-11-08T18:03:15.224000+00:00,9865,49,1273,2.3,0,42.4,25.8,56.0,918.4
2025-11-08T18:04:15.235000+00:00,9865,24,1273,1.3,0,42.2,25.8,57.0,918.3
2025-11-08T18:05:15.245000+00:00,9865,29,1273,1.3,0,42.2,25.9,57.0,918.3
2025-11-08T18:06:15.243000+00:00,9865,7,1273,1.3,0,42.5,26.0,56.0,918.3
2025-11-08T18:07:15.450000+00:00,9865,18,1273,0.8,0,42.4,26.0,55.0,918.3
2025-11-08T18:08:15.257000+00:00,9865,42,1273,1.5,0,42.5,26.0,54.0,918.3
2025-11-08T18:09:15.273000+00:00,9865,17,1273,3.0,0,43.3,26.1,56.0,918.3
2025-11-08T18:10:15.280000+00:00,9865,17,1273,1.8,0,42.7,26.0,55.0,918.3
2025-11-08T18:11:15.273000+00:00,9865,0,1273,1.9,0,42.3,26.1,54.0,918.2
2025-11-08T18:12:15.264000+00:00,9865,325,1273,1.0,0,41.8,26.1,54.0,918.2
2025-11-08T18:13:15.268000+00:00,9865,18,1273,1.4,0,41.7,26.2,54.0,918.3
2025-11-08T18:14:15.283000+00:00,9865,26,1273,2.4,0,41.5,26.3,54.0,918.3
2025-11-08T18:15:15.269000+00:00,9865,29,1273,2.9,0,41.3,26.2,55.0,918.3
2025-11-08T18:16:15.270000+00:00,9865,16,1273,2.5,0,41.3,26.1,56.0,918.3
2025-11-08T18:17:15.274000+00:00,9865,43,1273,1.9,0,41.3,26.1,56.0,918.4
2025-11-08T18:18:15.288000+00:00,9865,15,1273,1.0,0,41.2,26.1,57.0,918.4
2025-11-08T18:19:15.290000+00:00,9865,268,1273,0.8,0,40.9,26.0,56.0,918.4
2025-11-08T18:20:15.280000+00:00,9865,111,1273,0.8,0,41.7,26.0,55.0,918.4
2025-11-08T18:21:15.283000+00:00,9865,40,1273,1.9,0,41.7,26.0,56.0,918.4
2025-11-08T18:22:15.289000+00:00,9865,37,1273,1.8,0,41.1,26.0,57.0,918.4
2025-11-08T18:23:15.276000+00:00,9865,48,1273,1.4,0,40.2,26.0,57.0,918.4
2025-11-08T18:24:15.287000+00:00,9865,23,1273,2.5,0,40.1,25.9,58.0,918.4
2025-11-08T18:25:15.292000+00:00,9865,5,1273,2.7,0,40.1,25.9,58.0,918.5
2025-11-08T18:26:15.315000+00:00,9865,81,1273,1.9,0,39.7,25.9,59.0,918.4
2025-11-08T18:27:15.319000+00:00,9865,328,1273,0.9,0,39.5,25.9,59.0,918.5
2025-11-08T18:28:15.342000+00:00,9865,11,1273,0.9,0,39.3,25.8,58.0,918.4
2025-11-08T18:29:15.320000+00:00,9865,52,1273,3.0,0,38.8,25.7,59.0,918.4
2025-11-08T18:30:15.364000+00:00,9865,33,1273,2.4,0,39.0,25.6,59.0,918.5
2025-11-08T18:31:15.342000+00:00,9865,38,1273,2.6,0,38.6,25.6,60.0,918.5
2025-11-08T18:32:15.334000+00:00,9865,348,1273,2.1,0,38.1,25.5,60.0,918.5
2025-11-08T18:33:15.346000+00:00,9865,16,1273,2.1,0,38.1,25.5,60.0,918.6
2025-11-08T18:34:15.343000+00:00,9865,15,1273,1.6,0,38.1,25.5,61.0,918.5
2025-11-08T18:35:15.338000+00:00,9865,26,1273,1.4,0,38.1,25.4,60.0,918.4
2025-11-08T18:36:15.412000+00:00,9865,26,1273,1.8,0,38.1,25.5,60.0,918.5
2025-11-08T18:37:15.329000+00:00,9865,43,1273,2.4,0,37.8,25.4,60.0,918.5
2025-11-08T18:38:15.345000+00:00,9865,21,1273,1.8,0,37.7,25.4,60.0,918.4
2025-11-08T18:39:15.333000+00:00,9865,39,1273,1.3,0,37.7,25.6,60.0,918.4
2025-11-08T18:40:15.332000+00:00,9865,45,1273,0.7,0,38.4,25.8,58.0,918.5
2025-11-08T18:41:15.348000+00:00,9865,354,1273,0.4,0,38.5,25.9,58.0,918.4
2025-11-08T18:42:15.347000+00:00,9865,51,1273,0.9,0,38.0,26.0,58.0,918.4
2025-11-08T18:43:15.348000+00:00,9865,139,1273,0.6,0,38.2,26.0,57.0,918.3
2025-11-08T18:44:15.368000+00:00,9865,19,1273,0.8,0,38.3,26.0,57.0,918.3
2025-11-08T18:45:15.377000+00:00,9865,33,1273,1.0,0,38.3,26.1,56.0,918.4
2025-11-08T18:46:15.385000+00:00,9865,343,1273,0.5,0,38.2,26.1,57.0,918.3
2025-11-08T18:47:15.392000+00:00,9865,353,1273,1.0,0,38.0,26.1,56.0,918.4
2025-11-08T18:48:15.400000+00:00,9865,65,1273,0.9,0,38.1,26.2,56.0,918.2
2025-11-08T18:49:15.399000+00:00,9865,12,1273,1.5,0,38.1,26.3,55.0,918.3
2025-11-08T18:50:15.398000+00:00,9865,134,1273,0.5,0,37.7,26.3,56.0,918.3
2025-11-08T18:51:15.384000+00:00,9865,10,1273,0.8,0,37.2,26.2,56.0,918.3
2025-11-08T18:52:15.418000+00:00,9865,19,1273,1.0,0,37.4,26.2,55.0,918.4
2025-11-08T18:53:15.423000+00:00,9865,64,1273,0.7,0,37.3,26.2,55.0,918.3
2025-11-08T18:54:15.427000+00:00,9865,64,1273,0.9,0,37.3,26.2,56.0,918.4
2025-11-08T18:55:15.435000+00:00,9865,33,1273,0.4,0,37.3,26.2,55.0,918.4
2025-11-08T18:56:15.427000+00:00,9865,0,1273,0.9,0,37.4,26.2,55.0,918.4
2025-11-08T18:57:15.432000+00:00,9865,68,1273,0.8,0,37.1,26.2,55.0,918.3
2025-11-08T18:58:15.435000+00:00,9865,56,1273,1.2,0,37.0,26.1,55.0,918.4
2025-11-08T18:59:15.431000+00:00,9865,60,1273,0.8,0,36.6,26.1,55.0,918.4
2025-11-08T19:00:15.432000+00:00,9865,60,1273,0.5,0,36.4,26.1,55.0,918.3
2025-11-08T19:01:15.437000+00:00,9865,345,1273,0.8,0,36.6,26.1,55.0,918.3
2025-11-08T19:02:15.435000+00:00,9865,13,1273,1.1,0,36.1,26.1,54.0,918.4
2025-11-08T19:03:15.444000+00:00,9865,34,1273,0.6,0,36.1,26.0,55.0,918.5
2025-11-08T19:04:15.428000+00:00,9865,18,1273,0.7,0,36.3,26.1,55.0,918.5
2025-11-08T19:05:15.438000+00:00,9865,13,1273,0.8,0,36.4,26.1,54.0,918.5
2025-11-08T19:06:15.442000+00:00,9865,47,1273,1.2,0,36.3,26.1,54.0,918.5
2025-11-08T19:07:15.449000+00:00,9865,53,1273,1.5,0,36.3,26.1,54.0,918.4
2025-11-21T03:46:22.749000+00:00,9852,156,1274,0.5,1,17.2,13.9,57.0,940.2
2025-11-21T03:47:22.749000+00:00,9852,355,1274,0.7,1,16.9,13.9,57.0,940.2
2025-11-21T03:48:22.750000+00:00,9852,4,1274,1.0,0,16.8,13.9,57.0,940.3
2025-11-21T03:49:22.759000+00:00,9852,3,1274,1.9,0,16.8,13.9,57.0,940.2
2025-11-21T03:50:22.757000+00:00,9852,3,1274,2.4,0,16.7,13.8,57.0,940.3
2025-11-21T03:51:22.750000+00:00,9852,1,1274,1.9,1,16.6,13.8,58.0,940.3
2025-11-21T03:52:22.751000+00:00,9852,328,1274,2.0,1,16.5,13.8,57.0,940.3
2025-11-21T03:53:22.750000+00:00,9852,293,1274,0.9,1,16.6,13.7,58.0,940.3
2025-11-21T03:54:22.758000+00:00,9852,26,1274,0.5,1,16.7,13.7,58.0,940.3
2025-11-21T03:55:22.753000+00:00,9852,355,1274,1.4,1,16.7,13.7,58.0,940.3
2025-11-21T03:56:22.754000+00:00,9852,12,1274,1.6,1,16.7,13.7,58.0,940.3
2025-11-21T03:57:22.763000+00:00,9852,13,1274,1.4,1,16.7,13.7,58.0,940.2
2025-11-21T03:58:22.752000+00:00,9852,49,1274,1.5,0,16.7,13.7,58.0,940.3
2025-11-21T03:59:22.769000+00:00,9852,7,1274,1.1,0,16.7,13.7,58.0,940.4
2025-11-21T04:00:22.768000+00:00,9852,357,1274,1.2,0,16.7,13.7,58.0,940.3
2025-11-21T04:01:22.768000+00:00,9852,11,1274,0.9,0,16.8,13.7,57.0,940.4
2025-11-21T04:02:22.768000+00:00,9852,34,1274,1.7,0,16.8,13.7,57.0,940.4
2025-11-21T04:03:22.771000+00:00,9852,357,1274,1.3,0,16.8,13.8,58.0,940.3
2025-11-21T04:04:22.761000+00:00,9852,16,1274,1.1,0,16.8,13.8,58.0,940.4
2025-11-21T04:05:22.770000+00:00,9852,5,1274,1.4,0,16.8,13.7,58.0,940.5
2025-11-21T04:06:22.772000+00:00,9852,0,1274,2.0,0,16.8,13.7,57.0,940.4
2025-11-21T04:07:22.774000+00:00,9852,16,1274,1.4,0,16.8,13.7,58.0,940.5
2025-11-21T04:08:22.770000+00:00,9852,6,1274,1.9,0,16.8,13.7,57.0,940.4
2025-11-21T04:09:22.771000+00:00,9852,32,1274,1.4,0,16.8,13.7,57.0,940.5
2025-11-21T04:10:22.767000+00:00,9852,29,1274,1.1,0,16.8,13.7,57.0,940.5
2025-11-21T04:11:22.764000+00:00,9852,7,1274,1.4,0,16.9,13.8,57.0,940.6
2025-11-21T04:12:22.777000+00:00,9852,7,1274,1.8,0,16.9,13.8,57.0,940.5
2025-11-21T04:13:22.781000+00:00,9852,339,1274,1.3,0,17.0,13.9,57.0,940.5
2025-11-21T04:14:22.755000+00:00,9852,15,1274,2.1,0,17.0,13.9,57.0,940.7
2025-11-21T04:15:22.785000+00:00,9852,265,1274,2.0,0,16.9,14.0,56.0,940.6
2025-11-21T04:16:22.823000+00:00,9852,343,1274,1.2,0,16.9,14.0,56.0,940.7
2025-11-21T04:17:22.769000+00:00,9852,330,1274,0.7,0,17.0,14.1,56.0,940.7
2025-11-21T04:18:22.775000+00:00,9852,83,1274,1.0,0,17.0,14.1,56.0,940.6
2025-11-21T04:19:22.799000+00:00,9852,357,1274,1.0,0,16.9,14.1,56.0,940.6
2025-11-21T04:20:22.784000+00:00,9852,285,1274,0.9,0,16.7,14.1,56.0,940.7
2025-11-21T04:21:22.778000+00:00,9852,1,1274,0.9,0,16.8,14.1,56.0,940.6
2025-11-21T04:22:22.774000+00:00,9852,353,1274,1.7,0,16.8,14.1,56.0,940.6
2025-11-21T04:23:22.785000+00:00,9852,294,1274,2.2,0,16.8,14.1,56.0,940.7
2025-11-21T04:24:22.796000+00:00,9852,212,1274,1.4,0,16.9,14.2,56.0,940.7
2025-11-21T04:25:22.799000+00:00,9852,357,1274,1.4,0,16.9,14.2,56.0,940.7
2025-11-21T04:26:22.804000+00:00,9852,351,1274,1.5,0,16.9,14.3,56.0,940.7
2025-11-21T04:27:22.836000+00:00,9852,201,1274,1.7,0,16.9,14.3,56.0,940.7
2025-11-21T04:28:22.841000+00:00,9852,236,1274,1.3,0,16.8,14.3,56.0,940.7
2025-11-21T04:29:22.842000+00:00,9852,200,1274,1.7,0,16.8,14.2,56.0,940.8
2025-11-21T04:30:22.841000+00:00,9852,264,1274,1.4,0,16.8,14.1,56.0,940.8
2025-11-21T04:31:22.828000+00:00,9852,250,1274,0.8,0,16.6,14.1,56.0,940.7
2025-11-21T04:32:22.846000+00:00,9852,226,1274,0.5,0,16.6,14.1,57.0,940.8
2025-11-21T04:33:22.843000+00:00,9852,219,1274,1.9,0,16.7,14.1,57.0,940.8
2025-11-21T04:34:22.844000+00:00,9852,209,1274,2.8,0,16.7,14.0,57.0,940.7
2025-11-21T04:35:22.842000+00:00,9852,239,1274,1.6,0,16.6,14.0,57.0,940.8
2025-11-21T04:36:22.840000+00:00,9852,189,1274,2.1,0,16.6,14.0,57.0,940.7
2025-11-21T04:37:22.854000+00:00,9852,254,1274,1.5,0,16.7,14.0,57.0,940.8
2025-11-21T04:38:22.847000+00:00,9852,0,1274,1.2,0,16.8,14.1,57.0,940.8
2025-11-21T04:39:22.842000+00:00,9852,14,1274,0.6,0,16.8,14.2,57.0,940.9
2025-11-21T04:40:22.844000+00:00,9852,7,1274,1.3,0,16.8,14.2,57.0,940.8
2025-11-21T04:41:22.852000+00:00,9852,34,1274,1.6,0,16.8,14.2,57.0,940.8
2025-11-21T04:42:22.839000+00:00,9852,20,1274,1.2,0,16.6,14.1,57.0,940.8
2025-11-21T04:43:22.872000+00:00,9852,233,1274,1.3,0,16.6,14.0,57.0,940.9
2025-11-21T04:44:22.868000+00:00,9852,208,1274,1.1,1,16.5,14.0,57.0,940.8
2025-11-21T04:45:22.894000+00:00,9852,235,1274,1.5,0,16.5,13.9,57.0,940.8
2025-11-21T04:46:22.907000+00:00,9852,235,1274,1.5,0,16.4,13.8,57.0,940.9
2025-11-21T04:47:22.921000+00:00,9852,170,1274,0.8,0,16.4,13.8,58.0,940.9
2025-11-21T04:48:22.907000+00:00,9852,146,1274,0.8,0,16.4,13.8,58.0,940.9
2025-11-21T04:49:22.920000+00:00,9852,302,1274,0.8,0,16.5,13.8,58.0,940.9
2025-11-21T04:50:22.963000+00:00,9852,221,1274,1.0,0,16.5,13.8,58.0,940.9
2025-11-21T04:51:22.938000+00:00,9852,219,1274,2.3,0,16.5,13.7,58.0,941.0
2025-11-21T04:52:22.963000+00:00,9852,266,1274,1.4,0,16.4,13.7,58.0,941.0
2025-11-21T04:53:22.946000+00:00,9852,197,1274,1.3,0,16.5,13.7,59.0,941.1
2025-11-21T04:54:22.944000+00:00,9852,216,1274,1.7,0,16.5,13.7,59.0,941.0
2025-11-21T04:55:22.964000+00:00,9852,215,1274,2.2,0,16.5,13.7,59.0,941.0
2025-11-21T04:56:22.985000+00:00,9852,220,1274,1.9,0,16.4,13.6,59.0,941.1
2025-11-21T04:57:22.990000+00:00,9852,196,1274,1.8,1,16.4,13.7,59.0,941.1
2025-11-21T04:58:23.002000+00:00,9852,203,1274,2.5,0,16.4,13.7,59.0,941.1
2025-11-21T04:59:23.024000+00:00,9852,218,1274,1.9,0,16.4,13.8,59.0,941.1
2025-11-21T00:15:05.236000+00:00,9851,6,1274,2.1,0,19.2,14.1,53.0,939.5
2025-11-21T00:16:05.234000+00:00,9851,342,1274,1.5,0,19.2,14.1,53.0,939.5
2025-11-21T00:17:05.231000+00:00,9851,10,1274,1.8,0,19.2,14.1,53.0,939.4
2025-11-21T00:18:05.227000+00:00,9851,359,1274,2.7,0,19.1,14.1,53.0,939.5
2025-11-21T00:19:05.240000+00:00,9851,31,1274,2.6,0,19.1,14.1,53.0,939.5
2025-11-21T00:20:05.235000+00:00,9851,10,1274,2.2,0,19.0,14.1,53.0,939.4
2025-11-21T00:21:05.244000+00:00,9851,352,1274,2.2,0,19.0,14.1,53.0,939.5
2025-11-21T00:22:05.269000+00:00,9851,358,1274,2.1,0,18.9,14.1,53.0,939.5
2025-11-21T00:23:05.275000+00:00,9851,21,1274,1.8,0,18.9,14.1,53.0,939.5
2025-11-21T00:24:05.288000+00:00,9851,15,1274,2.1,0,18.9,14.0,53.0,939.4
2025-11-21T00:25:05.288000+00:00,9851,9,1274,1.5,0,18.9,14.0,53.0,939.5
2025-11-21T00:26:05.298000+00:00,9851,6,1274,2.4,0,18.8,14.0,53.0,939.5
2025-11-21T00:27:05.298000+00:00,9851,4,1274,2.2,0,18.8,14.0,53.0,939.5
2025-11-21T00:28:05.321000+00:00,9851,9,1274,2.4,0,18.8,14.0,53.0,939.5
2025-11-21T00:29:05.323000+00:00,9851,339,1274,2.1,0,18.7,14.1,54.0,939.4
2025-11-21T00:30:05.325000+00:00,9851,25,1274,0.7,0,18.7,14.0,54.0,939.5
2025-11-21T00:31:05.326000+00:00,9851,3,1274,2.0,0,18.7,14.0,54.0,939.5
2025-11-21T00:32:05.324000+00:00,9851,4,1274,1.5,0,18.7,14.1,54.0,939.5
2025-11-21T00:33:05.327000+00:00,9851,16,1274,2.1,0,18.6,14.1,54.0,939.5
2025-11-21T00:34:05.333000+00:00,9851,8,1274,2.4,0,18.6,14.1,54.0,939.4
2025-11-21T00:35:05.339000+00:00,9851,9,1274,1.8,0,18.6,14.1,54.0,939.6
2025-11-21T00:36:05.371000+00:00,9851,352,1274,2.3,0,18.6,14.0,54.0,939.5
2025-11-21T00:37:05.340000+00:00,9851,347,1274,1.7,0,18.6,14.1,54.0,939.5
2025-11-21T00:38:05.335000+00:00,9851,0,1274,2.3,0,18.6,14.1,54.0,939.5
2025-11-21T00:39:05.340000+00:00,9851,5,1274,1.0,0,18.6,14.1,54.0,939.5
2025-11-21T00:40:05.341000+00:00,9851,9,1274,1.6,0,18.6,14.3,54.0,939.5
2025-11-21T00:41:05.339000+00:00,9851,24,1274,1.2,0,18.6,14.3,53.0,939.4
2025-11-21T00:42:05.380000+00:00,9851,339,1274,0.8,0,18.6,14.3,53.0,939.4
2025-11-21T00:43:05.348000+00:00,9851,349,1274,1.6,0,18.5,14.3,53.0,939.4
2025-11-21T00:44:05.368000+00:00,9851,25,1274,1.8,0,18.5,14.3,54.0,939.5
2025-11-21T00:45:05.399000+00:00,9851,47,1274,1.2,0,18.4,14.3,54.0,939.4
2025-11-21T00:46:05.402000+00:00,9851,346,1274,1.6,0,18.5,14.3,54.0,939.4
2025-11-21T00:47:05.418000+00:00,9851,2,1274,2.2,0,18.5,14.3,54.0,939.5
2025-11-21T00:48:05.428000+00:00,9851,200,1274,1.4,0,18.5,14.3,54.0,939.5
2025-11-21T00:49:05.452000+00:00,9851,334,1274,1.7,0,18.4,14.3,54.0,939.4
2025-11-21T00:50:05.444000+00:00,9851,78,1274,2.0,0,18.3,14.4,54.0,939.4
2025-11-21T00:51:05.457000+00:00,9851,12,1274,1.2,0,18.3,14.3,54.0,939.5
2025-11-21T00:52:05.472000+00:00,9851,358,1274,1.8,0,18.2,14.3,54.0,939.6
2025-11-21T00:53:05.466000+00:00,9851,356,1274,2.2,0,18.2,14.3,54.0,939.5
2025-11-21T00:54:05.467000+00:00,9851,49,1274,1.6,0,18.2,14.3,54.0,939.5
2025-11-21T00:55:05.502000+00:00,9851,0,1274,1.0,0,18.3,14.3,54.0,939.5
2025-11-21T00:56:05.493000+00:00,9851,40,1274,0.9,0,18.3,14.3,54.0,939.6
2025-11-21T00:57:05.497000+00:00,9851,4,1274,1.5,0,18.2,14.2,54.0,939.5
2025-11-21T00:58:05.514000+00:00,9851,331,1274,1.7,0,18.2,14.2,54.0,939.6
2025-11-21T00:59:05.501000+00:00,9851,7,1274,1.7,0,18.1,14.2,55.0,939.6
2025-11-21T01:00:05.516000+00:00,9851,7,1274,0.9,0,18.1,14.2,55.0,939.7
2025-11-21T01:01:05.534000+00:00,9851,17,1274,3.0,0,18.1,14.1,55.0,939.6
2025-11-21T01:02:05.520000+00:00,9851,2,1274,2.2,0,18.0,14.1,55.0,939.6
2025-11-21T01:03:05.526000+00:00,9851,12,1274,1.9,0,18.0,14.1,55.0,939.6
2025-11-21T01:04:05.530000+00:00,9851,4,1274,2.4,0,18.0,14.0,55.0,939.6
2025-11-21T01:05:05.524000+00:00,9851,31,1274,2.8,0,18.0,14.0,55.0,939.6
2025-11-21T01:06:05.522000+00:00,9851,29,1274,1.8,0,18.0,14.1,55.0,939.7
2025-11-21T01:07:05.536000+00:00,9851,26,1274,1.8,0,18.1,14.1,56.0,939.6
2025-11-21T01:08:05.569000+00:00,9851,2,1274,1.9,0,18.1,14.1,55.0,939.7
2025-11-21T01:09:05.578000+00:00,9851,0,1274,1.7,0,18.1,14.1,55.0,939.6
2025-11-21T01:10:05.591000+00:00,9851,16,1274,2.1,0,18.1,14.1,55.0,939.7
2025-11-21T01:11:05.580000+00:00,9851,353,1274,1.1,0,18.0,14.1,55.0,939.7
2025-11-21T01:12:05.588000+00:00,9851,6,1274,1.0,0,17.9,14.1,56.0,939.6
2025-11-21T01:13:05.598000+00:00,9851,6,1274,1.8,0,18.0,14.1,56.0,939.7
2025-11-21T01:14:05.600000+00:00,9851,115,1274,2.0,0,18.2,14.1,55.0,939.7
2025-11-21T01:15:05.625000+00:00,9851,65,1274,0.9,0,18.2,14.1,55.0,939.7
2025-11-21T01:16:05.621000+00:00,9851,357,1274,0.7,0,18.2,14.1,55.0,939.7
2025-11-21T01:17:05.627000+00:00,9851,7,1274,1.5,0,18.2,14.1,55.0,939.7
2025-11-21T01:18:05.614000+00:00,9851,4,1274,1.9,0,18.0,14.1,55.0,939.8
2025-11-21T01:19:05.621000+00:00,9851,7,1274,1.7,0,18.0,14.1,55.0,939.8
2025-11-21T01:20:05.624000+00:00,9851,350,1274,1.1,0,18.0,14.1,55.0,939.9
2025-11-21T01:21:05.618000+00:00,9851,355,1274,1.4,0,18.0,14.1,55.0,939.8
2025-11-21T01:22:05.615000+00:00,9851,7,1274,1.2,0,18.0,14.1,55.0,939.9
2025-11-21T01:23:05.629000+00:00,9851,6,1274,1.1,0,18.1,14.2,55.0,939.8
2025-11-21T01:24:05.623000+00:00,9851,2,1274,1.0,0,18.1,14.2,55.0,939.9
2025-11-21T01:25:05.619000+00:00,9851,8,1274,0.8,0,18.0,14.2,55.0,939.9
2025-11-21T01:26:05.624000+00:00,9851,133,1274,0.7,0,18.1,14.2,55.0,940.0
2025-11-21T01:27:05.638000+00:00,9851,11,1274,0.8,0,18.0,14.3,55.0,939.9
2025-11-21T01:28:05.628000+00:00,9851,322,1274,1.4,0,18.0,14.2,55.0,939.9
2025-11-21T01:29:05.631000+00:00,9851,41,1274,0.9,0,17.9,14.2,55.0,939.9
2025-11-21T01:30:05.641000+00:00,9851,331,1274,1.1,0,17.9,14.3,55.0,939.9
2025-11-21T01:31:05.628000+00:00,9851,326,1274,1.9,0,17.9,14.3,55.0,939.9
2025-11-21T01:32:05.627000+00:00,9851,45,1274,1.5,0,17.9,14.3,55.0,939.9
2025-11-21T01:33:05.626000+00:00,9851,52,1274,1.5,0,17.8,14.3,55.0,940.0
2025-11-21T01:34:05.638000+00:00,9851,292,1274,1.3,0,17.8,14.2,55.0,939.9
2025-11-21T01:35:05.653000+00:00,9851,260,1274,1.3,0,19.5,14.3,55.0,939.9
2025-11-21T01:36:05.655000+00:00,9851,5,1274,1.4,1,19.5,14.3,55.0,940.0
2025-11-21T01:37:05.681000+00:00,9851,14,1274,1.7,0,18.3,14.2,55.0,939.9
2025-11-21T01:38:05.686000+00:00,9851,349,1274,1.5,0,18.0,14.2,54.0,939.9
2025-11-09T16:07:20.633000+00:00,9869,124,1273,1.0,0,32.7,17.9,70.0,929.9
2025-11-09T16:08:20.631000+00:00,9869,160,1273,1.3,0,32.7,17.9,70.0,929.9
2025-11-09T16:09:20.631000+00:00,9869,178,1273,1.5,0,32.8,17.9,70.0,930.0
2025-11-09T16:10:20.633000+00:00,9869,158,1273,2.0,0,32.8,18.0,70.0,929.9
2025-11-09T16:11:20.632000+00:00,9869,177,1273,1.9,0,32.3,17.9,70.0,930.0
2025-11-09T16:12:20.633000+00:00,9869,194,1273,1.8,0,32.2,17.9,71.0,930.0
2025-11-09T16:13:20.641000+00:00,9869,181,1273,2.0,0,31.6,17.9,71.0,929.9
2025-11-09T16:14:20.635000+00:00,9869,154,1273,2.7,0,31.2,17.9,71.0,929.9
2025-11-09T16:15:20.634000+00:00,9869,203,1273,2.2,0,30.7,17.8,72.0,930.0
2025-11-09T16:16:20.641000+00:00,9869,194,1273,2.1,0,30.4,17.8,73.0,929.9
2025-11-09T16:17:20.633000+00:00,9869,141,1273,1.7,0,30.0,17.6,74.0,929.9
2025-11-09T16:18:20.635000+00:00,9869,203,1273,2.4,0,29.8,17.5,73.0,929.9
2025-11-09T16:19:20.634000+00:00,9869,196,1273,2.2,0,29.7,17.4,73.0,929.9
2025-11-09T16:20:20.634000+00:00,9869,206,1273,1.7,0,29.7,17.2,73.0,929.8
2025-11-09T16:21:20.634000+00:00,9869,153,1273,1.7,0,29.7,17.1,73.0,929.8
2025-11-09T16:22:20.647000+00:00,9869,189,1273,2.4,0,29.6,17.0,73.0,930.0
2025-11-09T16:23:20.640000+00:00,9869,156,1273,2.2,0,29.5,17.0,73.0,929.9
2025-11-09T16:24:20.656000+00:00,9869,200,1273,1.5,0,29.5,17.0,74.0,929.9
2025-11-09T16:25:20.665000+00:00,9869,190,1273,1.6,0,29.5,17.0,74.0,929.9
2025-11-09T16:26:20.678000+00:00,9869,0,1273,0.8,0,29.5,17.1,75.0,929.9
2025-11-09T16:27:20.701000+00:00,9869,335,1273,0.6,0,29.8,17.1,74.0,929.9
2025-11-09T16:28:20.691000+00:00,9869,147,1273,1.0,0,29.8,17.0,73.0,929.9
2025-11-09T16:29:20.691000+00:00,9869,181,1273,0.9,0,29.7,17.0,73.0,929.9
2025-11-09T16:30:20.707000+00:00,9869,183,1273,1.3,0,29.6,17.0,73.0,929.9
2025-11-09T16:31:20.723000+00:00,9869,128,1273,1.2,0,29.4,16.9,74.0,929.9
2025-11-09T16:32:20.737000+00:00,9869,202,1273,1.8,0,29.4,16.8,75.0,930.0
2025-11-09T16:33:20.730000+00:00,9869,177,1273,1.0,0,29.3,16.8,74.0,929.9
2025-11-09T16:34:20.727000+00:00,9869,199,1273,1.0,0,29.4,16.8,75.0,929.9
2025-11-09T16:35:20.755000+00:00,9869,161,1273,1.7,0,29.5,16.7,75.0,930.0
2025-11-09T16:36:20.774000+00:00,9869,194,1273,0.9,0,29.8,16.7,75.0,929.9
2025-11-09T16:37:20.778000+00:00,9869,206,1273,1.6,0,29.8,16.6,73.0,929.9
2025-11-09T16:38:20.777000+00:00,9869,176,1273,1.8,0,29.8,16.6,73.0,929.9
2025-11-09T16:39:20.775000+00:00,9869,177,1273,1.6,0,29.9,16.6,72.0,929.9
2025-11-09T16:40:20.768000+00:00,9869,167,1273,2.2,0,30.1,16.7,72.0,929.9
2025-11-09T16:41:20.771000+00:00,9869,161,1273,0.7,0,30.4,16.9,72.0,929.8
2025-11-09T16:42:20.764000+00:00,9869,129,1273,1.3,0,30.4,17.0,71.0,929.9
2025-11-09T16:43:20.777000+00:00,9869,178,1273,1.2,0,30.4,17.0,71.0,929.9
2025-11-09T16:44:20.779000+00:00,9869,138,1273,2.1,0,30.5,17.1,72.0,929.9
2025-11-09T16:45:20.772000+00:00,9869,197,1273,2.4,0,30.4,17.1,72.0,929.9
2025-11-09T16:46:20.782000+00:00,9869,133,1273,1.6,0,30.4,17.1,73.0,929.9
2025-11-09T16:47:20.778000+00:00,9869,171,1273,0.7,0,30.7,17.2,72.0,929.9
2025-11-09T16:48:20.784000+00:00,9869,162,1273,0.6,0,31.0,17.3,71.0,929.8
2025-11-09T16:49:20.787000+00:00,9869,125,1273,1.0,0,31.1,17.3,70.0,929.8
2025-11-09T16:50:20.793000+00:00,9869,203,1273,1.1,0,30.9,17.4,70.0,929.8
2025-11-09T16:51:20.817000+00:00,9869,154,1273,0.9,0,30.8,17.5,71.0,929.8
2025-11-09T16:52:20.836000+00:00,9869,170,1273,0.9,0,31.0,17.4,70.0,929.9
2025-11-09T16:53:20.836000+00:00,9869,144,1273,1.1,0,31.2,17.4,70.0,929.8
2025-11-09T16:54:20.836000+00:00,9869,212,1273,1.1,0,31.1,17.5,70.0,929.8
2025-11-09T16:55:20.833000+00:00,9869,149,1273,1.9,0,30.7,17.5,70.0,929.8
2025-11-09T16:56:20.845000+00:00,9869,162,1273,1.1,0,30.7,17.5,70.0,929.9
2025-11-09T16:57:20.868000+00:00,9869,122,1273,0.9,0,30.8,17.5,70.0,929.8
2025-11-09T16:58:20.884000+00:00,9869,130,1273,0.4,0,30.9,17.5,69.0,929.7
2025-11-09T16:59:20.887000+00:00,9869,149,1273,1.4,0,30.9,17.5,69.0,929.8
2025-11-09T17:00:20.867000+00:00,9869,171,1273,1.1,0,30.8,17.5,70.0,929.8
2025-11-09T17:01:20.880000+00:00,9869,162,1273,0.6,0,31.1,17.5,70.0,929.9
2025-11-09T17:02:20.888000+00:00,9869,0,1273,1.7,0,30.7,17.5,70.0,929.8
2025-11-09T17:03:20.886000+00:00,9869,123,1273,0.4,0,30.8,17.5,69.0,929.8
2025-11-09T17:04:20.899000+00:00,9869,158,1273,1.7,0,30.7,17.5,70.0,929.9
2025-11-09T17:05:20.919000+00:00,9869,161,1273,1.9,0,30.7,17.5,70.0,929.8
2025-11-09T17:06:20.924000+00:00,9869,140,1273,1.1,0,30.6,17.5,70.0,929.9
2025-11-09T17:07:20.922000+00:00,9869,175,1273,1.4,0,30.5,17.5,70.0,929.8
2025-11-09T17:08:20.924000+00:00,9869,152,1273,1.8,0,30.5,17.4,70.0,929.9
2025-11-09T17:09:20.925000+00:00,9869,118,1273,1.3,0,30.5,17.4,70.0,929.9
2025-11-09T17:10:20.928000+00:00,9869,139,1273,1.3,0,30.5,17.4,71.0,929.9
2025-11-09T17:11:20.923000+00:00,9869,155,1273,1.5,0,30.4,17.4,71.0,929.9
2025-11-09T17:12:20.924000+00:00,9869,219,1273,1.8,0,30.5,17.3,71.0,929.9
2025-11-09T17:13:20.921000+00:00,9869,192,1273,2.0,0,30.4,17.3,70.0,929.8
2025-11-09T17:14:20.933000+00:00,9869,220,1273,1.7,0,30.3,17.3,71.0,929.9
2025-11-09T17:15:20.932000+00:00,9869,169,1273,1.0,0,30.5,17.2,71.0,929.9
2025-11-09T17:16:20.940000+00:00,9869,181,1273,1.2,0,30.5,17.3,70.0,929.8
2025-11-09T17:17:20.922000+00:00,9869,182,1273,1.5,0,30.2,17.3,70.0,929.9
2025-11-09T17:18:20.933000+00:00,9869,143,1273,0.9,0,30.1,17.3,70.0,929.8
2025-11-09T17:19:20.928000+00:00,9869,0,1273,0.9,0,30.1,17.3,70.0,929.9
2025-11-09T17:20:20.934000+00:00,9869,173,1273,2.1,0,30.1,17.3,69.0,929.9
2025-11-09T17:21:20.938000+00:00,9869,174,1273,1.8,0,30.2,17.3,69.0,929.9
2025-11-09T17:22:20.936000+00:00,9869,179,1273,1.2,0,30.3,17.4,69.0,929.8
2025-11-09T17:23:20.929000+00:00,9869,212,1273,1.3,0,30.4,17.5,69.0,929.8
2025-11-09T17:24:20.935000+00:00,9869,353,1273,0.9,0,30.4,17.5,69.0,929.8
2025-11-09T17:25:20.936000+00:00,9869,181,1273,0.6,0,30.7,17.5,68.0,929.8
2025-11-09T17:26:20.936000+00:00,9869,173,1273,1.5,0,30.7,17.5,68.0,929.8
2025-11-09T17:27:20.936000+00:00,9869,0,1273,0.4,0,30.8,17.6,68.0,929.7
2025-11-09T17:28:20.936000+00:00,9869,197,1273,2.0,0,31.0,17.6,67.0,929.8
2025-11-09T17:29:20.955000+00:00,9869,157,1273,1.9,0,30.9,17.6,68.0,929.7
2025-11-09T17:30:20.958000+00:00,9869,158,1273,1.5,0,31.3,17.6,68.0,929.7
2025-11-09T17:31:20.976000+00:00,9869,168,1273,2.2,0,31.3,17.6,68.0,929.7
2025-11-09T17:32:20.969000+00:00,9869,150,1273,1.3,0,31.4,17.6,69.0,929.7
2025-11-09T17:33:20.980000+00:00,9869,160,1273,1.1,0,31.4,17.7,68.0,929.7
2025-11-09T17:34:21.038000+00:00,9869,165,1273,1.5,0,31.7,17.7,67.0,929.6
2025-11-09T17:35:21.006000+00:00,9869,185,1273,1.9,0,31.7,17.7,67.0,929.6
2025-11-09T17:36:21.008000+00:00,9869,149,1273,1.3,0,31.5,17.7,68.0,929.6
2025-11-09T17:37:21.010000+00:00,9869,181,1273,1.6,0,31.1,17.7,67.0,929.7
2025-11-09T17:38:21.010000+00:00,9869,170,1273,1.6,0,31.1,17.7,67.0,929.6
2025-11-09T17:39:21.008000+00:00,9869,179,1273,1.8,0,30.8,17.6,69.0,929.7
2025-11-09T17:40:21.030000+00:00,9869,220,1273,1.5,0,31.0,17.6,68.0,929.7
2025-11-09T17:41:21.040000+00:00,9869,174,1273,1.7,0,31.1,17.5,68.0,929.7
2025-11-09T17:42:21.053000+00:00,9869,0,1273,1.4,0,31.2,17.5,68.0,929.6
2025-11-09T17:43:21.054000+00:00,9869,164,1273,0.7,0,31.1,17.5,68.0,929.6
2025-11-09T17:44:21.081000+00:00,9869,257,1273,1.1,0,31.0,17.5,67.0,929.6
2025-11-09T17:45:21.076000+00:00,9869,140,1273,1.5,0,30.8,17.5,68.0,929.6
2025-11-09T17:46:21.074000+00:00,9869,194,1273,1.1,0,30.9,17.4,68.0,929.7
2025-11-09T17:47:21.077000+00:00,9869,204,1273,1.5,0,30.9,17.5,68.0,929.6
2025-11-09T17:48:21.064000+00:00,9869,127,1273,0.6,0,30.8,17.5,68.0,929.6
2025-11-09T17:49:21.080000+00:00,9869,188,1273,1.7,0,30.4,17.4,68.0,929.6
2025-11-09T17:50:21.079000+00:00,9869,167,1273,2.4,0,30.3,17.4,69.0,929.6
2025-11-09T17:51:21.067000+00:00,9869,143,1273,1.3,0,30.3,17.4,69.0,929.6
2025-11-09T17:52:21.079000+00:00,9869,199,1273,1.7,0,30.3,17.3,70.0,929.6
2025-11-09T17:53:21.083000+00:00,9869,175,1273,2.4,0,30.3,17.3,70.0,929.6
2025-11-09T17:54:21.073000+00:00,9869,183,1273,1.0,0,30.2,17.3,71.0,929.5
2025-11-09T17:58:21.087000+00:00,9869,196,1273,1.2,0,30.3,17.2,70.0,929.5
2025-11-09T17:59:21.077000+00:00,9869,140,1273,1.7,0,30.2,17.2,71.0,929.4
2025-11-09T18:00:21.078000+00:00,9869,132,1273,1.3,0,30.2,17.2,71.0,929.4
2025-11-09T18:01:21.088000+00:00,9869,187,1273,1.5,0,30.2,17.2,71.0,929.6
2025-11-09T18:02:21.092000+00:00,9869,167,1273,1.8,0,30.2,17.2,71.0,929.5
2025-11-09T18:03:21.093000+00:00,9869,187,1273,2.0,0,30.0,17.1,71.0,929.5
2025-11-09T18:04:21.090000+00:00,9869,183,1273,1.6,0,30.2,17.1,71.0,929.5
2025-11-09T18:05:21.094000+00:00,9869,156,1273,1.1,0,30.3,17.1,71.0,929.3
2025-11-09T18:06:21.086000+00:00,9869,204,1273,0.9,0,30.6,17.1,70.0,929.4
2025-11-09T18:07:21.213000+00:00,9869,161,1273,1.0,0,30.6,17.2,69.0,929.4
2025-11-09T18:08:21.217000+00:00,9869,150,1273,2.2,0,30.5,17.2,69.0,929.4
2025-11-09T18:09:21.237000+00:00,9869,143,1273,1.9,0,30.4,17.2,70.0,929.4
2025-11-09T18:10:21.240000+00:00,9869,126,1273,1.3,0,30.6,17.3,70.0,929.4
2025-11-09T18:11:21.254000+00:00,9869,156,1273,2.7,0,30.8,17.4,71.0,929.4
2025-11-09T18:12:21.265000+00:00,9869,168,1273,1.2,0,31.2,17.5,71.0,929.4
2025-11-09T18:13:21.265000+00:00,9869,171,1273,1.9,0,31.4,17.5,70.0,929.5
2025-11-09T18:14:21.277000+00:00,9869,0,1273,1.7,0,31.4,17.5,70.0,929.4
2025-11-09T18:15:21.271000+00:00,9869,170,1273,0.9,0,31.4,17.5,70.0,929.4
2025-11-09T18:16:21.261000+00:00,9869,171,1273,1.7,0,31.5,17.4,70.0,929.5
2025-11-09T18:17:21.265000+00:00,9869,194,1273,2.0,0,31.4,17.4,70.0,929.4
2025-11-09T18:18:21.261000+00:00,9869,207,1273,1.7,0,31.1,17.5,71.0,929.5
2025-11-09T18:19:21.278000+00:00,9869,165,1273,1.7,0,31.1,17.5,71.0,929.5
2025-11-09T18:20:21.285000+00:00,9869,267,1273,1.9,0,31.4,17.4,71.0,929.4
2025-11-09T18:21:21.297000+00:00,9869,182,1273,1.8,0,31.8,17.5,70.0,929.4
2025-11-09T18:22:21.317000+00:00,9869,169,1273,2.8,0,31.8,17.5,70.0,929.4
2025-11-09T18:23:21.315000+00:00,9869,245,1273,2.9,0,31.2,17.4,72.0,929.4
2025-11-09T18:24:21.317000+00:00,9869,198,1273,1.8,0,31.2,17.3,72.0,929.5
2025-11-09T18:25:21.325000+00:00,9869,194,1273,2.7,0,31.0,17.2,72.0,929.5
2025-11-09T18:26:21.318000+00:00,9869,128,1273,2.5,0,31.0,17.3,72.0,929.5
2025-11-09T18:27:21.343000+00:00,9869,203,1273,1.4,0,30.9,17.3,72.0,929.5
2025-11-09T18:28:21.364000+00:00,9869,144,1273,1.6,0,31.0,17.2,72.0,929.5
2025-11-09T18:29:21.353000+00:00,9869,179,1273,1.4,0,31.0,17.3,72.0,929.4
2025-11-09T18:30:21.362000+00:00,9869,146,1273,2.1,0,31.0,17.3,72.0,929.4
2025-11-09T18:31:21.367000+00:00,9869,130,1273,1.9,0,31.0,17.2,72.0,929.4
2025-11-09T18:32:21.361000+00:00,9869,148,1273,1.8,0,31.2,17.2,71.0,929.4
2025-11-09T18:33:21.363000+00:00,9869,155,1273,1.4,0,31.3,17.2,71.0,929.5
2025-11-09T18:34:21.372000+00:00,9869,165,1273,1.9,0,31.3,17.2,72.0,929.5
2025-11-09T18:35:21.399000+00:00,9869,190,1273,1.1,0,31.5,17.4,71.0,929.5
2025-11-09T18:36:21.402000+00:00,9869,189,1273,2.1,0,31.5,17.4,71.0,929.5
2025-11-09T18:37:21.408000+00:00,9869,122,1273,1.0,0,31.3,17.4,70.0,929.4
2025-11-09T18:38:21.409000+00:00,9869,196,1273,0.7,0,31.4,17.4,70.0,929.4
2025-11-22T00:16:27.745000+00:00,9853,188,1274,1.0,0,13.9,12.9,55.0,944.8
2025-11-22T00:17:27.742000+00:00,9853,0,1274,0.4,0,13.8,12.9,55.0,944.8
2025-11-22T00:18:27.746000+00:00,9853,0,1274,0.0,0,13.8,12.9,56.0,944.8
2025-11-22T00:19:27.750000+00:00,9853,0,1274,0.0,0,13.8,12.9,56.0,944.8
2025-11-22T00:20:27.740000+00:00,9853,0,1274,0.0,0,13.8,12.9,55.0,944.8
2025-11-22T00:21:27.734000+00:00,9853,0,1274,0.6,0,13.8,12.9,55.0,944.8
2025-11-22T00:22:27.750000+00:00,9853,0,1274,0.0,0,13.9,12.9,56.0,944.9
2025-11-22T00:23:27.760000+00:00,9853,336,1274,1.1,0,13.9,12.9,55.0,944.9
2025-11-22T00:24:27.748000+00:00,9853,150,1274,0.7,0,13.9,12.9,55.0,944.9
2025-11-22T00:25:27.756000+00:00,9853,0,1274,0.0,0,13.8,12.9,55.0,944.9
2025-11-22T00:26:27.774000+00:00,9853,187,1274,0.0,0,13.8,12.9,55.0,944.9
2025-11-22T00:27:27.754000+00:00,9853,183,1274,1.1,0,13.8,12.9,55.0,944.9
2025-11-22T00:28:27.745000+00:00,9853,0,1274,0.8,0,13.7,12.9,54.0,945.0
2025-11-22T00:29:27.752000+00:00,9853,184,1274,0.4,0,13.7,12.9,54.0,944.9
2025-11-22T00:30:27.774000+00:00,9853,0,1274,0.0,0,13.7,12.9,55.0,944.9
2025-11-22T00:31:27.768000+00:00,9853,0,1274,0.0,0,13.7,12.9,55.0,945.0
2025-11-22T00:32:27.785000+00:00,9853,118,1274,0.0,0,13.7,12.9,55.0,944.9
2025-11-22T00:33:27.809000+00:00,9853,265,1274,0.0,0,13.7,12.9,54.0,944.9
2025-11-22T00:34:27.809000+00:00,9853,191,1274,0.4,0,13.7,12.9,54.0,945.0
2025-11-22T00:35:27.806000+00:00,9853,186,1274,0.5,0,13.7,12.9,55.0,944.9
2025-11-22T00:36:27.820000+00:00,9853,193,1274,0.5,0,13.7,12.9,55.0,944.9
2025-11-22T00:37:27.813000+00:00,9853,188,1274,0.4,0,13.7,12.9,55.0,945.0
2025-11-22T00:38:27.807000+00:00,9853,69,1274,0.0,0,13.7,12.9,55.0,944.9
2025-11-22T00:39:27.819000+00:00,9853,308,1274,0.5,0,13.7,12.9,54.0,944.9
2025-11-22T00:40:27.819000+00:00,9853,215,1274,0.5,0,13.7,12.9,55.0,945.0
2025-11-22T00:41:27.819000+00:00,9853,135,1274,1.4,0,13.7,13.0,55.0,945.0
2025-11-22T00:42:27.819000+00:00,9853,0,1274,1.0,0,13.6,13.0,55.0,945.0
2025-11-22T00:43:27.821000+00:00,9853,0,1274,0.7,0,13.6,13.0,56.0,945.0
2025-11-22T00:44:27.818000+00:00,9853,264,1274,0.5,0,13.6,13.0,56.0,945.0
2025-11-22T00:45:27.820000+00:00,9853,230,1274,0.9,0,13.6,13.1,55.0,945.0
2025-11-22T00:46:27.813000+00:00,9853,48,1274,0.6,0,13.5,13.1,55.0,945.0
2025-11-22T00:47:27.822000+00:00,9853,238,1274,0.4,0,13.5,13.1,56.0,945.0
2025-11-22T00:48:27.825000+00:00,9853,217,1274,0.5,0,13.5,13.1,55.0,945.0
2025-11-22T00:49:27.869000+00:00,9853,331,1274,1.1,0,13.5,13.1,56.0,945.0
2025-11-22T00:50:27.828000+00:00,9853,294,1274,0.5,0,13.5,13.1,55.0,945.0
2025-11-22T00:51:27.824000+00:00,9853,277,1274,0.9,0,13.4,13.1,54.0,945.0
2025-11-22T00:52:27.829000+00:00,9853,178,1274,0.9,0,13.4,13.2,56.0,945.0
2025-11-22T00:53:27.827000+00:00,9853,95,1274,1.3,0,13.4,13.2,56.0,944.9
2025-11-22T00:54:27.818000+00:00,9853,277,1274,0.6,0,13.3,13.2,56.0,944.9
2025-11-22T00:55:27.829000+00:00,9853,151,1274,0.6,0,13.3,13.2,56.0,944.9
2025-11-22T00:56:27.827000+00:00,9853,192,1274,0.8,0,13.3,13.2,56.0,944.9
2025-11-22T00:57:27.826000+00:00,9853,299,1274,0.3,0,13.3,13.2,56.0,944.9
2025-11-22T00:58:27.838000+00:00,9853,254,1274,0.4,0,13.4,13.2,56.0,945.0
2025-11-22T00:59:27.827000+00:00,9853,196,1274,0.9,0,13.3,13.2,56.0,944.9
2025-11-22T01:00:27.826000+00:00,9853,0,1274,0.9,0,13.3,13.2,55.0,944.9
2025-11-22T01:01:27.832000+00:00,9853,315,1274,0.0,0,13.3,13.1,56.0,945.0
2025-11-22T01:02:27.836000+00:00,9853,277,1274,0.7,0,13.3,13.1,56.0,945.0
2025-11-22T01:03:27.836000+00:00,9853,0,1274,0.4,0,13.2,13.0,56.0,945.1
2025-11-22T01:04:27.838000+00:00,9853,248,1274,0.0,0,13.2,13.0,56.0,945.1
2025-11-22T01:05:27.841000+00:00,9853,202,1274,0.6,0,13.4,13.0,56.0,945.0
2025-11-22T01:06:27.858000+00:00,9853,236,1274,0.6,0,13.3,12.9,56.0,945.1
2025-11-22T01:07:27.853000+00:00,9853,131,1274,0.6,0,13.3,12.9,56.0,945.0
2025-11-22T01:08:27.859000+00:00,9853,174,1274,1.2,0,13.3,12.9,57.0,945.0
2025-11-22T01:09:27.857000+00:00,9853,200,1274,1.4,0,13.3,13.0,56.0,945.0
2025-11-22T01:10:27.857000+00:00,9853,185,1274,0.8,0,13.2,13.1,56.0,945.1
2025-11-22T01:11:27.860000+00:00,9853,189,1274,0.6,0,13.2,13.1,56.0,945.1
2025-11-22T01:12:27.891000+00:00,9853,244,1274,0.8,0,13.2,13.1,56.0,945.1
2025-11-22T01:13:27.894000+00:00,9853,204,1274,1.1,0,13.2,13.1,55.0,945.1
2025-11-22T01:14:27.893000+00:00,9853,257,1274,1.1,0,13.2,13.2,55.0,945.1
2025-11-22T01:15:27.896000+00:00,9853,0,1274,1.0,0,13.3,13.2,55.0,945.2
2025-11-22T01:16:27.879000+00:00,9853,213,1274,1.0,0,13.3,13.3,56.0,945.1
2025-11-22T01:17:27.899000+00:00,9853,231,1274,0.9,0,13.3,13.3,56.0,945.1
2025-11-22T01:18:27.883000+00:00,9853,250,1274,0.8,0,13.3,13.3,56.0,945.2
2025-11-22T01:19:27.894000+00:00,9853,190,1274,1.0,0,13.2,13.3,56.0,945.2
2025-11-22T01:20:27.916000+00:00,9853,190,1274,1.7,0,13.2,13.4,56.0,945.2
2025-11-22T01:21:27.916000+00:00,9853,187,1274,1.4,0,13.1,13.4,56.0,945.2
2025-11-22T01:22:27.926000+00:00,9853,119,1274,1.7,0,13.1,13.4,56.0,945.2
2025-11-22T01:23:27.928000+00:00,9853,197,1274,1.1,0,13.0,13.3,56.0,945.2
2025-11-22T01:24:27.929000+00:00,9853,198,1274,1.6,0,13.0,13.4,56.0,945.2
2025-11-22T01:25:27.934000+00:00,9853,177,1274,0.9,0,13.0,13.3,56.0,945.2
2025-11-22T01:26:27.934000+00:00,9853,176,1274,0.4,0,13.1,13.3,57.0,945.2
2025-11-22T01:27:27.944000+00:00,9853,239,1274,0.9,0,13.0,13.3,57.0,945.2
2025-11-22T01:28:27.927000+00:00,9853,0,1274,0.7,0,13.0,13.3,57.0,945.2
2025-11-22T01:29:27.927000+00:00,9853,0,1274,0.7,0,13.0,13.3,57.0,945.3
2025-11-22T01:30:27.929000+00:00,9853,352,1274,0.7,1,13.0,13.3,57.0,945.2
2025-11-22T01:31:27.944000+00:00,9853,351,1274,0.7,1,13.1,13.3,58.0,945.2
2025-11-22T01:32:27.944000+00:00,9853,212,1274,0.6,1,13.1,13.3,57.0,945.2
2025-11-22T01:33:27.941000+00:00,9853,127,1274,0.7,1,13.1,13.3,57.0,945.3
2025-11-22T01:34:27.941000+00:00,9853,345,1274,0.9,1,13.0,13.3,59.0,945.3
2025-11-22T01:35:27.942000+00:00,9853,203,1274,1.1,1,13.0,13.3,58.0,945.3
2025-11-22T01:36:27.930000+00:00,9853,198,1274,1.0,1,13.0,13.3,59.0,945.4
2025-11-22T01:37:27.939000+00:00,9853,214,1274,1.2,1,12.9,13.2,59.0,945.3
2025-11-22T03:45:28.183000+00:00,9854,223,1274,1.0,1,12.7,11.9,68.0,945.9
2025-11-22T03:46:28.183000+00:00,9854,216,1274,1.3,1,12.7,11.8,68.0,945.9
2025-11-22T03:47:28.188000+00:00,9854,297,1274,1.3,1,12.7,11.7,69.0,945.9
2025-11-22T03:48:28.190000+00:00,9854,179,1274,0.7,1,12.7,11.7,69.0,945.9
2025-11-22T03:49:28.223000+00:00,9854,187,1274,1.3,1,12.9,11.7,70.0,945.9
2025-11-22T03:50:28.235000+00:00,9854,169,1274,1.9,1,12.9,11.7,69.0,945.8
2025-11-22T03:51:28.251000+00:00,9854,160,1274,1.4,1,12.8,11.6,68.0,945.9
2025-11-22T03:52:28.252000+00:00,9854,188,1274,1.1,1,12.8,11.6,69.0,945.8
2025-11-22T03:53:28.268000+00:00,9854,178,1274,1.4,1,12.8,11.6,69.0,945.8
2025-11-22T03:54:28.289000+00:00,9854,162,1274,1.3,1,12.8,11.6,68.0,945.8
2025-11-22T03:55:28.275000+00:00,9854,178,1274,1.4,1,12.9,11.6,69.0,945.9
2025-11-22T03:56:28.286000+00:00,9854,163,1274,1.8,1,12.9,11.6,67.0,945.9
2025-11-22T03:57:28.290000+00:00,9854,181,1274,1.4,1,12.9,11.6,66.0,945.8
2025-11-22T03:58:28.292000+00:00,9854,180,1274,1.4,1,12.9,11.6,67.0,945.8
2025-11-22T03:59:28.278000+00:00,9854,167,1274,1.7,1,12.9,11.7,66.0,945.9
2025-11-22T04:00:28.292000+00:00,9854,164,1274,1.6,1,12.8,11.7,65.0,945.9
2025-11-22T04:01:28.296000+00:00,9854,162,1274,1.6,1,12.8,11.7,64.0,945.9
2025-11-22T04:02:28.305000+00:00,9854,161,1274,1.6,1,12.8,11.8,64.0,945.9
2025-11-22T04:03:28.308000+00:00,9854,148,1274,1.7,1,12.8,11.8,64.0,945.8
2025-11-22T04:04:28.326000+00:00,9854,150,1274,1.4,1,12.8,11.8,64.0,945.9
2025-11-22T04:05:28.327000+00:00,9854,175,1274,1.6,1,12.7,11.8,66.0,945.8
2025-11-22T04:06:28.329000+00:00,9854,172,1274,1.8,1,12.7,11.7,66.0,945.7
2025-11-22T04:07:28.372000+00:00,9854,183,1274,2.3,1,12.6,11.7,66.0,945.8
2025-11-22T04:08:28.329000+00:00,9854,171,1274,2.9,1,12.6,11.6,67.0,945.8
2025-11-22T04:09:28.340000+00:00,9854,178,1274,2.2,1,12.6,11.6,68.0,945.8
2025-11-22T04:10:28.328000+00:00,9854,189,1274,2.0,1,12.7,11.7,68.0,945.7
2025-11-22T04:11:28.328000+00:00,9854,179,1274,2.4,1,12.7,11.6,68.0,945.7
2025-11-22T04:12:28.340000+00:00,9854,173,1274,2.4,1,12.7,11.6,68.0,945.7
2025-11-22T04:13:28.338000+00:00,9854,182,1274,2.7,1,12.6,11.7,68.0,945.7
2025-11-22T04:14:28.338000+00:00,9854,178,1274,2.5,1,12.5,11.7,66.0,945.7
2025-11-22T04:15:28.338000+00:00,9854,183,1274,2.5,1,12.5,11.7,66.0,945.7
2025-11-22T04:16:28.340000+00:00,9854,181,1274,2.2,1,12.5,11.8,66.0,945.7
2025-11-22T04:17:28.357000+00:00,9854,168,1274,2.7,1,12.5,11.8,66.0,945.7
2025-11-22T04:18:28.342000+00:00,9854,176,1274,2.4,1,12.5,11.8,65.0,945.7
2025-11-22T04:19:28.342000+00:00,9854,168,1274,2.4,0,12.4,11.9,65.0,945.8
2025-11-22T04:20:28.352000+00:00,9854,175,1274,2.5,0,12.5,11.8,65.0,945.7
2025-11-22T04:21:28.343000+00:00,9854,176,1274,2.3,0,12.5,11.8,66.0,945.8
2025-11-22T04:22:28.343000+00:00,9854,179,1274,1.7,0,12.5,11.8,65.0,945.8
2025-11-22T04:23:28.331000+00:00,9854,190,1274,1.5,0,12.6,11.8,66.0,945.9
2025-11-22T04:24:28.353000+00:00,9854,177,1274,1.8,0,12.6,11.8,65.0,945.9
2025-11-22T04:25:28.353000+00:00,9854,196,1274,1.2,0,12.5,11.8,66.0,945.9
2025-11-22T04:26:28.354000+00:00,9854,164,1274,1.0,0,12.5,11.7,65.0,946.0
2025-11-22T04:27:28.354000+00:00,9854,11,1274,0.5,0,12.5,11.7,65.0,946.0
2025-11-22T04:28:28.344000+00:00,9854,24,1274,0.6,0,12.7,11.7,67.0,946.0
2025-11-22T04:29:28.351000+00:00,9854,37,1274,0.8,0,12.8,11.7,68.0,946.0
2025-11-22T04:30:28.347000+00:00,9854,38,1274,0.9,0,12.8,11.7,67.0,946.0
2025-11-22T04:31:28.354000+00:00,9854,64,1274,0.9,0,12.8,11.7,67.0,946.1
2025-11-22T04:32:28.355000+00:00,9854,11,1274,0.8,0,12.8,11.7,68.0,946.1
2025-11-22T04:33:28.346000+00:00,9854,33,1274,0.7,0,12.8,11.7,68.0,946.1
2025-11-22T04:34:28.355000+00:00,9854,0,1274,0.3,0,12.8,11.7,68.0,946.1
2025-11-22T04:35:28.356000+00:00,9854,231,1274,0.4,0,12.8,11.7,69.0,946.1
2025-11-22T04:36:28.356000+00:00,9854,181,1274,0.9,0,12.8,11.8,68.0,946.1
2025-11-22T04:37:28.356000+00:00,9854,170,1274,1.6,0,12.7,11.7,66.0,946.0
2025-11-22T04:38:28.356000+00:00,9854,189,1274,1.5,0,12.6,11.8,66.0,946.0
2025-11-22T04:39:28.363000+00:00,9854,189,1274,1.7,0,12.6,11.8,65.0,946.1
2025-11-22T04:40:28.356000+00:00,9854,190,1274,1.7,0,12.5,11.8,65.0,946.1
2025-11-22T04:41:28.363000+00:00,9854,184,1274,1.6,0,12.5,11.8,64.0,946.1
2025-11-22T04:42:28.354000+00:00,9854,193,1274,1.1,0,12.5,11.8,64.0,946.1
2025-11-22T04:43:28.365000+00:00,9854,198,1274,1.9,0,12.5,11.8,64.0,946.1
2025-11-22T04:44:28.353000+00:00,9854,213,1274,1.6,0,12.4,11.9,64.0,946.1
2025-11-22T04:45:28.363000+00:00,9854,195,1274,1.3,0,12.4,11.8,63.0,946.1
2025-11-22T04:46:28.367000+00:00,9854,183,1274,1.6,0,12.4,11.8,63.0,946.1
2025-11-22T04:47:28.377000+00:00,9854,190,1274,1.9,0,12.4,11.9,63.0,946.1
2025-11-22T04:48:28.365000+00:00,9854,189,1274,2.3,0,12.2,11.9,63.0,946.1
2025-11-22T04:49:28.365000+00:00,9854,179,1274,3.0,0,12.1,11.9,63.0,946.0
2025-11-22T04:50:28.356000+00:00,9854,159,1274,2.8,0,12.1,11.8,63.0,946.1
2025-11-22T04:51:28.366000+00:00,9854,171,1274,1.9,0,12.1,11.8,63.0,946.1
2025-11-22T04:52:28.365000+00:00,9854,164,1274,2.3,0,12.1,11.7,63.0,946.1
2025-11-22T04:53:28.379000+00:00,9854,184,1274,1.8,0,12.2,11.6,63.0,946.1
2025-11-22T04:54:28.415000+00:00,9854,168,1274,2.0,0,12.2,11.6,63.0,946.1
2025-11-22T04:55:28.366000+00:00,9854,184,1274,1.9,0,12.2,11.6,63.0,946.1
2025-11-22T04:56:28.369000+00:00,9854,174,1274,0.9,0,12.4,11.6,64.0,946.1
2025-11-22T04:57:28.384000+00:00,9854,181,1274,1.0,0,12.4,11.6,63.0,946.1
2025-11-22T04:58:28.424000+00:00,9854,199,1274,1.1,0,12.4,11.6,63.0,946.1
2025-11-22T04:59:28.367000+00:00,9854,204,1274,1.2,0,12.4,11.7,63.0,946.1
2025-11-22T05:00:28.384000+00:00,9854,198,1274,0.7,0,12.4,11.7,63.0,946.1
2025-11-22T05:01:28.382000+00:00,9854,188,1274,1.6,0,12.3,11.7,63.0,946.1
2025-11-22T05:02:28.381000+00:00,9854,181,1274,1.6,0,12.3,11.8,63.0,946.2
2025-11-22T05:03:28.380000+00:00,9854,173,1274,1.5,0,12.2,11.7,63.0,946.2
2025-11-22T05:04:28.385000+00:00,9854,223,1274,1.0,0,12.2,11.7,63.0,946.2
2025-11-22T05:05:28.386000+00:00,9854,189,1274,1.1,0,12.2,11.7,63.0,946.2
2025-11-22T05:06:28.381000+00:00,9854,205,1274,0.9,0,12.2,11.8,63.0,946.2
2025-11-22T05:07:28.379000+00:00,9854,180,1274,1.1,0,12.1,11.8,64.0,946.2
2025-11-22T05:08:28.386000+00:00,9854,175,1274,1.1,0,12.1,11.8,64.0,946.3
2025-11-22T05:09:28.388000+00:00,9854,167,1274,1.6,0,12.0,11.8,63.0,946.2
2025-11-23T03:06:32.953000+00:00,9858,126,1274,0.7,0,18.0,16.9,38.0,942.1
2025-11-23T03:07:32.950000+00:00,9858,133,1274,0.7,0,17.6,16.9,38.0,942.1
2025-11-23T03:08:32.953000+00:00,9858,80,1274,0.6,0,17.6,16.9,38.0,942.2
2025-11-23T03:09:32.953000+00:00,9858,62,1274,0.0,0,17.7,16.9,38.0,942.1
2025-11-23T03:10:32.955000+00:00,9858,269,1274,1.1,0,17.7,16.9,38.0,942.1
2025-11-23T03:11:32.956000+00:00,9858,66,1274,0.7,0,17.9,16.9,38.0,942.1
2025-11-23T03:12:32.955000+00:00,9858,0,1274,0.6,0,17.8,17.0,37.0,942.0
2025-11-23T03:13:32.955000+00:00,9858,179,1274,0.3,0,17.9,17.0,37.0,942.1
2025-11-23T03:14:32.949000+00:00,9858,93,1274,0.5,0,18.0,17.1,37.0,942.0
2025-11-23T03:15:32.957000+00:00,9858,101,1274,0.4,0,18.1,17.1,37.0,942.0
2025-11-23T03:16:32.965000+00:00,9858,207,1274,0.6,0,18.1,17.1,37.0,942.1
2025-11-23T03:17:32.959000+00:00,9858,0,1274,0.5,0,18.0,17.1,37.0,942.0
2025-11-23T03:18:32.974000+00:00,9858,184,1274,0.0,0,17.7,17.1,37.0,942.1
2025-11-23T03:19:32.962000+00:00,9858,124,1274,0.7,0,17.7,17.1,37.0,942.0
2025-11-23T03:20:32.966000+00:00,9858,159,1274,0.8,0,17.6,17.1,37.0,942.1
2025-11-23T03:21:32.975000+00:00,9858,0,1274,0.0,0,17.7,17.1,37.0,942.0
2025-11-23T03:22:32.967000+00:00,9858,143,1274,0.6,0,17.7,17.1,37.0,942.0
2025-11-23T03:23:32.961000+00:00,9858,147,1274,0.5,0,17.7,17.1,37.0,942.0
2025-11-23T03:24:32.965000+00:00,9858,82,1274,0.5,0,17.7,17.1,37.0,942.0
2025-11-23T03:25:32.968000+00:00,9858,107,1274,0.6,0,17.7,17.1,37.0,942.0
2025-11-23T03:26:32.971000+00:00,9858,123,1274,0.6,0,17.8,17.1,37.0,942.0
2025-11-23T03:27:32.968000+00:00,9858,94,1274,1.0,0,17.7,17.1,37.0,942.1
2025-11-23T03:28:32.962000+00:00,9858,200,1274,1.0,0,17.7,17.1,37.0,942.0
2025-11-23T03:29:32.972000+00:00,9858,189,1274,0.4,0,17.7,17.1,37.0,942.0
2025-11-23T03:30:32.963000+00:00,9858,187,1274,0.8,0,17.9,17.1,37.0,942.1
2025-11-23T03:31:32.965000+00:00,9858,14,1274,0.5,0,18.5,17.1,36.0,942.1
2025-11-23T03:32:32.966000+00:00,9858,125,1274,0.3,0,18.0,17.2,36.0,942.0
2025-11-23T03:33:32.967000+00:00,9858,181,1274,0.7,0,23.9,17.2,36.0,942.0
2025-11-23T03:34:32.979000+00:00,9858,0,1274,0.6,0,24.6,17.2,35.0,941.9
2025-11-23T03:35:32.973000+00:00,9858,136,1274,0.0,0,28.2,17.1,36.0,941.9
2025-11-23T03:36:32.966000+00:00,9858,142,1274,0.3,0,29.0,17.1,36.0,942.0
2025-11-23T03:37:32.978000+00:00,9858,110,1274,1.1,0,29.5,17.1,36.0,941.9
2025-11-23T03:38:32.977000+00:00,9858,110,1274,0.9,0,29.3,17.0,36.0,942.0
2025-11-23T03:39:32.992000+00:00,9858,165,1274,0.8,0,28.7,17.0,37.0,941.9
2025-11-23T03:40:33.019000+00:00,9858,126,1274,0.7,0,28.7,17.0,37.0,942.0
2025-11-23T03:41:33.026000+00:00,9858,224,1274,0.7,0,29.2,17.0,36.0,942.0
2025-11-23T03:42:33.032000+00:00,9858,126,1274,0.7,0,29.2,17.0,36.0,942.0
2025-11-23T03:43:33.025000+00:00,9858,148,1274,0.4,0,28.2,17.0,37.0,942.1
2025-11-23T03:44:33.034000+00:00,9858,187,1274,0.8,0,27.7,16.9,36.0,942.0
2025-11-23T03:45:33.057000+00:00,9858,130,1274,0.7,0,27.2,17.0,36.0,941.9
2025-11-23T03:46:33.054000+00:00,9858,211,1274,1.2,0,27.2,16.9,37.0,941.9
2025-11-23T03:47:33.071000+00:00,9858,212,1274,1.8,0,27.2,16.9,36.0,942.0
2025-11-23T03:48:33.058000+00:00,9858,0,1274,0.8,0,27.7,16.9,37.0,941.9
2025-11-23T03:49:33.058000+00:00,9858,250,1274,1.2,0,28.9,16.9,37.0,941.9
2025-11-23T03:50:33.076000+00:00,9858,188,1274,1.0,0,28.7,16.8,37.0,941.9
2025-11-23T03:51:33.146000+00:00,9858,163,1274,1.7,0,28.3,16.9,36.0,941.9
2025-11-23T03:52:33.121000+00:00,9858,197,1274,1.2,0,28.3,16.8,37.0,941.9
2025-11-23T03:53:33.113000+00:00,9858,153,1274,1.2,0,28.5,16.8,37.0,942.0
2025-11-23T03:54:33.110000+00:00,9858,190,1274,0.5,0,27.2,16.8,38.0,941.9
2025-11-23T03:55:33.126000+00:00,9858,166,1274,0.8,0,25.3,16.8,37.0,941.9
2025-11-23T03:56:33.122000+00:00,9858,179,1274,1.2,0,24.2,16.8,37.0,941.9
2025-11-23T03:57:33.124000+00:00,9858,163,1274,1.1,0,24.2,16.8,38.0,942.0
2025-11-23T03:58:33.122000+00:00,9858,240,1274,0.9,0,24.4,16.7,38.0,942.0
2025-11-23T03:59:33.130000+00:00,9858,126,1274,1.0,0,24.7,16.8,37.0,942.0
2025-11-23T04:00:33.126000+00:00,9858,192,1274,1.1,0,24.2,16.7,37.0,941.9
2025-11-23T04:01:33.127000+00:00,9858,166,1274,1.6,0,25.1,16.7,37.0,942.0
2025-11-23T04:02:33.148000+00:00,9858,162,1274,0.9,0,23.8,16.7,38.0,942.0
2025-11-23T04:03:33.146000+00:00,9858,197,1274,1.8,0,18.5,16.7,37.0,942.0
2025-11-23T04:04:33.140000+00:00,9858,183,1274,1.3,0,18.2,16.7,38.0,941.9
2025-11-23T04:05:33.143000+00:00,9858,208,1274,1.9,0,18.2,16.8,38.0,942.0
2025-11-23T04:06:33.169000+00:00,9858,182,1274,1.2,0,18.7,16.8,38.0,942.0
2025-11-23T04:07:33.154000+00:00,9858,178,1274,1.5,0,18.7,16.8,37.0,941.9
2025-11-23T04:08:33.179000+00:00,9858,175,1274,2.1,0,18.2,16.9,38.0,942.0
2025-11-23T04:09:33.198000+00:00,9858,189,1274,1.6,0,18.2,16.9,38.0,942.0
2025-11-23T04:10:33.231000+00:00,9858,186,1274,1.5,0,18.1,16.9,38.0,941.9
2025-11-23T04:11:33.231000+00:00,9858,197,1274,2.1,0,18.0,16.9,38.0,941.9
2025-11-23T04:12:33.233000+00:00,9858,185,1274,1.2,0,18.0,16.9,38.0,941.9
2025-11-23T04:13:33.231000+00:00,9858,187,1274,2.1,0,17.8,16.8,38.0,941.9
2025-11-23T04:14:33.240000+00:00,9858,185,1274,2.0,0,17.9,16.9,38.0,941.9
2025-11-23T04:15:33.256000+00:00,9858,206,1274,1.6,0,17.9,16.9,38.0,941.9
2025-11-23T04:16:33.266000+00:00,9858,193,1274,1.7,0,17.9,17.0,38.0,941.8
2025-11-23T04:17:33.290000+00:00,9858,180,1274,2.2,0,17.9,17.0,38.0,941.8
2025-11-23T04:18:33.268000+00:00,9858,191,1274,1.9,0,17.9,17.0,38.0,941.9
2025-11-23T04:19:33.272000+00:00,9858,206,1274,1.7,0,17.8,17.0,38.0,942.0
2025-11-23T04:20:33.261000+00:00,9858,177,1274,1.5,0,17.9,17.0,38.0,941.9
2025-11-23T04:21:33.272000+00:00,9858,185,1274,1.5,0,17.8,17.0,38.0,942.0
2025-11-23T04:22:33.268000+00:00,9858,181,1274,2.0,0,17.9,17.0,38.0,941.9
2025-11-23T04:23:33.277000+00:00,9858,194,1274,1.7,0,17.8,17.0,37.0,941.9
2025-11-23T04:24:33.287000+00:00,9858,192,1274,2.0,0,17.7,17.0,37.0,941.8
2025-11-23T04:25:33.287000+00:00,9858,197,1274,2.3,0,17.7,17.0,38.0,941.8
2025-11-23T04:26:33.313000+00:00,9858,191,1274,2.2,0,17.7,16.9,38.0,941.8
2025-11-23T04:27:33.316000+00:00,9858,174,1274,1.8,0,17.7,16.9,38.0,941.7
2025-11-23T04:28:33.316000+00:00,9858,200,1274,1.8,0,17.7,16.9,38.0,941.7
2025-11-23T04:29:33.326000+00:00,9858,201,1274,2.1,0,17.6,16.9,38.0,941.7
2025-11-23T04:30:33.321000+00:00,9858,188,1274,1.8,0,17.6,16.9,38.0,941.8
2025-11-23T04:31:33.332000+00:00,9858,197,1274,1.4,0,17.6,16.9,38.0,941.9
2025-11-23T04:32:33.323000+00:00,9858,178,1274,2.1,0,17.5,16.8,38.0,941.7
2025-11-23T04:33:33.340000+00:00,9858,209,1274,1.2,0,17.6,16.7,38.0,941.8
2025-11-23T04:34:33.480000+00:00,9858,231,1274,0.9,0,17.5,16.7,38.0,941.8
2025-11-23T04:35:33.321000+00:00,9858,192,1274,1.6,0,17.5,16.6,38.0,941.8
2025-11-23T04:36:33.324000+00:00,9858,187,1274,1.5,0,17.4,16.6,38.0,941.7
2025-11-23T04:37:33.349000+00:00,9858,212,1274,1.9,0,17.4,16.6,38.0,941.7
2025-11-23T04:38:33.370000+00:00,9858,188,1274,1.8,0,17.5,16.6,38.0,941.8
2025-11-23T04:39:33.384000+00:00,9858,192,1274,2.0,0,17.4,16.6,38.0,941.8
2025-11-23T04:40:33.382000+00:00,9858,191,1274,2.5,0,17.4,16.6,38.0,941.8
2025-11-23T04:41:33.400000+00:00,9858,187,1274,1.4,0,17.3,16.6,38.0,941.8
2025-11-23T04:42:33.410000+00:00,9858,194,1274,1.2,0,17.3,16.5,38.0,941.9
2025-11-23T04:43:33.417000+00:00,9858,183,1274,2.1,0,17.3,16.5,38.0,941.9
2025-11-23T04:44:33.476000+00:00,9858,217,1274,1.5,0,17.3,16.4,38.0,941.9
2025-11-23T04:45:33.429000+00:00,9858,207,1274,1.5,0,17.3,16.4,38.0,941.8
2025-11-23T04:46:33.430000+00:00,9858,221,1274,1.6,0,17.3,16.4,38.0,941.9
2025-11-23T04:47:33.451000+00:00,9858,194,1274,1.6,0,17.3,16.4,38.0,941.8
2025-11-23T04:48:33.468000+00:00,9858,198,1274,1.4,0,17.3,16.4,38.0,941.8
2025-11-23T04:49:33.487000+00:00,9858,178,1274,1.8,0,17.0,16.4,39.0,941.8
2025-11-23T04:50:33.480000+00:00,9858,179,1274,1.8,0,17.2,16.4,39.0,941.8
2025-11-23T04:51:33.502000+00:00,9858,200,1274,1.4,0,17.2,16.4,39.0,941.8
2025-11-23T04:52:33.528000+00:00,9858,186,1274,1.8,0,17.2,16.4,39.0,941.8
2025-11-23T04:53:33.520000+00:00,9858,183,1274,2.0,0,17.2,16.3,39.0,941.7
2025-11-23T04:54:33.535000+00:00,9858,214,1274,2.0,0,17.2,16.3,39.0,941.8
2025-11-23T04:55:33.528000+00:00,9858,180,1274,2.2,0,17.2,16.3,39.0,941.8
2025-11-23T04:56:33.529000+00:00,9858,212,1274,2.6,0,17.2,16.3,39.0,941.8
2025-11-23T04:57:33.542000+00:00,9858,194,1274,1.7,0,17.0,16.3,39.0,941.7
2025-11-23T04:58:33.556000+00:00,9858,187,1274,1.8,0,17.0,16.4,39.0,941.8
2025-11-23T04:59:33.553000+00:00,9858,203,1274,2.2,0,17.2,16.4,39.0,941.7
2025-11-23T05:00:33.568000+00:00,9858,194,1274,2.5,0,17.2,16.4,39.0,941.7
2025-11-23T05:01:33.561000+00:00,9858,190,1274,2.1,0,17.0,16.3,38.0,941.7
2025-11-23T05:02:33.565000+00:00,9858,187,1274,2.3,0,17.0,16.3,39.0,941.8
2025-11-23T05:03:33.555000+00:00,9858,187,1274,2.3,0,17.0,16.3,39.0,941.8
2025-11-23T05:04:33.568000+00:00,9858,188,1274,2.4,0,17.0,16.3,39.0,941.8
2025-11-23T05:05:33.566000+00:00,9858,184,1274,2.5,0,17.0,16.3,39.0,941.7
2025-11-23T05:06:33.561000+00:00,9858,189,1274,2.4,0,17.0,16.3,39.0,941.9
2025-11-23T05:07:33.564000+00:00,9858,186,1274,2.4,0,17.0,16.3,39.0,941.8
2025-11-23T05:08:33.591000+00:00,9858,179,1274,2.8,0,16.9,16.3,39.0,941.9
2025-11-23T05:09:33.561000+00:00,9858,179,1274,2.8,0,16.9,16.3,39.0,941.9
2025-11-23T05:10:33.569000+00:00,9858,199,1274,1.9,0,16.9,16.3,39.0,941.8
2025-11-23T05:11:33.566000+00:00,9858,201,1274,2.3,0,16.9,16.3,39.0,941.8
2025-11-23T05:12:33.552000+00:00,9858,198,1274,2.2,0,16.9,16.3,39.0,941.9
2025-11-23T05:13:33.580000+00:00,9858,191,1274,2.1,0,16.9,16.3,39.0,941.9
2025-11-23T05:14:33.572000+00:00,9858,199,1274,1.8,0,16.9,16.3,39.0,941.8
2025-11-23T05:15:33.593000+00:00,9858,183,1274,1.8,0,16.8,16.3,39.0,941.8
2025-11-23T05:16:33.565000+00:00,9858,184,1274,1.9,0,16.9,16.3,39.0,941.8
2025-11-23T05:17:33.578000+00:00,9858,187,1274,1.4,0,16.9,16.3,39.0,941.8
2025-11-23T05:18:33.572000+00:00,9858,211,1274,1.9,0,16.9,16.3,38.0,941.7
2025-11-23T05:19:33.571000+00:00,9858,211,1274,1.9,0,16.9,16.3,38.0,941.7
2025-11-23T05:20:33.573000+00:00,9858,192,1274,2.0,0,16.9,16.3,38.0,941.8
2025-11-23T05:21:33.563000+00:00,9858,205,1274,2.2,0,16.8,16.3,38.0,941.8
2025-11-23T05:22:33.576000+00:00,9858,207,1274,2.2,0,16.8,16.3,39.0,941.8
2025-11-23T05:23:33.589000+00:00,9858,195,1274,2.5,0,16.8,16.3,39.0,941.8
2025-11-23T05:24:33.579000+00:00,9858,189,1274,2.0,0,16.8,16.3,39.0,941.8
2025-11-23T05:25:33.568000+00:00,9858,213,1274,2.5,0,16.7,16.3,39.0,941.8
2025-11-23T05:26:33.572000+00:00,9858,200,1274,2.3,0,16.7,16.3,39.0,941.8
2025-11-28T17:17:29.277000+00:00,9841,9,1275,1.2,0,26.5,21.8,64.0,1017.7
2025-11-28T17:18:29.268000+00:00,9841,2,1275,1.2,0,26.5,21.8,64.0,1017.8
2025-11-28T17:19:29.283000+00:00,9841,333,1275,1.5,0,26.3,21.7,64.0,1017.7
2025-11-28T17:20:29.269000+00:00,9841,354,1275,1.3,0,26.2,21.7,64.0,1017.7
2025-11-28T17:21:29.282000+00:00,9841,16,1275,1.2,0,26.2,21.6,64.0,1017.7
2025-11-28T17:22:29.282000+00:00,9841,351,1275,1.3,0,26.3,21.6,64.0,1017.6
2025-11-28T17:23:29.278000+00:00,9841,359,1275,1.2,0,26.3,21.6,64.0,1017.7
2025-11-28T17:24:29.266000+00:00,9841,356,1275,1.2,0,26.3,21.6,64.0,1017.8
2025-11-28T17:25:29.279000+00:00,9841,332,1275,1.1,0,26.2,21.6,64.0,1017.8
2025-11-28T17:26:29.279000+00:00,9841,332,1275,1.1,0,26.1,21.6,64.0,1017.8
2025-11-28T17:27:29.274000+00:00,9841,341,1275,1.0,0,26.1,21.6,65.0,1017.7
2025-11-28T17:28:29.274000+00:00,9841,350,1275,1.1,0,26.1,21.6,65.0,1017.7
2025-11-28T17:29:29.311000+00:00,9841,325,1275,1.2,0,26.1,21.6,65.0,1017.7
2025-11-28T17:30:29.284000+00:00,9841,353,1275,1.3,0,26.3,21.6,65.0,1017.8
2025-11-28T17:31:29.283000+00:00,9841,13,1275,1.3,0,26.4,21.6,65.0,1017.8
2025-11-28T17:32:29.297000+00:00,9841,327,1275,1.3,0,26.2,21.6,65.0,1017.8
2025-11-28T17:33:29.288000+00:00,9841,338,1275,0.9,0,26.2,21.6,65.0,1017.6
2025-11-28T17:34:29.290000+00:00,9841,322,1275,0.7,0,26.2,21.6,66.0,1017.7
2025-11-28T17:35:29.287000+00:00,9841,21,1275,0.9,0,26.4,21.6,66.0,1017.7
2025-11-28T17:36:29.295000+00:00,9841,281,1275,0.9,0,26.4,21.6,66.0,1017.8
2025-11-28T17:37:29.286000+00:00,9841,34,1275,0.6,0,26.4,21.6,66.0,1017.8
2025-11-28T17:38:29.295000+00:00,9841,33,1275,1.0,0,26.4,21.6,66.0,1017.8
2025-11-28T17:39:29.295000+00:00,9841,3,1275,0.4,0,26.4,21.6,66.0,1017.8
2025-11-28T17:40:29.286000+00:00,9841,29,1275,0.9,0,26.1,21.6,66.0,1017.7
2025-11-28T17:41:29.302000+00:00,9841,28,1275,0.5,0,26.1,21.6,67.0,1017.6
2025-11-28T17:42:29.336000+00:00,9841,22,1275,1.1,0,26.1,21.6,67.0,1017.6
2025-11-28T17:43:29.286000+00:00,9841,177,1275,0.9,0,26.2,21.6,67.0,1017.7
2025-11-28T17:44:29.290000+00:00,9841,24,1275,0.7,0,26.4,21.6,67.0,1017.7
2025-11-28T17:45:29.290000+00:00,9841,274,1275,0.8,0,26.4,21.6,67.0,1017.6
2025-11-28T17:46:29.302000+00:00,9841,309,1275,0.7,0,26.2,21.6,67.0,1017.7
2025-11-28T17:47:29.299000+00:00,9841,341,1275,0.4,0,26.1,21.5,68.0,1017.6
2025-11-28T17:48:29.293000+00:00,9841,10,1275,1.0,0,25.8,21.6,68.0,1017.7
2025-11-28T17:49:29.293000+00:00,9841,11,1275,1.0,0,26.0,21.6,68.0,1017.6
2025-11-28T17:50:29.312000+00:00,9841,358,1275,1.1,0,26.1,21.6,68.0,1017.7
2025-11-28T17:51:29.318000+00:00,9841,350,1275,1.1,0,26.1,21.6,68.0,1017.5
2025-11-28T17:52:29.350000+00:00,9841,3,1275,1.5,0,26.1,21.6,69.0,1017.6
2025-11-28T17:53:29.345000+00:00,9841,0,1275,1.4,0,26.0,21.6,69.0,1017.6
2025-11-28T17:54:29.373000+00:00,9841,19,1275,1.2,0,26.1,21.5,69.0,1017.6
2025-11-28T17:55:29.389000+00:00,9841,0,1275,1.2,0,26.2,21.6,69.0,1017.5
2025-11-28T17:56:29.398000+00:00,9841,0,1275,0.6,0,26.3,21.6,69.0,1017.6
2025-11-28T17:57:29.402000+00:00,9841,290,1275,0.5,0,26.2,21.6,69.0,1017.6
2025-11-28T17:58:29.403000+00:00,9841,0,1275,0.9,0,26.3,21.5,69.0,1017.5
2025-11-28T17:59:29.401000+00:00,9841,22,1275,0.8,0,26.3,21.5,69.0,1017.6
2025-11-28T18:00:29.413000+00:00,9841,90,1275,0.7,0,26.3,21.5,69.0,1017.5
2025-11-28T18:01:29.405000+00:00,9841,0,1275,0.6,0,26.2,21.5,69.0,1017.6
2025-11-28T18:02:29.413000+00:00,9841,0,1275,0.0,0,26.1,21.5,70.0,1017.6
2025-11-28T18:03:29.403000+00:00,9841,14,1275,0.8,0,26.2,21.5,69.0,1017.6
2025-11-28T18:04:29.407000+00:00,9841,14,1275,0.5,0,26.2,21.5,69.0,1017.5
2025-11-28T18:05:29.407000+00:00,9841,15,1275,1.0,0,25.6,21.5,69.0,1017.5
2025-11-28T18:06:29.423000+00:00,9841,331,1275,0.8,0,25.5,21.5,70.0,1017.5
2025-11-28T18:07:29.411000+00:00,9841,22,1275,0.8,0,25.6,21.4,70.0,1017.6
2025-11-28T18:08:29.414000+00:00,9841,8,1275,1.1,0,25.7,21.4,70.0,1017.6
2025-11-28T18:09:29.430000+00:00,9841,356,1275,0.9,0,25.8,21.5,70.0,1017.6
2025-11-28T18:10:29.441000+00:00,9841,0,1275,0.6,0,25.8,21.5,70.0,1017.5
2025-11-28T18:11:29.455000+00:00,9841,11,1275,1.2,0,26.0,21.5,70.0,1017.6
2025-11-28T18:12:29.455000+00:00,9841,3,1275,0.8,0,26.0,21.5,70.0,1017.6
2025-11-28T18:13:29.455000+00:00,9841,4,1275,0.6,0,26.0,21.5,70.0,1017.6
2025-11-28T18:14:29.454000+00:00,9841,0,1275,1.1,0,25.5,21.5,70.0,1017.6
2025-11-28T18:15:29.470000+00:00,9841,320,1275,0.7,0,25.6,21.4,71.0,1017.6
2025-11-28T18:16:29.456000+00:00,9841,10,1275,1.0,0,25.6,21.5,71.0,1017.5
2025-11-28T18:17:29.450000+00:00,9841,6,1275,1.0,0,25.8,21.5,71.0,1017.6
2025-11-28T18:18:29.455000+00:00,9841,9,1275,0.9,0,25.6,21.5,71.0,1017.6
2025-11-28T18:19:29.465000+00:00,9841,11,1275,1.2,0,25.3,21.4,71.0,1017.5
2025-11-28T13:20:28.293000+00:00,9840,345,1275,1.2,0,33.2,25.7,64.0,1016.5
2025-11-28T13:21:28.306000+00:00,9840,310,1275,1.2,0,33.3,25.7,64.0,1016.5
2025-11-28T13:22:28.296000+00:00,9840,340,1275,1.3,0,33.3,25.6,63.0,1016.6
2025-11-28T13:23:28.317000+00:00,9840,325,1275,1.1,0,33.1,25.6,63.0,1016.5
2025-11-28T13:24:28.296000+00:00,9840,33,1275,0.8,0,33.2,25.5,63.0,1016.5
2025-11-28T13:25:28.312000+00:00,9840,311,1275,0.9,0,33.2,25.6,62.0,1016.6
2025-11-28T13:26:28.306000+00:00,9840,302,1275,1.1,0,33.0,25.6,62.0,1016.5
2025-11-28T13:27:28.309000+00:00,9840,328,1275,1.0,0,32.9,25.5,62.0,1016.6
2025-11-28T13:28:28.307000+00:00,9840,343,1275,0.8,0,32.9,25.6,63.0,1016.6
2025-11-28T13:29:28.309000+00:00,9840,326,1275,0.9,0,32.9,25.7,63.0,1016.6
2025-11-28T13:30:28.308000+00:00,9840,331,1275,1.0,0,33.0,25.8,63.0,1016.5
2025-11-28T13:31:28.319000+00:00,9840,337,1275,1.3,0,33.2,25.8,63.0,1016.5
2025-11-28T13:32:28.319000+00:00,9840,329,1275,0.9,0,33.1,25.9,61.0,1016.5
2025-11-28T13:33:28.307000+00:00,9840,342,1275,0.9,0,33.2,25.9,59.0,1016.5
2025-11-28T13:34:28.315000+00:00,9840,0,1275,0.5,0,33.8,25.9,59.0,1016.6
2025-11-28T13:35:28.302000+00:00,9840,129,1275,0.5,0,34.5,26.0,55.0,1016.5
2025-11-28T13:36:28.312000+00:00,9840,340,1275,0.6,0,34.5,26.0,51.0,1016.5
2025-11-28T13:37:28.307000+00:00,9840,351,1275,1.2,0,34.2,26.0,49.0,1016.5
2025-11-28T13:38:28.322000+00:00,9840,340,1275,2.2,0,33.8,26.1,47.0,1016.5
2025-11-28T13:39:28.325000+00:00,9840,353,1275,1.5,0,33.7,26.2,47.0,1016.5
2025-11-28T13:40:28.331000+00:00,9840,230,1275,0.6,0,33.9,26.3,46.0,1016.6
2025-11-28T13:41:28.337000+00:00,9840,0,1275,0.7,0,33.8,26.4,47.0,1016.6
2025-11-28T13:42:28.341000+00:00,9840,0,1275,0.9,0,33.8,26.4,46.0,1016.7
2025-11-28T13:43:28.352000+00:00,9840,101,1275,0.0,0,33.7,26.4,47.0,1016.7
2025-11-28T13:44:28.381000+00:00,9840,0,1275,0.7,0,33.3,26.3,47.0,1016.6
2025-11-28T13:45:28.388000+00:00,9840,224,1275,0.6,0,33.3,26.3,47.0,1016.7
2025-11-28T13:46:28.372000+00:00,9840,283,1275,0.0,0,33.3,26.3,47.0,1016.7
2025-11-28T13:47:28.401000+00:00,9840,26,1275,0.5,0,33.2,26.3,47.0,1016.7
2025-11-28T13:48:28.390000+00:00,9840,345,1275,0.6,0,33.2,26.3,47.0,1016.7
2025-11-28T13:49:28.403000+00:00,9840,1,1275,1.1,0,32.8,26.3,48.0,1016.7
2025-11-28T13:50:28.428000+00:00,9840,343,1275,0.9,0,32.8,26.3,47.0,1016.7
2025-11-28T13:51:28.425000+00:00,9840,330,1275,0.7,0,32.8,26.2,47.0,1016.7
2025-11-28T13:52:28.425000+00:00,9840,346,1275,1.8,0,32.5,26.2,47.0,1016.7
2025-11-28T13:53:28.424000+00:00,9840,332,1275,2.2,0,32.5,26.2,47.0,1016.8
2025-11-28T13:54:28.422000+00:00,9840,342,1275,2.2,0,32.5,26.1,47.0,1016.7
2025-11-28T13:55:28.443000+00:00,9840,340,1275,1.8,0,32.6,26.1,47.0,1016.8
2025-11-28T13:56:28.460000+00:00,9840,350,1275,2.1,0,32.5,26.1,47.0,1016.8
2025-11-28T13:57:28.466000+00:00,9840,14,1275,1.4,0,32.4,26.1,47.0,1016.7
2025-11-28T13:58:28.461000+00:00,9840,333,1275,2.4,0,32.4,26.1,47.0,1016.8
2025-11-28T13:59:28.525000+00:00,9840,346,1275,1.2,0,32.2,26.1,47.0,1016.9
2025-11-28T14:00:28.549000+00:00,9840,341,1275,1.5,0,32.2,26.1,48.0,1016.9
2025-11-28T14:01:28.547000+00:00,9840,325,1275,2.2,0,32.2,26.0,47.0,1016.8
2025-11-28T14:02:28.558000+00:00,9840,330,1275,1.3,0,32.0,26.0,48.0,1016.8
2025-11-28T14:03:28.558000+00:00,9840,353,1275,1.5,0,32.1,26.0,48.0,1016.9
2025-11-28T14:04:28.558000+00:00,9840,335,1275,1.2,0,32.1,26.0,47.0,1016.9
2025-11-28T14:05:28.559000+00:00,9840,276,1275,1.5,0,32.1,26.0,47.0,1016.9
2025-11-28T14:06:28.575000+00:00,9840,328,1275,1.0,0,32.1,26.0,47.0,1016.9
2025-11-28T14:07:28.587000+00:00,9840,350,1275,0.8,0,32.1,25.9,47.0,1017.0
2025-11-28T14:08:28.581000+00:00,9840,301,1275,1.6,0,31.9,25.9,47.0,1017.0
2025-11-28T14:09:28.587000+00:00,9840,356,1275,1.3,0,31.9,25.9,48.0,1016.9
2025-11-28T14:10:28.587000+00:00,9840,335,1275,1.5,0,31.8,25.9,48.0,1016.9
2025-11-28T14:11:28.587000+00:00,9840,359,1275,2.1,0,31.3,25.8,48.0,1017.0
2025-11-28T14:12:28.599000+00:00,9840,359,1275,2.1,0,31.5,25.8,48.0,1016.9
2025-11-28T14:13:28.592000+00:00,9840,349,1275,1.6,0,31.6,25.8,48.0,1017.0
2025-11-28T14:14:28.627000+00:00,9840,355,1275,2.0,0,31.6,25.7,48.0,1016.9
2025-11-28T14:15:28.602000+00:00,9840,357,1275,1.9,0,31.6,25.7,48.0,1016.9
2025-11-28T14:16:28.610000+00:00,9840,339,1275,1.7,0,31.4,25.7,48.0,1017.0
2025-11-28T14:17:28.599000+00:00,9840,345,1275,1.1,0,31.3,25.6,48.0,1017.1
2025-11-28T14:18:28.598000+00:00,9840,338,1275,2.2,0,31.3,25.5,48.0,1017.0
2025-11-28T14:19:28.599000+00:00,9840,337,1275,2.0,0,31.2,25.5,48.0,1017.0
2025-11-28T14:20:28.599000+00:00,9840,337,1275,2.0,0,31.2,25.5,49.0,1017.1
2025-11-28T14:21:28.600000+00:00,9840,351,1275,2.0,0,31.2,25.5,49.0,1017.0
2025-11-28T14:22:28.612000+00:00,9840,345,1275,2.5,0,31.1,25.5,49.0,1017.1
2025-11-28T14:23:28.600000+00:00,9840,333,1275,1.3,0,31.2,25.4,49.0,1017.0
2025-11-28T14:24:28.622000+00:00,9840,0,1275,1.1,0,31.2,25.4,49.0,1017.1
2025-11-28T14:25:28.619000+00:00,9840,22,1275,1.5,0,31.2,25.4,49.0,1017.1
2025-11-28T14:26:28.614000+00:00,9840,317,1275,1.3,0,31.2,25.4,49.0,1017.1
2025-11-28T14:27:28.614000+00:00,9840,31,1275,1.2,0,31.2,25.4,49.0,1017.2
2025-11-28T14:28:28.630000+00:00,9840,343,1275,1.2,0,31.2,25.4,49.0,1017.1
2025-11-28T14:29:28.642000+00:00,9840,326,1275,1.3,0,31.0,25.3,49.0,1017.2
2025-11-28T14:30:28.638000+00:00,9840,335,1275,1.2,0,31.0,25.3,49.0,1017.1
2025-11-28T14:31:28.654000+00:00,9840,289,1275,1.6,0,31.0,25.3,49.0,1017.1
2025-11-28T14:32:28.681000+00:00,9840,316,1275,0.8,0,31.0,25.3,49.0,1017.1
2025-11-28T14:33:28.709000+00:00,9840,358,1275,1.0,0,31.0,25.2,50.0,1017.3
2025-11-28T14:34:28.742000+00:00,9840,353,1275,1.3,0,30.9,25.2,50.0,1017.2
2025-11-28T14:35:28.656000+00:00,9840,350,1275,1.4,0,30.8,25.1,50.0,1017.2
2025-11-28T14:36:28.671000+00:00,9840,346,1275,1.7,0,30.8,25.1,50.0,1017.2
2025-11-29T13:18:34.948000+00:00,9845,340,1275,2.9,0,32.6,26.0,47.0,1015.0
2025-11-29T13:19:34.949000+00:00,9845,353,1275,3.0,0,32.6,26.0,47.0,1015.1
2025-11-29T13:20:34.961000+00:00,9845,344,1275,2.8,0,32.6,25.9,47.0,1015.0
2025-11-29T13:21:34.958000+00:00,9845,338,1275,2.7,0,32.6,25.9,47.0,1015.0
2025-11-29T13:22:34.950000+00:00,9845,352,1275,2.5,0,32.6,25.9,47.0,1015.1
2025-11-29T13:23:35.042000+00:00,9845,352,1275,2.5,0,32.6,25.9,47.0,1015.1
2025-11-29T13:24:35.021000+00:00,9845,352,1275,2.5,0,32.6,25.9,47.0,1015.1
2025-11-29T13:25:35.037000+00:00,9845,335,1275,2.6,0,32.3,25.8,47.0,1015.0
2025-11-29T13:26:35.028000+00:00,9845,342,1275,2.7,0,32.3,25.8,47.0,1015.0
2025-11-29T13:27:35.041000+00:00,9845,351,1275,3.0,0,32.2,25.8,48.0,1015.0
2025-11-29T13:28:35.033000+00:00,9845,348,1275,2.9,0,32.4,25.8,48.0,1015.0
2025-11-29T13:29:35.038000+00:00,9845,342,1275,3.0,0,32.5,25.7,48.0,1015.1
2025-11-29T13:30:35.030000+00:00,9845,342,1275,3.1,0,32.5,25.7,48.0,1015.0
2025-11-29T13:31:35.038000+00:00,9845,334,1275,3.2,0,32.5,25.7,48.0,1015.1
2025-11-29T13:32:35.041000+00:00,9845,348,1275,3.4,0,32.3,25.7,48.0,1015.1
2025-11-29T13:33:35.043000+00:00,9845,352,1275,2.5,0,32.3,25.7,49.0,1015.1
2025-11-29T13:34:35.028000+00:00,9845,344,1275,2.3,0,32.2,25.6,48.0,1015.1
2025-11-29T13:35:35.032000+00:00,9845,345,1275,2.1,0,32.3,25.7,48.0,1015.1
2025-11-29T13:36:35.045000+00:00,9845,336,1275,2.3,0,32.3,25.6,48.0,1015.1
2025-11-29T13:37:35.044000+00:00,9845,347,1275,2.7,0,32.2,25.6,48.0,1015.1
2025-11-29T13:38:35.035000+00:00,9845,334,1275,2.7,0,32.1,25.6,48.0,1015.1
2025-11-29T13:39:35.047000+00:00,9845,336,1275,2.4,0,32.1,25.6,48.0,1015.2
2025-11-29T13:40:35.057000+00:00,9845,342,1275,2.1,0,32.1,25.6,48.0,1015.2
2025-11-29T13:41:35.048000+00:00,9845,341,1275,2.6,0,32.1,25.6,48.0,1015.2
2025-11-29T13:42:35.048000+00:00,9845,343,1275,2.5,0,31.9,25.5,48.0,1015.2
2025-11-29T13:43:35.052000+00:00,9845,0,1275,2.3,0,32.2,25.5,48.0,1015.2
2025-11-29T13:44:35.049000+00:00,9845,356,1275,1.9,0,32.2,25.5,48.0,1015.1
2025-11-29T13:45:35.040000+00:00,9845,332,1275,2.7,0,32.1,25.5,48.0,1015.2
2025-11-29T13:46:35.047000+00:00,9845,348,1275,2.1,0,31.9,25.4,48.0,1015.2
2025-11-29T13:47:35.067000+00:00,9845,343,1275,2.4,0,32.1,25.4,48.0,1015.2
2025-11-29T13:48:35.053000+00:00,9845,344,1275,2.3,0,31.8,25.4,48.0,1015.3
2025-11-29T13:49:35.059000+00:00,9845,333,1275,2.8,0,31.8,25.3,48.0,1015.2
2025-11-29T13:50:35.069000+00:00,9845,338,1275,2.7,0,31.8,25.3,49.0,1015.2
2025-11-29T13:51:35.085000+00:00,9845,342,1275,2.4,0,31.6,25.2,49.0,1015.3
2025-11-29T13:52:35.071000+00:00,9845,348,1275,2.9,0,31.5,25.2,49.0,1015.3
2025-11-29T13:53:35.054000+00:00,9845,346,1275,2.5,0,31.5,25.2,49.0,1015.3
2025-11-29T13:54:35.055000+00:00,9845,355,1275,2.4,0,31.4,25.2,49.0,1015.2
2025-11-29T13:55:35.069000+00:00,9845,347,1275,2.7,0,31.6,25.2,49.0,1015.4
2025-11-29T13:56:35.065000+00:00,9845,342,1275,2.3,0,31.7,25.1,49.0,1015.2
2025-11-29T13:57:35.059000+00:00,9845,350,1275,2.5,0,31.7,25.1,49.0,1015.4
2025-11-29T13:58:35.060000+00:00,9845,345,1275,3.0,0,31.4,25.1,49.0,1015.4
2025-11-29T13:59:35.065000+00:00,9845,347,1275,2.4,0,31.4,25.1,50.0,1015.4
2025-11-29T14:00:35.063000+00:00,9845,356,1275,2.2,0,31.4,25.1,50.0,1015.3
2025-11-29T14:01:35.054000+00:00,9845,344,1275,2.7,0,31.4,25.1,50.0,1015.4
2025-11-29T14:02:35.069000+00:00,9845,340,1275,2.6,0,31.3,25.0,50.0,1015.3
2025-11-29T14:03:35.070000+00:00,9845,346,1275,2.8,0,31.3,25.0,50.0,1015.4
2025-11-29T14:04:35.068000+00:00,9845,1,1275,2.3,0,31.2,25.0,50.0,1015.4
2025-11-29T14:05:35.095000+00:00,9845,348,1275,2.5,0,31.3,25.0,50.0,1015.4
2025-11-29T14:06:35.079000+00:00,9845,346,1275,2.4,0,31.4,25.0,50.0,1015.5
2025-11-29T14:07:35.057000+00:00,9845,331,1275,1.5,0,31.2,25.0,50.0,1015.4
2025-11-29T14:08:35.072000+00:00,9845,167,1275,2.1,0,31.0,25.0,50.0,1015.5
2025-11-29T14:09:35.065000+00:00,9845,349,1275,1.7,0,31.0,25.0,50.0,1015.4
2025-11-29T14:10:35.078000+00:00,9845,342,1275,1.7,0,31.1,25.0,50.0,1015.6
2025-11-29T14:11:35.066000+00:00,9845,356,1275,1.8,0,31.1,24.9,50.0,1015.6
2025-11-29T14:12:35.073000+00:00,9845,355,1275,1.3,0,30.9,24.9,50.0,1015.5
2025-11-29T14:13:35.290000+00:00,9845,323,1275,1.5,0,30.9,24.9,50.0,1015.5
2025-11-29T14:14:35.076000+00:00,9845,348,1275,2.1,0,30.9,24.8,51.0,1015.5
2025-11-29T14:15:35.081000+00:00,9845,357,1275,0.9,0,30.9,24.8,50.0,1015.6
2025-11-29T14:16:35.071000+00:00,9845,334,1275,1.6,0,31.0,24.8,50.0,1015.5
2025-11-29T14:17:35.085000+00:00,9845,339,1275,1.6,0,30.7,24.8,51.0,1015.5
2025-11-29T14:18:35.076000+00:00,9845,349,1275,1.8,0,30.7,24.8,50.0,1015.6
2025-11-29T14:19:35.077000+00:00,9845,19,1275,1.7,0,30.7,24.7,50.0,1015.6
2025-11-29T14:20:35.084000+00:00,9845,324,1275,1.9,0,30.7,24.7,50.0,1015.6
2025-11-29T14:21:35.083000+00:00,9845,127,1275,1.8,0,30.7,24.6,51.0,1015.6
2025-11-29T14:22:35.085000+00:00,9845,336,1275,2.6,0,30.7,24.6,50.0,1015.7
2025-11-29T14:23:35.090000+00:00,9845,336,1275,2.6,0,30.7,24.6,50.0,1015.7
2025-11-29T14:24:35.095000+00:00,9845,266,1275,1.7,0,30.7,24.6,50.0,1015.7
2025-11-29T14:25:35.085000+00:00,9845,2,1275,1.3,0,30.7,24.5,50.0,1015.7
2025-11-29T14:26:35.082000+00:00,9845,6,1275,1.3,0,30.8,24.5,50.0,1015.6
2025-11-29T14:27:35.108000+00:00,9845,10,1275,1.0,0,30.6,24.5,50.0,1015.7
2025-11-29T14:28:35.124000+00:00,9845,359,1275,1.5,0,30.6,24.5,50.0,1015.8
2025-11-29T14:29:35.124000+00:00,9845,352,1275,1.5,0,30.2,24.5,50.0,1015.7
2025-11-29T14:30:35.143000+00:00,9845,321,1275,1.6,0,30.2,24.5,51.0,1015.7
2025-11-29T14:31:35.127000+00:00,9845,20,1275,2.1,0,30.3,24.4,51.0,1015.8
2025-11-29T14:32:35.133000+00:00,9845,276,1275,0.8,0,30.3,24.4,51.0,1015.8
2025-11-29T14:33:35.159000+00:00,9845,317,1275,0.9,0,30.3,24.4,51.0,1015.7
2025-11-29T17:48:35.829000+00:00,9846,328,1275,0.9,0,26.3,21.0,74.0,1016.6
2025-11-29T17:49:35.829000+00:00,9846,18,1275,1.0,0,26.3,20.9,74.0,1016.7
2025-11-29T17:50:35.844000+00:00,9846,15,1275,1.0,0,26.2,20.9,74.0,1016.7
2025-11-29T17:51:35.829000+00:00,9846,16,1275,1.2,0,26.1,20.9,74.0,1016.6
2025-11-29T17:52:35.844000+00:00,9846,353,1275,0.9,0,26.1,20.9,74.0,1016.6
2025-11-29T17:53:35.864000+00:00,9846,9,1275,0.9,0,26.1,20.8,75.0,1016.7
2025-11-29T17:54:35.886000+00:00,9846,18,1275,1.1,0,26.2,20.9,75.0,1016.6
2025-11-29T17:55:35.876000+00:00,9846,353,1275,1.2,0,26.2,20.9,75.0,1016.7
2025-11-29T17:56:35.910000+00:00,9846,7,1275,1.0,0,26.2,20.8,75.0,1016.6
2025-11-29T17:57:35.906000+00:00,9846,48,1275,1.1,0,26.1,20.8,75.0,1016.6
2025-11-29T17:58:35.906000+00:00,9846,351,1275,0.9,0,26.1,20.8,75.0,1016.7
2025-11-29T17:59:35.918000+00:00,9846,19,1275,0.7,0,25.6,20.7,75.0,1016.7
2025-11-29T18:00:35.924000+00:00,9846,325,1275,0.9,0,25.6,20.7,75.0,1016.6
2025-11-29T18:01:35.940000+00:00,9846,345,1275,1.2,0,25.6,20.6,75.0,1016.7
2025-11-29T18:02:35.915000+00:00,9846,27,1275,1.3,0,25.7,20.6,75.0,1016.5
2025-11-29T18:03:35.925000+00:00,9846,20,1275,1.0,0,25.7,20.6,75.0,1016.6
2025-11-29T18:04:35.913000+00:00,9846,2,1275,1.1,0,25.8,20.6,75.0,1016.6
2025-11-29T18:05:35.922000+00:00,9846,23,1275,0.9,0,25.9,20.7,75.0,1016.6
2025-11-29T18:06:35.920000+00:00,9846,25,1275,0.9,0,26.0,20.7,75.0,1016.5
2025-11-29T18:07:35.938000+00:00,9846,14,1275,0.6,0,26.1,20.7,75.0,1016.6
2025-11-29T18:08:35.923000+00:00,9846,206,1275,0.7,0,26.2,20.7,75.0,1016.6
2025-11-29T18:09:35.923000+00:00,9846,324,1275,0.5,0,26.2,20.8,74.0,1016.6
2025-11-29T18:10:35.919000+00:00,9846,285,1275,0.6,0,26.1,20.7,74.0,1016.6
2025-11-29T18:11:35.920000+00:00,9846,276,1275,0.7,0,25.7,20.7,74.0,1016.6
2025-11-29T18:12:35.920000+00:00,9846,276,1275,0.7,0,25.7,20.7,74.0,1016.6
2025-11-29T18:13:35.940000+00:00,9846,276,1275,0.7,0,25.7,20.7,74.0,1016.6
2025-11-29T18:14:35.925000+00:00,9846,232,1275,0.5,0,26.0,20.7,74.0,1016.6
2025-11-29T18:15:35.933000+00:00,9846,27,1275,0.8,0,26.0,20.8,74.0,1016.6
2025-11-29T18:16:35.933000+00:00,9846,24,1275,0.7,0,26.0,20.7,74.0,1016.6
2025-11-29T18:17:35.934000+00:00,9846,196,1275,0.7,0,26.1,20.7,74.0,1016.6
2025-11-29T18:18:35.932000+00:00,9846,330,1275,1.1,0,25.9,20.7,74.0,1016.7
2025-11-29T18:19:35.932000+00:00,9846,232,1275,0.5,0,25.7,20.7,74.0,1016.6
2025-11-29T18:20:35.940000+00:00,9846,0,1275,0.8,0,25.7,20.7,74.0,1016.6
2025-11-29T18:21:35.947000+00:00,9846,0,1275,0.0,0,25.7,20.7,74.0,1016.7
2025-11-29T18:22:35.927000+00:00,9846,336,1275,0.5,0,25.7,20.7,74.0,1016.6
2025-11-29T18:23:35.942000+00:00,9846,344,1275,0.6,0,25.6,20.6,74.0,1016.6
2025-11-29T18:24:35.948000+00:00,9846,304,1275,0.8,0,25.3,20.6,74.0,1016.6
2025-11-29T18:25:35.943000+00:00,9846,354,1275,0.9,0,25.3,20.6,75.0,1016.6
2025-11-29T18:26:35.936000+00:00,9846,327,1275,0.6,0,25.3,20.5,75.0,1016.6
2025-11-29T18:27:35.937000+00:00,9846,322,1275,0.7,0,25.3,20.5,75.0,1016.5
2025-11-29T18:28:35.943000+00:00,9846,328,1275,0.7,0,25.3,20.5,75.0,1016.5
2025-11-29T18:29:35.943000+00:00,9846,329,1275,0.7,0,25.4,20.5,75.0,1016.4
2025-11-29T18:30:35.943000+00:00,9846,216,1275,0.7,0,25.6,20.5,75.0,1016.6
2025-11-29T18:31:35.959000+00:00,9846,349,1275,0.3,0,25.8,20.5,75.0,1016.5
2025-11-29T18:32:35.938000+00:00,9846,341,1275,0.8,0,25.8,20.5,75.0,1016.6
2025-11-29T18:33:35.976000+00:00,9846,298,1275,0.6,0,25.8,20.5,75.0,1016.5
2025-11-29T18:34:35.984000+00:00,9846,0,1275,0.7,0,25.7,20.5,75.0,1016.6
2025-11-29T18:35:35.953000+00:00,9846,0,1275,0.0,0,25.8,20.5,74.0,1016.6
2025-11-29T18:36:35.932000+00:00,9846,189,1275,0.6,0,25.6,20.5,74.0,1016.6
2025-11-29T18:37:35.951000+00:00,9846,243,1275,0.8,0,25.8,20.5,74.0,1016.6
2025-11-29T18:38:35.942000+00:00,9846,330,1275,0.4,0,25.8,20.5,74.0,1016.6
2025-11-29T18:39:35.949000+00:00,9846,333,1275,1.0,0,25.6,20.4,74.0,1016.5
2025-11-29T18:40:35.951000+00:00,9846,319,1275,1.0,0,25.3,20.4,74.0,1016.5
2025-11-29T18:41:35.942000+00:00,9846,332,1275,1.0,0,25.3,20.4,74.0,1016.5
2025-11-29T18:42:35.962000+00:00,9846,356,1275,0.8,0,25.3,20.4,74.0,1016.5
2025-11-29T18:43:35.951000+00:00,9846,329,1275,0.6,0,25.5,20.4,74.0,1016.5
2025-11-29T18:44:36.023000+00:00,9846,0,1275,0.6,0,25.5,20.4,74.0,1016.5
2025-11-29T18:45:35.950000+00:00,9846,301,1275,0.5,0,25.3,20.4,74.0,1016.4
2025-11-29T18:46:35.959000+00:00,9846,0,1275,0.4,0,24.9,20.4,74.0,1016.5
2025-11-29T18:47:35.965000+00:00,9846,34,1275,0.6,0,24.9,20.3,75.0,1016.5
2025-11-29T18:48:35.962000+00:00,9846,356,1275,0.9,0,25.2,20.3,75.0,1016.4
2025-11-29T18:49:35.954000+00:00,9846,4,1275,0.8,0,25.0,20.3,75.0,1016.5
2025-11-29T18:50:35.970000+00:00,9846,0,1275,0.7,0,24.8,20.3,75.0,1016.4
2025-11-29T18:51:36.001000+00:00,9846,0,1275,0.6,0,24.8,20.3,75.0,1016.5
2025-11-29T18:52:36.001000+00:00,9846,1,1275,0.4,0,24.9,20.3,75.0,1016.5
2025-11-29T18:53:36.023000+00:00,9846,14,1275,1.2,0,24.9,20.3,76.0,1016.5
2025-11-29T18:54:36.038000+00:00,9846,336,1275,1.0,0,24.9,20.2,75.0,1016.5
2025-11-29T18:55:36.023000+00:00,9846,15,1275,0.9,0,25.0,20.3,76.0,1016.6
2025-11-29T18:56:36.024000+00:00,9846,298,1275,0.9,0,25.0,20.3,75.0,1016.5
2025-11-29T18:57:36.042000+00:00,9846,0,1275,0.0,0,25.0,20.3,75.0,1016.5
2025-11-29T18:58:36.054000+00:00,9846,1,1275,0.6,0,24.9,20.3,75.0,1016.5
2025-11-29T18:59:36.085000+00:00,9846,354,1275,1.3,0,24.9,20.2,75.0,1016.5
2025-11-29T19:00:36.072000+00:00,9846,4,1275,1.1,0,24.7,20.2,75.0,1016.5
2025-11-29T19:01:36.078000+00:00,9846,26,1275,0.9,0,24.7,20.2,76.0,1016.5
2025-11-29T19:02:36.079000+00:00,9846,10,1275,0.8,0,24.6,20.2,75.0,1016.5
2025-11-29T19:03:36.082000+00:00,9846,2,1275,1.0,0,24.7,20.2,76.0,1016.5
2025-11-29T19:04:36.113000+00:00,9846,334,1275,0.5,0,24.7,20.1,76.0,1016.5
2025-11-29T19:05:36.139000+00:00,9846,18,1275,1.0,0,25.0,20.1,75.0,1016.6
2025-11-29T19:06:36.108000+00:00,9846,20,1275,0.8,0,25.0,20.1,75.0,1016.6
2025-11-29T19:07:36.103000+00:00,9846,38,1275,0.6,0,24.9,20.2,75.0,1016.4
2025-11-29T19:08:36.103000+00:00,9846,316,1275,0.3,0,24.9,20.2,75.0,1016.6
2025-11-29T19:09:36.104000+00:00,9846,353,1275,0.3,0,24.7,20.1,75.0,1016.5
2025-11-29T19:10:36.114000+00:00,9846,0,1275,0.7,0,24.7,20.1,75.0,1016.5
2025-11-29T19:11:36.104000+00:00,9846,12,1275,0.8,0,24.8,20.1,75.0,1016.5
2025-11-29T19:12:36.127000+00:00,9846,12,1275,0.8,0,24.8,20.1,75.0,1016.5
2025-11-29T19:13:36.127000+00:00,9846,13,1275,0.8,0,24.8,20.1,75.0,1016.5
2025-12-05T09:15:55.203000+00:00,9832,122,1276,1.0,0,34.4,27.1,48.0,1017.1
2025-12-05T09:16:55.209000+00:00,9832,261,1276,0.7,0,34.4,27.1,48.0,1017.1
2025-12-05T09:17:55.221000+00:00,9832,188,1276,0.6,0,33.9,27.1,46.0,1017.1
2025-12-05T09:18:55.203000+00:00,9832,135,1276,1.1,0,33.9,27.1,46.0,1017.0
2025-12-05T09:19:55.904000+00:00,9832,128,1276,2.0,0,34.1,27.2,46.0,1017.1
2025-12-05T09:20:55.218000+00:00,9832,136,1276,2.0,0,34.4,27.3,47.0,1017.1
2025-12-05T09:21:55.204000+00:00,9832,113,1276,1.9,0,34.6,27.3,46.0,1017.0
2025-12-05T09:22:55.211000+00:00,9832,111,1276,1.2,0,34.5,27.3,45.0,1017.1
2025-12-05T09:23:55.217000+00:00,9832,120,1276,1.4,0,34.6,27.3,45.0,1017.1
2025-12-05T09:24:55.217000+00:00,9832,116,1276,1.7,0,34.9,27.4,44.0,1017.1
2025-12-05T09:25:55.211000+00:00,9832,159,1276,1.1,0,34.9,27.4,45.0,1017.2
2025-12-05T09:27:02.723000+00:00,9832,209,1276,1.1,0,35.0,27.5,44.0,1017.1
2025-12-05T09:27:55.209000+00:00,9832,226,1276,1.3,0,35.0,27.6,44.0,1017.1
2025-12-05T09:28:55.219000+00:00,9832,148,1276,1.4,0,35.0,27.6,44.0,1017.0
2025-12-05T09:29:55.217000+00:00,9832,170,1276,1.2,0,35.0,27.7,44.0,1017.0
2025-12-05T09:30:55.842000+00:00,9832,135,1276,1.1,0,35.0,27.7,44.0,1017.0
2025-12-05T09:31:55.208000+00:00,9832,222,1276,1.5,0,34.9,27.7,45.0,1017.1
2025-12-05T09:32:56.561000+00:00,9832,239,1276,1.2,0,34.7,27.9,45.0,1017.1
2025-12-05T09:33:55.661000+00:00,9832,231,1276,1.1,0,34.0,27.9,46.0,1017.2
2025-12-05T09:34:55.759000+00:00,9832,239,1276,1.1,0,34.0,27.9,45.0,1017.2
2025-12-05T09:35:55.853000+00:00,9832,246,1276,1.2,0,33.9,27.9,45.0,1017.2
2025-12-05T09:36:55.225000+00:00,9832,248,1276,1.4,0,34.0,27.9,45.0,1017.2
2025-12-05T09:37:55.229000+00:00,9832,260,1276,2.2,0,33.8,27.9,44.0,1017.2
2025-12-05T09:38:55.689000+00:00,9832,290,1276,1.1,0,33.5,27.9,45.0,1017.2
2025-12-05T09:39:55.223000+00:00,9832,260,1276,0.8,0,33.5,27.8,45.0,1017.0
2025-12-05T09:40:55.951000+00:00,9832,241,1276,1.4,0,33.7,27.8,44.0,1017.1
2025-12-05T09:41:55.227000+00:00,9832,271,1276,1.0,0,33.4,27.7,45.0,1017.0
2025-12-05T09:42:55.223000+00:00,9832,266,1276,1.2,0,33.1,27.7,46.0,1016.9
2025-12-05T09:43:55.230000+00:00,9832,244,1276,1.6,0,33.3,27.8,45.0,1017.0
2025-12-05T09:44:55.876000+00:00,9832,291,1276,1.7,0,33.5,27.7,44.0,1016.8
2025-12-05T09:45:55.963000+00:00,9832,258,1276,1.9,0,33.5,27.8,44.0,1016.8
2025-12-05T09:46:55.551000+00:00,9832,240,1276,1.0,0,33.4,27.9,44.0,1016.9
2025-12-05T09:47:55.641000+00:00,9832,240,1276,0.8,0,33.3,27.9,44.0,1017.0
2025-12-05T09:48:55.720000+00:00,9832,235,1276,1.6,0,33.4,27.9,44.0,1016.9
2025-12-05T09:49:55.287000+00:00,9832,291,1276,1.2,0,33.3,27.9,44.0,1016.9
2025-12-05T09:50:55.314000+00:00,9832,296,1276,1.1,0,33.2,27.9,45.0,1016.7
2025-12-05T09:51:55.930000+00:00,9832,318,1276,1.5,0,33.3,27.8,45.0,1016.8
2025-12-05T09:52:55.339000+00:00,9832,88,1276,1.0,0,33.2,27.7,44.0,1016.8
2025-12-05T09:53:55.593000+00:00,9832,313,1276,1.0,0,33.2,27.7,44.0,1016.7
2025-12-05T09:54:55.672000+00:00,9832,269,1276,1.0,0,32.9,27.6,44.0,1016.8
2025-12-05T09:55:55.360000+00:00,9832,248,1276,0.7,0,32.9,27.6,45.0,1016.8
2025-12-05T09:56:55.369000+00:00,9832,297,1276,1.5,0,32.9,27.6,46.0,1016.8
2025-12-05T09:57:55.377000+00:00,9832,277,1276,0.6,0,32.9,27.7,46.0,1016.8
2025-12-05T09:58:55.545000+00:00,9832,238,1276,1.3,0,32.8,27.8,47.0,1016.8
2025-12-05T09:59:55.669000+00:00,9832,280,1276,1.6,0,32.8,27.7,48.0,1016.9
2025-12-05T10:00:55.376000+00:00,9832,286,1276,1.8,0,32.8,27.8,49.0,1016.9
2025-12-05T10:01:55.372000+00:00,9832,304,1276,2.2,0,32.9,27.7,50.0,1016.9
2025-12-05T10:02:55.364000+00:00,9832,260,1276,1.1,0,32.8,27.7,50.0,1016.9
2025-12-05T10:03:55.507000+00:00,9832,252,1276,1.2,0,32.9,27.5,48.0,1016.8
2025-12-05T10:04:56.093000+00:00,9832,320,1276,0.9,0,33.1,27.5,47.0,1016.9
2025-12-05T10:05:55.408000+00:00,9832,278,1276,1.0,0,33.4,27.6,47.0,1016.8
2025-12-05T10:06:55.411000+00:00,9832,297,1276,1.4,0,34.0,27.8,49.0,1016.8
2025-12-05T10:07:55.421000+00:00,9832,355,1276,1.6,0,34.2,27.8,48.0,1016.9
2025-12-05T10:08:56.112000+00:00,9832,287,1276,1.8,0,33.6,27.8,49.0,1016.9
2025-12-05T10:09:55.440000+00:00,9832,282,1276,1.6,0,33.4,27.8,49.0,1016.9
2025-12-05T10:10:55.463000+00:00,9832,284,1276,1.9,0,33.6,27.8,50.0,1016.9
2025-12-05T10:11:55.466000+00:00,9832,289,1276,2.1,0,33.7,27.8,49.0,1016.9
2025-12-05T10:12:55.986000+00:00,9832,278,1276,1.9,0,33.9,27.7,50.0,1016.9
2025-12-05T10:13:55.528000+00:00,9832,356,1276,1.6,0,33.9,27.6,49.0,1017.0
2025-12-05T10:14:55.506000+00:00,9832,284,1276,1.0,0,34.0,27.5,49.0,1016.8
2025-12-05T10:15:55.696000+00:00,9832,4,1276,1.5,0,34.3,27.5,49.0,1017.0
2025-12-05T10:16:55.516000+00:00,9832,282,1276,1.4,0,34.2,27.6,48.0,1017.0
2025-12-05T10:17:55.870000+00:00,9832,310,1276,1.0,0,34.1,27.5,48.0,1016.9
2025-12-05T10:18:55.985000+00:00,9832,276,1276,1.1,0,35.1,27.5,49.0,1016.9
2025-12-05T10:19:56.098000+00:00,9832,270,1276,1.1,0,35.2,27.6,49.0,1016.9
2025-12-05T10:20:56.193000+00:00,9832,265,1276,1.0,0,35.7,27.7,48.0,1016.8
2025-12-05T10:21:55.803000+00:00,9832,306,1276,1.3,0,35.7,27.8,48.0,1016.8
2025-12-05T10:22:55.515000+00:00,9832,281,1276,1.7,0,36.2,28.0,48.0,1016.8
2025-12-05T10:23:55.511000+00:00,9832,285,1276,2.2,0,36.3,28.1,46.0,1016.8
2025-12-05T10:24:55.523000+00:00,9832,267,1276,1.7,0,36.2,28.3,46.0,1016.7
2025-12-05T10:25:55.760000+00:00,9832,296,1276,1.8,0,36.2,28.3,45.0,1016.8
2025-12-05T10:26:55.529000+00:00,9832,299,1276,1.8,0,36.4,28.4,45.0,1016.7
2025-12-05T10:27:55.520000+00:00,9832,280,1276,1.7,0,36.4,28.4,45.0,1016.7
2025-12-05T10:28:56.143000+00:00,9832,251,1276,1.8,0,35.9,28.3,46.0,1016.7
2025-12-05T10:29:55.735000+00:00,9832,266,1276,1.6,0,35.6,28.3,46.0,1016.7
2025-12-05T10:30:56.300000+00:00,9832,268,1276,1.6,0,35.7,28.3,50.0,1016.8
2025-12-05T10:31:55.528000+00:00,9832,269,1276,1.5,0,35.5,28.3,50.0,1016.8
2025-12-05T10:32:55.537000+00:00,9832,277,1276,2.3,0,34.7,28.3,51.0,1016.8
2025-12-05T10:33:55.559000+00:00,9832,284,1276,1.6,0,34.5,28.2,51.0,1016.8
2025-12-05T10:34:55.577000+00:00,9832,258,1276,1.7,0,33.8,28.1,52.0,1016.8
2025-12-05T10:35:55.595000+00:00,9832,255,1276,1.6,0,33.6,27.9,53.0,1016.9
2025-12-05T10:36:55.606000+00:00,9832,249,1276,2.1,0,33.6,27.8,54.0,1016.7
2025-11-30T15:05:41.032000+00:00,9850,356,1275,2.6,0,29.8,23.7,65.0,1015.6
2025-11-30T15:06:41.034000+00:00,9850,348,1275,2.1,0,29.8,23.6,65.0,1015.6
2025-11-30T15:07:41.047000+00:00,9850,335,1275,2.2,0,29.6,23.6,65.0,1015.6
2025-11-30T15:08:41.060000+00:00,9850,359,1275,2.5,0,29.6,23.6,66.0,1015.6
2025-11-30T15:09:41.070000+00:00,9850,353,1275,2.6,0,29.5,23.6,65.0,1015.6
2025-11-30T15:10:41.079000+00:00,9850,343,1275,1.8,0,29.5,23.6,66.0,1015.6
2025-11-30T15:11:41.083000+00:00,9850,358,1275,2.3,0,29.4,23.5,66.0,1015.5
2025-11-30T15:12:41.098000+00:00,9850,344,1275,2.4,0,29.4,23.5,66.0,1015.6
2025-11-30T15:13:41.098000+00:00,9850,343,1275,2.3,0,29.4,23.5,66.0,1015.7
2025-11-30T15:14:41.118000+00:00,9850,8,1275,1.9,0,29.4,23.5,66.0,1015.6
2025-11-30T15:15:41.107000+00:00,9850,351,1275,2.1,0,29.7,23.5,66.0,1015.7
2025-11-30T15:16:41.121000+00:00,9850,356,1275,2.0,0,29.6,23.5,66.0,1015.6
2025-11-30T15:17:41.112000+00:00,9850,344,1275,2.7,0,29.4,23.5,66.0,1015.7
2025-11-30T15:18:41.127000+00:00,9850,4,1275,2.1,0,29.6,23.4,66.0,1015.8
2025-11-30T15:19:41.122000+00:00,9850,355,1275,2.3,0,29.6,23.4,66.0,1015.7
2025-11-30T15:20:41.124000+00:00,9850,351,1275,2.4,0,29.5,23.4,66.0,1015.8
2025-11-30T15:21:41.123000+00:00,9850,341,1275,2.3,0,29.3,23.4,66.0,1015.7
2025-11-30T15:22:41.122000+00:00,9850,343,1275,1.9,0,29.3,23.4,66.0,1015.8
2025-11-30T15:23:41.123000+00:00,9850,359,1275,1.4,0,29.4,23.3,66.0,1015.8
2025-11-30T15:24:41.122000+00:00,9850,359,1275,1.4,0,29.4,23.4,66.0,1015.8
2025-11-30T15:25:41.122000+00:00,9850,359,1275,1.4,0,29.4,23.4,66.0,1015.8
2025-11-30T15:26:41.136000+00:00,9850,340,1275,1.6,0,29.6,23.4,65.0,1015.8
2025-11-30T15:27:41.127000+00:00,9850,16,1275,1.6,0,29.8,23.4,65.0,1015.8
2025-11-30T15:28:41.120000+00:00,9850,343,1275,1.9,0,29.7,23.4,65.0,1015.9
2025-11-30T15:29:41.130000+00:00,9850,325,1275,1.4,0,29.6,23.4,65.0,1015.9
2025-11-30T15:30:41.124000+00:00,9850,327,1275,1.6,0,29.6,23.3,65.0,1016.0
2025-11-30T15:31:41.124000+00:00,9850,334,1275,1.4,0,29.7,23.3,65.0,1015.8
2025-11-30T15:32:41.125000+00:00,9850,334,1275,1.6,0,29.8,23.3,65.0,1015.9
2025-11-30T15:33:41.138000+00:00,9850,353,1275,2.2,0,29.5,23.3,65.0,1016.0
2025-11-30T15:34:41.138000+00:00,9850,353,1275,2.2,0,29.5,23.3,65.0,1016.0
2025-11-30T15:35:41.138000+00:00,9850,331,1275,1.4,0,29.3,23.2,66.0,1016.0
2025-11-30T15:36:41.141000+00:00,9850,334,1275,1.1,0,29.2,23.2,66.0,1016.0
2025-11-30T15:37:41.160000+00:00,9850,358,1275,1.2,0,29.1,23.2,66.0,1016.0
2025-11-30T15:38:41.159000+00:00,9850,353,1275,2.2,0,28.9,23.1,66.0,1016.0
2025-11-30T15:39:41.151000+00:00,9850,351,1275,1.4,0,28.7,23.1,66.0,1016.1
2025-11-30T15:40:41.184000+00:00,9850,345,1275,1.7,0,28.9,23.1,66.0,1016.1
2025-11-30T15:41:41.174000+00:00,9850,338,1275,1.5,0,28.9,23.1,66.0,1016.0
2025-11-30T15:42:41.190000+00:00,9850,4,1275,2.0,0,28.9,23.0,67.0,1016.0
2025-11-30T15:43:41.195000+00:00,9850,9,1275,1.9,0,28.6,23.0,67.0,1016.1
2025-11-30T15:44:41.181000+00:00,9850,359,1275,1.9,0,28.6,23.0,67.0,1016.1
2025-11-30T15:45:41.209000+00:00,9850,335,1275,1.8,0,28.6,23.0,67.0,1016.1
2025-11-30T15:46:41.218000+00:00,9850,336,1275,1.8,0,28.6,23.0,67.0,1016.1
2025-11-30T15:47:41.205000+00:00,9850,9,1275,1.8,0,28.7,23.0,67.0,1016.1
2025-11-30T15:48:41.207000+00:00,9850,348,1275,1.9,0,28.7,22.9,67.0,1016.0
2025-11-30T15:49:41.232000+00:00,9850,348,1275,2.0,0,29.1,22.9,67.0,1016.0
2025-11-30T15:50:41.247000+00:00,9850,359,1275,1.6,0,28.5,22.9,67.0,1016.1
2025-11-30T15:51:41.258000+00:00,9850,355,1275,1.5,0,28.5,22.9,67.0,1016.0
2025-11-30T15:52:41.252000+00:00,9850,344,1275,1.8,0,28.5,22.9,67.0,1016.0
2025-11-30T15:53:41.238000+00:00,9850,351,1275,1.5,0,28.5,22.9,68.0,1016.2
2025-11-30T15:54:41.245000+00:00,9850,352,1275,1.6,0,28.4,22.8,68.0,1016.1
2025-11-30T15:55:41.244000+00:00,9850,347,1275,1.7,0,28.5,22.8,67.0,1016.1
2025-11-30T15:56:41.306000+00:00,9850,4,1275,1.3,0,28.7,22.8,68.0,1016.1
2025-11-30T15:57:41.326000+00:00,9850,353,1275,1.3,0,28.5,22.8,67.0,1016.0
2025-11-30T15:58:41.327000+00:00,9850,337,1275,1.2,0,28.6,22.8,68.0,1016.1
2025-11-30T15:59:41.327000+00:00,9850,354,1275,1.3,0,28.6,22.7,68.0,1016.1
2025-11-30T16:00:41.344000+00:00,9850,337,1275,1.0,0,28.6,22.7,68.0,1016.0
2025-11-30T16:01:41.359000+00:00,9850,342,1275,1.8,0,28.3,22.7,68.0,1016.1
2025-11-30T16:02:41.374000+00:00,9850,343,1275,1.3,0,28.3,22.7,68.0,1016.1
2025-11-30T16:03:41.407000+00:00,9850,345,1275,1.3,0,28.5,22.7,68.0,1016.0
2025-11-30T16:04:41.407000+00:00,9850,348,1275,1.6,0,28.6,22.6,68.0,1016.1
2025-11-30T16:05:41.417000+00:00,9850,343,1275,1.6,0,28.5,22.6,69.0,1016.1
2025-11-30T16:06:41.408000+00:00,9850,332,1275,1.4,0,28.4,22.7,69.0,1016.1
2025-11-30T16:07:41.414000+00:00,9850,342,1275,1.3,0,28.3,22.7,69.0,1016.2
2025-11-30T16:08:41.430000+00:00,9850,155,1275,1.4,0,28.1,22.7,69.0,1016.2
2025-11-30T16:09:41.430000+00:00,9850,331,1275,1.5,0,28.3,22.7,69.0,1016.1
2025-11-30T16:10:41.432000+00:00,9850,329,1275,1.2,0,28.4,22.7,69.0,1016.1
2025-11-30T16:11:41.436000+00:00,9850,202,1275,0.6,0,28.5,22.7,68.0,1016.1
2025-11-30T16:12:41.434000+00:00,9850,11,1275,0.6,0,28.4,22.7,68.0,1016.2
2025-11-30T16:13:41.438000+00:00,9850,301,1275,0.6,0,28.4,22.7,68.0,1016.2
2025-11-30T16:14:41.453000+00:00,9850,276,1275,1.2,0,28.4,22.7,68.0,1016.1
2025-11-30T16:15:41.465000+00:00,9850,0,1275,0.0,0,28.4,22.7,68.0,1016.1
2025-11-30T16:16:41.474000+00:00,9850,352,1275,0.0,0,28.3,22.7,68.0,1016.2
2025-11-30T16:17:41.473000+00:00,9850,331,1275,0.3,0,28.2,22.6,68.0,1016.2
2025-11-30T16:18:41.473000+00:00,9850,113,1275,0.9,0,28.1,22.6,68.0,1016.1
2025-11-30T16:19:41.473000+00:00,9850,9,1275,0.8,0,28.2,22.6,68.0,1016.2
2025-11-30T16:20:41.476000+00:00,9850,359,1275,0.7,0,28.2,22.6,68.0,1016.2
2025-11-30T16:21:41.499000+00:00,9850,327,1275,0.8,0,28.0,22.5,69.0,1016.1
2025-11-30T16:22:41.505000+00:00,9850,348,1275,0.9,0,27.9,22.5,69.0,1016.1
2025-11-30T16:23:41.514000+00:00,9850,7,1275,1.5,0,28.0,22.5,69.0,1016.2
2025-11-30T16:24:41.531000+00:00,9850,211,1275,1.0,0,28.0,22.5,69.0,1016.1
2025-11-30T16:25:41.550000+00:00,9850,306,1275,1.1,0,28.0,22.5,69.0,1016.1
2025-11-30T16:26:41.562000+00:00,9850,0,1275,1.3,0,27.9,22.5,69.0,1016.0
2025-11-30T16:27:41.564000+00:00,9850,242,1275,0.3,0,28.0,22.5,69.0,1016.1
2025-11-30T16:28:41.564000+00:00,9850,31,1275,1.3,0,28.0,22.5,69.0,1016.1
2025-11-30T16:29:41.564000+00:00,9850,79,1275,1.6,0,28.1,22.5,69.0,1016.1
2025-11-30T16:30:41.562000+00:00,9850,331,1275,0.6,0,27.8,22.5,69.0,1016.2
2025-11-30T16:31:41.553000+00:00,9850,358,1275,0.6,0,27.7,22.5,70.0,1016.2
2025-11-30T16:32:41.562000+00:00,9850,0,1275,1.1,0,27.9,22.4,70.0,1016.2
2025-11-30T16:33:41.554000+00:00,9850,25,1275,0.6,0,28.0,22.5,70.0,1016.3
2025-11-30T16:34:41.555000+00:00,9850,29,1275,0.8,0,27.9,22.5,69.0,1016.2
2025-11-30T16:35:41.573000+00:00,9850,342,1275,1.1,0,27.9,22.5,70.0,1016.3
2025-11-30T16:36:41.617000+00:00,9850,8,1275,1.4,0,27.8,22.5,70.0,1016.2
2025-11-30T16:37:41.555000+00:00,9850,25,1275,1.5,0,27.8,22.5,70.0,1016.2
2025-11-30T16:38:41.571000+00:00,9850,0,1275,0.5,0,27.8,22.4,71.0,1016.2
2025-11-30T16:39:41.570000+00:00,9850,305,1275,0.6,0,27.8,22.4,71.0,1016.2
2025-11-30T16:40:41.565000+00:00,9850,0,1275,1.2,0,27.7,22.4,71.0,1016.3
2025-11-30T16:41:41.568000+00:00,9850,354,1275,1.0,0,27.7,22.3,71.0,1016.2
2025-11-30T16:42:41.584000+00:00,9850,43,1275,0.9,0,27.6,22.3,71.0,1016.2
2025-11-30T16:43:41.569000+00:00,9850,318,1275,1.1,0,27.6,22.3,71.0,1016.2
2025-11-30T16:44:41.585000+00:00,9850,214,1275,1.2,0,27.6,22.3,71.0,1016.2
2025-11-30T16:45:41.576000+00:00,9850,177,1275,1.0,0,27.6,22.2,71.0,1016.2
2025-11-30T16:46:41.570000+00:00,9850,5,1275,0.6,0,27.6,22.2,71.0,1016.2
2025-11-30T16:47:41.582000+00:00,9850,113,1275,1.2,0,27.7,22.2,71.0,1016.3
2025-11-30T16:48:41.588000+00:00,9850,157,1275,0.8,0,27.6,22.2,71.0,1016.2
2025-11-30T16:49:41.572000+00:00,9850,0,1275,0.8,0,27.6,22.2,71.0,1016.2
2025-11-30T16:50:41.588000+00:00,9850,236,1275,0.5,0,27.7,22.2,71.0,1016.2
2025-11-30T16:51:41.588000+00:00,9850,230,1275,0.6,0,27.9,22.3,71.0,1016.2
2025-11-30T16:52:41.589000+00:00,9850,45,1275,1.1,0,27.8,22.2,71.0,1016.1
2025-11-30T16:53:41.580000+00:00,9850,38,1275,0.8,0,27.4,22.2,71.0,1016.2
2025-11-30T16:54:41.581000+00:00,9850,182,1275,0.6,0,27.4,22.2,71.0,1016.2
2025-11-30T16:55:41.578000+00:00,9850,342,1275,0.3,0,27.4,22.2,71.0,1016.2
2025-11-30T16:56:41.594000+00:00,9850,132,1275,0.6,0,27.4,22.2,71.0,1016.2
2025-11-30T16:57:41.580000+00:00,9850,272,1275,0.3,0,27.6,22.1,71.0,1016.3
2025-11-30T16:58:41.590000+00:00,9850,205,1275,0.4,0,27.8,22.1,71.0,1016.2
2025-11-30T16:59:41.612000+00:00,9850,246,1275,0.6,0,27.8,22.1,71.0,1016.3
2025-11-30T17:00:41.610000+00:00,9850,308,1275,0.7,0,27.6,22.1,71.0,1016.2
2025-11-30T17:01:41.602000+00:00,9850,11,1275,0.9,0,27.4,22.1,71.0,1016.2
2025-11-30T17:02:41.634000+00:00,9850,0,1275,0.7,0,27.4,22.1,71.0,1016.3
2025-11-30T17:03:41.622000+00:00,9850,39,1275,0.5,0,27.4,22.1,72.0,1016.2
2025-11-30T17:04:41.637000+00:00,9850,176,1275,0.7,0,27.3,22.0,72.0,1016.2
2025-11-30T17:05:41.642000+00:00,9850,35,1275,1.0,0,27.3,22.0,72.0,1016.2
2025-11-30T17:06:41.639000+00:00,9850,339,1275,1.1,0,27.3,22.0,72.0,1016.3
2025-11-30T17:07:41.658000+00:00,9850,63,1275,0.7,0,27.1,22.0,72.0,1016.3
2025-11-30T17:08:41.638000+00:00,9850,21,1275,0.0,0,27.4,22.0,72.0,1016.2
2025-11-30T17:09:41.651000+00:00,9850,346,1275,1.7,0,27.4,22.0,72.0,1016.3
2025-11-30T17:10:41.654000+00:00,9850,23,1275,1.0,0,27.3,22.0,72.0,1016.3
2025-11-30T17:11:41.654000+00:00,9850,18,1275,1.4,0,27.3,21.9,72.0,1016.3
2025-11-30T17:12:41.657000+00:00,9850,15,1275,1.3,0,27.2,21.9,73.0,1016.3
2025-11-30T17:13:41.656000+00:00,9850,8,1275,1.3,0,27.1,21.9,73.0,1016.2
2025-11-30T17:14:41.672000+00:00,9850,20,1275,1.1,0,27.2,21.9,73.0,1016.3
2025-11-30T17:15:41.703000+00:00,9850,269,1275,0.6,0,27.1,21.9,73.0,1016.4
2025-11-30T17:16:41.701000+00:00,9850,10,1275,0.6,0,27.1,21.9,73.0,1016.3
2025-11-30T17:17:41.693000+00:00,9850,45,1275,0.8,0,27.0,21.8,73.0,1016.4
2025-11-30T17:18:41.709000+00:00,9850,304,1275,1.3,0,27.1,21.8,73.0,1016.4
2025-11-30T17:19:41.740000+00:00,9850,327,1275,0.6,0,27.0,21.8,73.0,1016.4
2025-11-30T17:20:41.726000+00:00,9850,240,1275,0.9,0,27.0,21.7,73.0,1016.3
2025-11-30T17:21:41.731000+00:00,9850,3,1275,1.2,0,27.1,21.7,73.0,1016.3
2025-11-30T17:22:41.728000+00:00,9850,290,1275,0.7,0,27.1,21.7,73.0,1016.4
2025-11-30T17:23:41.728000+00:00,9850,20,1275,0.8,0,27.0,21.7,73.0,1016.4
2025-11-30T17:24:41.742000+00:00,9850,1,1275,1.1,0,26.8,21.7,73.0,1016.3
2025-11-30T17:25:41.743000+00:00,9850,0,1275,0.9,0,26.9,21.6,74.0,1016.3
2025-11-30T17:26:41.743000+00:00,9850,325,1275,0.9,0,26.9,21.6,73.0,1016.3
2025-11-30T17:27:41.748000+00:00,9850,8,1275,1.1,0,26.9,21.6,73.0,1016.4
2025-11-30T17:28:41.733000+00:00,9850,37,1275,1.4,0,26.5,21.6,73.0,1016.4
2025-11-30T17:29:41.743000+00:00,9850,92,1275,0.7,0,25.2,21.6,74.0,1016.3
2025-11-30T17:30:41.746000+00:00,9850,92,1275,0.7,0,25.2,21.6,74.0,1016.3
2025-11-30T17:31:41.748000+00:00,9850,92,1275,0.7,0,25.2,21.6,74.0,1016.3
2025-11-30T17:32:41.743000+00:00,9850,92,1275,0.7,0,25.2,21.6,74.0,1016.3
2025-11-30T17:33:41.744000+00:00,9850,92,1275,0.7,0,25.2,21.6,74.0,1016.3
2025-12-05T12:46:56.165000+00:00,9833,16,1276,2.3,0,30.9,25.8,62.0,1017.4
2025-12-05T12:47:56.176000+00:00,9833,346,1276,2.2,0,30.9,25.8,62.0,1017.4
2025-12-05T12:48:56.159000+00:00,9833,322,1276,1.7,0,31.1,25.8,61.0,1017.3
2025-12-05T12:49:56.160000+00:00,9833,333,1276,1.9,0,31.1,25.8,61.0,1017.4
2025-12-05T12:50:56.162000+00:00,9833,324,1276,2.0,0,31.1,25.8,61.0,1017.4
2025-12-05T12:51:56.163000+00:00,9833,14,1276,1.7,0,30.8,25.8,62.0,1017.4
2025-12-05T12:52:56.748000+00:00,9833,348,1276,2.4,0,30.7,25.7,62.0,1017.4
2025-12-05T12:53:56.826000+00:00,9833,322,1276,3.2,0,30.7,25.7,62.0,1017.4
2025-12-05T12:54:56.166000+00:00,9833,297,1276,2.3,0,30.7,25.6,62.0,1017.5
2025-12-05T12:55:56.165000+00:00,9833,316,1276,1.1,0,30.7,25.6,62.0,1017.5
2025-12-05T12:56:56.156000+00:00,9833,339,1276,1.5,0,30.9,25.6,62.0,1017.5
2025-12-05T12:57:56.164000+00:00,9833,297,1276,1.9,0,30.9,25.6,62.0,1017.5
2025-12-05T12:58:56.679000+00:00,9833,350,1276,2.2,0,30.7,25.6,61.0,1017.5
2025-12-05T12:59:56.240000+00:00,9833,341,1276,1.6,0,30.7,25.6,61.0,1017.5
2025-12-05T13:00:56.181000+00:00,9833,299,1276,2.2,0,30.4,25.6,61.0,1017.6
2025-12-05T13:01:56.174000+00:00,9833,315,1276,2.3,0,30.6,25.6,61.0,1017.5
2025-12-05T13:02:56.187000+00:00,9833,336,1276,1.5,0,30.6,25.6,60.0,1017.4
2025-12-05T13:03:56.191000+00:00,9833,334,1276,2.2,0,30.7,25.6,60.0,1017.5
2025-12-05T13:04:56.210000+00:00,9833,320,1276,1.6,0,30.5,25.6,60.0,1017.5
2025-12-05T13:05:56.212000+00:00,9833,289,1276,1.7,0,30.4,25.6,59.0,1017.5
2025-12-05T13:06:56.209000+00:00,9833,25,1276,1.4,0,30.4,25.6,59.0,1017.5
2025-12-05T13:07:56.302000+00:00,9833,332,1276,1.1,0,30.4,25.6,60.0,1017.5
2025-12-05T13:08:56.210000+00:00,9833,288,1276,1.2,0,30.4,25.6,59.0,1017.5
2025-12-05T13:09:56.238000+00:00,9833,332,1276,1.8,0,30.4,25.6,59.0,1017.5
2025-12-05T13:10:56.233000+00:00,9833,292,1276,1.9,0,30.3,25.6,58.0,1017.4
2025-12-05T13:11:56.230000+00:00,9833,354,1276,2.1,0,30.2,25.6,58.0,1017.3
2025-12-05T13:12:56.259000+00:00,9833,333,1276,2.0,0,29.8,25.6,58.0,1017.4
2025-12-05T13:13:56.277000+00:00,9833,351,1276,1.8,0,29.9,25.6,58.0,1017.4
2025-12-05T13:14:56.287000+00:00,9833,302,1276,1.6,0,29.9,25.6,58.0,1017.5
2025-12-05T13:15:56.285000+00:00,9833,300,1276,1.6,0,30.0,25.6,58.0,1017.5
2025-12-05T13:16:56.302000+00:00,9833,309,1276,2.0,0,30.0,25.6,58.0,1017.5
2025-12-05T13:17:56.305000+00:00,9833,328,1276,1.6,0,30.0,25.6,57.0,1017.5
2025-12-05T13:18:56.299000+00:00,9833,316,1276,2.0,0,29.9,25.5,58.0,1017.5
2025-12-05T13:19:56.734000+00:00,9833,347,1276,1.8,0,29.8,25.5,57.0,1017.5
2025-12-05T13:20:56.310000+00:00,9833,358,1276,2.2,0,29.8,25.6,57.0,1017.4
2025-12-05T13:21:56.315000+00:00,9833,312,1276,1.5,0,29.7,25.6,57.0,1017.4
2025-12-05T13:22:56.315000+00:00,9833,342,1276,1.5,0,29.7,25.5,56.0,1017.4
2025-12-05T13:23:56.315000+00:00,9833,8,1276,2.1,0,29.5,25.5,57.0,1017.4
2025-12-05T13:24:56.315000+00:00,9833,327,1276,1.9,0,29.5,25.5,57.0,1017.4
2025-12-05T13:25:56.315000+00:00,9833,8,1276,1.8,0,29.5,25.5,57.0,1017.5
2025-12-05T13:26:56.312000+00:00,9833,305,1276,1.2,0,29.4,25.5,57.0,1017.5
2025-12-05T13:27:56.316000+00:00,9833,12,1276,1.2,0,29.4,25.5,57.0,1017.5
2025-12-05T13:28:56.334000+00:00,9833,3,1276,1.1,0,29.5,25.5,57.0,1017.5
2025-12-05T13:29:56.308000+00:00,9833,345,1276,0.7,0,29.5,25.5,57.0,1017.5
2025-12-05T13:30:56.314000+00:00,9833,328,1276,1.0,0,29.6,25.5,57.0,1017.3
2025-12-05T13:31:56.313000+00:00,9833,6,1276,1.3,0,29.5,25.5,57.0,1017.5
2025-12-05T13:32:56.323000+00:00,9833,296,1276,1.3,0,29.2,25.5,57.0,1017.6
2025-12-05T13:33:56.307000+00:00,9833,309,1276,1.5,0,29.4,25.5,56.0,1017.5
2025-12-05T13:34:56.326000+00:00,9833,341,1276,1.2,0,29.4,25.5,55.0,1017.6
2025-12-05T13:35:56.320000+00:00,9833,344,1276,1.4,0,29.4,25.4,55.0,1017.5
2025-12-05T13:36:56.341000+00:00,9833,6,1276,1.7,0,29.3,25.4,53.0,1017.5
2025-12-05T13:37:56.351000+00:00,9833,16,1276,1.7,0,29.2,25.5,53.0,1017.6
2025-12-05T13:38:56.356000+00:00,9833,336,1276,1.5,0,29.2,25.5,53.0,1017.5
2025-12-05T13:39:56.377000+00:00,9833,359,1276,1.5,0,29.2,25.5,52.0,1017.5
2025-12-05T13:40:56.405000+00:00,9833,6,1276,1.5,0,29.1,25.5,52.0,1017.6
2025-12-05T13:41:56.409000+00:00,9833,46,1276,1.1,0,29.1,25.5,52.0,1017.6
2025-12-05T13:42:56.426000+00:00,9833,23,1276,0.9,0,29.1,25.5,52.0,1017.5
2025-12-05T13:43:56.428000+00:00,9833,327,1276,1.4,0,29.1,25.5,52.0,1017.6
2025-12-05T13:44:56.429000+00:00,9833,299,1276,1.5,0,29.0,25.5,52.0,1017.5
2025-12-05T13:45:56.413000+00:00,9833,331,1276,1.4,0,29.0,25.5,51.0,1017.6
2025-12-05T13:46:56.420000+00:00,9833,340,1276,1.5,0,29.0,25.5,50.0,1017.6
2025-12-05T13:47:56.469000+00:00,9833,348,1276,1.7,0,29.0,25.4,50.0,1017.5
2025-12-05T13:48:56.453000+00:00,9833,292,1276,1.3,0,28.9,25.4,51.0,1017.5
2025-12-05T13:49:56.444000+00:00,9833,333,1276,0.9,0,29.1,25.5,51.0,1017.5
2025-12-05T13:50:56.457000+00:00,9833,333,1276,0.9,0,29.1,25.5,51.0,1017.5
2025-12-05T13:51:56.452000+00:00,9833,294,1276,1.0,0,29.2,25.5,49.0,1017.6
2025-12-05T13:52:56.474000+00:00,9833,284,1276,2.1,0,29.0,25.5,49.0,1017.6
2025-12-05T13:53:56.486000+00:00,9833,300,1276,1.6,0,29.0,25.5,49.0,1017.6
2025-12-05T13:54:56.492000+00:00,9833,324,1276,1.7,0,29.0,25.5,49.0,1017.6
2025-12-05T13:55:56.520000+00:00,9833,306,1276,1.8,0,28.7,25.5,49.0,1017.6
2025-12-05T13:56:56.496000+00:00,9833,336,1276,1.6,0,28.7,25.5,49.0,1017.7
2025-12-05T13:57:56.877000+00:00,9833,297,1276,1.7,0,28.8,25.5,49.0,1017.7
2025-12-05T13:58:56.502000+00:00,9833,298,1276,1.9,0,28.8,25.5,49.0,1017.7
2025-12-05T13:59:56.521000+00:00,9833,311,1276,1.9,0,28.6,25.5,49.0,1017.6
2025-12-05T14:00:56.535000+00:00,9833,334,1276,1.4,0,28.6,25.5,49.0,1017.7
2025-12-05T14:01:56.521000+00:00,9833,335,1276,1.3,0,28.6,25.5,49.0,1017.6
2025-12-05T14:02:56.522000+00:00,9833,313,1276,1.6,0,28.5,25.5,49.0,1017.8
2025-12-05T14:03:56.566000+00:00,9833,321,1276,1.9,0,28.6,25.5,49.0,1017.6
2025-12-05T14:04:56.530000+00:00,9833,305,1276,1.0,0,28.4,25.4,49.0,1017.7
2025-12-05T14:05:56.703000+00:00,9833,312,1276,1.2,0,28.4,25.4,50.0,1017.7
2025-12-06T10:15:01.142000+00:00,9834,294,1276,3.0,0,39.2,27.5,63.0,1017.0
2025-12-06T10:16:01.144000+00:00,9834,22,1276,2.1,0,39.3,27.4,62.0,1016.9
2025-12-06T10:17:01.164000+00:00,9834,320,1276,2.1,0,39.3,27.3,62.0,1017.0
2025-12-06T10:18:01.176000+00:00,9834,290,1276,2.1,0,39.0,27.3,63.0,1016.9
2025-12-06T10:19:01.182000+00:00,9834,289,1276,2.5,0,38.7,27.3,64.0,1016.9
2025-12-06T10:20:01.195000+00:00,9834,344,1276,2.6,0,39.3,27.3,63.0,1016.8
2025-12-06T10:21:01.216000+00:00,9834,335,1276,2.3,0,39.3,27.4,63.0,1016.9
2025-12-06T10:22:01.207000+00:00,9834,351,1276,2.7,0,39.0,27.3,64.0,1016.8
2025-12-06T10:23:01.215000+00:00,9834,353,1276,2.2,0,39.0,27.3,64.0,1016.8
2025-12-06T10:24:01.196000+00:00,9834,350,1276,1.9,0,38.8,27.3,65.0,1016.8
2025-12-06T10:25:01.215000+00:00,9834,333,1276,2.4,0,38.9,27.4,65.0,1016.8
2025-12-06T10:26:01.216000+00:00,9834,348,1276,1.9,0,39.0,27.4,64.0,1016.7
2025-12-06T10:27:01.217000+00:00,9834,17,1276,2.2,0,39.2,27.4,64.0,1016.8
2025-12-06T10:28:01.247000+00:00,9834,309,1276,2.1,0,38.9,27.3,64.0,1016.7
2025-12-06T10:29:01.248000+00:00,9834,4,1276,3.1,0,38.9,27.3,64.0,1016.7
2025-12-06T10:30:01.535000+00:00,9834,12,1276,1.9,0,39.1,27.2,63.0,1016.8
2025-12-06T10:31:01.249000+00:00,9834,299,1276,1.9,0,39.0,27.3,64.0,1016.8
2025-12-06T10:32:01.248000+00:00,9834,287,1276,2.1,0,38.8,27.3,64.0,1016.9
2025-12-06T10:33:01.252000+00:00,9834,283,1276,1.8,0,38.5,27.3,65.0,1016.9
2025-12-06T10:34:01.256000+00:00,9834,332,1276,2.2,0,38.7,27.2,65.0,1016.9
2025-12-06T10:35:01.250000+00:00,9834,290,1276,2.1,0,38.7,27.2,64.0,1016.8
2025-12-06T10:36:01.252000+00:00,9834,291,1276,2.1,0,38.1,27.2,64.0,1016.8
2025-12-06T10:37:01.253000+00:00,9834,288,1276,1.9,0,37.8,27.1,64.0,1016.8
2025-12-06T10:38:01.251000+00:00,9834,12,1276,2.3,0,37.8,27.2,65.0,1016.7
2025-12-06T10:39:01.250000+00:00,9834,300,1276,2.1,0,37.7,27.2,65.0,1016.8
2025-12-06T10:40:01.251000+00:00,9834,324,1276,2.0,0,37.7,27.2,65.0,1016.6
2025-12-06T10:41:01.254000+00:00,9834,18,1276,1.8,0,37.9,27.2,66.0,1016.7
2025-12-06T10:42:01.256000+00:00,9834,329,1276,1.4,0,37.9,27.2,65.0,1016.6
2025-12-06T10:43:01.256000+00:00,9834,299,1276,2.8,0,37.8,27.2,65.0,1016.6
2025-12-06T10:44:01.265000+00:00,9834,301,1276,2.1,0,37.7,27.1,65.0,1016.7
2025-12-06T10:45:01.261000+00:00,9834,314,1276,1.7,0,37.7,27.1,66.0,1016.8
2025-12-06T10:46:01.265000+00:00,9834,301,1276,2.3,0,38.2,27.0,65.0,1016.7
2025-12-06T10:47:01.275000+00:00,9834,334,1276,2.6,0,38.2,27.1,66.0,1016.7
2025-12-06T10:48:01.266000+00:00,9834,294,1276,2.7,0,37.9,27.1,66.0,1016.7
2025-12-06T10:49:01.257000+00:00,9834,288,1276,2.3,0,38.8,27.1,65.0,1016.7
2025-12-06T10:50:01.273000+00:00,9834,56,1276,2.2,0,38.6,27.2,65.0,1016.6
2025-12-06T10:51:01.274000+00:00,9834,337,1276,1.8,0,37.9,27.2,65.0,1016.8
2025-12-06T10:52:01.270000+00:00,9834,342,1276,2.4,0,37.9,27.2,65.0,1016.7
2025-12-06T10:53:01.354000+00:00,9834,311,1276,3.2,0,37.9,27.2,65.0,1016.6
2025-12-06T10:54:01.275000+00:00,9834,22,1276,2.3,0,38.0,27.1,65.0,1016.7
2025-12-06T10:55:01.274000+00:00,9834,319,1276,2.9,0,37.7,27.2,66.0,1016.7
2025-12-06T10:56:01.274000+00:00,9834,295,1276,3.0,0,37.7,27.1,66.0,1016.7
2025-12-06T10:57:01.275000+00:00,9834,332,1276,2.2,0,37.7,27.1,66.0,1016.7
2025-12-06T10:58:01.275000+00:00,9834,287,1276,2.9,0,37.5,27.1,66.0,1016.6
2025-12-06T10:59:01.278000+00:00,9834,285,1276,2.9,0,37.5,27.1,65.0,1016.7
2025-12-06T11:00:01.278000+00:00,9834,327,1276,3.0,0,37.7,27.1,65.0,1016.6
2025-12-06T11:01:01.282000+00:00,9834,331,1276,1.6,0,37.7,27.1,65.0,1016.7
2025-12-06T11:02:01.284000+00:00,9834,302,1276,2.2,0,37.8,27.1,64.0,1016.6
2025-12-06T11:03:01.301000+00:00,9834,9,1276,2.2,0,37.7,27.1,64.0,1016.6
2025-12-06T11:04:01.289000+00:00,9834,289,1276,2.6,0,37.7,27.0,64.0,1016.6
2025-12-06T11:05:01.308000+00:00,9834,350,1276,2.6,0,37.4,27.0,64.0,1016.7
2025-12-06T11:06:01.295000+00:00,9834,302,1276,2.7,0,37.4,27.0,65.0,1016.6
2025-12-06T11:07:01.295000+00:00,9834,306,1276,1.8,0,37.4,26.9,64.0,1016.6
2025-12-06T11:08:01.640000+00:00,9834,357,1276,2.5,0,37.3,27.0,64.0,1016.5
2025-12-06T11:09:01.318000+00:00,9834,329,1276,2.8,0,37.3,27.0,65.0,1016.6
2025-12-06T11:10:01.329000+00:00,9834,354,1276,2.3,0,37.3,27.0,65.0,1016.6
2025-12-06T11:11:01.328000+00:00,9834,354,1276,2.3,0,37.3,26.9,65.0,1016.6
2025-12-06T11:12:01.330000+00:00,9834,354,1276,2.3,0,37.3,26.9,65.0,1016.6
2025-12-06T11:13:01.348000+00:00,9834,289,1276,2.0,0,37.0,26.8,66.0,1016.6
2025-12-06T11:14:01.348000+00:00,9834,296,1276,2.0,0,37.8,26.8,65.0,1016.6
2025-12-06T11:15:01.359000+00:00,9834,284,1276,2.3,0,37.2,26.9,65.0,1016.6
2025-12-06T11:16:01.387000+00:00,9834,332,1276,2.2,0,36.8,27.0,64.0,1016.5
2025-12-06T11:17:01.387000+00:00,9834,285,1276,2.4,0,36.7,27.0,64.0,1016.6
2025-12-06T11:18:01.388000+00:00,9834,335,1276,2.8,0,36.8,27.0,65.0,1016.5
2025-12-06T11:19:01.392000+00:00,9834,316,1276,2.6,0,36.7,27.0,64.0,1016.6
2025-12-06T11:20:01.406000+00:00,9834,287,1276,2.8,0,37.0,27.0,65.0,1016.6
2025-12-06T11:21:01.395000+00:00,9834,292,1276,2.5,0,36.8,26.9,65.0,1016.6
2025-12-06T11:22:01.395000+00:00,9834,333,1276,2.2,0,36.7,26.9,65.0,1016.7
2025-12-06T11:23:01.398000+00:00,9834,315,1276,1.8,0,36.7,27.0,65.0,1016.6
2025-12-06T11:24:01.394000+00:00,9834,281,1276,2.3,0,36.7,27.0,65.0,1016.6
2025-12-06T11:25:01.420000+00:00,9834,334,1276,2.7,0,36.5,27.0,65.0,1016.6
2025-12-06T11:26:01.431000+00:00,9834,282,1276,2.1,0,36.7,27.0,64.0,1016.5
2025-12-06T11:27:01.427000+00:00,9834,306,1276,2.4,0,36.5,27.0,64.0,1016.5
2025-12-06T11:28:01.431000+00:00,9834,346,1276,2.0,0,36.3,27.0,65.0,1016.5
2025-12-06T11:29:01.632000+00:00,9834,349,1276,2.8,0,36.3,27.0,65.0,1016.6
2025-12-06T11:30:01.433000+00:00,9834,330,1276,2.1,0,36.3,26.9,65.0,1016.5
2025-12-06T11:31:01.433000+00:00,9834,54,1276,2.0,0,36.2,26.9,65.0,1016.4
2025-12-06T11:32:01.432000+00:00,9834,296,1276,1.7,0,36.2,26.9,65.0,1016.5
2025-12-06T11:33:01.436000+00:00,9834,284,1276,2.2,0,36.0,27.0,65.0,1016.5
2025-12-06T11:34:01.438000+00:00,9834,302,1276,1.7,0,36.0,26.9,64.0,1016.5
2025-12-06T11:35:01.442000+00:00,9834,356,1276,2.1,0,36.4,26.9,65.0,1016.5
2025-12-06T11:36:01.434000+00:00,9834,311,1276,1.7,0,36.2,26.8,65.0,1016.4
2025-12-06T13:47:02.017000+00:00,9835,342,1276,1.4,0,29.8,25.2,75.0,1016.9
2025-12-06T13:48:02.036000+00:00,9835,288,1276,1.0,0,29.9,25.2,75.0,1017.0
2025-12-06T13:49:02.023000+00:00,9835,353,1276,1.1,0,29.9,25.2,75.0,1017.0
2025-12-06T13:50:02.033000+00:00,9835,287,1276,1.1,0,29.9,25.2,75.0,1017.0
2025-12-06T13:51:02.029000+00:00,9835,283,1276,1.1,0,29.9,25.2,75.0,1017.0
2025-12-06T13:52:02.033000+00:00,9835,324,1276,1.4,0,29.9,25.2,75.0,1017.1
2025-12-06T13:53:02.030000+00:00,9835,350,1276,1.9,0,29.8,25.2,75.0,1017.1
2025-12-06T13:54:02.040000+00:00,9835,285,1276,1.3,0,29.7,25.2,75.0,1017.0
2025-12-06T13:55:02.040000+00:00,9835,306,1276,1.7,0,29.8,25.2,75.0,1017.1
2025-12-06T13:56:02.047000+00:00,9835,290,1276,1.6,0,29.6,25.2,76.0,1017.0
2025-12-06T13:57:02.040000+00:00,9835,327,1276,1.6,0,29.7,25.2,75.0,1017.1
2025-12-06T13:58:02.040000+00:00,9835,313,1276,1.1,0,29.6,25.2,76.0,1017.1
2025-12-06T13:59:02.041000+00:00,9835,299,1276,1.6,0,29.7,25.2,76.0,1017.1
2025-12-06T14:00:02.035000+00:00,9835,31,1276,0.8,0,29.7,25.2,76.0,1017.1
2025-12-06T14:01:02.043000+00:00,9835,279,1276,1.0,0,29.7,25.2,76.0,1017.1
2025-12-06T14:02:02.047000+00:00,9835,275,1276,1.1,0,29.7,25.2,76.0,1017.1
2025-12-06T14:03:02.045000+00:00,9835,279,1276,1.6,0,29.6,25.2,76.0,1017.1
2025-12-06T14:04:02.041000+00:00,9835,281,1276,1.6,0,29.4,25.1,76.0,1017.0
2025-12-06T14:05:02.041000+00:00,9835,291,1276,1.6,0,29.5,25.2,76.0,1017.1
2025-12-06T14:06:02.068000+00:00,9835,280,1276,1.3,0,29.5,25.2,76.0,1017.1
2025-12-06T14:07:02.091000+00:00,9835,281,1276,1.2,0,29.3,25.2,76.0,1017.1
2025-12-06T14:08:02.083000+00:00,9835,269,1276,1.8,0,29.3,25.2,77.0,1017.1
2025-12-06T14:09:02.076000+00:00,9835,271,1276,1.6,0,29.3,25.2,77.0,1017.1
2025-12-06T14:10:02.087000+00:00,9835,289,1276,1.3,0,29.4,25.2,77.0,1017.2
2025-12-06T14:11:02.088000+00:00,9835,295,1276,1.5,0,29.5,25.2,77.0,1017.1
2025-12-06T14:12:02.077000+00:00,9835,349,1276,1.2,0,29.4,25.2,76.0,1017.1
2025-12-06T14:13:02.073000+00:00,9835,356,1276,0.7,0,29.4,25.2,76.0,1017.1
2025-12-06T14:14:02.091000+00:00,9835,355,1276,1.0,0,29.2,25.2,77.0,1017.2
2025-12-06T14:15:02.091000+00:00,9835,315,1276,0.8,0,29.1,25.2,77.0,1017.1
2025-12-06T14:16:02.090000+00:00,9835,359,1276,0.7,0,29.0,25.1,77.0,1017.1
2025-12-06T14:17:02.092000+00:00,9835,295,1276,0.9,0,29.1,25.1,77.0,1017.1
2025-12-06T14:18:02.091000+00:00,9835,281,1276,1.1,0,29.3,25.1,77.0,1017.2
2025-12-06T14:19:02.094000+00:00,9835,306,1276,1.2,0,29.3,25.2,77.0,1017.1
2025-12-06T14:20:02.093000+00:00,9835,289,1276,1.6,0,29.5,25.2,76.0,1017.2
2025-12-06T14:21:02.093000+00:00,9835,285,1276,1.5,0,29.5,25.1,76.0,1017.2
2025-12-06T14:22:02.095000+00:00,9835,311,1276,0.5,0,29.2,25.2,76.0,1017.2
2025-12-06T14:23:02.093000+00:00,9835,290,1276,1.1,0,29.0,25.2,76.0,1017.2
2025-12-06T14:24:02.114000+00:00,9835,305,1276,0.9,0,28.9,25.2,77.0,1017.1
2025-12-06T14:25:02.132000+00:00,9835,285,1276,0.9,0,28.7,25.1,77.0,1017.2
2025-12-06T14:26:02.146000+00:00,9835,291,1276,1.2,0,28.6,25.1,77.0,1017.3
2025-12-06T14:27:02.163000+00:00,9835,287,1276,1.2,0,28.6,25.0,77.0,1017.2
2025-12-06T14:28:02.183000+00:00,9835,290,1276,1.1,0,28.7,25.0,78.0,1017.2
2025-12-06T14:29:02.211000+00:00,9835,289,1276,1.0,0,28.7,25.0,78.0,1017.2
2025-12-06T14:30:02.211000+00:00,9835,282,1276,1.0,0,28.7,25.0,78.0,1017.2
2025-12-06T14:31:02.241000+00:00,9835,284,1276,1.5,0,28.8,25.0,78.0,1017.3
2025-12-06T14:32:02.239000+00:00,9835,285,1276,1.5,0,28.8,25.0,78.0,1017.2
2025-12-06T14:33:02.231000+00:00,9835,278,1276,1.1,0,28.9,25.0,77.0,1017.2
2025-12-06T14:34:02.233000+00:00,9835,273,1276,1.2,0,29.0,25.0,77.0,1017.2
2025-12-06T14:35:02.237000+00:00,9835,290,1276,1.0,0,28.9,25.1,77.0,1017.2
2025-12-06T14:36:02.235000+00:00,9835,0,1276,1.0,0,28.9,25.1,77.0,1017.2
2025-12-06T14:37:02.232000+00:00,9835,280,1276,0.5,0,28.9,25.0,77.0,1017.2
2025-12-06T14:38:02.245000+00:00,9835,303,1276,1.1,0,28.9,25.0,77.0,1017.2
2025-12-06T14:39:02.240000+00:00,9835,292,1276,0.9,0,28.9,25.0,77.0,1017.3
2025-12-06T14:40:02.235000+00:00,9835,282,1276,1.5,0,28.9,25.0,77.0,1017.3
2025-12-06T14:41:02.242000+00:00,9835,285,1276,1.4,0,29.1,25.0,77.0,1017.3
2025-12-06T14:42:02.245000+00:00,9835,281,1276,1.5,0,29.1,25.0,77.0,1017.4
2025-12-06T14:43:02.233000+00:00,9835,289,1276,1.1,0,29.0,25.1,76.0,1017.4
2025-12-06T14:44:02.238000+00:00,9835,38,1276,1.4,0,28.9,25.1,76.0,1017.3
2025-12-06T14:45:02.248000+00:00,9835,282,1276,0.9,0,28.8,25.1,77.0,1017.3
2025-12-06T14:46:02.925000+00:00,9835,279,1276,0.7,0,28.8,25.0,77.0,1017.3
2025-12-06T14:47:02.233000+00:00,9835,277,1276,1.3,0,28.7,25.0,77.0,1017.4
2025-12-06T14:48:02.249000+00:00,9835,284,1276,1.3,0,28.5,25.0,77.0,1017.3
2025-12-06T14:49:02.248000+00:00,9835,283,1276,0.9,0,28.5,25.0,77.0,1017.3
2025-12-06T14:50:02.248000+00:00,9835,285,1276,0.9,0,28.5,25.0,78.0,1017.3
2025-12-06T14:51:02.260000+00:00,9835,276,1276,1.0,0,28.5,25.0,78.0,1017.4
2025-12-06T14:52:02.283000+00:00,9835,283,1276,0.8,0,28.5,24.9,78.0,1017.4
2025-12-06T14:53:02.286000+00:00,9835,276,1276,1.1,0,28.6,24.9,78.0,1017.4
2025-12-06T14:54:02.281000+00:00,9835,254,1276,0.8,0,28.7,25.0,78.0,1017.3
2025-12-06T14:55:02.294000+00:00,9835,269,1276,0.7,0,28.6,25.0,78.0,1017.3
2025-12-06T14:56:02.295000+00:00,9835,269,1276,0.7,0,28.6,25.0,78.0,1017.3
2025-12-06T14:57:02.291000+00:00,9835,294,1276,0.8,0,28.6,25.0,78.0,1017.4
2025-12-06T14:58:02.299000+00:00,9835,287,1276,0.9,0,28.5,25.0,78.0,1017.4
2025-12-06T14:59:02.303000+00:00,9835,311,1276,1.0,0,28.5,24.9,78.0,1017.4
2025-12-06T15:00:02.288000+00:00,9835,311,1276,1.0,0,28.5,24.9,78.0,1017.4
2025-12-06T15:01:02.296000+00:00,9835,286,1276,0.6,0,28.6,25.0,78.0,1017.4
2025-12-06T15:02:02.317000+00:00,9835,278,1276,0.9,0,28.8,25.0,77.0,1017.5
2025-12-06T15:03:02.321000+00:00,9835,18,1276,1.3,0,28.7,25.0,77.0,1017.4
2025-12-07T12:06:07.170000+00:00,9839,67,1276,3.0,0,34.6,27.4,55.0,1016.4
2025-12-07T12:07:07.186000+00:00,9839,290,1276,2.4,0,34.4,27.4,54.0,1016.4
2025-12-07T12:08:07.193000+00:00,9839,286,1276,1.4,0,34.4,27.5,54.0,1016.3
2025-12-07T12:09:07.206000+00:00,9839,350,1276,2.6,0,34.2,27.5,54.0,1016.5
2025-12-07T12:10:07.226000+00:00,9839,327,1276,3.2,0,34.0,27.5,55.0,1016.4
2025-12-07T12:11:07.229000+00:00,9839,299,1276,2.2,0,34.2,27.5,54.0,1016.4
2025-12-07T12:12:07.244000+00:00,9839,166,1276,1.6,0,34.4,27.4,55.0,1016.3
2025-12-07T12:13:07.264000+00:00,9839,340,1276,0.7,0,34.5,27.4,54.0,1016.5
2025-12-07T12:14:07.269000+00:00,9839,320,1276,1.1,0,34.5,27.4,54.0,1016.5
2025-12-07T12:15:07.284000+00:00,9839,308,1276,2.0,0,34.3,27.5,54.0,1016.5
2025-12-07T12:16:07.283000+00:00,9839,302,1276,1.4,0,34.1,27.5,53.0,1016.3
2025-12-07T12:17:07.285000+00:00,9839,340,1276,1.7,0,34.1,27.4,54.0,1016.4
2025-12-07T12:18:07.286000+00:00,9839,318,1276,2.2,0,34.3,27.4,54.0,1016.3
2025-12-07T12:19:07.284000+00:00,9839,306,1276,2.1,0,34.0,27.4,54.0,1016.4
2025-12-07T12:20:07.285000+00:00,9839,296,1276,2.5,0,33.8,27.4,54.0,1016.4
2025-12-07T12:21:07.297000+00:00,9839,103,1276,2.0,0,34.0,27.4,54.0,1016.4
2025-12-07T12:22:07.298000+00:00,9839,90,1276,1.3,0,34.0,27.4,55.0,1016.4
2025-12-07T12:23:07.318000+00:00,9839,102,1276,1.4,0,33.8,27.4,54.0,1016.4
2025-12-07T12:24:07.326000+00:00,9839,304,1276,0.9,0,33.8,27.5,55.0,1016.4
2025-12-07T12:25:07.325000+00:00,9839,224,1276,1.2,0,33.5,27.4,54.0,1016.3
2025-12-07T12:26:07.329000+00:00,9839,345,1276,1.2,0,33.1,27.4,54.0,1016.4
2025-12-07T12:27:07.320000+00:00,9839,89,1276,2.0,0,32.9,27.4,54.0,1016.4
2025-12-07T12:28:07.328000+00:00,9839,333,1276,0.9,0,32.8,27.4,54.0,1016.4
2025-12-07T12:29:07.329000+00:00,9839,199,1276,1.5,0,32.8,27.4,55.0,1016.4
2025-12-07T12:30:07.331000+00:00,9839,348,1276,0.3,0,32.7,27.4,55.0,1016.2
2025-12-07T12:31:07.330000+00:00,9839,67,1276,1.9,0,32.4,27.4,55.0,1016.4
2025-12-07T12:32:07.329000+00:00,9839,342,1276,1.0,0,32.0,27.3,55.0,1016.4
2025-12-07T12:33:07.315000+00:00,9839,86,1276,1.7,0,32.4,27.3,55.0,1016.5
2025-12-07T12:34:07.329000+00:00,9839,295,1276,2.5,0,32.4,27.3,56.0,1016.5
2025-12-07T12:35:07.320000+00:00,9839,296,1276,1.5,0,32.4,27.3,56.0,1016.5
2025-12-07T12:36:07.330000+00:00,9839,170,1276,0.8,0,32.3,27.2,56.0,1016.5
2025-12-07T12:37:07.350000+00:00,9839,333,1276,0.9,0,32.4,27.2,56.0,1016.5
2025-12-07T12:38:07.350000+00:00,9839,347,1276,1.1,0,32.4,27.3,55.0,1016.5
2025-12-07T12:39:07.351000+00:00,9839,125,1276,1.0,0,31.9,27.3,55.0,1016.5
2025-12-07T12:40:07.368000+00:00,9839,0,1276,1.1,0,31.8,27.2,54.0,1016.5
2025-12-07T12:41:07.384000+00:00,9839,348,1276,1.3,0,31.8,27.2,55.0,1016.5
2025-12-07T12:42:07.382000+00:00,9839,299,1276,2.5,0,31.8,27.1,56.0,1016.5
2025-12-07T12:43:07.382000+00:00,9839,25,1276,1.4,0,31.8,27.1,56.0,1016.5
2025-12-07T12:44:07.391000+00:00,9839,85,1276,0.8,0,32.0,27.1,55.0,1016.5
2025-12-07T12:45:07.404000+00:00,9839,101,1276,0.9,0,32.0,27.1,55.0,1016.5
2025-12-07T12:46:07.404000+00:00,9839,0,1276,1.1,0,32.0,27.1,56.0,1016.5
2025-12-07T12:47:07.419000+00:00,9839,97,1276,0.8,0,31.8,27.1,56.0,1016.5
2025-12-07T12:48:07.423000+00:00,9839,101,1276,1.1,0,31.7,27.1,55.0,1016.5
2025-12-07T12:49:07.444000+00:00,9839,161,1276,0.5,0,31.6,27.2,55.0,1016.5
2025-12-07T12:50:07.459000+00:00,9839,107,1276,0.6,0,31.4,27.2,55.0,1016.5
2025-12-07T12:51:07.451000+00:00,9839,62,1276,0.9,0,31.4,27.2,56.0,1016.5
2025-12-07T12:52:07.446000+00:00,9839,114,1276,1.0,0,31.0,27.2,55.0,1016.5
2025-12-07T12:53:07.463000+00:00,9839,351,1276,2.3,0,31.0,27.1,56.0,1016.4
2025-12-07T12:54:07.477000+00:00,9839,336,1276,2.0,0,30.3,27.1,56.0,1016.5
2025-12-07T12:55:07.462000+00:00,9839,352,1276,1.8,0,30.8,27.1,57.0,1016.4
2025-12-07T12:56:07.465000+00:00,9839,286,1276,2.4,0,30.3,27.1,57.0,1016.4
2025-12-07T12:57:07.481000+00:00,9839,326,1276,1.8,0,31.3,27.0,58.0,1016.5
2025-12-07T12:58:07.489000+00:00,9839,0,1276,1.5,0,31.8,27.0,57.0,1016.4
2025-12-07T12:59:07.482000+00:00,9839,336,1276,1.1,0,31.8,27.0,58.0,1016.4
2025-12-07T13:00:07.482000+00:00,9839,0,1276,0.9,0,31.6,26.9,58.0,1016.5
2025-12-07T13:01:07.486000+00:00,9839,68,1276,1.4,0,31.3,26.9,58.0,1016.5
2025-12-07T13:02:07.484000+00:00,9839,292,1276,1.4,0,31.2,26.9,59.0,1016.5
2025-12-07T13:03:07.485000+00:00,9839,10,1276,1.7,0,31.3,26.8,59.0,1016.5
2025-12-07T13:04:07.483000+00:00,9839,328,1276,2.9,0,31.4,26.8,60.0,1016.5
2025-12-07T13:05:07.487000+00:00,9839,310,1276,2.3,0,31.4,26.8,60.0,1016.5
2025-12-07T13:06:07.486000+00:00,9839,299,1276,2.3,0,31.5,26.8,60.0,1016.4
2025-12-07T13:07:07.491000+00:00,9839,306,1276,1.2,0,31.5,26.8,60.0,1016.5
2025-12-07T13:08:07.489000+00:00,9839,308,1276,2.0,0,31.4,26.8,60.0,1016.5
2025-12-07T13:09:07.490000+00:00,9839,337,1276,2.5,0,31.2,26.8,61.0,1016.5
2025-12-07T13:10:07.486000+00:00,9839,284,1276,2.9,0,31.3,26.8,61.0,1016.5
2025-12-07T13:11:07.491000+00:00,9839,310,1276,2.6,0,31.4,26.8,61.0,1016.5
2025-12-07T13:12:07.492000+00:00,9839,284,1276,3.1,0,31.4,26.7,61.0,1016.5
2025-12-07T13:13:07.494000+00:00,9839,304,1276,2.2,0,31.5,26.7,61.0,1016.6
2025-12-07T13:14:07.510000+00:00,9839,288,1276,1.7,0,31.5,26.7,61.0,1016.6
2025-12-07T13:15:07.491000+00:00,9839,310,1276,2.6,0,31.3,26.7,61.0,1016.5
2025-12-07T13:16:07.500000+00:00,9839,308,1276,1.8,0,31.4,26.7,61.0,1016.6
2025-12-07T13:17:07.494000+00:00,9839,278,1276,1.8,0,31.4,26.7,61.0,1016.5
2025-12-07T13:18:07.499000+00:00,9839,298,1276,2.1,0,31.3,26.7,61.0,1016.5
2025-12-07T13:19:07.497000+00:00,9839,275,1276,2.2,0,31.3,26.7,61.0,1016.5
2025-12-07T13:20:07.503000+00:00,9839,290,1276,0.8,0,31.3,26.7,62.0,1016.7
2025-12-07T13:21:07.501000+00:00,9839,356,1276,1.4,0,31.0,26.7,62.0,1016.6
2025-12-07T13:22:07.501000+00:00,9839,329,1276,2.4,0,31.2,26.7,62.0,1016.6
2025-12-07T13:23:07.508000+00:00,9839,291,1276,1.9,0,31.2,26.7,62.0,1016.6
2025-12-07T13:24:07.494000+00:00,9839,102,1276,1.8,0,31.1,26.6,62.0,1016.6
2025-12-07T13:25:07.502000+00:00,9839,0,1276,1.2,0,31.1,26.6,62.0,1016.5
2025-12-07T13:26:07.504000+00:00,9839,294,1276,0.8,0,30.8,26.6,62.0,1016.6
2025-12-07T13:27:07.524000+00:00,9839,11,1276,2.4,0,30.9,26.5,62.0,1016.6
2025-12-07T13:28:07.526000+00:00,9839,327,1276,2.0,0,30.9,26.5,62.0,1016.7
2025-12-07T13:29:07.539000+00:00,9839,295,1276,2.5,0,30.6,26.5,63.0,1016.6
2025-12-07T13:31:07.574000+00:00,9839,307,1276,1.8,0,30.7,26.5,63.0,1016.7
2025-12-07T13:32:07.568000+00:00,9839,282,1276,2.1,0,30.5,26.5,63.0,1016.7
2025-12-07T13:33:07.592000+00:00,9839,332,1276,1.2,0,30.5,26.4,63.0,1016.7
2025-12-07T13:34:07.590000+00:00,9839,329,1276,0.7,0,30.5,26.4,63.0,1016.7
2025-12-07T13:35:07.611000+00:00,9839,273,1276,2.0,0,30.3,26.4,63.0,1016.8
2025-12-07T13:36:07.605000+00:00,9839,0,1276,1.8,0,30.4,26.4,63.0,1016.7
2025-12-07T13:37:07.627000+00:00,9839,316,1276,2.6,0,30.6,26.4,64.0,1016.7
2025-12-07T13:38:07.622000+00:00,9839,334,1276,2.4,0,30.4,26.4,64.0,1016.8
2025-12-07T13:39:07.620000+00:00,9839,320,1276,2.0,0,30.2,26.4,64.0,1016.8
2025-12-07T13:40:07.628000+00:00,9839,302,1276,1.8,0,30.3,26.4,64.0,1016.8
2025-12-07T13:41:07.634000+00:00,9839,7,1276,1.6,0,30.2,26.3,64.0,1016.8
2025-12-07T13:42:07.650000+00:00,9839,48,1276,1.1,0,30.2,26.3,64.0,1016.8
2025-12-07T13:43:07.639000+00:00,9839,291,1276,1.2,0,30.2,26.3,64.0,1016.9
2025-12-07T13:44:07.648000+00:00,9839,18,1276,1.2,0,30.1,26.3,64.0,1016.9
2025-12-07T13:45:07.633000+00:00,9839,317,1276,2.4,0,30.3,26.3,64.0,1016.9
2025-12-07T13:46:07.649000+00:00,9839,298,1276,1.9,0,30.3,26.3,64.0,1016.9
2025-12-07T13:47:07.649000+00:00,9839,290,1276,1.9,0,29.9,26.3,64.0,1016.9
2025-12-07T13:48:07.652000+00:00,9839,303,1276,1.9,0,30.1,26.3,64.0,1017.0
2025-12-07T13:49:07.651000+00:00,9839,310,1276,1.7,0,30.1,26.3,64.0,1016.9
2025-12-07T13:50:07.651000+00:00,9839,298,1276,2.5,0,29.8,26.3,64.0,1017.0
2025-12-07T13:51:07.651000+00:00,9839,286,1276,2.1,0,29.9,26.3,64.0,1016.9
2025-12-07T13:52:07.650000+00:00,9839,334,1276,1.0,0,30.0,26.2,64.0,1016.9
2025-12-07T13:53:07.656000+00:00,9839,307,1276,2.4,0,30.0,26.2,63.0,1017.0
2025-12-07T13:54:07.654000+00:00,9839,323,1276,1.9,0,30.0,26.2,64.0,1016.9
2025-12-07T13:55:07.651000+00:00,9839,291,1276,2.4,0,30.1,26.2,64.0,1017.0
2025-12-07T13:56:07.651000+00:00,9839,303,1276,2.4,0,29.8,26.2,64.0,1017.0
2025-12-07T13:57:07.652000+00:00,9839,326,1276,1.8,0,29.8,26.2,64.0,1017.1
2025-12-07T13:58:07.680000+00:00,9839,229,1276,1.7,0,29.7,26.2,64.0,1017.0
2025-12-07T13:59:07.677000+00:00,9839,303,1276,0.8,0,29.7,26.2,64.0,1017.1
2025-12-07T14:00:07.680000+00:00,9839,358,1276,1.2,0,29.7,26.2,64.0,1017.0
2025-12-07T14:01:07.694000+00:00,9839,302,1276,1.6,0,29.8,26.2,64.0,1017.0
2025-12-07T14:02:07.712000+00:00,9839,334,1276,2.3,0,29.6,26.2,64.0,1017.0
2025-12-07T14:03:07.713000+00:00,9839,325,1276,1.2,0,29.6,26.2,64.0,1017.0
2025-12-07T14:04:07.727000+00:00,9839,322,1276,1.0,0,29.6,26.1,64.0,1017.0
2025-12-07T14:05:07.732000+00:00,9839,78,1276,1.1,0,29.5,26.1,64.0,1017.0
2025-12-07T14:06:07.754000+00:00,9839,13,1276,1.2,0,29.5,26.1,64.0,1017.0
2025-12-07T14:07:07.754000+00:00,9839,286,1276,1.6,0,29.5,26.1,64.0,1017.0
2025-12-07T14:08:07.754000+00:00,9839,0,1276,0.8,0,29.4,26.1,64.0,1017.0
2025-12-07T14:09:07.770000+00:00,9839,337,1276,1.1,0,29.6,26.1,64.0,1017.0
2025-12-07T14:10:07.775000+00:00,9839,112,1276,1.1,0,29.7,26.1,64.0,1017.1
2025-12-07T14:11:07.800000+00:00,9839,0,1276,0.8,0,29.7,26.1,64.0,1017.1
2025-12-07T14:12:07.805000+00:00,9839,295,1276,1.4,0,29.7,26.1,64.0,1017.1
2025-12-07T14:13:07.803000+00:00,9839,290,1276,1.2,0,29.5,26.2,64.0,1017.1
2025-12-07T14:14:07.788000+00:00,9839,104,1276,1.2,0,29.5,26.1,64.0,1017.1
2025-12-07T14:15:07.796000+00:00,9839,101,1276,0.8,0,29.5,26.1,64.0,1017.1
2025-12-07T14:16:07.804000+00:00,9839,261,1276,1.2,0,29.5,26.1,65.0,1017.1
2025-12-07T14:17:07.808000+00:00,9839,85,1276,0.9,0,29.4,26.1,65.0,1017.1
2025-12-07T14:18:07.802000+00:00,9839,339,1276,0.9,0,29.4,26.1,65.0,1017.2
2025-12-07T14:19:07.808000+00:00,9839,140,1276,1.2,0,29.3,26.1,65.0,1017.1
2025-12-07T14:20:07.808000+00:00,9839,238,1276,1.3,0,29.3,26.1,65.0,1017.2
2025-12-07T14:21:07.811000+00:00,9839,134,1276,1.0,0,29.3,26.1,65.0,1017.2
2025-12-07T14:22:07.809000+00:00,9839,115,1276,1.1,0,29.5,26.1,65.0,1017.2
2025-12-07T14:23:08.033000+00:00,9839,125,1276,1.3,0,29.4,26.1,65.0,1017.2
2025-12-07T14:24:07.840000+00:00,9839,356,1276,1.1,0,29.6,26.1,65.0,1017.2
2025-12-07T14:25:07.846000+00:00,9839,287,1276,1.3,0,29.4,26.1,66.0,1017.2
2025-12-07T14:26:07.863000+00:00,9839,107,1276,1.3,0,29.3,26.1,66.0,1017.2
2025-12-07T14:27:07.855000+00:00,9839,166,1276,0.7,0,29.3,26.1,66.0,1017.1
2025-12-07T14:28:07.863000+00:00,9839,298,1276,0.9,0,29.3,26.0,66.0,1017.3
2025-12-07T14:29:07.893000+00:00,9839,93,1276,1.4,0,29.0,26.0,65.0,1017.2
2025-12-07T14:30:07.906000+00:00,9839,0,1276,0.8,0,29.0,26.0,66.0,1017.3
2025-12-07T14:31:07.910000+00:00,9839,104,1276,0.8,0,28.9,26.0,66.0,1017.3
2025-12-07T14:32:07.911000+00:00,9839,94,1276,1.5,0,28.8,26.0,66.0,1017.3
2025-12-07T14:33:07.911000+00:00,9839,107,1276,0.7,0,29.0,26.0,66.0,1017.3
2025-12-07T14:34:07.919000+00:00,9839,74,1276,1.6,0,28.9,26.0,66.0,1017.3
2025-12-07T14:35:07.945000+00:00,9839,88,1276,1.7,0,28.7,26.0,66.0,1017.4
2025-12-07T14:36:07.943000+00:00,9839,128,1276,1.4,0,28.9,26.0,66.0,1017.3
2025-12-07T14:37:07.949000+00:00,9839,101,1276,0.6,0,28.9,25.9,66.0,1017.4
2025-12-07T14:38:07.948000+00:00,9839,104,1276,1.2,0,29.0,25.9,66.0,1017.4
2025-12-07T14:39:07.948000+00:00,9839,84,1276,1.5,0,28.9,25.9,66.0,1017.3
